anchor_id,paper_id,zotero_key,doi,title,value_type,page_hint,evidence_anchor,raw_value,raw_unit,confidence_class,audit_status,origin_digitizer_needed,source_text_path
zotero_2SCTZD9L:isc_t1:10,zotero_2SCTZD9L,2SCTZD9L,10.1016/j.dyepig.2017.02.040,Study on a series of water-soluble photoinitiators for fabrication of 3D hydrogels by two-photon polymerization,isc_t1,8,"MANUSCRIPT ACCEPTED ACCEPTED MANUSCRIPT 7 used directly without further purification. 2.2 Synthesis and characterization The synthetic routes towards compounds T1 -T3 are shown in Scheme 1 . All final compounds were characterized by 1H-NMR , 13 C-NMR , HR-MS and HPLC analysis, conforming a purity of over 95%. 2.2.1. Di",,,text_exact_candidate,pending,unknown,local_only/text_not_published
zotero_2SCTZD9L:isc_t1:11,zotero_2SCTZD9L,2SCTZD9L,10.1016/j.dyepig.2017.02.040,Study on a series of water-soluble photoinitiators for fabrication of 3D hydrogels by two-photon polymerization,isc_t1,9,"Hz, 2H), 7.72 ∼7.74 (d, J = 8 Hz, 2H), 9.74(s, 1H). HR-MS (ESI) theoretical m/z [M+1H] +=294.1341, found 294.1328. 2.2.3. Sodium 3,3',3'',3'''-((((2-oxocyclobutane-1,3-diyli dene)bis (methanylylidene))bis(4,1-phenylene))bis(azanetriyl))tetrapropanoate (T1) M2 (1.05 g, 3.58 mmol) and NaOH (0.29 g, 7.25 mmol) were added ",,,text_exact_candidate,pending,unknown,local_only/text_not_published
zotero_2SCTZD9L:isc_t1:6,zotero_2SCTZD9L,2SCTZD9L,10.1016/j.dyepig.2017.02.040,Study on a series of water-soluble photoinitiators for fabrication of 3D hydrogels by two-photon polymerization,isc_t1,2,"t Road, Haidian District, Beijing, 100190, China; bUniversity of Chinese Academy of Sciences, No.19A Yuquan Road, Beijing, 100049, China; *yuxia.zhao@mail.ipc.ac.cn; phone +86 010-82543569 Abstract A series of water-soluble benzylidene cyclanone dye s T1 -T3 were synthesized. Their photo-physical properties were i nves",,,text_exact_candidate,pending,unknown,local_only/text_not_published
zotero_2SCTZD9L:isc_t1:9,zotero_2SCTZD9L,2SCTZD9L,10.1016/j.dyepig.2017.02.040,Study on a series of water-soluble photoinitiators for fabrication of 3D hydrogels by two-photon polymerization,isc_t1,6,"ugh introducing four sodium carboxylate groups into different benzylidene cyclanone moieties (cyclobutanone, cycl opentanone and cyclohexanone) to further exploit the application o f such dyes in tissue engineering. The specific structures of designed PIs (T1 -T3 ) are shown in",,,text_exact_candidate,pending,unknown,local_only/text_not_published
zotero_2SCTZD9L:mechanism:14,zotero_2SCTZD9L,2SCTZD9L,10.1016/j.dyepig.2017.02.040,Study on a series of water-soluble photoinitiators for fabrication of 3D hydrogels by two-photon polymerization,mechanism,14,ption spectra and the florescen ce emission spectra of T1 -T3 in deionized water are shown in Figure 2. Their comprehensive photo-physical characteristics are listed in Table 2. It is shown that all of the three compounds present a strong intramolecular charge transfer (ICT) absorption band within 400 ∼650 nm. This abs,,,text_exact_candidate,pending,unknown,local_only/text_not_published
zotero_2SCTZD9L:pi_loading:12,zotero_2SCTZD9L,2SCTZD9L,10.1016/j.dyepig.2017.02.040,Study on a series of water-soluble photoinitiators for fabrication of 3D hydrogels by two-photon polymerization,pi_loading,12,"ic rostructures were characterized by SEM (HITACHI S-4300F). The resins R2-R4 (listed in Table 1) were used in one-photon polymerization experiments. The mixed solution was poured into a glass cell made in our laboratory, the thickness of the s ample was 0.5 mm. A 532 nm laser was used as light source. Its intensit y o",,,text_exact_candidate,pending,unknown,local_only/text_not_published
zotero_2SCTZD9L:pi_loading:13,zotero_2SCTZD9L,2SCTZD9L,10.1016/j.dyepig.2017.02.040,Study on a series of water-soluble photoinitiators for fabrication of 3D hydrogels by two-photon polymerization,pi_loading,13,"a humid atmosphere with 5% carbon dioxide at 37°C. After that, 100 µl culture media containing different concentrations o f PIs ( T1 -T3 , Y2 and Y3 ) were added into the 96 well plates to achieve the final PIs’ concentrations of 0.6, 0.9, 1.3, 2.0 and 3.0 mM in wells, respectively. The culture media and the culture me",,,text_exact_candidate,pending,unknown,local_only/text_not_published
zotero_2SCTZD9L:pi_loading:17,zotero_2SCTZD9L,2SCTZD9L,10.1016/j.dyepig.2017.02.040,Study on a series of water-soluble photoinitiators for fabrication of 3D hydrogels by two-photon polymerization,pi_loading,18,"her investigated. 3.5 Cytotoxicity Studies Biocompatibility is a vitally important factor for the application of water-soluble PIs. Figure 7 displays the cell viability after 24 h cultivation in substrates containing these PIs with a concentration of 3 mM, which approximates to the concentration of T1 -T3 used in the 2",,,text_exact_candidate,pending,unknown,local_only/text_not_published
zotero_2SCTZD9L:pi_loading:7,zotero_2SCTZD9L,2SCTZD9L,10.1016/j.dyepig.2017.02.040,Study on a series of water-soluble photoinitiators for fabrication of 3D hydrogels by two-photon polymerization,pi_loading,5,"nsity (100 mW) and long expos ure time (300 ∼400 µs) were required in their experiments. By using a w ater-soluble PI (WSPI) with a σ2 of 120 GM, Liska et al. successfully fabricated 3D scaffolds from PEGDA (PEG diacrylates) with a fast scanning speed of 10 mm/s under laser power of 140 mW. [17] Irgacure 2959 , a comme",,,text_exact_candidate,pending,unknown,local_only/text_not_published
zotero_2SCTZD9L:sigma2:1,zotero_2SCTZD9L,2SCTZD9L,10.1016/j.dyepig.2017.02.040,Study on a series of water-soluble photoinitiators for fabrication of 3D hydrogels by two-photon polymerization,sigma2,2,"one +86 010-82543569 Abstract A series of water-soluble benzylidene cyclanone dye s T1 -T3 were synthesized. Their photo-physical properties were i nvestigated using UV-Vis spectra, fluorescence spectra and two-photon absorption spectra. The maximum two-photon absorption cross-sections ( σ 2) of T1 -T3 in deionized wat",,,text_exact_candidate,pending,unknown,local_only/text_not_published
zotero_2SCTZD9L:sigma2:2,zotero_2SCTZD9L,2SCTZD9L,10.1016/j.dyepig.2017.02.040,Study on a series of water-soluble photoinitiators for fabrication of 3D hydrogels by two-photon polymerization,sigma2,2,"one +86 010-82543569 Abstract A series of water-soluble benzylidene cyclanone dye s T1 -T3 were synthesized. Their photo-physical properties were i nvestigated using UV-Vis spectra, fluorescence spectra and two-photon absorption spectra. The maximum two-photon absorption cross-sections ( σ 2) of T1 -T3 in deionized wat",,,text_exact_candidate,pending,unknown,local_only/text_not_published
zotero_2SCTZD9L:sigma2:3,zotero_2SCTZD9L,2SCTZD9L,10.1016/j.dyepig.2017.02.040,Study on a series of water-soluble photoinitiators for fabrication of 3D hydrogels by two-photon polymerization,sigma2,2,"-82543569 Abstract A series of water-soluble benzylidene cyclanone dye s T1 -T3 were synthesized. Their photo-physical properties were i nvestigated using UV-Vis spectra, fluorescence spectra and two-photon absorption spectra. The maximum two-photon absorption cross-sections ( σ 2) of T1 -T3 in deionized water were det",,,text_exact_candidate,pending,unknown,local_only/text_not_published
zotero_2SCTZD9L:sigma2:4,zotero_2SCTZD9L,2SCTZD9L,10.1016/j.dyepig.2017.02.040,Study on a series of water-soluble photoinitiators for fabrication of 3D hydrogels by two-photon polymerization,sigma2,2,"ere synthesized. Their photo-physical properties were i nvestigated using UV-Vis spectra, fluorescence spectra and two-photon absorption spectra. The maximum two-photon absorption cross-sections ( σ 2) of T1 -T3 in deionized water were determined as 567 GM, 808 GM a nd 231 GM. Using T1 -T3 as photoinitiators (PIs) dire",,,text_exact_candidate,pending,unknown,local_only/text_not_published
zotero_2SCTZD9L:threshold:15,zotero_2SCTZD9L,2SCTZD9L,10.1016/j.dyepig.2017.02.040,Study on a series of water-soluble photoinitiators for fabrication of 3D hydrogels by two-photon polymerization,threshold,16,"ontrasts. Using line scanning method, the 2PP threshold energy ( Eth ) and the laser-induced breakdown threshold energy ( Ebr ) of these resins under illumination of an 820 nm fs las er could be observed by CCD on live. Here, Eth is defined as the lowest laser power at focus point that can fabricate a solid line and Eb",,,text_exact_candidate,pending,unknown,local_only/text_not_published
zotero_2SCTZD9L:threshold:16,zotero_2SCTZD9L,2SCTZD9L,10.1016/j.dyepig.2017.02.040,Study on a series of water-soluble photoinitiators for fabrication of 3D hydrogels by two-photon polymerization,threshold,16,"were made up using different formula with SR610, BSA and HAGM as monomers, T1 -T3 as initiators, respectively, to investigate their potentials in 2PP. Blank monomers and monomer s plus Eosin were both used as contrasts. Using line scanning method, the 2PP threshold energy ( Eth ) and the laser-induced breakdown thresho",,,text_exact_candidate,pending,unknown,local_only/text_not_published
zotero_2SCTZD9L:threshold:5,zotero_2SCTZD9L,2SCTZD9L,10.1016/j.dyepig.2017.02.040,Study on a series of water-soluble photoinitiators for fabrication of 3D hydrogels by two-photon polymerization,threshold,2,") directly, 2D and 3D nano patterns based on two-photon crosslinking or polymerization of bovine serum albumin (BSA), water-soluble acrylic ester monomer (SR610) and hyaluronic acid derivative (HAGM) were successfully fabricated, respectively. Much lower threshold energies and wid er fabrication windows were obtained i",,,text_exact_candidate,pending,unknown,local_only/text_not_published
zotero_2SCTZD9L:threshold:8,zotero_2SCTZD9L,2SCTZD9L,10.1016/j.dyepig.2017.02.040,Study on a series of water-soluble photoinitiators for fabrication of 3D hydrogels by two-photon polymerization,threshold,5,"and long expos ure time (300 ∼400 µs) were required in their experiments. By using a w ater-soluble PI (WSPI) with a σ2 of 120 GM, Liska et al. successfully fabricated 3D scaffolds from PEGDA (PEG diacrylates) with a fast scanning speed of 10 mm/s under laser power of 140 mW. [17] Irgacure 2959 , a commercially availab",,,text_exact_candidate,pending,unknown,local_only/text_not_published
zotero_2SCTZD9L:voxel_geometry:18,zotero_2SCTZD9L,2SCTZD9L,10.1016/j.dyepig.2017.02.040,Study on a series of water-soluble photoinitiators for fabrication of 3D hydrogels by two-photon polymerization,voxel_geometry,20,"eering in Life Sciences 2009, 9 (5), 384-390. [3] Drury, J. L.; Mooney, D. J., Hydrogels for tissue engineering: scaffold design variables and applications. Biomaterials 2003, 24 (24), 4337-4351. [4] Seidlits, S. K.; Schmidt, C. E.; Shear, J. B., High-Resolution Patterning of Hydrogels in Three Dimensions using D irect",,,text_exact_candidate,pending,unknown,local_only/text_not_published
zotero_2SCTZD9L:voxel_geometry:19,zotero_2SCTZD9L,2SCTZD9L,10.1016/j.dyepig.2017.02.040,Study on a series of water-soluble photoinitiators for fabrication of 3D hydrogels by two-photon polymerization,voxel_geometry,21,"Recent advances in the use o f gelatin in biomedical research. Biotechnology letters 2015, 37 (11), 2139-2145. [12] Kawata, S.; Sun, H. B.; Tanaka, T.; Takada, K ., Finer features for functional microdevices- Micromachines can be creat ed with higher resolution using two-photon absorption. Nature 2001, 412 (6848), 697-",,,text_exact_candidate,pending,unknown,local_only/text_not_published
zotero_3TYUTA6K:mechanism:7,zotero_3TYUTA6K,3TYUTA6K,10.1016/s1010-6030(03)00394-0,Two-photon absorption cross-sections of common photoinitiators,mechanism,2,"report on a study of the 2PA properties of sev- eral common, commercially available photoinitiators using two complementary non-linear transmission spectroscopic methods. Many of these initiators undergo the Norrish type I /H9251-cleavage reaction involved in radical generation, and include /H9251-hydroxyketones, /H925",,,text_exact_candidate,pending,unknown,local_only/text_not_published
zotero_3TYUTA6K:pi_loading:6,zotero_3TYUTA6K,3TYUTA6K,10.1016/s1010-6030(03)00394-0,Two-photon absorption cross-sections of common photoinitiators,pi_loading,2,"vides a strong pump beam which induces a non-linear response in the system under investigation and the other OPA generates a weak, broad-band WLC beam which probes the induced non-linearity. The WLC is generated by focusing 1–2 /H9262Jo f 1300 nm light into a 2 mm thick piece of calcium ﬂuoride. The 2PA process require",,,text_exact_candidate,pending,unknown,local_only/text_not_published
zotero_3TYUTA6K:pi_loading:9,zotero_3TYUTA6K,3TYUTA6K,10.1016/s1010-6030(03)00394-0,Two-photon absorption cross-sections of common photoinitiators,pi_loading,5,"l. / Journal of Photochemistry and Photobiology A: Chemistry 162 (2004) 497–502 501 Fig. 4. 2PA results via the Z-scan method for stationary cell and ﬂow cell geometries. (A) Irgacure OXE01. (B) Irgacure 369. Note: The two curves in (B) have been displaced by 5 mm purely for ease of viewing. to be good, with the larges",,,text_exact_candidate,pending,unknown,local_only/text_not_published
zotero_3TYUTA6K:sigma2:1,zotero_3TYUTA6K,3TYUTA6K,10.1016/s1010-6030(03)00394-0,Two-photon absorption cross-sections of common photoinitiators,sigma2,1,"Journal of Photochemistry and Photobiology A: Chemistry 162 (2004) 497–502 Two-photon absorption cross-sections of common photoinitiators Katherine J. Schafer a, Joel M. Hales b, Mihaela Balu b, Kevin D. Belﬁelda,b,∗, Eric W. Van Strylandb, David J. Haganb a Department of Chemistry, University of Central Florida 4000 C",,,text_exact_candidate,pending,unknown,local_only/text_not_published
zotero_3TYUTA6K:sigma2:2,zotero_3TYUTA6K,3TYUTA6K,10.1016/s1010-6030(03)00394-0,Two-photon absorption cross-sections of common photoinitiators,sigma2,1,"Journal of Photochemistry and Photobiology A: Chemistry 162 (2004) 497–502 Two-photon absorption cross-sections of common photoinitiators Katherine J. Schafer a, Joel M. Hales b, Mihaela Balu b, Kevin D. Belﬁelda,b,∗, Eric W. Van Strylandb, David J. Haganb a Department of Chemistry, University of Central Florida 4000 C",,,text_exact_candidate,pending,unknown,local_only/text_not_published
zotero_3TYUTA6K:sigma2:3,zotero_3TYUTA6K,3TYUTA6K,10.1016/s1010-6030(03)00394-0,Two-photon absorption cross-sections of common photoinitiators,sigma2,1,"to perform three-dimensionally resolved polymerization, resulting in intricate microfabrication and imaging. Many of the reported 2PA-induced polymerizations make use of commercially available photoinitiators, and a key parameter to consider is the two-photon absorption cross-section ( δ) of the initiator. To date, the",,,text_exact_candidate,pending,unknown,local_only/text_not_published
zotero_3TYUTA6K:sigma2:4,zotero_3TYUTA6K,3TYUTA6K,10.1016/s1010-6030(03)00394-0,Two-photon absorption cross-sections of common photoinitiators,sigma2,1,"address: kbelﬁel@mail.ucf.edu (K.D. Belﬁeld). wavelength range where femtosecond-lasers are typically used for 2PA-induced polymerization. Previously reported δ values for a limited number of conventional photoini- tiators are on the order of or less than 10 Göppert Mayer (GM) units, where 1 GM = 10 −50 cm4 s per photo",,,text_exact_candidate,pending,unknown,local_only/text_not_published
zotero_3TYUTA6K:threshold:5,zotero_3TYUTA6K,3TYUTA6K,10.1016/s1010-6030(03)00394-0,Two-photon absorption cross-sections of common photoinitiators,threshold,1,"at a photoinitiator possessing high δ may allow the use of low-cost micro-lasers, of the same polymerization speed as that obtained with conventional femtosecond-lasers and commercial UV resins [14]. Efforts to produce novel photoinitiators with improved photosensitivity to near-IR radiation for 2PA polymeriza- tion ar",,,text_exact_candidate,pending,unknown,local_only/text_not_published
zotero_3TYUTA6K:threshold:8,zotero_3TYUTA6K,3TYUTA6K,10.1016/s1010-6030(03)00394-0,Two-photon absorption cross-sections of common photoinitiators,threshold,4,"s sensitive than the Z-scan method. In the case of the Z-scan technique, just four of the compounds were not measurable, but seven had cross-sections too small to be measured by the WLC method. For the cases where the non-linear signal is below the measurable threshold, we have indicated an upper limit to the possible ",,,text_exact_candidate,pending,unknown,local_only/text_not_published
zotero_3UHK5MQX:isc_t1:8,zotero_3UHK5MQX,3UHK5MQX,10.1002/adom.201901040,On the schwarzschild effect in 3D two-photon laser lithography,isc_t1,4,"ncentration within the photoresist is constant. Within the laser focus, photoinitiator molecules are excited by two -photon absorption from the singlet ground-state manifold into the singlet excited -state manifold. From there, they typically undergo rapid intersystem crossing into the molecule’s triplet manifold. Next",,,text_exact_candidate,pending,unknown,local_only/text_not_published
zotero_3UHK5MQX:isc_t1:9,zotero_3UHK5MQX,3UHK5MQX,10.1002/adom.201901040,On the schwarzschild effect in 3D two-photon laser lithography,isc_t1,4,"stant. Within the laser focus, photoinitiator molecules are excited by two -photon absorption from the singlet ground-state manifold into the singlet excited -state manifold. From there, they typically undergo rapid intersystem crossing into the molecule’s triplet manifold. Next, radicals are generated. These can eithe",,,text_exact_candidate,pending,unknown,local_only/text_not_published
zotero_3UHK5MQX:mechanism:15,zotero_3UHK5MQX,3UHK5MQX,10.1002/adom.201901040,On the schwarzschild effect in 3D two-photon laser lithography,mechanism,14,"of a voxel (the Schwarzschild effect). Wi th diffusion, photoinitiator molecules can diffuse in from the periphery of the laser focus. While they are again effectively depleted via oxygen quenching in the center of the focus, the in-diffusion leads to weak radical generation in the periphery of th e laser focus ( 𝑟 > 0",,,text_exact_candidate,pending,unknown,local_only/text_not_published
zotero_3UHK5MQX:pi_loading:1,zotero_3UHK5MQX,3UHK5MQX,10.1002/adom.201901040,On the schwarzschild effect in 3D two-photon laser lithography,pi_loading,2,"tions. For short exposure times (“regime I”), the laser power at the polymerization threshold can scale with the inverse square root of the exposure time, as naively to be expected for two -photon absorption. Substantial deviations occur, however, for low photoinitiator concentrations. For intermediate exposure times (",,,text_exact_candidate,pending,unknown,local_only/text_not_published
zotero_3UHK5MQX:pi_loading:10,zotero_3UHK5MQX,3UHK5MQX,10.1002/adom.201901040,On the schwarzschild effect in 3D two-photon laser lithography,pi_loading,6,"on. In the double-logarithmic representation in Figure 2, this dependence corresponds to a straight line with slope −1/𝑁. An exponent with 𝑁 = 2 fits the depicted experimental data quite well. We will see below, however, that 𝑁 effectively increases as the photoinitiator concentration decreases and that it can also dev",,,text_exact_candidate,pending,unknown,local_only/text_not_published
zotero_3UHK5MQX:pi_loading:11,zotero_3UHK5MQX,3UHK5MQX,10.1002/adom.201901040,On the schwarzschild effect in 3D two-photon laser lithography,pi_loading,6,"In the double-logarithmic representation in Figure 2, this dependence corresponds to a straight line with slope −1/𝑁. An exponent with 𝑁 = 2 fits the depicted experimental data quite well. We will see below, however, that 𝑁 effectively increases as the photoinitiator concentration decreases and that it can also deviate",,,text_exact_candidate,pending,unknown,local_only/text_not_published
zotero_3UHK5MQX:pi_loading:2,zotero_3UHK5MQX,3UHK5MQX,10.1002/adom.201901040,On the schwarzschild effect in 3D two-photon laser lithography,pi_loading,2,". For short exposure times (“regime I”), the laser power at the polymerization threshold can scale with the inverse square root of the exposure time, as naively to be expected for two -photon absorption. Substantial deviations occur, however, for low photoinitiator concentrations. For intermediate exposure times (“regi",,,text_exact_candidate,pending,unknown,local_only/text_not_published
zotero_3UHK5MQX:sigma2:13,zotero_3UHK5MQX,3UHK5MQX,10.1002/adom.201901040,On the schwarzschild effect in 3D two-photon laser lithography,sigma2,10,"9 pulses, 1/(80 MHz) ≈ 12 ns, is much smaller than all other characteristic time scales of the problem. Therefore, the two-photon absorption coefficient, 𝛼2, we use below must be seen as an effective quantity. During exposure, the laser power, 𝑃, is given by 𝑃 = ∫ 𝐼0 2𝜋𝑟 d𝑟 ∞ 0 = 𝐼0 2𝜋 𝜎2. We use 𝜎 = 150 nm in the Gaus",,,text_exact_candidate,pending,unknown,local_only/text_not_published
zotero_3UHK5MQX:sigma2:16,zotero_3UHK5MQX,3UHK5MQX,10.1002/adom.201901040,On the schwarzschild effect in 3D two-photon laser lithography,sigma2,15,"nt photoinitiators, and different photoinitiator concentrations – including commonly used combinations. For very short exposure times (regime I) and low photoinitiator concentrations, we have found pronounced deviations from the simple scaling expected for two-photon absorption. For very large exposure times (regime II",,,text_exact_candidate,pending,unknown,local_only/text_not_published
zotero_3UHK5MQX:threshold:3,zotero_3UHK5MQX,3UHK5MQX,10.1002/adom.201901040,On the schwarzschild effect in 3D two-photon laser lithography,threshold,2,"(3D) laser lithography is revisited. The study ranges over seven orders of magnitude in exposure time (from 1 µs to 10 s) and investigate s a wide variety of different photoresist compositions. For short exposure times (“regime I”), the laser power at the polymerization threshold can scale with the inverse square root ",,,text_exact_candidate,pending,unknown,local_only/text_not_published
zotero_3UHK5MQX:threshold:4,zotero_3UHK5MQX,3UHK5MQX,10.1002/adom.201901040,On the schwarzschild effect in 3D two-photon laser lithography,threshold,2,"three -dimensional (3D) laser lithography is revisited. The study ranges over seven orders of magnitude in exposure time (from 1 µs to 10 s) and investigate s a wide variety of different photoresist compositions. For short exposure times (“regime I”), the laser power at the polymerization threshold can scale with the i",,,text_exact_candidate,pending,unknown,local_only/text_not_published
zotero_3UHK5MQX:threshold:5,zotero_3UHK5MQX,3UHK5MQX,10.1002/adom.201901040,On the schwarzschild effect in 3D two-photon laser lithography,threshold,2,"thography is revisited. The study ranges over seven orders of magnitude in exposure time (from 1 µs to 10 s) and investigate s a wide variety of different photoresist compositions. For short exposure times (“regime I”), the laser power at the polymerization threshold can scale with the inverse square root of the exposu",,,text_exact_candidate,pending,unknown,local_only/text_not_published
zotero_3UHK5MQX:threshold:6,zotero_3UHK5MQX,3UHK5MQX,10.1002/adom.201901040,On the schwarzschild effect in 3D two-photon laser lithography,threshold,3,"ture remains after the process.[4] Naively, the product of the square of the local laser intensi ty and the exposure time determines the local degree of photo -induced crosslinking. In disagreement with this expectation, for laser intensities and hence the laser powers below a certain threshold, the monomer is insuffic",,,text_exact_candidate,pending,unknown,local_only/text_not_published
zotero_3UHK5MQX:voxel_geometry:12,zotero_3UHK5MQX,3UHK5MQX,10.1002/adom.201901040,On the schwarzschild effect in 3D two-photon laser lithography,voxel_geometry,9,"photoinitiator molecules are much larger than the oxygen molecules. For simplicity and for clarity of the argument, we neglect the diffusion of radicals, monomer, and polymer, although diffusion of radical molecules may well influence the minimum achievable voxel size. [16] To avoid excessive computation times, we cons",,,text_exact_candidate,pending,unknown,local_only/text_not_published
zotero_3UHK5MQX:voxel_geometry:14,zotero_3UHK5MQX,3UHK5MQX,10.1002/adom.201901040,On the schwarzschild effect in 3D two-photon laser lithography,voxel_geometry,14,"13 process would inhibit formation of a voxel (the Schwarzschild effect). Wi th diffusion, photoinitiator molecules can diffuse in from the periphery of the laser focus. While they are again effectively depleted via oxygen quenching in the center of the focus, the in-diffusion leads to weak radical generation in the pe",,,text_exact_candidate,pending,unknown,local_only/text_not_published
zotero_3UHK5MQX:voxel_geometry:17,zotero_3UHK5MQX,3UHK5MQX,10.1002/adom.201901040,On the schwarzschild effect in 3D two-photon laser lithography,voxel_geometry,20,"19 Figure 1. Three examples of electron micrographs of polymer voxels exposed by a train of tightly focused femtosecond laser pulses with average power 𝑃 in units of mW and for an exposure time of Δ𝑡 in units of ms. As we will cover a range of exposure times of seven orders of magnitude, we chose them to be equidistant",,,text_exact_candidate,pending,unknown,local_only/text_not_published
zotero_3UHK5MQX:voxel_geometry:7,zotero_3UHK5MQX,3UHK5MQX,10.1002/adom.201901040,On the schwarzschild effect in 3D two-photon laser lithography,voxel_geometry,3,"sional (3D) optical laser lithography (or laser nanoprinting).[2] Here, a high-numerical-aperture immersion- microscope lens tightly focuses a mode-locked laser beam, such that the light intensity exceeds a certain value only in a small volume element (the “voxel”).[3] Within this voxel, the monomer molecules crosslink",,,text_exact_candidate,pending,unknown,local_only/text_not_published
zotero_4UUBRRGP:isc_t1:13,zotero_4UUBRRGP,4UUBRRGP,10.1002/adfm.201203880,Hydrogels for two-photon polymerization: a toolbox for mimicking the extracellular matrix,isc_t1,5,"In preparation of two ways, both of which involve excitation of the dye to the T1 state (Scheme 1 ). The excited dye can either abstract hydrogen directly from a protein molecule to induce protein crosslinking, or transfer energy to the ground state triplet molecular oxygen, producing singlet molecular oxygen. [ 75 ] I",,,text_exact_candidate,pending,unknown,local_only/text_not_published
zotero_4UUBRRGP:isc_t1:14,zotero_4UUBRRGP,4UUBRRGP,10.1002/adfm.201203880,Hydrogels for two-photon polymerization: a toolbox for mimicking the extracellular matrix,isc_t1,5,"Yes 10 [ 67 ] Flavin adenine dinucleotide (FAD) Yes Yes 0.035 [ 68 ] Methylene blue Yes Yes Not known WSPI Yes No 120 [ 69 ] G2CK Yes No 136 In preparation of two ways, both of which involve excitation of the dye to the T1 state (Scheme 1 ). The excited dye can either abstract hydrogen directly from a protein molecule ",,,text_exact_candidate,pending,unknown,local_only/text_not_published
zotero_4UUBRRGP:isc_t1:18,zotero_4UUBRRGP,4UUBRRGP,10.1002/adfm.201203880,Hydrogels for two-photon polymerization: a toolbox for mimicking the extracellular matrix,isc_t1,9,"9 www.afm-journal.de www.MaterialsViews.com wileyonlinelibrary.com© 2013 WILEY-VCH Verlag GmbH & Co. KGaA, Weinheim FEATURE ARTICLE from the excitation of a photosensitizer into the triplet state. These photoexcited species are expected to oxidize tyrosine residues. [ 119 ] The resultant tyrosyl radical is isomerizatio",,,text_exact_candidate,pending,unknown,local_only/text_not_published
zotero_4UUBRRGP:isc_t1:9,zotero_4UUBRRGP,4UUBRRGP,10.1002/adfm.201203880,Hydrogels for two-photon polymerization: a toolbox for mimicking the extracellular matrix,isc_t1,4,"n this type of initiation, the dye becomes excited by simultaneous absorption of two NIR photons via a virtual state. Accessing the second excited singlet state S2, the molecule undergoes rapid radiationless decay to S1, inter- converting to the long-lived triplet state with high quantum ( Scheme 1 ). [ 75 , 76 ] Inter",,,text_exact_candidate,pending,unknown,local_only/text_not_published
zotero_4UUBRRGP:mechanism:11,zotero_4UUBRRGP,4UUBRRGP,10.1002/adfm.201203880,Hydrogels for two-photon polymerization: a toolbox for mimicking the extracellular matrix,mechanism,4,"o NIR photons via a virtual state. Accessing the second excited singlet state S2, the molecule undergoes rapid radiationless decay to S1, inter- converting to the long-lived triplet state with high quantum ( Scheme 1 ). [ 75 , 76 ] Intermolecular electron transfer followed by hydrogen transfer from the amine to the exc",,,text_exact_candidate,pending,unknown,local_only/text_not_published
zotero_4UUBRRGP:mechanism:15,zotero_4UUBRRGP,4UUBRRGP,10.1002/adfm.201203880,Hydrogels for two-photon polymerization: a toolbox for mimicking the extracellular matrix,mechanism,6,"ansfer is the “driving force” for 2PA, electron-donor and/or electron-acceptor groups are required. In addition, coplanar π -conjugated bridges leading to states with extended charge separation are critical in enhancing the efﬁ ciency of intramo- lecular charge transfer. Although plenty of 2PA active hydro- philic chro",,,text_exact_candidate,pending,unknown,local_only/text_not_published
zotero_4UUBRRGP:mechanism:17,zotero_4UUBRRGP,4UUBRRGP,10.1002/adfm.201203880,Hydrogels for two-photon polymerization: a toolbox for mimicking the extracellular matrix,mechanism,7,"gh resolution (1 μ m X/Y , 3-5 μ m Z). The process was repeated to provide multiple adhe- sive signals relevant for many cell types. The group later syn- thesized biological molecules containing thiol groups for pho- tocoupling and photolabile moieties for photocleavage to and from the PEG based hydrogel. [ 102 ] This ",,,text_exact_candidate,pending,unknown,local_only/text_not_published
zotero_4UUBRRGP:pi_loading:1,zotero_4UUBRRGP,4UUBRRGP,10.1002/adfm.201203880,Hydrogels for two-photon polymerization: a toolbox for mimicking the extracellular matrix,pi_loading,2,"lated cells, transport may be limited potentially compromising the cellular activity. Moreover, in thick samples, light attenuation becomes critical. To ensure complete conversion of precursors to polymer, poten- tially cytotoxic light intensities and high initiator concentrations may be necessary. [ 16 ] A metabolical",,,text_exact_candidate,pending,unknown,local_only/text_not_published
zotero_4UUBRRGP:pi_loading:19,zotero_4UUBRRGP,4UUBRRGP,10.1002/adfm.201203880,Hydrogels for two-photon polymerization: a toolbox for mimicking the extracellular matrix,pi_loading,10,"ffolds with 3D features allowing a bioadhesive environment with accurate 3D topog- raphy. The constructs preserved their enzymatic degradation capabilities after the fabrication. In contrast to the AM of pure proteins, the writing speed could be as high as 10 mm s − 1 allowing for shorter fabrication times. Mesenchymal",,,text_exact_candidate,pending,unknown,local_only/text_not_published
zotero_4UUBRRGP:pi_loading:20,zotero_4UUBRRGP,4UUBRRGP,10.1002/adfm.201203880,Hydrogels for two-photon polymerization: a toolbox for mimicking the extracellular matrix,pi_loading,11,"racy. High laser intensities as well as precise and fast mechanics are indispensable. Using home-built systems, Mal- inauskas and co-workers have fabricated close to 1-cm sized scaffolds from hydrophobic formulations [ 48 ] at a scanning speed of up to 100 mm s − 1 . [ 125 ] Our group recently developed an experimental",,,text_exact_candidate,pending,unknown,local_only/text_not_published
zotero_4UUBRRGP:sigma2:12,zotero_4UUBRRGP,4UUBRRGP,10.1002/adfm.201203880,Hydrogels for two-photon polymerization: a toolbox for mimicking the extracellular matrix,sigma2,5,"5 www.afm-journal.de www.MaterialsViews.com wileyonlinelibrary.com© 2013 WILEY-VCH Verlag GmbH & Co. KGaA, Weinheim FEATURE ARTICLE T a b l e 1 . 2PP PI, water solubility, availability and 2PA cross sections ( σ 2PA in GM [10 − 50 cm 4 s photon − 1 ]) at 800 nm measured using Z-scan analysis. 2PP PI Water soluble Comme",,,text_exact_candidate,pending,unknown,local_only/text_not_published
zotero_4UUBRRGP:sigma2:2,zotero_4UUBRRGP,4UUBRRGP,10.1002/adfm.201203880,Hydrogels for two-photon polymerization: a toolbox for mimicking the extracellular matrix,sigma2,3,"femto- second laser pulses. [ 35 ] This technique allows the fabrication of feature sizes from 65 nm [ 47 ] to close 1 cm [ 48 ] according to a geometry deﬁ ned by CAD. It is the most effective multi-photon process and relies on the principle of two-photon absorption Adv. Funct. Mater. 2013, DOI: 10.1002/adfm.201203880",,,text_exact_candidate,pending,unknown,local_only/text_not_published
zotero_4UUBRRGP:sigma2:6,zotero_4UUBRRGP,4UUBRRGP,10.1002/adfm.201203880,Hydrogels for two-photon polymerization: a toolbox for mimicking the extracellular matrix,sigma2,4,"initia- tion efﬁ ciency. In T able 1 , PIs for the fabrication of hydrogels via 2PP are listed. Z-scan analysis was used to measure the 2PA cross section as two-photon analogue to the linear absorp- tion coefﬁ cient. It is measured in Göppert-Meyer (GM) units (10 − 50 cm 4 s photon − 1 ). [ 65 ] To form hydrogels, rese",,,text_exact_candidate,pending,unknown,local_only/text_not_published
zotero_4UUBRRGP:threshold:3,zotero_4UUBRRGP,4UUBRRGP,10.1002/adfm.201203880,Hydrogels for two-photon polymerization: a toolbox for mimicking the extracellular matrix,threshold,3,"s to be minimal. [ 55 ] However, by tightly focusing NIR fs-laser pulses in biological tissues, it is possible to ablate components at mico- and nanom- eter precision without altering neighboring structures. As 2PP requires similar focusing, a maximum threshold of 1.5 nJ using a 100 × NA 1.4 objective at 5 μ m s − 1 sc",,,text_exact_candidate,pending,unknown,local_only/text_not_published
zotero_4UUBRRGP:threshold:7,zotero_4UUBRRGP,4UUBRRGP,10.1002/adfm.201203880,Hydrogels for two-photon polymerization: a toolbox for mimicking the extracellular matrix,threshold,4,rectly induce the generation of free radicals for subsequent polymerization. Highly active PIs are critical for efﬁ cient 2PP characterized by a high 2PA cross section and high initiating efﬁ ciency leading to a broad processing window [ 61 ] and low polymerization threshold. Polymerization can be performed at only low,,,text_exact_candidate,pending,unknown,local_only/text_not_published
zotero_4UUBRRGP:threshold:8,zotero_4UUBRRGP,4UUBRRGP,10.1002/adfm.201203880,Hydrogels for two-photon polymerization: a toolbox for mimicking the extracellular matrix,threshold,4,he generation of free radicals for subsequent polymerization. Highly active PIs are critical for efﬁ cient 2PP characterized by a high 2PA cross section and high initiating efﬁ ciency leading to a broad processing window [ 61 ] and low polymerization threshold. Polymerization can be performed at only low excitation pow,,,text_exact_candidate,pending,unknown,local_only/text_not_published
zotero_4UUBRRGP:voxel_geometry:10,zotero_4UUBRRGP,4UUBRRGP,10.1002/adfm.201203880,Hydrogels for two-photon polymerization: a toolbox for mimicking the extracellular matrix,voxel_geometry,4,"incorporated in the fabrica- tion process since they must be kept in an aqueous suspension. Moreover, the solvent-exchange from fabrication to cell seeding can lead to signiﬁ cant structure distortions. [ 72 ] Thus, the main advantages of 2PP–the high resolution and the possibility of forming structures in vivo without",,,text_exact_candidate,pending,unknown,local_only/text_not_published
zotero_4UUBRRGP:voxel_geometry:16,zotero_4UUBRRGP,4UUBRRGP,10.1002/adfm.201203880,Hydrogels for two-photon polymerization: a toolbox for mimicking the extracellular matrix,voxel_geometry,7,"n important role in the feasibility for 2PP. To obtain mm sized structures in a reasonable time, the formulation has to be pro- cessed at high writing speed and high pulse energies without compromising the quality of 2PP printed structures and its desired feature sizes. [ 92 ] With these criteria in mind, we review rep",,,text_exact_candidate,pending,unknown,local_only/text_not_published
zotero_4UUBRRGP:voxel_geometry:4,zotero_4UUBRRGP,4UUBRRGP,10.1002/adfm.201203880,Hydrogels for two-photon polymerization: a toolbox for mimicking the extracellular matrix,voxel_geometry,3,"ength scales, high resolution and in accordance to a speciﬁ c design. Two-photon polymerization (2PP) is a method based on localized crosslinking of photopolymers, induced by femto- second laser pulses. [ 35 ] This technique allows the fabrication of feature sizes from 65 nm [ 47 ] to close 1 cm [ 48 ] according to a g",,,text_exact_candidate,pending,unknown,local_only/text_not_published
zotero_4UUBRRGP:voxel_geometry:5,zotero_4UUBRRGP,4UUBRRGP,10.1002/adfm.201203880,Hydrogels for two-photon polymerization: a toolbox for mimicking the extracellular matrix,voxel_geometry,3,"constructs with well-deﬁ ned porous architectures and desired mechanical func- tions as well as appropriate mass transport characteristics have been created leading researchers to a better understanding of cell-matrix interactions in 3D. [ 37 ] As the resolution can be adjusted down to a few micrometers, [ 38 ] it is p",,,text_exact_candidate,pending,unknown,local_only/text_not_published
zotero_5TV7FKVK:isc_t1:15,zotero_5TV7FKVK,5TV7FKVK,10.1016/j.eurpolymj.2024.113176,Efficient and safe coumarin-carbazole-based oxime esters for one/two-photon polymerization of LEDs/NIR light,isc_t1,11,"016/s0301-0104(03)00046-6 . [44] T. Lu, F. Chen, Multiwfn: a multifunctional wavefunction analyzer, J. Comput. Chem. 33 (5) (2012) 580 – 592, https://doi.org/10.1002/jcc.22885 . [45] X. Allonas, J. Lalevee, J.P. Fouassier, H. Tachi, M. Shirai, M. Tsunooka, Triplet state of O-acyloximes studied by time-resolved absorpti",,,text_exact_candidate,pending,unknown,local_only/text_not_published
zotero_5TV7FKVK:isc_t1:4,zotero_5TV7FKVK,5TV7FKVK,10.1016/j.eurpolymj.2024.113176,Efficient and safe coumarin-carbazole-based oxime esters for one/two-photon polymerization of LEDs/NIR light,isc_t1,5,"et al. [40,45] demonstrated that fragmentation of o -acyloximes proceeds from excited triplet state. Therefore, the weak fluorescence and a low minimum band gap ( Δ E S-T(x) ) from the excited singlets to triplets facilitated fast inter - system crossing [ISC(S-T)] between the systems, thus increasing the quantum yield",,,text_exact_candidate,pending,unknown,local_only/text_not_published
zotero_5TV7FKVK:isc_t1:5,zotero_5TV7FKVK,5TV7FKVK,10.1016/j.eurpolymj.2024.113176,Efficient and safe coumarin-carbazole-based oxime esters for one/two-photon polymerization of LEDs/NIR light,isc_t1,5,"er molecules are excited by irradi - ation is of great concern, and the possible pathways were analyzed and summarized in the Jab ł o ´nski-type diagram ( Fig. 3 A). Fast et al. [40,45] demonstrated that fragmentation of o -acyloximes proceeds from excited triplet state. Therefore, the weak fluorescence and a low minim",,,text_exact_candidate,pending,unknown,local_only/text_not_published
zotero_5TV7FKVK:isc_t1:6,zotero_5TV7FKVK,5TV7FKVK,10.1016/j.eurpolymj.2024.113176,Efficient and safe coumarin-carbazole-based oxime esters for one/two-photon polymerization of LEDs/NIR light,isc_t1,6,med. This rapid Fig. 3. (A) Jab ł o ´nski-type diagram of possible processes from the excited states of PIs after photoexcitation. (B) Fluorescence quantum yield ( Φ FL ) of PIs in acetonitrile. (C) Value of the minimum band gap from the excited singlets to triplets ( Δ E S-T(x) ) of PIs. Fig. 4. UV – vis absorption sp,,,text_exact_candidate,pending,unknown,local_only/text_not_published
zotero_5TV7FKVK:mechanism:16,zotero_5TV7FKVK,5TV7FKVK,10.1016/j.eurpolymj.2024.113176,Efficient and safe coumarin-carbazole-based oxime esters for one/two-photon polymerization of LEDs/NIR light,mechanism,11,"hotocuring under visible LED light irradiation, Polym. Chem. 13 (22) (2022) 3367 – 3376, https://doi.org/10.1039/d2py00466f . [34] R. Zhou, J.-P. Malval, M. Jin, A. Spangenberg, H. Pan, D. Wan, F. Morlet-Savary, S. Knopf, A two-photon active chevron-shaped type I photoinitiator designed for 3D stereolithography, Chem. ",,,text_exact_candidate,pending,unknown,local_only/text_not_published
zotero_5TV7FKVK:mechanism:3,zotero_5TV7FKVK,5TV7FKVK,10.1016/j.eurpolymj.2024.113176,Efficient and safe coumarin-carbazole-based oxime esters for one/two-photon polymerization of LEDs/NIR light,mechanism,3,"9] . It has shown that o -acyl- α -oxooximes are prone to photoisomerization, and o -acyloximes without α -carbonyl groups prefer photofragmentation in the same cases [28,40] . Ketoxime esters with fused carbazole-coumarin structure have been proven to be type I PIs with excellent performance [34,37] . However, a consi",,,text_exact_candidate,pending,unknown,local_only/text_not_published
zotero_5TV7FKVK:mechanism:7,zotero_5TV7FKVK,5TV7FKVK,10.1016/j.eurpolymj.2024.113176,Efficient and safe coumarin-carbazole-based oxime esters for one/two-photon polymerization of LEDs/NIR light,mechanism,6,"ure of o -acyloxime esters and involves the formation of new conjugated structures [42,47] . Obtaining any distinct isosbestic point was notably difficult, because the photochemical reactions of oxime esters are more complicated than other those of Norrish type I PIs, such as benzoin, bisacylphosphine oxides, and dihyd",,,text_exact_candidate,pending,unknown,local_only/text_not_published
zotero_5TV7FKVK:pi_loading:9,zotero_5TV7FKVK,5TV7FKVK,10.1016/j.eurpolymj.2024.113176,Efficient and safe coumarin-carbazole-based oxime esters for one/two-photon polymerization of LEDs/NIR light,pi_loading,9,"lent performance in one-photon polymerization and high cytocompatibility. Therefore, to verify the ability of these PIs in TPP, their two-photon absorption (TPA) Fig. 8. Cytotoxicity under 24 h of treatment under various concentrations [0 (DMSO) – 5 × 10  2 mM] of (A) CH 3 -Cyc and (B) CF 3 -Cyc. L929 cells were used i",,,text_exact_candidate,pending,unknown,local_only/text_not_published
zotero_5TV7FKVK:sigma2:12,zotero_5TV7FKVK,5TV7FKVK,10.1016/j.eurpolymj.2024.113176,Efficient and safe coumarin-carbazole-based oxime esters for one/two-photon polymerization of LEDs/NIR light,sigma2,10,"of the two- photon fluorescence intensity of both PIs with the incident light in - tensity was close to 2, with a positive-square relationship between TPA and laser intensity ( Fig. S8 ). CF 3 -Cyc showed a much higher TPA cross- section ( δ 780 nm = 368 GM) of about ten times that of CH 3 -Cyc ( δ 780 nm = 27 GM), whi",,,text_exact_candidate,pending,unknown,local_only/text_not_published
zotero_5TV7FKVK:sigma2:8,zotero_5TV7FKVK,5TV7FKVK,10.1016/j.eurpolymj.2024.113176,Efficient and safe coumarin-carbazole-based oxime esters for one/two-photon polymerization of LEDs/NIR light,sigma2,9,"cations, especially in cellular scaffolds, drug delivery vehicles, and vascular models [7,56] . The designed PIs have excellent performance in one-photon polymerization and high cytocompatibility. Therefore, to verify the ability of these PIs in TPP, their two-photon absorption (TPA) Fig. 8. Cytotoxicity under 24 h of ",,,text_exact_candidate,pending,unknown,local_only/text_not_published
zotero_5TV7FKVK:threshold:10,zotero_5TV7FKVK,5TV7FKVK,10.1016/j.eurpolymj.2024.113176,Efficient and safe coumarin-carbazole-based oxime esters for one/two-photon polymerization of LEDs/NIR light,threshold,9,"ith PBS, DMSO, CH 3 -Cyc/CF 3 - Cyc, and irradiated CH 3 -Cyc/CF 3 -Cyc. The cells were stained by calcein-AM/PI before the analysis. Fig. 9. SEM images (A) and (B) Top: name of CH 3 -Cyc and CF 3 -Cyc; bottom: line array fabricated with variable excitation laser power and writing speed (from the bottom 10,000 μ m s  1",,,text_exact_candidate,pending,unknown,local_only/text_not_published
zotero_5TV7FKVK:threshold:11,zotero_5TV7FKVK,5TV7FKVK,10.1016/j.eurpolymj.2024.113176,Efficient and safe coumarin-carbazole-based oxime esters for one/two-photon polymerization of LEDs/NIR light,threshold,9,"efore the analysis. Fig. 9. SEM images (A) and (B) Top: name of CH 3 -Cyc and CF 3 -Cyc; bottom: line array fabricated with variable excitation laser power and writing speed (from the bottom 10,000 μ m s  1 to the top 100,000 μ m s  1 ). Inset: curves of threshold power and writing speed. Formulation: CH 3 -Cyc (1 wt%)",,,text_exact_candidate,pending,unknown,local_only/text_not_published
zotero_5TV7FKVK:threshold:13,zotero_5TV7FKVK,5TV7FKVK,10.1016/j.eurpolymj.2024.113176,Efficient and safe coumarin-carbazole-based oxime esters for one/two-photon polymerization of LEDs/NIR light,threshold,10,microscopic images of the microstructures with the names of molecules obtained under 780 nm laser excitation of the two PIs in PTEA. The structure was clearly identifiable. The bottom image shows a line array obtained with two PIs at different excitation laser powers and writing speeds. The color-covered area represent,,,text_exact_candidate,pending,unknown,local_only/text_not_published
zotero_5TV7FKVK:threshold:14,zotero_5TV7FKVK,5TV7FKVK,10.1016/j.eurpolymj.2024.113176,Efficient and safe coumarin-carbazole-based oxime esters for one/two-photon polymerization of LEDs/NIR light,threshold,10,"ty ( Fig. S8 ). CF 3 -Cyc showed a much higher TPA cross- section ( δ 780 nm = 368 GM) of about ten times that of CH 3 -Cyc ( δ 780 nm = 27 GM), which can be attributed to its strong intramolecular charge transfer. Then, TPP was performed to test the photosensitivity and nano- patterning ability of these PIs to evaluat",,,text_exact_candidate,pending,unknown,local_only/text_not_published
zotero_5TV7FKVK:voxel_geometry:1,zotero_5TV7FKVK,5TV7FKVK,10.1016/j.eurpolymj.2024.113176,Efficient and safe coumarin-carbazole-based oxime esters for one/two-photon polymerization of LEDs/NIR light,voxel_geometry,2,"ion. Meanwhile, PIs that are highly sensitive to LEDs generally exhibit excellent two-photon polymerization (TPP) properties [20] . TPP uses a near-infrared pulsed laser (~800 nm) as the excitation source and employs the concepts of nonlinearity and super-resolution with remarkable spatial selectivity and high accuracy",,,text_exact_candidate,pending,unknown,local_only/text_not_published
zotero_5TV7FKVK:voxel_geometry:2,zotero_5TV7FKVK,5TV7FKVK,10.1016/j.eurpolymj.2024.113176,Efficient and safe coumarin-carbazole-based oxime esters for one/two-photon polymerization of LEDs/NIR light,voxel_geometry,3,"MR and 13 C NMR measurements were recorded with a Bruker 400 M NMR spectrometer and chemical shifts were reported in parts per million (ppm) downfield from the Me 4 Si resonance, which was used as the internal standard when recording NMR spectra. The high-resolution mass spectrometer measurements were performed using W",,,text_exact_candidate,pending,unknown,local_only/text_not_published
zotero_62KD2ECJ:mechanism:11,zotero_62KD2ECJ,62KD2ECJ,10.1016/j.eurpolymj.2021.110525,"One/two-photon sensitive sulfonium salt photoinitiators based on 1,3,5-triphenyl-2-pyrazoline",mechanism,3,spectra of PIs in ACN. (b) Theoretical and experimental spectra of PI-H . (c) The energy levels of the frontier orbitals of PI-H . (d) Transition density matrix of the singlet with the X-axis for S 0 and the Y-axis for the S 1 of PI-H . (e) Intramolecular electron transfer of PI-H in the S 0 – S 1 transition. S. Chen e,,,text_exact_candidate,pending,unknown,local_only/text_not_published
zotero_62KD2ECJ:mechanism:7,zotero_62KD2ECJ,62KD2ECJ,10.1016/j.eurpolymj.2021.110525,"One/two-photon sensitive sulfonium salt photoinitiators based on 1,3,5-triphenyl-2-pyrazoline",mechanism,1,"emitting diodes (LEDs) is limited. Thus, a feasible route to increase the LED sensitivity is through photo - sensitization [15,16] , wherein a photosensitizer is associated with a commercial sulfonium salt. Active species are generated through photoinduced electron transfer from the excited photosensitizer to the sulfo",,,text_exact_candidate,pending,unknown,local_only/text_not_published
zotero_62KD2ECJ:mechanism:8,zotero_62KD2ECJ,62KD2ECJ,10.1016/j.eurpolymj.2021.110525,"One/two-photon sensitive sulfonium salt photoinitiators based on 1,3,5-triphenyl-2-pyrazoline",mechanism,1,"elength dependence of Φ H + was due to the nature of the transition. The π – π * transition showed high Φ H + values (0.56 – 0.66) under excitation by UV LEDs, while the π – σ * transition showed low efficiency under visible LED irradiation. Intramolecular charge transfer from the pyrazoline ring to sulfonium salts ind",,,text_exact_candidate,pending,unknown,local_only/text_not_published
zotero_62KD2ECJ:mechanism:9,zotero_62KD2ECJ,62KD2ECJ,10.1016/j.eurpolymj.2021.110525,"One/two-photon sensitive sulfonium salt photoinitiators based on 1,3,5-triphenyl-2-pyrazoline",mechanism,2,"synthesized five-membered heterocyclic compound [27] that is widely used in electroluminescence [28] , chemosensors [29,30] , and nonlinear optical materials [31] . They are highly sensitive to UVA and visible light due to the existence of intramolecular charge transfer (ICT) from N1 to C3 [32] . In 2004, Zhou and cowo",,,text_exact_candidate,pending,unknown,local_only/text_not_published
zotero_62KD2ECJ:sigma2:1,zotero_62KD2ECJ,62KD2ECJ,10.1016/j.eurpolymj.2021.110525,"One/two-photon sensitive sulfonium salt photoinitiators based on 1,3,5-triphenyl-2-pyrazoline",sigma2,1,"iation. Intramolecular charge transfer from the pyrazoline ring to sulfonium salts induced efficient photolysis and high Φ H + . The sulfonium salts could efficiently initiate cationic polymerization and free radical polymerization. In addition, their high two-photon absorption cross-sections ( δ 780 nm = 75 – 105 GM) ",,,text_exact_candidate,pending,unknown,local_only/text_not_published
zotero_62KD2ECJ:sigma2:2,zotero_62KD2ECJ,62KD2ECJ,10.1016/j.eurpolymj.2021.110525,"One/two-photon sensitive sulfonium salt photoinitiators based on 1,3,5-triphenyl-2-pyrazoline",sigma2,1,"iation. Intramolecular charge transfer from the pyrazoline ring to sulfonium salts induced efficient photolysis and high Φ H + . The sulfonium salts could efficiently initiate cationic polymerization and free radical polymerization. In addition, their high two-photon absorption cross-sections ( δ 780 nm = 75 – 105 GM) ",,,text_exact_candidate,pending,unknown,local_only/text_not_published
zotero_62KD2ECJ:sigma2:3,zotero_62KD2ECJ,62KD2ECJ,10.1016/j.eurpolymj.2021.110525,"One/two-photon sensitive sulfonium salt photoinitiators based on 1,3,5-triphenyl-2-pyrazoline",sigma2,1,"tramolecular charge transfer from the pyrazoline ring to sulfonium salts induced efficient photolysis and high Φ H + . The sulfonium salts could efficiently initiate cationic polymerization and free radical polymerization. In addition, their high two-photon absorption cross-sections ( δ 780 nm = 75 – 105 GM) reduced th",,,text_exact_candidate,pending,unknown,local_only/text_not_published
zotero_62KD2ECJ:sigma2:4,zotero_62KD2ECJ,62KD2ECJ,10.1016/j.eurpolymj.2021.110525,"One/two-photon sensitive sulfonium salt photoinitiators based on 1,3,5-triphenyl-2-pyrazoline",sigma2,1,"ring to sulfonium salts induced efficient photolysis and high Φ H + . The sulfonium salts could efficiently initiate cationic polymerization and free radical polymerization. In addition, their high two-photon absorption cross-sections ( δ 780 nm = 75 – 105 GM) reduced the threshold of two- photon microfabrication. Thes",,,text_exact_candidate,pending,unknown,local_only/text_not_published
zotero_62KD2ECJ:threshold:10,zotero_62KD2ECJ,62KD2ECJ,10.1016/j.eurpolymj.2021.110525,"One/two-photon sensitive sulfonium salt photoinitiators based on 1,3,5-triphenyl-2-pyrazoline",threshold,3,"ournal 153 (2021) 110525 3 LUMO ( σ * orbital) and LUMO + 1 ( π * orbital) which corresponds to the energy of sulfonium salt group and chromophores in the excited state [39] . For 1,3,5-triphenyl-2-pyrazolines, the ICT effect from N1 to C3 ensures the high sensitivity of to near-UV – Vis lights [32] . Additionally, sim",,,text_exact_candidate,pending,unknown,local_only/text_not_published
zotero_62KD2ECJ:threshold:12,zotero_62KD2ECJ,62KD2ECJ,10.1016/j.eurpolymj.2021.110525,"One/two-photon sensitive sulfonium salt photoinitiators based on 1,3,5-triphenyl-2-pyrazoline",threshold,7,"the scanning electron microscopy images of the microstructure obtained from the PI- CF 3 -containing formulation. PETA could be effectively two-photon polymerized via laser-scanning lithography at 780 nm with different powers and writing speeds. When the laser power was low (polymeri - zation threshold), the structures",,,text_exact_candidate,pending,unknown,local_only/text_not_published
zotero_62KD2ECJ:threshold:5,zotero_62KD2ECJ,62KD2ECJ,10.1016/j.eurpolymj.2021.110525,"One/two-photon sensitive sulfonium salt photoinitiators based on 1,3,5-triphenyl-2-pyrazoline",threshold,1,"onium salts are mainly photoexcited at wavelengths ranging from the VUV to near-UV [14] , their utilization in applications that rely on the use of lasers and near-UV – Vis light-emitting diodes (LEDs) is limited. Thus, a feasible route to increase the LED sensitivity is through photo - sensitization [15,16] , wherein ",,,text_exact_candidate,pending,unknown,local_only/text_not_published
zotero_62KD2ECJ:threshold:6,zotero_62KD2ECJ,62KD2ECJ,10.1016/j.eurpolymj.2021.110525,"One/two-photon sensitive sulfonium salt photoinitiators based on 1,3,5-triphenyl-2-pyrazoline",threshold,1,"m salts induced efficient photolysis and high Φ H + . The sulfonium salts could efficiently initiate cationic polymerization and free radical polymerization. In addition, their high two-photon absorption cross-sections ( δ 780 nm = 75 – 105 GM) reduced the threshold of two- photon microfabrication. These PIs should hav",,,text_exact_candidate,pending,unknown,local_only/text_not_published
zotero_62KD2ECJ:voxel_geometry:13,zotero_62KD2ECJ,62KD2ECJ,10.1016/j.eurpolymj.2021.110525,"One/two-photon sensitive sulfonium salt photoinitiators based on 1,3,5-triphenyl-2-pyrazoline",voxel_geometry,7,"ashed away after developing due to their low polymerization degree (yellow area in Fig. 8 ). As the laser power was increased within a certain range, the fabricated structures showed good quality (green area in Fig. 8 ). As the power was further increased, linewidth increased, leading to worsened spatial selectivity be",,,text_exact_candidate,pending,unknown,local_only/text_not_published
zotero_6ZQ3VP63:mechanism:11,zotero_6ZQ3VP63,6ZQ3VP63,10.1038/17989,Two-photon polymerization initiators for three-dimensional optical data storage and microfabrication,mechanism,2,"e for a photoinduced electron-transfer reaction. This driving force is also accessible via two-photon excitation into the higher-lying state S 2 followed by rapid non-radiative decay to S1 (ref. 8). Asd is large for this class of molecules, two-photon-induced electron transfer should be ef®cient. Ef®cient electron tran",,,text_exact_candidate,pending,unknown,local_only/text_not_published
zotero_6ZQ3VP63:mechanism:12,zotero_6ZQ3VP63,6ZQ3VP63,10.1038/17989,Two-photon polymerization initiators for three-dimensional optical data storage and microfabrication,mechanism,2,"ed conjugated molecules 8. Our experimental and theoretical studies showed thatd can be enhanced by increasing the conjugation length and the donor and acceptor strengths, and that this enhancement can be correlated with the degree of symmetric intramolecular charge transfer. As the donor substituents make the D± p±D m",,,text_exact_candidate,pending,unknown,local_only/text_not_published
zotero_6ZQ3VP63:pi_loading:13,zotero_6ZQ3VP63,6ZQ3VP63,10.1038/17989,Two-photon polymerization initiators for three-dimensional optical data storage and microfabrication,pi_loading,3,"ibit PBG properties in the infrared spectral region. High-refractive-index structures, based for example on refractory ceramics, could be fabricated by using the polymer structure as a preform 10. Other structures of arbitrary pattern and periodicity down to ,1 mm length scales could be readily obtained with this photo",,,text_exact_candidate,pending,unknown,local_only/text_not_published
zotero_6ZQ3VP63:pi_loading:8,zotero_6ZQ3VP63,6ZQ3VP63,10.1038/17989,Two-photon polymerization initiators for three-dimensional optical data storage and microfabrication,pi_loading,2,"oton excitation spectrum. We compared Rp and the threshold energies ( Eth) for TPIP of SR9008 by 1 and 6 with those for the following conventional ultraviolet (UV) radical photoinitiators 9 under excitation at 600 nm with 5-ns pulses and a radial spot size of 225 mm: benzil, benzophenone, bis( N,N-dimethylamino)benzil,",,,text_exact_candidate,pending,unknown,local_only/text_not_published
zotero_6ZQ3VP63:sigma2:1,zotero_6ZQ3VP63,6ZQ3VP63,10.1038/17989,Two-photon polymerization initiators for three-dimensional optical data storage and microfabrication,sigma2,1,"nal data storage and microfabrication have been illustrated using two- photon-initiated polymerization of resins incorporating con- ventional ultraviolet-absorbing initiators, such photopolymer systems exhibit low photosensitivity as the initiators have small two-photon absorption cross-sections ( d ). Consequently, th",,,text_exact_candidate,pending,unknown,local_only/text_not_published
zotero_6ZQ3VP63:sigma2:2,zotero_6ZQ3VP63,6ZQ3VP63,10.1038/17989,Two-photon polymerization initiators for three-dimensional optical data storage and microfabrication,sigma2,1,"ocesses with high spatial resolution in three dimen- sions and has made possible the development of three-dimensional ¯uorescence imaging 1, optical data storage 2,3 and lithographic microfabrication4±6 . These applications take advantage of the fact that the two-photon absorption probability depends quad- ratically on",,,text_exact_candidate,pending,unknown,local_only/text_not_published
zotero_6ZQ3VP63:sigma2:3,zotero_6ZQ3VP63,6ZQ3VP63,10.1038/17989,Two-photon polymerization initiators for three-dimensional optical data storage and microfabrication,sigma2,1,"orage and microfabrication have been illustrated using two- photon-initiated polymerization of resins incorporating con- ventional ultraviolet-absorbing initiators, such photopolymer systems exhibit low photosensitivity as the initiators have small two-photon absorption cross-sections ( d ). Consequently, this approach",,,text_exact_candidate,pending,unknown,local_only/text_not_published
zotero_6ZQ3VP63:sigma2:7,zotero_6ZQ3VP63,6ZQ3VP63,10.1038/17989,Two-photon polymerization initiators for three-dimensional optical data storage and microfabrication,sigma2,2,"............................................................................................................................................................. l(1) max and l(2) max are the one- and two-photon absorption maxima in nm, respectively,d is the peak two-photon absorption cross-section in 10 -50 cm4 s per phot",,,text_exact_candidate,pending,unknown,local_only/text_not_published
zotero_6ZQ3VP63:threshold:10,zotero_6ZQ3VP63,6ZQ3VP63,10.1038/17989,Two-photon polymerization initiators for three-dimensional optical data storage and microfabrication,threshold,2,"ted polymerization (TPIP) by extending the treatment described in ref. 9. Furthermore, for excitation across the two-photon absorption band the wave- length dependence of Rp was found to be similar to the two-photon excitation spectrum. We compared Rp and the threshold energies ( Eth) for TPIP of SR9008 by 1 and 6 with",,,text_exact_candidate,pending,unknown,local_only/text_not_published
zotero_6ZQ3VP63:threshold:4,zotero_6ZQ3VP63,6ZQ3VP63,10.1038/17989,Two-photon polymerization initiators for three-dimensional optical data storage and microfabrication,threshold,1,"d polymerization of resins incorporating con- ventional ultraviolet-absorbing initiators, such photopolymer systems exhibit low photosensitivity as the initiators have small two-photon absorption cross-sections ( d ). Consequently, this approach requires high laser power, and its widespread use remains impractical. Her",,,text_exact_candidate,pending,unknown,local_only/text_not_published
zotero_6ZQ3VP63:threshold:5,zotero_6ZQ3VP63,6ZQ3VP63,10.1038/17989,Two-photon polymerization initiators for three-dimensional optical data storage and microfabrication,threshold,1,"his small volume. Although three-dimensional data storage and microfabrication have been illustrated using two- photon-initiated polymerization of resins incorporating con- ventional ultraviolet-absorbing initiators, such photopolymer systems exhibit low photosensitivity as the initiators have small two-photon absorpti",,,text_exact_candidate,pending,unknown,local_only/text_not_published
zotero_6ZQ3VP63:threshold:9,zotero_6ZQ3VP63,6ZQ3VP63,10.1038/17989,Two-photon polymerization initiators for three-dimensional optical data storage and microfabrication,threshold,2,"hiox- anthone, 1-[4-(methylthio)phenyl]-2-methyl-2-morpholinopro- pan-1-one (MP) and 4,4 9-bis(N,N-dimethylamino)benzophenone (DABP). The most photosensitive UV initiators were MP and DABP , for which Eth = 1.0 mJ. Compounds 1 and 6 had higher two-photon photosensitivity, with Eth = 0.3 mJ, and Rp of 1 exceeding that o",,,text_exact_candidate,pending,unknown,local_only/text_not_published
zotero_6ZQ3VP63:voxel_geometry:14,zotero_6ZQ3VP63,6ZQ3VP63,10.1038/17989,Two-photon polymerization initiators for three-dimensional optical data storage and microfabrication,voxel_geometry,4,"y trans-to-cis photoisomerization. This would explain the recent observation 4±7 of a reversible increase in the smectic A layer spacing of a solution of 7AB in 8CB accompanying the photoisomerization process. The effect might be exploited for low-power, high-resolution optical data storage, and more generally for the ",,,text_exact_candidate,pending,unknown,local_only/text_not_published
zotero_6ZQ3VP63:voxel_geometry:6,zotero_6ZQ3VP63,6ZQ3VP63,10.1038/17989,Two-photon polymerization initiators for three-dimensional optical data storage and microfabrication,voxel_geometry,1,"rizona, Tucson, Arizona 85721, USA ......................................................................................................................... T wo-photon excitation provides a means of activating chemical or physical processes with high spatial resolution in three dimen- sions and has made possible the d",,,text_exact_candidate,pending,unknown,local_only/text_not_published
zotero_87BWABRN:isc_t1:11,zotero_87BWABRN,87BWABRN,10.1039/c4tc00706a,Two-photon lithography in visible and NIR ranges using multibranched-based sensitizers for efficient acid generation,isc_t1,12,"bic term can be neglected. The calculated GeT are listed in Table 5. They clearly exhibit negative values which confirms that PeT process at S 1 state is thermodynamically allowed whatever the compounds. In addition, even though we can not determined the triplet energy (ET) for our derivatives since they are non phosp",,,text_exact_candidate,pending,unknown,local_only/text_not_published
zotero_87BWABRN:isc_t1:13,zotero_87BWABRN,87BWABRN,10.1039/c4tc00706a,Two-photon lithography in visible and NIR ranges using multibranched-based sensitizers for efficient acid generation,isc_t1,13,r 2 or 3 can be drasticall y reduced by a factor 10 when solutions are N 2-saturated. This point out the inhibiting role of dissolved oxygen in the multistep reactions yielding the proton. Two intermediate species are strongly sensitive to oxygen: excited triplet species and neutral radicals generated after the PeT pro,,,text_exact_candidate,pending,unknown,local_only/text_not_published
zotero_87BWABRN:mechanism:10,zotero_87BWABRN,87BWABRN,10.1039/c4tc00706a,Two-photon lithography in visible and NIR ranges using multibranched-based sensitizers for efficient acid generation,mechanism,10,"al molecules 75. The solvatochromic plots of Stokes shifts are shown in Fig. S4 (†ESI) and values for µeg are summarized in Table 1. For all compounds, µge are of the same order of magnitude with values in the 13 -15 D range. It confirms a photoinduced charge transfer (CT) enhancement presumably from the amino donor ",,,text_exact_candidate,pending,unknown,local_only/text_not_published
zotero_87BWABRN:mechanism:12,zotero_87BWABRN,87BWABRN,10.1039/c4tc00706a,Two-photon lithography in visible and NIR ranges using multibranched-based sensitizers for efficient acid generation,mechanism,12,"k q) show values (~ 2  1010 M-1 s-1) close to the dif fusion control limit. According to the strong electron-accepting propensity of Ph 2I+, the fluorescence quenching of the dyes in presence of iodonium salts can be ascribed to an efficient photoinduced electron transfer (PeT) process stemming from the excite d chrom",,,text_exact_candidate,pending,unknown,local_only/text_not_published
zotero_87BWABRN:mechanism:8,zotero_87BWABRN,87BWABRN,10.1039/c4tc00706a,Two-photon lithography in visible and NIR ranges using multibranched-based sensitizers for efficient acid generation,mechanism,8,"E 00. For all compounds, the longest wavelength electronic transition is strongly allowed ( f > 1) and corresponds to a pure HOMO -LUMO transition which implies an electronic delocalization all along the compound structure ( -* type) with a very slight charge transfer from the amino group to the styryl moieties (see ",,,text_exact_candidate,pending,unknown,local_only/text_not_published
zotero_87BWABRN:mechanism:9,zotero_87BWABRN,87BWABRN,10.1039/c4tc00706a,Two-photon lithography in visible and NIR ranges using multibranched-based sensitizers for efficient acid generation,mechanism,9,"arity and Table 3 gathers some related spectroscopic data. Contrary to the absorption spectra, the fluorescence bands undergo a pronounced bathochromic shift with increasing solvent polarity. This solvent induced effect provides a clear evidence for the charge transfer (CT) character of the fluorescence singlet state s",,,text_exact_candidate,pending,unknown,local_only/text_not_published
zotero_87BWABRN:pi_loading:14,zotero_87BWABRN,87BWABRN,10.1039/c4tc00706a,Two-photon lithography in visible and NIR ranges using multibranched-based sensitizers for efficient acid generation,pi_loading,14,"iance: 45 m W cm -2). A. Curve 0: diepoxide resin only with PAG (1.5 wt %). Curves ITX, 1, 2 and 3: Sensitizer (0.15 wt %) + PAG (1.5 wt %). B. Curve 0: diepoxide resin only with PAG (1.5 wt %). Curves ITX, 1, 2 and 3: Isomolar formulations of sensitizer (2.5 mM) + PAG (40 mM ↔ 1.5 wt %). (0.15 wt %) whereas Fig. 7B sh",,,text_exact_candidate,pending,unknown,local_only/text_not_published
zotero_87BWABRN:pi_loading:7,zotero_87BWABRN,87BWABRN,10.1039/c4tc00706a,Two-photon lithography in visible and NIR ranges using multibranched-based sensitizers for efficient acid generation,pi_loading,6,"zation 64, 65. The highly viscous SU -8 photor esist (SU8 -2075 from Microchem, η20° C = 22 Pa.s) used for 2D -stereolithography was dissolved in cyclohexanone (50 wt. %) and mixed with the bicomponent photoacid generator: 3/(Ph2I+,PF6 -): 0.15 wt. % (2.5 mM)/1.5 wt.% (40 mM). The resin is then coated at 3000 rpm. Soft",,,text_exact_candidate,pending,unknown,local_only/text_not_published
zotero_87BWABRN:sigma2:1,zotero_87BWABRN,87BWABRN,10.1039/c4tc00706a,Two-photon lithography in visible and NIR ranges using multibranched-based sensitizers for efficient acid generation,sigma2,2,Table of Contents Branching effects lead to a cooperative enhancement of the two-photon absorption (2PA) in the NIR (800 nm) and visible range (532 nm). Page 1 of 16 Journal of Materials Chemistry C Journal of Materials Chemistry C Accepted Manuscript Published on 21 July 2014. Downloaded by Memorial University of Newf,,,text_exact_candidate,pending,unknown,local_only/text_not_published
zotero_87BWABRN:sigma2:2,zotero_87BWABRN,87BWABRN,10.1039/c4tc00706a,Two-photon lithography in visible and NIR ranges using multibranched-based sensitizers for efficient acid generation,sigma2,3,"e a, Jean-Pierre Malval* ,b, Arnaud Spangenberg b, Olivier Soppera b, Davy-Louis Versace c, Tiffanie Leclerc b, Haiyan Pan a, Decheng Wan a, Hongting Pu a, Patrice Baldeck d, Olivier Poizat e and Stephan Knopf b We investigated methodically the one - and two-photon absorption properties of a series of multibranched tri",,,text_exact_candidate,pending,unknown,local_only/text_not_published
zotero_87BWABRN:sigma2:3,zotero_87BWABRN,87BWABRN,10.1039/c4tc00706a,Two-photon lithography in visible and NIR ranges using multibranched-based sensitizers for efficient acid generation,sigma2,3,"quantum chemical calculations and the use of the exciton coupling theory . Even though branching effects lead to a cooperative enhancement of the two -photon absorption (2PA), all compound s exhibit relatively low -to-moderate 2PA cross -sections (  GM) in the NIR region. However , the ‘so -called’ one -photon r",,,text_exact_candidate,pending,unknown,local_only/text_not_published
zotero_87BWABRN:sigma2:4,zotero_87BWABRN,87BWABRN,10.1039/c4tc00706a,Two-photon lithography in visible and NIR ranges using multibranched-based sensitizers for efficient acid generation,sigma2,4,"- 1,8-naphthalimide phot oacid generator 18-20 with various two - photon activable dibenzildene ketones. In this example , the low quantum yield for acid generation ( H + ~ 0.053) was strongly counterbalanced by the very large 2PA cross -section ( ~ 1000 GM) of the sensitizers leading to a two -photon action cross- s",,,text_exact_candidate,pending,unknown,local_only/text_not_published
zotero_87BWABRN:threshold:5,zotero_87BWABRN,87BWABRN,10.1039/c4tc00706a,Two-photon lithography in visible and NIR ranges using multibranched-based sensitizers for efficient acid generation,threshold,5,"e fluorescence lifetimes were measured using a Nano LED emitting at 372 nm as an excitation source with a nano LED controller module, Fluorohub from IBH, operat ing at 1MHz. The detection was based on an R928P type photomultiplier from Hamamatsu with high sensitivity photon - counting mode. The decays were fitted with ",,,text_exact_candidate,pending,unknown,local_only/text_not_published
zotero_87BWABRN:voxel_geometry:15,zotero_87BWABRN,87BWABRN,10.1039/c4tc00706a,Two-photon lithography in visible and NIR ranges using multibranched-based sensitizers for efficient acid generation,voxel_geometry,15,"W, v = 5 µ m s-1) and at 800 nm (<P> = 15 mW, v = 5 µ m s -1), respectively . In this conditions, b oth lasers can produce a regular periodic array. The lines width is of about 0.6 µ m for 532 nm and 1.6 µ m for 800 nm which illustrates the higher writing resolution for short wavelength excitation. Moreover, it should ",,,text_exact_candidate,pending,unknown,local_only/text_not_published
zotero_87BWABRN:voxel_geometry:6,zotero_87BWABRN,87BWABRN,10.1039/c4tc00706a,Two-photon lithography in visible and NIR ranges using multibranched-based sensitizers for efficient acid generation,voxel_geometry,5,8P type photomultiplier from Hamamatsu with high sensitivity photon - counting mode. The decays were fitted with the iterative reconvolution method on the basis of the Marquardt/Levenberg algorithm54. Such a reconvolution technique allows an overall - time resolution down to 0.15 ns. The quality of the exponential fits,,,text_exact_candidate,pending,unknown,local_only/text_not_published
zotero_95TT3IKI:isc_t1:10,zotero_95TT3IKI,95TT3IKI,10.1016/j.jphotochem.2007.03.002,"Synthesis, optical and initiating properties of new two-photon polymerization initiators-2,7-bis(styryl)anthraquinone derivatives",isc_t1,2,"rge δTPA, these C2v symmetrical molecules often show lower ﬂuorescence quantum yield than those of the linear type [21]. Compounds with low ﬂuorescence quantum yield are preferred for TPIP initiators because low ﬂuorescence quantum yield should guarantee high triplet quantum yield[22–24], which usu- ally leads initiato",,,text_exact_candidate,pending,unknown,local_only/text_not_published
zotero_95TT3IKI:isc_t1:16,zotero_95TT3IKI,95TT3IKI,10.1016/j.jphotochem.2007.03.002,"Synthesis, optical and initiating properties of new two-photon polymerization initiators-2,7-bis(styryl)anthraquinone derivatives",isc_t1,4,"two-photon induced excitation. None of these two spectra has multiple peaks, which indicates that the ﬂuorescence emission occurs from the locally excited state; the ICT singlet state mainly deactivates through a non- radiative decay to ICT triplet state via intersystem crossing. The peaks of OPFL of 1 and 2 localize a",,,text_exact_candidate,pending,unknown,local_only/text_not_published
zotero_95TT3IKI:isc_t1:17,zotero_95TT3IKI,95TT3IKI,10.1016/j.jphotochem.2007.03.002,"Synthesis, optical and initiating properties of new two-photon polymerization initiators-2,7-bis(styryl)anthraquinone derivatives",isc_t1,4,"ngth of 800 nm for two-photon induced excitation. None of these two spectra has multiple peaks, which indicates that the ﬂuorescence emission occurs from the locally excited state; the ICT singlet state mainly deactivates through a non- radiative decay to ICT triplet state via intersystem crossing. The peaks of OPFL of",,,text_exact_candidate,pending,unknown,local_only/text_not_published
zotero_95TT3IKI:mechanism:12,zotero_95TT3IKI,95TT3IKI,10.1016/j.jphotochem.2007.03.002,"Synthesis, optical and initiating properties of new two-photon polymerization initiators-2,7-bis(styryl)anthraquinone derivatives",mechanism,2,"A [6–11]. Plenty of TPIP initiators with large δTPA were reported and showed much higher sensitivity than conventional UV-active initiators. However, most of reported initiators possess high ﬂuorescence quantum yields [12–16].I t means that the probability of radical generation should be low- ered because the relaxatio",,,text_exact_candidate,pending,unknown,local_only/text_not_published
zotero_95TT3IKI:mechanism:13,zotero_95TT3IKI,95TT3IKI,10.1016/j.jphotochem.2007.03.002,"Synthesis, optical and initiating properties of new two-photon polymerization initiators-2,7-bis(styryl)anthraquinone derivatives",mechanism,2,"ule by intro- ducing electron donor. Here, we select strong electron-donating groups, dimethylamino and methoxy moiety, as donors, and use styryl to prolong π conjugated system. This kind of molecule may possess large δ TPA due to the potential intramolecular charge transfer according to the previous report [11]. Besid",,,text_exact_candidate,pending,unknown,local_only/text_not_published
zotero_95TT3IKI:mechanism:15,zotero_95TT3IKI,95TT3IKI,10.1016/j.jphotochem.2007.03.002,"Synthesis, optical and initiating properties of new two-photon polymerization initiators-2,7-bis(styryl)anthraquinone derivatives",mechanism,3,absorption and ﬂuorescence spectra of 1 and 2 are shown in Fig. 2. All of photophysical data for 1 and 2 are listed in Table 1. These absorption peaks of1 at 495 nm and2 at 424 nm correspond to electronic transition from the ground state to the intramolecular charge transfer (ICT) state. The absorption peaks of 1 at 39,,,text_exact_candidate,pending,unknown,local_only/text_not_published
zotero_95TT3IKI:mechanism:8,zotero_95TT3IKI,95TT3IKI,10.1016/j.jphotochem.2007.03.002,"Synthesis, optical and initiating properties of new two-photon polymerization initiators-2,7-bis(styryl)anthraquinone derivatives",mechanism,1,"uinone ( 1) and 2,7-bis(2-(4-methoxy-phenyl)- vinyl)anthraquinone (2) were synthesized by Wittig reaction. Their one-photon absorption and ﬂuorescence, as well as two-photon absorption properties were investigated. These compounds showed strong intramolecular charge transfer bands as well as low ﬂuorescence quantum yie",,,text_exact_candidate,pending,unknown,local_only/text_not_published
zotero_95TT3IKI:sigma2:1,zotero_95TT3IKI,95TT3IKI,10.1016/j.jphotochem.2007.03.002,"Synthesis, optical and initiating properties of new two-photon polymerization initiators-2,7-bis(styryl)anthraquinone derivatives",sigma2,1,"ized by Wittig reaction. Their one-photon absorption and ﬂuorescence, as well as two-photon absorption properties were investigated. These compounds showed strong intramolecular charge transfer bands as well as low ﬂuorescence quantum yield. 1 showed a larger two-photon absorption cross-section of 1635 GM than that of ",,,text_exact_candidate,pending,unknown,local_only/text_not_published
zotero_95TT3IKI:sigma2:2,zotero_95TT3IKI,95TT3IKI,10.1016/j.jphotochem.2007.03.002,"Synthesis, optical and initiating properties of new two-photon polymerization initiators-2,7-bis(styryl)anthraquinone derivatives",sigma2,1,"tract C2v symmetrical anthraquinone derivatives, 2,7-bis(2-(4-dimethylamino-phenyl)-vinyl)anthraquinone ( 1) and 2,7-bis(2-(4-methoxy-phenyl)- vinyl)anthraquinone (2) were synthesized by Wittig reaction. Their one-photon absorption and ﬂuorescence, as well as two-photon absorption properties were investigated. These co",,,text_exact_candidate,pending,unknown,local_only/text_not_published
zotero_95TT3IKI:sigma2:3,zotero_95TT3IKI,95TT3IKI,10.1016/j.jphotochem.2007.03.002,"Synthesis, optical and initiating properties of new two-photon polymerization initiators-2,7-bis(styryl)anthraquinone derivatives",sigma2,1,"tig reaction. Their one-photon absorption and ﬂuorescence, as well as two-photon absorption properties were investigated. These compounds showed strong intramolecular charge transfer bands as well as low ﬂuorescence quantum yield. 1 showed a larger two-photon absorption cross-section of 1635 GM than that of 995 GM for2",,,text_exact_candidate,pending,unknown,local_only/text_not_published
zotero_95TT3IKI:sigma2:4,zotero_95TT3IKI,95TT3IKI,10.1016/j.jphotochem.2007.03.002,"Synthesis, optical and initiating properties of new two-photon polymerization initiators-2,7-bis(styryl)anthraquinone derivatives",sigma2,1,"sorption and ﬂuorescence, as well as two-photon absorption properties were investigated. These compounds showed strong intramolecular charge transfer bands as well as low ﬂuorescence quantum yield. 1 showed a larger two-photon absorption cross-section of 1635 GM than that of 995 GM for2 at the wavelength of 800 nm. Fur",,,text_exact_candidate,pending,unknown,local_only/text_not_published
zotero_95TT3IKI:threshold:14,zotero_95TT3IKI,95TT3IKI,10.1016/j.jphotochem.2007.03.002,"Synthesis, optical and initiating properties of new two-photon polymerization initiators-2,7-bis(styryl)anthraquinone derivatives",threshold,3,". The beam was tightly focused into the resin on a glass cover slip with an oil-immersion objective lens (60 ×, numerical aper- ture = 1.42). The resin was scanned by the focused beam in two dimensions (x–y) with a computer-controlled motor stage. The average laser power was less than 17 mW and the linear scan speeds w",,,text_exact_candidate,pending,unknown,local_only/text_not_published
zotero_95TT3IKI:threshold:5,zotero_95TT3IKI,95TT3IKI,10.1016/j.jphotochem.2007.03.002,"Synthesis, optical and initiating properties of new two-photon polymerization initiators-2,7-bis(styryl)anthraquinone derivatives",threshold,1,"r two-photon absorption cross-section of 1635 GM than that of 995 GM for2 at the wavelength of 800 nm. Furthermore, the initiating properties of 1 and 2 were studied by two-photon induced polymerization. The resin with1 as photoinitiator (R1) possessed higher sensitivity with a threshold energy 3.67 mW at the concentra",,,text_exact_candidate,pending,unknown,local_only/text_not_published
zotero_95TT3IKI:threshold:6,zotero_95TT3IKI,95TT3IKI,10.1016/j.jphotochem.2007.03.002,"Synthesis, optical and initiating properties of new two-photon polymerization initiators-2,7-bis(styryl)anthraquinone derivatives",threshold,1,"tion cross-section of 1635 GM than that of 995 GM for2 at the wavelength of 800 nm. Furthermore, the initiating properties of 1 and 2 were studied by two-photon induced polymerization. The resin with1 as photoinitiator (R1) possessed higher sensitivity with a threshold energy 3.67 mW at the concentration of 0.02 wt% co",,,text_exact_candidate,pending,unknown,local_only/text_not_published
zotero_95TT3IKI:threshold:9,zotero_95TT3IKI,95TT3IKI,10.1016/j.jphotochem.2007.03.002,"Synthesis, optical and initiating properties of new two-photon polymerization initiators-2,7-bis(styryl)anthraquinone derivatives",threshold,2,"J.-F . Xing et al. / Journal of Photochemistry and Photobiology A: Chemistry 189 (2007) 398–404 399 with large δTPA [6–11]. Plenty of TPIP initiators with large δTPA were reported and showed much higher sensitivity than conventional UV-active initiators. However, most of reported initiators possess high ﬂuorescence qua",,,text_exact_candidate,pending,unknown,local_only/text_not_published
zotero_95TT3IKI:voxel_geometry:11,zotero_95TT3IKI,95TT3IKI,10.1016/j.jphotochem.2007.03.002,"Synthesis, optical and initiating properties of new two-photon polymerization initiators-2,7-bis(styryl)anthraquinone derivatives",voxel_geometry,2,"referenced to TMS. The ﬁne splitting of phenyl ring patterns is ignored and the signals are reported as simple doublets, with J values referring to the two most intense peaks. Infrared spectroscopic measurements were performed in the range 4000–400 cm −1 at a resolution of 1.0 cm−1 using a Brucher Tensor 27 FTIR Spec- ",,,text_exact_candidate,pending,unknown,local_only/text_not_published
zotero_95TT3IKI:voxel_geometry:18,zotero_95TT3IKI,95TT3IKI,10.1016/j.jphotochem.2007.03.002,"Synthesis, optical and initiating properties of new two-photon polymerization initiators-2,7-bis(styryl)anthraquinone derivatives",voxel_geometry,6,"to the SEM images as shown in Fig. 5. Here, the solid lines were cured by using different average powers with different linear scan speed of 10, 30 and 50 /H9262m/s, in order to investigate the efﬁciency of initiating polymerization. The relationships between line width and the average power for R 1 and R2 are shown in",,,text_exact_candidate,pending,unknown,local_only/text_not_published
zotero_95TT3IKI:voxel_geometry:19,zotero_95TT3IKI,95TT3IKI,10.1016/j.jphotochem.2007.03.002,"Synthesis, optical and initiating properties of new two-photon polymerization initiators-2,7-bis(styryl)anthraquinone derivatives",voxel_geometry,6,"the fabricated polymer line cannot form using a linear scan speed of 10/H9262m/s. The thresholds ofR 1 and R2 were determined as 3.67 and 8.03 mW, respectively. The width of cured solid line formed by TPIP, which is the key factor for judging the fabrication resolution, will be mainly inﬂuenced by two factors: laser in",,,text_exact_candidate,pending,unknown,local_only/text_not_published
zotero_95TT3IKI:voxel_geometry:7,zotero_95TT3IKI,95TT3IKI,10.1016/j.jphotochem.2007.03.002,"Synthesis, optical and initiating properties of new two-photon polymerization initiators-2,7-bis(styryl)anthraquinone derivatives",voxel_geometry,1,"the initiating properties of 1 and 2 were studied by two-photon induced polymerization. The resin with1 as photoinitiator (R1) possessed higher sensitivity with a threshold energy 3.67 mW at the concentration of 0.02 wt% compared to that of 8.03 mW for 2. The resolution of polymer line, fabricated with R1 at the thresh",,,text_exact_candidate,pending,unknown,local_only/text_not_published
zotero_A7T5Q7PK:mechanism:10,zotero_A7T5Q7PK,A7T5Q7PK,10.1016/j.eurpolymj.2020.110209,Imidazole-containing photoinitiators for fabrication of sub-micron structures by 3D two-photon polymerization,mechanism,5,"s 1 + TEA. The mechanism of radical generation for many 2PI has not yet been studied in detail. According to the currently established concepts, the first stage of initiation is considered to be 2PI photo-oxidation after one- or two-photon excitation with electron transfer to a monomer that ac - tivates the polymerizat",,,text_exact_candidate,pending,unknown,local_only/text_not_published
zotero_A7T5Q7PK:mechanism:11,zotero_A7T5Q7PK,A7T5Q7PK,10.1016/j.eurpolymj.2020.110209,Imidazole-containing photoinitiators for fabrication of sub-micron structures by 3D two-photon polymerization,mechanism,5,"European Polymer Journal 145 (2021) 110209 5 methacrylate monomers with PIS: o -benzoquinone + amine. Thus, the photocompositions with TEA have the best 1PP kinetics, and the most photoactive out of these PIS is 1 + TEA. The mechanism of radical generation for many 2PI has not yet been studied in detail. According to t",,,text_exact_candidate,pending,unknown,local_only/text_not_published
zotero_A7T5Q7PK:mechanism:14,zotero_A7T5Q7PK,A7T5Q7PK,10.1016/j.eurpolymj.2020.110209,Imidazole-containing photoinitiators for fabrication of sub-micron structures by 3D two-photon polymerization,mechanism,8,"azu, K. Totani, T. Yamashita, T. Watanabe, Highly sensitive measurement in two-photon absorption cross section and investigation of the mechanism of two-photon- induced polymerization, J. Lumin. 110 (2004) 1 – 10 . [53] R. Francke, R.D. Little, Optimizing electron transfer mediators based on arylimidazoles by ring fusi",,,text_exact_candidate,pending,unknown,local_only/text_not_published
zotero_A7T5Q7PK:mechanism:15,zotero_A7T5Q7PK,A7T5Q7PK,10.1016/j.eurpolymj.2020.110209,Imidazole-containing photoinitiators for fabrication of sub-micron structures by 3D two-photon polymerization,mechanism,8,"ational spectroscopic, first-order hyperpolarizability and HOMO, LUMO studies of 3-hydroxy-2-naphthoic acid hydrazide, J. Raman Spectrosc. 41 (2010) 53 – 62 . [48] B. Davydov, L.D. Derkacheva, V. Dunina, M. Zhabotinsky, V. Zolin, L. Koreneva, M. Samokhin, Charge transfer and second harmonic generation study of lasers i",,,text_exact_candidate,pending,unknown,local_only/text_not_published
zotero_A7T5Q7PK:pi_loading:5,zotero_A7T5Q7PK,A7T5Q7PK,10.1016/j.eurpolymj.2020.110209,Imidazole-containing photoinitiators for fabrication of sub-micron structures by 3D two-photon polymerization,pi_loading,2,"ssolving imidazole derivatives and amines in a monomer. Due to the low solu - bility of the imidazole derivatives in a monomer, a small amount (5%) of DMSO solvent was used to combine the components. After the prepa - ration, the composition was inserted in 3.5 mm diameter glass ampoules and, if needed, deaerated durin",,,text_exact_candidate,pending,unknown,local_only/text_not_published
zotero_A7T5Q7PK:sigma2:1,zotero_A7T5Q7PK,A7T5Q7PK,10.1016/j.eurpolymj.2020.110209,Imidazole-containing photoinitiators for fabrication of sub-micron structures by 3D two-photon polymerization,sigma2,1,"[2,3] , fabrication of nanophotonic waveguides [4] , scaffolds for cell growth [5] , and drug delivery systems [6] . In order to achieve the full potential of 2PP technology, highly efficient two-photon photoinitiators (2PI) with a large cross-section of two-photon absorption ( σ 2 PA ) are required. Intramolecular cha",,,text_exact_candidate,pending,unknown,local_only/text_not_published
zotero_A7T5Q7PK:sigma2:12,zotero_A7T5Q7PK,A7T5Q7PK,10.1016/j.eurpolymj.2020.110209,Imidazole-containing photoinitiators for fabrication of sub-micron structures by 3D two-photon polymerization,sigma2,7,"yes Pigm. 88 (2011) 57 – 64 . [8] G.S. He, L.-S. Tan, Q. Zheng, P.N. Prasad, Multiphoton absorbing materials: molecular designs, characterizations, and applications, Chem. Rev. 108 (2008) 1245 – 1330 . [9] M. Pawlicki, H. Collins, R. Denning, H. Anderson, Two-photon absorption and the design of two-photon dyes, Angew. ",,,text_exact_candidate,pending,unknown,local_only/text_not_published
zotero_A7T5Q7PK:sigma2:13,zotero_A7T5Q7PK,A7T5Q7PK,10.1016/j.eurpolymj.2020.110209,Imidazole-containing photoinitiators for fabrication of sub-micron structures by 3D two-photon polymerization,sigma2,8,"l, A. Defoin, O. Soppera, T. Scheul, M. Bouriau, P.L. Baldeck, Enhancement of the two-photon initiating efficiency of a thioxanthone derivative through a chevron-shaped architecture, Chem. Mater. 23 (2011) 3411 – 3420 . [39] J. Wu, M. Shi, Y. Zhao, F. Wu, Two-photon absorption property and photopolymerization sensitizi",,,text_exact_candidate,pending,unknown,local_only/text_not_published
zotero_A7T5Q7PK:sigma2:8,zotero_A7T5Q7PK,A7T5Q7PK,10.1016/j.eurpolymj.2020.110209,Imidazole-containing photoinitiators for fabrication of sub-micron structures by 3D two-photon polymerization,sigma2,3,"a symmetrical structure and consists of two imidazole rings conjugated with a phenanthrene fragment and con - nected by a phenylene bridge. Such molecular bis-structure may also be of interest as 2PI, based on the previously measured value of σ 2 PA = 98 GM [43] . 3.2. Photophysical properties of the compounds Initiall",,,text_exact_candidate,pending,unknown,local_only/text_not_published
zotero_A7T5Q7PK:threshold:2,zotero_A7T5Q7PK,A7T5Q7PK,10.1016/j.eurpolymj.2020.110209,Imidazole-containing photoinitiators for fabrication of sub-micron structures by 3D two-photon polymerization,threshold,1,"ing activity of the compounds in one- and two-photon polymerization. A photocomposition based on phenanthroline-containing imidazole and triethanolamine demonstrated the widest fabrication window, the highest degree of conversion, as well as the two-photon polymerization threshold two times lower than the commonly used",,,text_exact_candidate,pending,unknown,local_only/text_not_published
zotero_A7T5Q7PK:threshold:3,zotero_A7T5Q7PK,A7T5Q7PK,10.1016/j.eurpolymj.2020.110209,Imidazole-containing photoinitiators for fabrication of sub-micron structures by 3D two-photon polymerization,threshold,1,"the compounds in one- and two-photon polymerization. A photocomposition based on phenanthroline-containing imidazole and triethanolamine demonstrated the widest fabrication window, the highest degree of conversion, as well as the two-photon polymerization threshold two times lower than the commonly used commercial IP-L",,,text_exact_candidate,pending,unknown,local_only/text_not_published
zotero_A7T5Q7PK:threshold:6,zotero_A7T5Q7PK,A7T5Q7PK,10.1016/j.eurpolymj.2020.110209,Imidazole-containing photoinitiators for fabrication of sub-micron structures by 3D two-photon polymerization,threshold,2,"initiators, has an absorption band with a maximum of 260 nm and several lower intensity bands in the region of 280 – 330 nm and an absorption tail up to 370 nm [36] . Bathochromic shift in the ab - sorption spectrum and a corresponding shift in the spectral sensitivity in Y.E. Begantsova et al.",,,text_exact_candidate,pending,unknown,local_only/text_not_published
zotero_A7T5Q7PK:threshold:9,zotero_A7T5Q7PK,A7T5Q7PK,10.1016/j.eurpolymj.2020.110209,Imidazole-containing photoinitiators for fabrication of sub-micron structures by 3D two-photon polymerization,threshold,3,"nd as effective spin-orbit agents facilitating intercombination conversion of 2PI [38 – 40] . A number of studies showed that the introduction of carbonyl fragments into the photoinitiator structure makes it possible to create a photocomposition with high sensitivity and low polymerization thresholds [41,42] . In view ",,,text_exact_candidate,pending,unknown,local_only/text_not_published
zotero_A7T5Q7PK:voxel_geometry:4,zotero_A7T5Q7PK,A7T5Q7PK,10.1016/j.eurpolymj.2020.110209,Imidazole-containing photoinitiators for fabrication of sub-micron structures by 3D two-photon polymerization,voxel_geometry,1,otocomposition was proposed as imidazole photoresist for 3D two-photon polymerization and used for the fabrication of sub-micron and cell-like polymer structures. 1. Introduction The two-photon polymerization (2PP) method for 3D printing with sub-micron resolution attracts considerable attention as an effective tool fo,,,text_exact_candidate,pending,unknown,local_only/text_not_published
zotero_A7T5Q7PK:voxel_geometry:7,zotero_A7T5Q7PK,A7T5Q7PK,10.1016/j.eurpolymj.2020.110209,Imidazole-containing photoinitiators for fabrication of sub-micron structures by 3D two-photon polymerization,voxel_geometry,2,polymers. The average measurement step was 10 – 20 nm. 2.8. FTIR-ATR measurements FTIR spectrometer Nicolet iS50 FT-IR with attenuated total reflec - tance (ATR) tool was employed to obtain FTIR spectra of the analyzed composition with 2 cm  1 spectral resolution for spectral evaluation of DC. 3. Results and discussion,,,text_exact_candidate,pending,unknown,local_only/text_not_published
zotero_A8D94H4N:sigma2:10,zotero_A8D94H4N,A8D94H4N,10.1063/1.2717532,Improving spatial resolution of two-photon microfabrication by using photoinitiator with high initiating efficiency,sigma2,4,"/H20851A/H20852/H20885 pulse I2dt /H11003Npulse , /H208491/H20850 where /H9021/H20849/H110114 /H1100310−3/H20850is the quantum efﬁciency for radical generation, i.e., the probability that an excited photoinitiator will give rise to a radical, /H9254TPA is the two-photon absorption cross section, /H20851A/H20852is the c",,,text_exact_candidate,pending,unknown,local_only/text_not_published
zotero_A8D94H4N:sigma2:11,zotero_A8D94H4N,A8D94H4N,10.1063/1.2717532,Improving spatial resolution of two-photon microfabrication by using photoinitiator with high initiating efficiency,sigma2,4,"H20850 where a is a constant related to the number of atoms in the monomer and b is the length of the C–C bond. 12 The calcu- lated result was obtained assuming a scan speed of 50 /H9262m/s, as well as the value of /H9254TPA obtained experimentally /H20849294 GM at 800 nm for BPDPA, as shown in Fig. 4/H20850. The calcu",,,text_exact_candidate,pending,unknown,local_only/text_not_published
zotero_A8D94H4N:sigma2:2,zotero_A8D94H4N,A8D94H4N,10.1063/1.2717532,Improving spatial resolution of two-photon microfabrication by using photoinitiator with high initiating efficiency,sigma2,2,"quenchers could result in an increase in the TPIP threshold. Is there any other way to improve the LSR of TPIP? It is well known that LSR is mainly inﬂuenced by two factors: laser intensity and exposure time. Laser in- tensity directly restricts the region of two-photon absorption /H20849TPA/H20850, where radicals are ",,,text_exact_candidate,pending,unknown,local_only/text_not_published
zotero_A8D94H4N:sigma2:3,zotero_A8D94H4N,A8D94H4N,10.1063/1.2717532,Improving spatial resolution of two-photon microfabrication by using photoinitiator with high initiating efficiency,sigma2,2,"0with a computer-controlled motor stage. The photoinitiator used in this study was 9,10-bis- pentyloxy-2,7-bis/H208512-/H208494-dimethylamino-phenyl/H20850-vinyl/H20852an- thracene /H20849BPDPA/H20850, and its TPA cross section /H20849 /H9254TPA/H20850was 294 GM at 800 nm, obtained by a two-photon ﬂuorescence method.9 ",,,text_exact_candidate,pending,unknown,local_only/text_not_published
zotero_A8D94H4N:threshold:4,zotero_A8D94H4N,A8D94H4N,10.1063/1.2717532,Improving spatial resolution of two-photon microfabrication by using photoinitiator with high initiating efficiency,threshold,2,"acene derivative /H208499,10-bis-pentyloxy-2,7-bis/H208512-/H208494-dimethylamino-phenyl/H20850- vinyl/H20852anthracene /H20849BPDPA/H20850/H20850as a highly sensitive and efﬁcient photoinitiator. Photocurable resin containing 0.18 mol % BPDPA exhibited a low polymerization threshold of 0.64 mW at 800 nm. Theoretical c",,,text_exact_candidate,pending,unknown,local_only/text_not_published
zotero_A8D94H4N:threshold:5,zotero_A8D94H4N,A8D94H4N,10.1063/1.2717532,Improving spatial resolution of two-photon microfabrication by using photoinitiator with high initiating efficiency,threshold,2,"49BPDPA/H20850/H20850as a highly sensitive and efﬁcient photoinitiator. Photocurable resin containing 0.18 mol % BPDPA exhibited a low polymerization threshold of 0.64 mW at 800 nm. Theoretical calculations showed that the LSR can be increased by reducing the laser power, indicating that the LSR could be improved using",,,text_exact_candidate,pending,unknown,local_only/text_not_published
zotero_A8D94H4N:threshold:6,zotero_A8D94H4N,A8D94H4N,10.1063/1.2717532,Improving spatial resolution of two-photon microfabrication by using photoinitiator with high initiating efficiency,threshold,2,"ny region. Therefore, it should be pos- sible to improve the LSR of TPIP by using a highly sensitive initiator which could contribute to low threshold and short exposure time. In this letter, we report experiments using an anthracene derivative with high TPIP sensitivity as the TPIP initiator. We investigated the depen",,,text_exact_candidate,pending,unknown,local_only/text_not_published
zotero_A8D94H4N:threshold:7,zotero_A8D94H4N,A8D94H4N,10.1063/1.2717532,Improving spatial resolution of two-photon microfabrication by using photoinitiator with high initiating efficiency,threshold,2,"e /H208499,10-bis-pentyloxy-2,7-bis/H208512-/H208494-dimethylamino-phenyl/H20850- vinyl/H20852anthracene /H20849BPDPA/H20850/H20850as a highly sensitive and efﬁcient photoinitiator. Photocurable resin containing 0.18 mol % BPDPA exhibited a low polymerization threshold of 0.64 mW at 800 nm. Theoretical calculations sho",,,text_exact_candidate,pending,unknown,local_only/text_not_published
zotero_A8D94H4N:voxel_geometry:1,zotero_A8D94H4N,A8D94H4N,10.1063/1.2717532,Improving spatial resolution of two-photon microfabrication by using photoinitiator with high initiating efficiency,voxel_geometry,1,"Improving spatial resolution of two-photon microfabrication by using photoinitiator with high initiating efficiency Jin-Feng Xing, Xian-Zi Dong, Wei-Qiang Chen, Xuan-Ming Duan, Nobuyuki Takeyasu et al. Citation: Appl. Phys. Lett. 90, 131106 (2007); doi: 10.1063/1.2717532 View online: http://dx.doi.org/10.1063/1.2717532",,,text_exact_candidate,pending,unknown,local_only/text_not_published
zotero_A8D94H4N:voxel_geometry:12,zotero_A8D94H4N,A8D94H4N,10.1063/1.2717532,Improving spatial resolution of two-photon microfabrication by using photoinitiator with high initiating efficiency,voxel_geometry,4,"ating efﬁciency should not only reduce the threshold but should also improve spatial resolution, which is a key param- eter in micro- and nanoscale 3D fabrications. In order to investigate the possibility of further improve- ment of the LSR, we performed the following theoretical calculations based on a simple model wh",,,text_exact_candidate,pending,unknown,local_only/text_not_published
zotero_A8D94H4N:voxel_geometry:8,zotero_A8D94H4N,A8D94H4N,10.1063/1.2717532,Improving spatial resolution of two-photon microfabrication by using photoinitiator with high initiating efficiency,voxel_geometry,2,"Improving spatial resolution of two-photon microfabrication by using photoinitiator with high initiating efﬁciency Jin-Feng Xing Laboratory of Organic NanoPhotonics, Technical Institute of Physics and Chemistry, Chinese Academy of Sciences, Beijing 100080, China and Graduate School of Chinese Academy of Sciences, Beiji",,,text_exact_candidate,pending,unknown,local_only/text_not_published
zotero_A8D94H4N:voxel_geometry:9,zotero_A8D94H4N,A8D94H4N,10.1063/1.2717532,Improving spatial resolution of two-photon microfabrication by using photoinitiator with high initiating efficiency,voxel_geometry,3,"loyed the line scanning method, in which the exposure time could be easily controlled by changing the linear scan speed. Scanning electron microscope /H20849SEM/H20850images of solidiﬁed polymer lines in R 5 fabricated by TPIP are shown in Fig. 2. The polymer linewidth, which represents the LSR, was around 850 nm at th",,,text_exact_candidate,pending,unknown,local_only/text_not_published
zotero_AU74BQZ6:isc_t1:1,zotero_AU74BQZ6,AU74BQZ6,10.37188/lam.2023.004,Two-photon photopolymerization directly initiated by spiropyran photochromic molecules,isc_t1,1,"photopolymerization9. The former can directly generate radical fragments under light irradiation. In contrast, the latter is a two-component photoinitiating system comprising an uncleavable sensitiser and a co-initiator, typically forming excited triplet states under light exposure and requiring a hydrogen donor to rea",,,text_exact_candidate,pending,unknown,local_only/text_not_published
zotero_AU74BQZ6:isc_t1:19,zotero_AU74BQZ6,AU74BQZ6,10.37188/lam.2023.004,Two-photon photopolymerization directly initiated by spiropyran photochromic molecules,isc_t1,11,"al. Reversible two-photon photoswitching and two- photon imaging of immunofunctionalized nanoparticles targeted to cancer cells. Journal of the American Chemical Society 133, 365-372 (2011). 34. Liaros, N. et al. Elucidating complex triplet-state dynamics in the model system isopropylthioxanthone. iScience 25, 103600 (",,,text_exact_candidate,pending,unknown,local_only/text_not_published
zotero_AU74BQZ6:mechanism:13,zotero_AU74BQZ6,AU74BQZ6,10.37188/lam.2023.004,Two-photon photopolymerization directly initiated by spiropyran photochromic molecules,mechanism,5,"proton than the closed-form isomer, spiropyran. This dipolar MC can carry out proton uptake, leading to protonated trans-photomerocyanine (see Scheme 16 in Ref. 20). This behaviour may be similar to that of a Type-II initiator, which takes a hydrogen atom from the co- initiator. When 0.5 wt% SPy is present with 1 wt% I",,,text_exact_candidate,pending,unknown,local_only/text_not_published
zotero_AU74BQZ6:mechanism:2,zotero_AU74BQZ6,AU74BQZ6,10.37188/lam.2023.004,Two-photon photopolymerization directly initiated by spiropyran photochromic molecules,mechanism,1,"wn photoinitiators of radical photopolymerization have been studied. The spiropyran (SPy) molecule can initiate TPP in the presence of trifunctional acrylic monomers and create true 3D structures. The comparison with Irgacure 819, a well-known Type-I photoinitiator, shows that SPy has a comparable capability for TPP. I",,,text_exact_candidate,pending,unknown,local_only/text_not_published
zotero_AU74BQZ6:mechanism:8,zotero_AU74BQZ6,AU74BQZ6,10.37188/lam.2023.004,Two-photon photopolymerization directly initiated by spiropyran photochromic molecules,mechanism,4,"in a superimposed effect. This interaction is poorly understood and will be the subject of further investigation. To understand the behaviour of SPy as a photoinitiator, it was compared with 2-isopropylthioxanthone (ITX), a well-known Norrish Type-II photoinitiator37. The absorption spectra are shown in Fig. S3. This k",,,text_exact_candidate,pending,unknown,local_only/text_not_published
zotero_AU74BQZ6:mechanism:9,zotero_AU74BQZ6,AU74BQZ6,10.37188/lam.2023.004,Two-photon photopolymerization directly initiated by spiropyran photochromic molecules,mechanism,4,"in a superimposed effect. This interaction is poorly understood and will be the subject of further investigation. To understand the behaviour of SPy as a photoinitiator, it was compared with 2-isopropylthioxanthone (ITX), a well-known Norrish Type-II photoinitiator37. The absorption spectra are shown in Fig. S3. This k",,,text_exact_candidate,pending,unknown,local_only/text_not_published
zotero_AU74BQZ6:pi_loading:10,zotero_AU74BQZ6,AU74BQZ6,10.37188/lam.2023.004,Two-photon photopolymerization directly initiated by spiropyran photochromic molecules,pi_loading,5,"ter comparison of all prepared formulations, Fig. 4 lists the effective working window of each formulation. The working window is defined as the 0 100 200 300 400 500Linewidth (nm) 0 10 20 30 40 Laser power (%) a 1 wt% IRG 0.5 wt% SPy 0.5 wt%SPy+1 wt% IRG 1 wt% SPy 0 5 10 15 20 25 30 35 40 45 0 200 400 600 800 1000 120",,,text_exact_candidate,pending,unknown,local_only/text_not_published
zotero_AU74BQZ6:pi_loading:15,zotero_AU74BQZ6,AU74BQZ6,10.37188/lam.2023.004,Two-photon photopolymerization directly initiated by spiropyran photochromic molecules,pi_loading,7,0 1000 800 600 400 200 0 1280 2560 3840 5120 6400 7680 8960 10240 11520 12800 14080 15360 16640 17920 19200 P=10% Scanspeed=250 0.5 wt% SPy in PETA Before After Intensity (a.u.) Number of pixel (a.u.) b 0 500 1000 1500 2000 P=8% Scanspeed=250 0.5 wt% SPy +10 wt%MDEA in PETA Before After 0 1280 2560 3840 5120 6400 7680 ,,,text_exact_candidate,pending,unknown,local_only/text_not_published
zotero_AU74BQZ6:sigma2:16,zotero_AU74BQZ6,AU74BQZ6,10.37188/lam.2023.004,Two-photon photopolymerization directly initiated by spiropyran photochromic molecules,sigma2,11,"opylthioxanthone. iScience 25, 103600 (2021). 35. Baldacchini, T. et al. Acrylic-based resin with favorable properties for three-dimensional two-photon polymerization. Journal of Applied Physics 95, 6072-6076 (2004). 36. Schafer, K. J. et al. Two-photon absorption cross-sections of common photoinitiators. Journal of Ph",,,text_exact_candidate,pending,unknown,local_only/text_not_published
zotero_AU74BQZ6:sigma2:17,zotero_AU74BQZ6,AU74BQZ6,10.37188/lam.2023.004,Two-photon photopolymerization directly initiated by spiropyran photochromic molecules,sigma2,11,"opylthioxanthone. iScience 25, 103600 (2021). 35. Baldacchini, T. et al. Acrylic-based resin with favorable properties for three-dimensional two-photon polymerization. Journal of Applied Physics 95, 6072-6076 (2004). 36. Schafer, K. J. et al. Two-photon absorption cross-sections of common photoinitiators. Journal of Ph",,,text_exact_candidate,pending,unknown,local_only/text_not_published
zotero_AU74BQZ6:sigma2:18,zotero_AU74BQZ6,AU74BQZ6,10.37188/lam.2023.004,Two-photon photopolymerization directly initiated by spiropyran photochromic molecules,sigma2,11,"thone. iScience 25, 103600 (2021). 35. Baldacchini, T. et al. Acrylic-based resin with favorable properties for three-dimensional two-photon polymerization. Journal of Applied Physics 95, 6072-6076 (2004). 36. Schafer, K. J. et al. Two-photon absorption cross-sections of common photoinitiators. Journal of Photochemistr",,,text_exact_candidate,pending,unknown,local_only/text_not_published
zotero_AU74BQZ6:threshold:3,zotero_AU74BQZ6,AU74BQZ6,10.37188/lam.2023.004,Two-photon photopolymerization directly initiated by spiropyran photochromic molecules,threshold,2,"the top surface of the glass substrate placed on an XYZ moving stage (a simple diagram is illustrated in Fig. S1). The laser power at the sample was calculated and controlled by the percentage of full power calibrated to 50 mW. For threshold power measurement under different excitation wavelengths, a wavelength-tuneabl",,,text_exact_candidate,pending,unknown,local_only/text_not_published
zotero_AU74BQZ6:threshold:4,zotero_AU74BQZ6,AU74BQZ6,10.37188/lam.2023.004,Two-photon photopolymerization directly initiated by spiropyran photochromic molecules,threshold,3,"aser excitation34. The pristine solution exhibiting an absorption band at 555 nm, indicates that a small amount of the MC isomer is already present in the monomer solution without UV irradiation. For TPP experiments, it is important to note that the sensitivity of a formulation can be determined by fabricating polymer ",,,text_exact_candidate,pending,unknown,local_only/text_not_published
zotero_AU74BQZ6:threshold:5,zotero_AU74BQZ6,AU74BQZ6,10.37188/lam.2023.004,Two-photon photopolymerization directly initiated by spiropyran photochromic molecules,threshold,3,"solution without UV irradiation. For TPP experiments, it is important to note that the sensitivity of a formulation can be determined by fabricating polymer structures at different incident laser powers to find the minimum laser power (threshold) allowing the formation of a polymer structure. Comparing these thresholds",,,text_exact_candidate,pending,unknown,local_only/text_not_published
zotero_AU74BQZ6:threshold:6,zotero_AU74BQZ6,AU74BQZ6,10.37188/lam.2023.004,Two-photon photopolymerization directly initiated by spiropyran photochromic molecules,threshold,4,"hotoreaction requires a co-initiator to provide hydrogen for polymerization9,39 and we chose MDEA as it is one of the most common co-initiators40–42. In Fig. 2b, a formulation made with 1 wt% ITX in PETA (light-green curve) shows a very low sensitivity compared to the one made with 0.5 wt% SPy (light-blue curve). In co",,,text_exact_candidate,pending,unknown,local_only/text_not_published
zotero_AU74BQZ6:voxel_geometry:11,zotero_AU74BQZ6,AU74BQZ6,10.37188/lam.2023.004,Two-photon photopolymerization directly initiated by spiropyran photochromic molecules,voxel_geometry,5,"nt with 1 wt% ITX and 10 wt% MDEA (purple curve in Fig. 2b), the power threshold for starting polymerization is almost unchanged compared to 1 wt% ITX + 10 wt% MDEA (in dark green). However, when the laser power exceeded the threshold, the polymer line width obtained by the former did not increase as expected. As shown",,,text_exact_candidate,pending,unknown,local_only/text_not_published
zotero_AU74BQZ6:voxel_geometry:12,zotero_AU74BQZ6,AU74BQZ6,10.37188/lam.2023.004,Two-photon photopolymerization directly initiated by spiropyran photochromic molecules,voxel_geometry,5,"haviour is consistent with the results observed for TPP. For a better comparison of all prepared formulations, Fig. 4 lists the effective working window of each formulation. The working window is defined as the 0 100 200 300 400 500Linewidth (nm) 0 10 20 30 40 Laser power (%) a 1 wt% IRG 0.5 wt% SPy 0.5 wt%SPy+1 wt% IR",,,text_exact_candidate,pending,unknown,local_only/text_not_published
zotero_AU74BQZ6:voxel_geometry:14,zotero_AU74BQZ6,AU74BQZ6,10.37188/lam.2023.004,Two-photon photopolymerization directly initiated by spiropyran photochromic molecules,voxel_geometry,6,ions involved in this process are still under investigation. Photochromic switch ability To characterise the ability of the fabricated photochromic polymer 3D structures to switch from one 0 5 10 15 20 25 30 35 40 45 0 200 400 600 800 1000 1200Linewidth (nm) Laser power (%) b 0.5 wt% SPy 0.5 wt% SPy +2.5 wt% MDEA 0.5 w,,,text_exact_candidate,pending,unknown,local_only/text_not_published
zotero_AU74BQZ6:voxel_geometry:7,zotero_AU74BQZ6,AU74BQZ6,10.37188/lam.2023.004,Two-photon photopolymerization directly initiated by spiropyran photochromic molecules,voxel_geometry,4,"n if IRG819 presents a low two- photon-absorption cross section37, it is commercially available and inexpensive. We fabricated polymer lines, as depicted in Fig. 1e and measured their width in the SEM images. Fig. 2a shows the polymer line widths obtained with different laser powers for fabrication. 0.5 wt% SPy in the ",,,text_exact_candidate,pending,unknown,local_only/text_not_published
zotero_B6B7CEZ3:isc_t1:3,zotero_B6B7CEZ3,B6B7CEZ3,10.1021/acsapm.0c01291,Substituted Thioxanthone-Based Photoinitiators for Efficient Two-Photon Direct Laser Writing Polymerization with Two-Color Resolution,isc_t1,1,"ematically design future photoinitiators for enhanced two-photon polymerization DLW nanoprinting processes. KEYWORDS: thioxanthone-based photoinitiators, two-photon polymerization nanoprinting, direct laser writing, high-speed nanolithography, low-temperature phosphorescence spectroscopy ■ INTRODUCTION Direct laser wri",,,text_exact_candidate,pending,unknown,local_only/text_not_published
zotero_B6B7CEZ3:isc_t1:7,zotero_B6B7CEZ3,B6B7CEZ3,10.1021/acsapm.0c01291,Substituted Thioxanthone-Based Photoinitiators for Efficient Two-Photon Direct Laser Writing Polymerization with Two-Color Resolution,isc_t1,2,"of the photoinitiating molecules. The two-photon cross sections of each of the synthesized photoinitiators were measured using the Z-scan technique to provide an indicator of two-photon absorption e ﬃ ciency in DLW. Phosphorescence spectra were used to obtain triplet excited-state lifetimes, as the triplet state is vit",,,text_exact_candidate,pending,unknown,local_only/text_not_published
zotero_B6B7CEZ3:isc_t1:8,zotero_B6B7CEZ3,B6B7CEZ3,10.1021/acsapm.0c01291,Substituted Thioxanthone-Based Photoinitiators for Efficient Two-Photon Direct Laser Writing Polymerization with Two-Color Resolution,isc_t1,2,y measuring the frontier molecular orbitals of the photoinitiating molecules. The two-photon cross sections of each of the synthesized photoinitiators were measured using the Z-scan technique to provide an indicator of two-photon absorption e ﬃ ciency in DLW. Phosphorescence spectra were used to obtain triplet excited-,,,text_exact_candidate,pending,unknown,local_only/text_not_published
zotero_B6B7CEZ3:isc_t1:9,zotero_B6B7CEZ3,B6B7CEZ3,10.1021/acsapm.0c01291,Substituted Thioxanthone-Based Photoinitiators for Efficient Two-Photon Direct Laser Writing Polymerization with Two-Color Resolution,isc_t1,2,"hotoinitiating molecules. The two-photon cross sections of each of the synthesized photoinitiators were measured using the Z-scan technique to provide an indicator of two-photon absorption e ﬃ ciency in DLW. Phosphorescence spectra were used to obtain triplet excited-state lifetimes, as the triplet state is vital in in",,,text_exact_candidate,pending,unknown,local_only/text_not_published
zotero_B6B7CEZ3:mechanism:11,zotero_B6B7CEZ3,B6B7CEZ3,10.1021/acsapm.0c01291,Substituted Thioxanthone-Based Photoinitiators for Efficient Two-Photon Direct Laser Writing Polymerization with Two-Color Resolution,mechanism,2,"ch that this promising nanotechnology application space can reach its full potential. The choice of the 2PP-DLW photoinitiator can depend on the desired polymerization initiation pathway. Generally, photoinitiators are housed within two classes. 23,24 Norrish Type I initiators are molecules that generate radicals direc",,,text_exact_candidate,pending,unknown,local_only/text_not_published
zotero_B6B7CEZ3:mechanism:12,zotero_B6B7CEZ3,B6B7CEZ3,10.1021/acsapm.0c01291,Substituted Thioxanthone-Based Photoinitiators for Efficient Two-Photon Direct Laser Writing Polymerization with Two-Color Resolution,mechanism,2,"choice of the 2PP-DLW photoinitiator can depend on the desired polymerization initiation pathway. Generally, photoinitiators are housed within two classes. 23,24 Norrish Type I initiators are molecules that generate radicals directly by photocleavage. Norrish Type II initiators absorb light to form excited states that ",,,text_exact_candidate,pending,unknown,local_only/text_not_published
zotero_B6B7CEZ3:mechanism:13,zotero_B6B7CEZ3,B6B7CEZ3,10.1021/acsapm.0c01291,Substituted Thioxanthone-Based Photoinitiators for Efficient Two-Photon Direct Laser Writing Polymerization with Two-Color Resolution,mechanism,2,"ts full potential. The choice of the 2PP-DLW photoinitiator can depend on the desired polymerization initiation pathway. Generally, photoinitiators are housed within two classes. 23,24 Norrish Type I initiators are molecules that generate radicals directly by photocleavage. Norrish Type II initiators absorb light to fo",,,text_exact_candidate,pending,unknown,local_only/text_not_published
zotero_B6B7CEZ3:mechanism:14,zotero_B6B7CEZ3,B6B7CEZ3,10.1021/acsapm.0c01291,Substituted Thioxanthone-Based Photoinitiators for Efficient Two-Photon Direct Laser Writing Polymerization with Two-Color Resolution,mechanism,2,"and this allowed the molecules to be readily soluble in the monomer. To provide a guideline for the synthesis routes, the absorption spectra of the new photoinitiators were obtained using time- dependent density functional theory (TD-DFT). The possibility of charge transfer states was predicted by measuring the frontie",,,text_exact_candidate,pending,unknown,local_only/text_not_published
zotero_B6B7CEZ3:pi_loading:17,zotero_B6B7CEZ3,B6B7CEZ3,10.1021/acsapm.0c01291,Substituted Thioxanthone-Based Photoinitiators for Efficient Two-Photon Direct Laser Writing Polymerization with Two-Color Resolution,pi_loading,3,ter (Uniblitz). The 638 nm beam was passed through a telescoping lens pair to achieve a focus spot size signi ﬁcantly larger than that of the 800 nm laser at the sample. The laser powers for both beams were measured at the back of the objective lens through a 6 mm diameter aperture. Fabricated structures were developed,,,text_exact_candidate,pending,unknown,local_only/text_not_published
zotero_B6B7CEZ3:sigma2:1,zotero_B6B7CEZ3,B6B7CEZ3,10.1021/acsapm.0c01291,Substituted Thioxanthone-Based Photoinitiators for Efficient Two-Photon Direct Laser Writing Polymerization with Two-Color Resolution,sigma2,1,"s,4−6 microﬂuidics,7−9 metamaterials,10−12 micro-op- tics,13 security,14 and bioengineering. 15−17 The high spatial resolution associated with the 2PP process provides an advantage relative to other nanofabrication techniques. Unlike single-photon absorption, two-photon absorption is con ﬁned to the focal region of a t",,,text_exact_candidate,pending,unknown,local_only/text_not_published
zotero_B6B7CEZ3:sigma2:15,zotero_B6B7CEZ3,B6B7CEZ3,10.1021/acsapm.0c01291,Substituted Thioxanthone-Based Photoinitiators for Efficient Two-Photon Direct Laser Writing Polymerization with Two-Color Resolution,sigma2,3,d structures were observed under an optical microscope in transmission mode. The selected samples were sputter-coated with ∼13 nm of an Au/Pd mixture before imaging with a scanning electron microscope (Hitachi S-4800) to prevent charging. Z-Scan Measurements. Two-photon absorption cross sections were measured using an ,,,text_exact_candidate,pending,unknown,local_only/text_not_published
zotero_B6B7CEZ3:sigma2:16,zotero_B6B7CEZ3,B6B7CEZ3,10.1021/acsapm.0c01291,Substituted Thioxanthone-Based Photoinitiators for Efficient Two-Photon Direct Laser Writing Polymerization with Two-Color Resolution,sigma2,3,d structures were observed under an optical microscope in transmission mode. The selected samples were sputter-coated with ∼13 nm of an Au/Pd mixture before imaging with a scanning electron microscope (Hitachi S-4800) to prevent charging. Z-Scan Measurements. Two-photon absorption cross sections were measured using an ,,,text_exact_candidate,pending,unknown,local_only/text_not_published
zotero_B6B7CEZ3:sigma2:6,zotero_B6B7CEZ3,B6B7CEZ3,10.1021/acsapm.0c01291,Substituted Thioxanthone-Based Photoinitiators for Efficient Two-Photon Direct Laser Writing Polymerization with Two-Color Resolution,sigma2,2,of charge transfer states was predicted by measuring the frontier molecular orbitals of the photoinitiating molecules. The two-photon cross sections of each of the synthesized photoinitiators were measured using the Z-scan technique to provide an indicator of two-photon absorption e ﬃ ciency in DLW. Phosphorescence spe,,,text_exact_candidate,pending,unknown,local_only/text_not_published
zotero_B6B7CEZ3:threshold:18,zotero_B6B7CEZ3,B6B7CEZ3,10.1021/acsapm.0c01291,Substituted Thioxanthone-Based Photoinitiators for Efficient Two-Photon Direct Laser Writing Polymerization with Two-Color Resolution,threshold,3,the laser beam into the photoresist to induce polymerization. Fabrication was achieved by motion of the sample via a nano- positioner (Mad City Labs) and laser control by a fast mechanical shutter (Uniblitz) that was controlled with a custom LabVIEW code. The laser power was adjusted through combined use of a half-wave,,,text_exact_candidate,pending,unknown,local_only/text_not_published
zotero_B6B7CEZ3:threshold:19,zotero_B6B7CEZ3,B6B7CEZ3,10.1021/acsapm.0c01291,Substituted Thioxanthone-Based Photoinitiators for Efficient Two-Photon Direct Laser Writing Polymerization with Two-Color Resolution,threshold,5,"a di ﬀerence between the one-photon absorption process in this test and the two- photon absorption process that occurs in the DLW process, 48,49 the molar absorption coe ﬃ cients are larger, which indicates the potential possibility of lowering the practical laser power requirements. As predicted by the computations ( ",,,text_exact_candidate,pending,unknown,local_only/text_not_published
zotero_B6B7CEZ3:threshold:2,zotero_B6B7CEZ3,B6B7CEZ3,10.1021/acsapm.0c01291,Substituted Thioxanthone-Based Photoinitiators for Efficient Two-Photon Direct Laser Writing Polymerization with Two-Color Resolution,threshold,1,"r beam, which occurs because of nonlinear, multiphoton absorption. This gives rise to the submicron 3D structuring capabilities now expected of 2PP-DLW. Unfortunately, the two-photon absorption process is typically not e ﬃ cient, resulting in relatively large laser power requirements. While the current power requiremen",,,text_exact_candidate,pending,unknown,local_only/text_not_published
zotero_B6B7CEZ3:threshold:20,zotero_B6B7CEZ3,B6B7CEZ3,10.1021/acsapm.0c01291,Substituted Thioxanthone-Based Photoinitiators for Efficient Two-Photon Direct Laser Writing Polymerization with Two-Color Resolution,threshold,6,"d completely into the monomer ( Figure S11 ), and no solid particles were observed in the resin with a 100 (N.A. = 1.49) magni ﬁcation microscope. The writing threshold of each photoresist was determined by varying the power of the printing laser. The minimum laser power required to print lines that survived the develo",,,text_exact_candidate,pending,unknown,local_only/text_not_published
zotero_B6B7CEZ3:voxel_geometry:10,zotero_B6B7CEZ3,B6B7CEZ3,10.1021/acsapm.0c01291,Substituted Thioxanthone-Based Photoinitiators for Efficient Two-Photon Direct Laser Writing Polymerization with Two-Color Resolution,voxel_geometry,2,"for 2PP-DLW. 21 By introducing a secondary laser into the DLW system, precise spatial control of the polymerization region can be achieved via a polymerization inhibition process. This leads to signi ﬁcantly increased DLW resolution (i.e., super resolution), with resolution limits on the order of 120 nm being achieved.",,,text_exact_candidate,pending,unknown,local_only/text_not_published
zotero_B6B7CEZ3:voxel_geometry:21,zotero_B6B7CEZ3,B6B7CEZ3,10.1021/acsapm.0c01291,Substituted Thioxanthone-Based Photoinitiators for Efficient Two-Photon Direct Laser Writing Polymerization with Two-Color Resolution,voxel_geometry,7,powers. This is a clear demonstration of the ability to control the photopolymerization process of the ITX-phenyl-OCH 3 photo- initiator via a secondary light source. These promising lithography results represent a new photoinitiator set tending toward a superresolution capable photoresist system with reduced printing ,,,text_exact_candidate,pending,unknown,local_only/text_not_published
zotero_B6B7CEZ3:voxel_geometry:4,zotero_B6B7CEZ3,B6B7CEZ3,10.1021/acsapm.0c01291,Substituted Thioxanthone-Based Photoinitiators for Efficient Two-Photon Direct Laser Writing Polymerization with Two-Color Resolution,voxel_geometry,1,"Metrics & More Article Recommendations *sı Supporting Information ABSTRACT: Nanolithographic printing by direct laser writing (DLW) photo- polymerization has attracted increased attention in recent years, as the speed of this printing has increased, while the feature sizes that have been realized have decreased well in",,,text_exact_candidate,pending,unknown,local_only/text_not_published
zotero_B6B7CEZ3:voxel_geometry:5,zotero_B6B7CEZ3,B6B7CEZ3,10.1021/acsapm.0c01291,Substituted Thioxanthone-Based Photoinitiators for Efficient Two-Photon Direct Laser Writing Polymerization with Two-Color Resolution,voxel_geometry,1,"Substituted Thioxanthone-Based Photoinitiators for E ﬃcient Two- Photon Direct Laser Writing Polymerization with Two-Color Resolution Teng Chi, Paul Somers, Daniel A. Wilcox, Ashley J. Schuman, Jason E. Johnson, Zihao Liang, Liang Pan, Xianfan Xu, and Bryan W. Boudouris * Cite This: ACS Appl. Polym. Mater. 2021, 3, 142",,,text_exact_candidate,pending,unknown,local_only/text_not_published
zotero_B6CWSYVW:isc_t1:4,zotero_B6CWSYVW,B6CWSYVW,10.1364/OL.27.001348,Three-dimensional microfabrication by two-photon-initiated polymerization with a low-cost microlaser,isc_t1,2,"quantum yield F of the energy transfer between the excited photoinitiator and the monomer can be deduced from biomolecular quenching values already reported for molecules similar to our photoinitiator in presence of acrylates. 16 Considering that the typical excited-state lifetime was 1 ns, we",,,text_exact_candidate,pending,unknown,local_only/text_not_published
zotero_B6CWSYVW:mechanism:9,zotero_B6CWSYVW,B6CWSYVW,10.1364/OL.27.001348,Three-dimensional microfabrication by two-photon-initiated polymerization with a low-cost microlaser,mechanism,3,"V photoinitiators, they exhibit weak s TPA values. As an example, a value of 3.8 3 10256 cm4 s photon 21 was measured by Miwa et al. on a commercial photoresin. 17 This is 7 orders of magnitude lower than our photoinitiator ’sT P A cross section. However, the radical generation quantum yield of commercial photoinitiato",,,text_exact_candidate,pending,unknown,local_only/text_not_published
zotero_B6CWSYVW:pi_loading:5,zotero_B6CWSYVW,B6CWSYVW,10.1364/OL.27.001348,Three-dimensional microfabrication by two-photon-initiated polymerization with a low-cost microlaser,pi_loading,3,"/H110113 mW to form. The distance between adjacent points was 200 nm. After the resin film was irradiated, we immersed it in ace- tone to dissolve the unexposed material, leaving only the polymer structure on the glass plate. The 1-Euro coin had a diameter of 20 mm, and features as small as 160 nm could be depicted on ",,,text_exact_candidate,pending,unknown,local_only/text_not_published
zotero_B6CWSYVW:sigma2:1,zotero_B6CWSYVW,B6CWSYVW,10.1364/OL.27.001348,Three-dimensional microfabrication by two-photon-initiated polymerization with a low-cost microlaser,sigma2,1,"dex 07, France Received February 26, 2002 Fabrication of submicrometer structures by two-photon-initiated polymerization is performed with an inexpen- sive and low-power microlaser. This is made possible by the design of photoinitiators with strong two-photon absorption cross sections. We analyze the inf luence of both",,,text_exact_candidate,pending,unknown,local_only/text_not_published
zotero_B6CWSYVW:threshold:2,zotero_B6CWSYVW,B6CWSYVW,10.1364/OL.27.001348,Three-dimensional microfabrication by two-photon-initiated polymerization with a low-cost microlaser,threshold,1,"o-photon-induced polymerization was used to produce integrated optical devices, 3 optical memories,4 photonic bandgaps, 4–6 and microma- chines,7,8 However, an important limitation to the widespread application of this attractive approach arises from the weak sensitivity of commercial UV photopolymers to TPA excitation",,,text_exact_candidate,pending,unknown,local_only/text_not_published
zotero_B6CWSYVW:threshold:6,zotero_B6CWSYVW,B6CWSYVW,10.1364/OL.27.001348,Three-dimensional microfabrication by two-photon-initiated polymerization with a low-cost microlaser,threshold,3,"ss plate. The 1-Euro coin had a diameter of 20 mm, and features as small as 160 nm could be depicted on the micrograph. We believe that better spatial resolution can be attained through optimization of the irradiation conditions with respect to the resin photosensitivity. This aspect is under study. In conclusion, we h",,,text_exact_candidate,pending,unknown,local_only/text_not_published
zotero_B6CWSYVW:threshold:7,zotero_B6CWSYVW,B6CWSYVW,10.1364/OL.27.001348,Three-dimensional microfabrication by two-photon-initiated polymerization with a low-cost microlaser,threshold,3,"gnitude higher for our resin than for commercial UV resins. This higher magnitude compensates for the lower value of K l resulting from our irradiation source. Hence, the polymerization speed obtained is of the same order of magnitude in both experiments. The threshold exposure for polymerization of our resin was deter",,,text_exact_candidate,pending,unknown,local_only/text_not_published
zotero_B6CWSYVW:voxel_geometry:3,zotero_B6CWSYVW,B6CWSYVW,10.1364/OL.27.001348,Three-dimensional microfabrication by two-photon-initiated polymerization with a low-cost microlaser,voxel_geometry,1,"ntensity, TPA polymerization bene- fits from a large penetration depth and tight confine- ment of the excitation volume about the focal point. Thus, TPA polymerization provides a very simple and straightforward way to produce intricate 3D structures with high resolution. The wide range of microstruc- tures of arbitrary",,,text_exact_candidate,pending,unknown,local_only/text_not_published
zotero_B6CWSYVW:voxel_geometry:8,zotero_B6CWSYVW,B6CWSYVW,10.1364/OL.27.001348,Three-dimensional microfabrication by two-photon-initiated polymerization with a low-cost microlaser,voxel_geometry,3,"we immersed it in ace- tone to dissolve the unexposed material, leaving only the polymer structure on the glass plate. The 1-Euro coin had a diameter of 20 mm, and features as small as 160 nm could be depicted on the micrograph. We believe that better spatial resolution can be attained through optimization of the irrad",,,text_exact_candidate,pending,unknown,local_only/text_not_published
zotero_D3WL6CAT:isc_t1:2,zotero_D3WL6CAT,D3WL6CAT,10.1038/s41377-023-01188-1,A new function of photochromic spiropyran: an efficient photoinitiator for two-photon polymerization,isc_t1,1,"Unlike the direct formation of radical fragments of Norrish Type I photoinitiators under photoirradiation, Norrish Type II photoinitiators are two-component synergistic photoinitiating systems including sensitizers and co-initiators, commonly forming excited triplet state and requiring hydrogen donor to react 4. The ex",,,text_exact_candidate,pending,unknown,local_only/text_not_published
zotero_D3WL6CAT:mechanism:4,zotero_D3WL6CAT,D3WL6CAT,10.1038/s41377-023-01188-1,A new function of photochromic spiropyran: an efficient photoinitiator for two-photon polymerization,mechanism,1,"otoinitiator that acts as a key character in photopolymerization could generate reactive species of radicals or cations to initiate polymerization reaction once excited by the one-photon/two-photon absorption pro- cess 2. Subsequently, photo-activated Norrish Type I or Norrish Type II photoinitiators will trigger the r",,,text_exact_candidate,pending,unknown,local_only/text_not_published
zotero_D3WL6CAT:mechanism:5,zotero_D3WL6CAT,D3WL6CAT,10.1038/s41377-023-01188-1,A new function of photochromic spiropyran: an efficient photoinitiator for two-photon polymerization,mechanism,1,"acts as a key character in photopolymerization could generate reactive species of radicals or cations to initiate polymerization reaction once excited by the one-photon/two-photon absorption pro- cess 2. Subsequently, photo-activated Norrish Type I or Norrish Type II photoinitiators will trigger the radical polymerizat",,,text_exact_candidate,pending,unknown,local_only/text_not_published
zotero_D3WL6CAT:mechanism:7,zotero_D3WL6CAT,D3WL6CAT,10.1038/s41377-023-01188-1,A new function of photochromic spiropyran: an efficient photoinitiator for two-photon polymerization,mechanism,2,"ro-actuator with 3D printing technology.Mater. Res. Express 7, 075015 (2020). 2. Bagheri, A. & Jin, J. Y. Photopolymerization in 3D printing. ACS Appl. Polym. Mater. 1,5 9 3–611 (2019). 3. Marchetti, B., Karsili, T. N. V. & Ashfold, M. N. R. Exploring Norrish type I and type II reactions: an ab initio mechanistic study",,,text_exact_candidate,pending,unknown,local_only/text_not_published
zotero_D3WL6CAT:sigma2:1,zotero_D3WL6CAT,D3WL6CAT,10.1038/s41377-023-01188-1,A new function of photochromic spiropyran: an efficient photoinitiator for two-photon polymerization,sigma2,1,"energy shows great potential in advanced 3D printing technology 1. The photoinitiator that acts as a key character in photopolymerization could generate reactive species of radicals or cations to initiate polymerization reaction once excited by the one-photon/two-photon absorption pro- cess 2. Subsequently, photo-activ",,,text_exact_candidate,pending,unknown,local_only/text_not_published
zotero_D3WL6CAT:voxel_geometry:3,zotero_D3WL6CAT,D3WL6CAT,10.1038/s41377-023-01188-1,A new function of photochromic spiropyran: an efficient photoinitiator for two-photon polymerization,voxel_geometry,1,". Organic photochromic materials with controllable structural and optical switching properties play a critical role in advanced photonics, which mainly focus on the applications of optoelectronic devices, anti-counterfeiting display, optical memory, and super-resolution imaging 5–8. Molecular photoswitches, an importan",,,text_exact_candidate,pending,unknown,local_only/text_not_published
zotero_D3WL6CAT:voxel_geometry:6,zotero_D3WL6CAT,D3WL6CAT,10.1038/s41377-023-01188-1,A new function of photochromic spiropyran: an efficient photoinitiator for two-photon polymerization,voxel_geometry,2,"Flexible molecular-s cale electronic devices composed of diarylethene photoswitching molecules. Adv. Mater. 26, 3968 –3973 (2014). 6 . Q i ,Q .K .e ta l .S o l i d - s t a t ep h o t o i n d u ced luminescence switch for advanced anticounterfeiting and super-resolution imaging applications. J. Am. Chem. Soc. 139, 16036",,,text_exact_candidate,pending,unknown,local_only/text_not_published
zotero_D47BE9ZL:threshold:3,zotero_D47BE9ZL,D47BE9ZL,10.1166/jnn.2013.6011,Two-photon induced photopolymerization using photoinitiator with an intramolecular radical quenching moiety for nanolithography,threshold,2,"y ethanol. The fabricated structures were observed by a scanning electron microscope (SEM, S-4300, Hitachi, Japan). 3. RESULTS AND DISCUSSION The TPIP properties of BNBC and BNMBC were eval- uated by fabricating lines with deigned photoresists R 1 and R2. The polymerization threshold power ( Pth/rparenorifor pho- tores",,,text_exact_candidate,pending,unknown,local_only/text_not_published
zotero_D47BE9ZL:threshold:4,zotero_D47BE9ZL,D47BE9ZL,10.1166/jnn.2013.6011,Two-photon induced photopolymerization using photoinitiator with an intramolecular radical quenching moiety for nanolithography,threshold,2,NMBC were eval- uated by fabricating lines with deigned photoresists R 1 and R2. The polymerization threshold power ( Pth/rparenorifor pho- toresists were investigated to compare the photosensitivity properties of BNBC and BNMBC. P th was deﬁned as the lowest laser power before the objective lens to achieve polymer lin,,,text_exact_candidate,pending,unknown,local_only/text_not_published
zotero_D47BE9ZL:threshold:5,zotero_D47BE9ZL,D47BE9ZL,10.1166/jnn.2013.6011,Two-photon induced photopolymerization using photoinitiator with an intramolecular radical quenching moiety for nanolithography,threshold,2,"f photoinitia- tors BNBC, BNBC/PhOCH 3 with a molar ratio of 1:1 and BNMBC. Firstly, we prepared the photoresists R1 (initia- tor BNBC) and R2 (initiator BNMBC) in which MMA, PE-3A and photoinitiator with molar ratio of 92.24, 7.74 and 0.02% to study the photosensitivity of the two pho- toinitiators. Furthermore, the m",,,text_exact_candidate,pending,unknown,local_only/text_not_published
zotero_D47BE9ZL:threshold:6,zotero_D47BE9ZL,D47BE9ZL,10.1166/jnn.2013.6011,Two-photon induced photopolymerization using photoinitiator with an intramolecular radical quenching moiety for nanolithography,threshold,2,"fabricated structures were observed by a scanning electron microscope (SEM, S-4300, Hitachi, Japan). 3. RESULTS AND DISCUSSION The TPIP properties of BNBC and BNMBC were eval- uated by fabricating lines with deigned photoresists R 1 and R2. The polymerization threshold power ( Pth/rparenorifor pho- toresists were inves",,,text_exact_candidate,pending,unknown,local_only/text_not_published
zotero_D47BE9ZL:voxel_geometry:1,zotero_D47BE9ZL,D47BE9ZL,10.1166/jnn.2013.6011,Two-photon induced photopolymerization using photoinitiator with an intramolecular radical quenching moiety for nanolithography,voxel_geometry,1,"NBC) with similar chemical structure but not radical quenching group was studied for comparison. Their photopolymerization properties were studied with resins in which BNBC and BNMBC were used as photoinitiators with a molar ratio of 0.02%, respectively . The linewidth of polymer lines fabricated by TPIP of the photore",,,text_exact_candidate,pending,unknown,local_only/text_not_published
zotero_D47BE9ZL:voxel_geometry:2,zotero_D47BE9ZL,D47BE9ZL,10.1166/jnn.2013.6011,Two-photon induced photopolymerization using photoinitiator with an intramolecular radical quenching moiety for nanolithography,voxel_geometry,1,"diffusion compared to the intermolecular radical quencher PhOCH 3. Furthermore, arbitrary complex three- dimensional (3D) microstructure was achieved using the photoresist with photoinitiator BNMBC. The approach could open up broad prospect for improving the resolution in TPIP . Keywords: T wo-Photon Induced Photopolym",,,text_exact_candidate,pending,unknown,local_only/text_not_published
zotero_D47BE9ZL:voxel_geometry:7,zotero_D47BE9ZL,D47BE9ZL,10.1166/jnn.2013.6011,Two-photon induced photopolymerization using photoinitiator with an intramolecular radical quenching moiety for nanolithography,voxel_geometry,3,"nyang Technological University IP: 46.161.63.210 On: Wed, 15 Jun 2016 23:56:11 Copyright: American Scientific Publishers RESEARCH ARTICLE Lu et al. TPIP Using Photoinitiator with an Intramolecular Radical Quenching Moiety for Nanolithography The dependence of linewidth on the laser power for the two photoresists was sh",,,text_exact_candidate,pending,unknown,local_only/text_not_published
zotero_D47BE9ZL:voxel_geometry:8,zotero_D47BE9ZL,D47BE9ZL,10.1166/jnn.2013.6011,Two-photon induced photopolymerization using photoinitiator with an intramolecular radical quenching moiety for nanolithography,voxel_geometry,3,: American Scientific Publishers RESEARCH ARTICLE Lu et al. TPIP Using Photoinitiator with an Intramolecular Radical Quenching Moiety for Nanolithography The dependence of linewidth on the laser power for the two photoresists was shown in Figure 2(a). All the linewidth of the substrate lines were obtained as the aver- ,,,text_exact_candidate,pending,unknown,local_only/text_not_published
zotero_D6JVVDG4:isc_t1:11,zotero_D6JVVDG4,D6JVVDG4,,"An Evidence-Guided, Mechanism-Aware Workflow for Functional Molecular Materials Discovery: Two-Photon Photoinitiators as a Demonstration",isc_t1,7,sigma_780 sigma_max toxicity solubility SA isc 0.0 0.1 0.2 0.3 0.4 0.5 RMSE (standardized) a) Sealed outer-test error D06 F06 sigma_780 sigma_max toxicity solubility SA isc 0.750 0.775 0.800 0.825 0.850 0.875 0.900 0.925 0.950 R2 b) Task-wise explanatory power D06 F06 −0.020 −0.015 −0.010 −0.005 0.000 0.005 0.010 Delta,,,text_exact_candidate,pending,unknown,local_only/text_not_published
zotero_D6JVVDG4:isc_t1:12,zotero_D6JVVDG4,D6JVVDG4,,"An Evidence-Guided, Mechanism-Aware Workflow for Functional Molecular Materials Discovery: Two-Photon Photoinitiators as a Demonstration",isc_t1,8,"/uni0000001d/uni00000014/uni00000003/uni0000002f/uni0000004c/uni00000051/uni00000048 Fig. 3 Six-task outer-test prediction accuracy.Parity plots compare predicted and true stan- dardized values forσ 780,σ max, toxicity, solubility, synthetic accessibility and ISC energy on the sealed scaffold-isolated outer test set. E",,,text_exact_candidate,pending,unknown,local_only/text_not_published
zotero_D6JVVDG4:isc_t1:13,zotero_D6JVVDG4,D6JVVDG4,,"An Evidence-Guided, Mechanism-Aware Workflow for Functional Molecular Materials Discovery: Two-Photon Photoinitiators as a Demonstration",isc_t1,9,"rom the radical headline rather than being mixed into a photoinitiator ranking. Putative Type-I can- didates require evidence for accessible excited-state activation, relevant bond cleavage and chemically credible radical fragments. Type-II candidates require triplet-state characterization and an explicit co-initiator ",,,text_exact_candidate,pending,unknown,local_only/text_not_published
zotero_D6JVVDG4:isc_t1:14,zotero_D6JVVDG4,D6JVVDG4,,"An Evidence-Guided, Mechanism-Aware Workflow for Functional Molecular Materials Discovery: Two-Photon Photoinitiators as a Demonstration",isc_t1,10,"t files were submit-ready or checkpoint-dependent at the manifest stage. For Type-I candidates, bond dissocia- tion, excited-state localization, radical stability and downstream radical reactivity are the central questions. For Type-II and SET/PET candidates, triplet energetics, co- initiator compatibility and electron",,,text_exact_candidate,pending,unknown,local_only/text_not_published
zotero_D6JVVDG4:mechanism:1,zotero_D6JVVDG4,D6JVVDG4,,"An Evidence-Guided, Mechanism-Aware Workflow for Functional Molecular Materials Discovery: Two-Photon Photoinitiators as a Demonstration",mechanism,1,"ly plausi- ble initiation. Here we present an evidence-guided, mechanism-aware workflow for functional molecular materials discovery, using radical two-photon photoini- tiators as a demonstration. Literature-derived rules define photoinitiator scope, separate Type-I, Type-II and SET/PET candidates from cationic and bou",,,text_exact_candidate,pending,unknown,local_only/text_not_published
zotero_D6JVVDG4:mechanism:2,zotero_D6JVVDG4,D6JVVDG4,,"An Evidence-Guided, Mechanism-Aware Workflow for Functional Molecular Materials Discovery: Two-Photon Photoinitiators as a Demonstration",mechanism,1,"i- ble initiation. Here we present an evidence-guided, mechanism-aware workflow for functional molecular materials discovery, using radical two-photon photoini- tiators as a demonstration. Literature-derived rules define photoinitiator scope, separate Type-I, Type-II and SET/PET candidates from cationic and bound- ary ",,,text_exact_candidate,pending,unknown,local_only/text_not_published
zotero_D6JVVDG4:mechanism:3,zotero_D6JVVDG4,D6JVVDG4,,"An Evidence-Guided, Mechanism-Aware Workflow for Functional Molecular Materials Discovery: Two-Photon Photoinitiators as a Demonstration",mechanism,1,"thor Name 1 1*Department or School, University Name, Shanghai, China. *Corresponding author(s). E-mail(s): your.email@institution.edu; Abstract Two-photon photopolymerization enables three-dimensional microfabrication because near-infrared excitation confines radical generation to the focal volume. However, two-photon ",,,text_exact_candidate,pending,unknown,local_only/text_not_published
zotero_D6JVVDG4:mechanism:8,zotero_D6JVVDG4,D6JVVDG4,,"An Evidence-Guided, Mechanism-Aware Workflow for Functional Molecular Materials Discovery: Two-Photon Photoinitiators as a Demonstration",mechanism,2,"discovery intrinsically mechanism-dependent. A large two-photon absorption cross section increases the prob- ability of excitation, but it does not establish that the excited state will generate radicals capable of initiating polymerization. Single-component Type-I systems require an accessible bond-cleavage pathway an",,,text_exact_candidate,pending,unknown,local_only/text_not_published
zotero_D6JVVDG4:sigma2:4,zotero_D6JVVDG4,D6JVVDG4,,"An Evidence-Guided, Mechanism-Aware Workflow for Functional Molecular Materials Discovery: Two-Photon Photoinitiators as a Demonstration",sigma2,2,a useful candidate must absorb efficiently under nonlinear excitation and must also provide a formulation-relevant pathway to productive initiating radicals. This requirement makes two-photon photoinitiator discovery intrinsically mechanism-dependent. A large two-photon absorption cross section increases the prob- abil,,,text_exact_candidate,pending,unknown,local_only/text_not_published
zotero_D6JVVDG4:sigma2:5,zotero_D6JVVDG4,D6JVVDG4,,"An Evidence-Guided, Mechanism-Aware Workflow for Functional Molecular Materials Discovery: Two-Photon Photoinitiators as a Demonstration",sigma2,2,a useful candidate must absorb efficiently under nonlinear excitation and must also provide a formulation-relevant pathway to productive initiating radicals. This requirement makes two-photon photoinitiator discovery intrinsically mechanism-dependent. A large two-photon absorption cross section increases the prob- abil,,,text_exact_candidate,pending,unknown,local_only/text_not_published
zotero_D6JVVDG4:sigma2:6,zotero_D6JVVDG4,D6JVVDG4,,"An Evidence-Guided, Mechanism-Aware Workflow for Functional Molecular Materials Discovery: Two-Photon Photoinitiators as a Demonstration",sigma2,2,ndidate must absorb efficiently under nonlinear excitation and must also provide a formulation-relevant pathway to productive initiating radicals. This requirement makes two-photon photoinitiator discovery intrinsically mechanism-dependent. A large two-photon absorption cross section increases the prob- ability of exci,,,text_exact_candidate,pending,unknown,local_only/text_not_published
zotero_D6JVVDG4:sigma2:9,zotero_D6JVVDG4,D6JVVDG4,,"An Evidence-Guided, Mechanism-Aware Workflow for Functional Molecular Materials Discovery: Two-Photon Photoinitiators as a Demonstration",sigma2,3,"models are trained on standardized molecular struc- tures to predict optical and developability-related screening endpoints, and their utility is assessed through scaffold-disjoint testing and literature-basedσ max rank-order com- parisons. Predicted maximum two-photon absorption cross section,σ max, serves as the prin",,,text_exact_candidate,pending,unknown,local_only/text_not_published
zotero_D6JVVDG4:threshold:10,zotero_D6JVVDG4,D6JVVDG4,,"An Evidence-Guided, Mechanism-Aware Workflow for Functional Molecular Materials Discovery: Two-Photon Photoinitiators as a Demonstration",threshold,6,"ved rank structure across optical, feasibility and excited-state endpoints, with task-levelR2 values from 0.785 to 0.930 on the same outer-test evaluation (Fig. 3). We therefore use D06 as the primary multitask ranking backbone and F06 as a PI-family-informed sensitivity model. 2.5 Benchmark controls bound the ranking ",,,text_exact_candidate,pending,unknown,local_only/text_not_published
zotero_D6JVVDG4:threshold:15,zotero_D6JVVDG4,D6JVVDG4,,"An Evidence-Guided, Mechanism-Aware Workflow for Functional Molecular Materials Discovery: Two-Photon Photoinitiators as a Demonstration",threshold,11,"chanistic plausibility by examining excited states, bond cleavage, radical stability, triplet states or electron- transfer thermodynamics, depending on the assigned lane. They cannot by themselves establish resin compatibility, practical exposure dose, oxygen sensitivity, solubility under formulation conditions or fina",,,text_exact_candidate,pending,unknown,local_only/text_not_published
zotero_D6JVVDG4:threshold:16,zotero_D6JVVDG4,D6JVVDG4,,"An Evidence-Guided, Mechanism-Aware Workflow for Functional Molecular Materials Discovery: Two-Photon Photoinitiators as a Demonstration",threshold,13,"supervised target under the available data representa- tion.absorption rangehas a clear physical meaning because it describes spectral coverage and matching to the target excitation window. In the present dataset, however, it behaved more like an interval- or threshold-matching descriptor than a stable, information-ric",,,text_exact_candidate,pending,unknown,local_only/text_not_published
zotero_D6JVVDG4:threshold:7,zotero_D6JVVDG4,D6JVVDG4,,"An Evidence-Guided, Mechanism-Aware Workflow for Functional Molecular Materials Discovery: Two-Photon Photoinitiators as a Demonstration",threshold,2,"l, optical and biological functions accessible to 2PP-fabricated materials[1–3]. In this process, the photoini- tiator is not a passive optical absorber; it is the molecular component that couples optical excitation to the radical chemistry governing exposure threshold, writing window and polymerization efficiency[3, 4",,,text_exact_candidate,pending,unknown,local_only/text_not_published
zotero_DV89B7W8:isc_t1:4,zotero_DV89B7W8,DV89B7W8,10.2217/rme.13.60,Two-photon polymerization of polyethylene glycol diacrylate scaffolds with riboflavin and triethanolamine used as a water-soluble photoinitiator,isc_t1,3,"Flavins have the ability to easily undergo reduction–oxidation reactions, including transport of electrons by FADH 2 in the electron transport chain of cellular respira - tion. Riboflavin is excited by photon absorption and can form either the singlet- or triplet-excited states. It should be noted that the triplet stat",,,text_exact_candidate,pending,unknown,local_only/text_not_published
zotero_DV89B7W8:pi_loading:11,zotero_DV89B7W8,DV89B7W8,10.2217/rme.13.60,Two-photon polymerization of polyethylene glycol diacrylate scaffolds with riboflavin and triethanolamine used as a water-soluble photoinitiator,pi_loading,6,"al cells (Insti- tute of Biophysics, Leibniz University of Hanover, Germany) were cultured on the wafers and the glass coverslips for 24 h. To obtain a positive con- trol of DNA damage, a subset of glass coverslips with a cell monolayer were treated with a 0.15 mM H2O2 phosphate buffer saline solution for 30 min at 37°",,,text_exact_candidate,pending,unknown,local_only/text_not_published
zotero_DV89B7W8:pi_loading:3,zotero_DV89B7W8,DV89B7W8,10.2217/rme.13.60,Two-photon polymerization of polyethylene glycol diacrylate scaffolds with riboflavin and triethanolamine used as a water-soluble photoinitiator,pi_loading,3,"y 2PP [12]. A ring-shaped scaffold was produced by 2P, which was then seeded with endothelial cells along the interior edge and smooth muscle cells along the outer edge by laser-induced forward transfer. Git- tard reported using 2PP of PEGda to produce a 6 mm-long tubular tissue engineering scaffold for vascular applic",,,text_exact_candidate,pending,unknown,local_only/text_not_published
zotero_DV89B7W8:pi_loading:6,zotero_DV89B7W8,DV89B7W8,10.2217/rme.13.60,Two-photon polymerization of polyethylene glycol diacrylate scaffolds with riboflavin and triethanolamine used as a water-soluble photoinitiator,pi_loading,4,"SF Schweiz AG), more commonly known as Irgacure 369, were used as comparison photoinitiators. A novel photopolymer was developed that contains PEGda as the polymer, riboflavin as the photoinitiator and TEOHA as the coinitia - tor. An aqueous solution of 4.2 mM riboflavin- 5-phosphate (Sigma-Aldrich, MO, USA) and 4.2 M ",,,text_exact_candidate,pending,unknown,local_only/text_not_published
zotero_DV89B7W8:pi_loading:7,zotero_DV89B7W8,DV89B7W8,10.2217/rme.13.60,Two-photon polymerization of polyethylene glycol diacrylate scaffolds with riboflavin and triethanolamine used as a water-soluble photoinitiator,pi_loading,5,"outer diameter of 120 µm and a height of 100 µm. The individual cylinders were placed in a hexagonal honeycomb configuration with nine cylinders composing the outer wall and seven cylinders composing the inner wall; the total width of the structure was 2.2 mm. Array cylinders had larger dimensions, with inner diameters",,,text_exact_candidate,pending,unknown,local_only/text_not_published
zotero_DV89B7W8:sigma2:1,zotero_DV89B7W8,DV89B7W8,10.2217/rme.13.60,Two-photon polymerization of polyethylene glycol diacrylate scaffolds with riboflavin and triethanolamine used as a water-soluble photoinitiator,sigma2,2,"l proliferation assay, endothelial cell viability assay and single-cell gel electrophoresis (comet) assay. Use of a riboflavin–TEOHA mixture as a photoinitiator for 2PP processing of a tissue engineering scaffold and subsequent seeding of this scaffold with GM - 7373 bovine aortic endothelial cells was also demonstrate",,,text_exact_candidate,pending,unknown,local_only/text_not_published
zotero_DV89B7W8:sigma2:10,zotero_DV89B7W8,DV89B7W8,10.2217/rme.13.60,Two-photon polymerization of polyethylene glycol diacrylate scaffolds with riboflavin and triethanolamine used as a water-soluble photoinitiator,sigma2,6,"2% wt Irgacure 369, and PEGda with 2% wt Irgacure 2959 were used as the test materials. Circular glass coverslips of the same size were used as a negative control. To ensure total DNA damage, H2O2 was applied to cells as a positive control. Bovine aortic GM-7373 endothelial cells (Insti- tute of Biophysics, Leibniz Uni",,,text_exact_candidate,pending,unknown,local_only/text_not_published
zotero_DV89B7W8:sigma2:12,zotero_DV89B7W8,DV89B7W8,10.2217/rme.13.60,Two-photon polymerization of polyethylene glycol diacrylate scaffolds with riboflavin and triethanolamine used as a water-soluble photoinitiator,sigma2,8,"merization of polyethylene glycol diacrylate scaffolds Resea Rch a Rticle media was determined by using a test material surface area to culture media ratio of 6 cm 2/ml. The resulting solution was used as the extract solution for determining cytotoxicity. GM-7373 bovine endothelial cells were seeded at a density of 15,",,,text_exact_candidate,pending,unknown,local_only/text_not_published
zotero_DV89B7W8:sigma2:5,zotero_DV89B7W8,DV89B7W8,10.2217/rme.13.60,Two-photon polymerization of polyethylene glycol diacrylate scaffolds with riboflavin and triethanolamine used as a water-soluble photoinitiator,sigma2,4,"ia- tors Irgacure 369 and Irgacure 2959. According to ISO10993 guidelines, biocompatibility was examined relative to conventionally produced scaffolds by using a single-cell gel electrophoresis (comet) assay to assess cytotoxicity as well as by measuring GM -7373 bovine aortic endothelial cell (Leibniz Institute DSMZ, ",,,text_exact_candidate,pending,unknown,local_only/text_not_published
zotero_DV89B7W8:threshold:13,zotero_DV89B7W8,DV89B7W8,10.2217/rme.13.60,Two-photon polymerization of polyethylene glycol diacrylate scaffolds with riboflavin and triethanolamine used as a water-soluble photoinitiator,threshold,8,chamber. PEGda: Polyethylene glycol diacrylate; TEOHA: Triethanolamine. 500 µm 500 µm 500 µm Figure 4. Parameter search arrays. (A) Polyethylene glycol diacrylate (PEGda) with 2% Irgacure® 369; (B) 66% PEGda–riboflavin–triethanolamine (the lowest evaluated laser power was subthreshold and is not present within the imag,,,text_exact_candidate,pending,unknown,local_only/text_not_published
zotero_DV89B7W8:threshold:14,zotero_DV89B7W8,DV89B7W8,10.2217/rme.13.60,Two-photon polymerization of polyethylene glycol diacrylate scaffolds with riboflavin and triethanolamine used as a water-soluble photoinitiator,threshold,8,yethylene glycol diacrylate; TEOHA: Triethanolamine. 500 µm 500 µm 500 µm Figure 4. Parameter search arrays. (A) Polyethylene glycol diacrylate (PEGda) with 2% Irgacure® 369; (B) 66% PEGda–riboflavin–triethanolamine (the lowest evaluated laser power was subthreshold and is not present within the image); (C) PEGda with ,,,text_exact_candidate,pending,unknown,local_only/text_not_published
zotero_DV89B7W8:threshold:8,zotero_DV89B7W8,DV89B7W8,10.2217/rme.13.60,Two-photon polymerization of polyethylene glycol diacrylate scaffolds with riboflavin and triethanolamine used as a water-soluble photoinitiator,threshold,5,"d elements or at 1.25, 2.50 or 3.75 mm/s for structures in the parameter search array before moving onto the next component. After a complete layer was exposed, the sample was moved 5 µm away from the objective before starting the next layer. The average laser power was controlled by a liquid crystal polarizer in the c",,,text_exact_candidate,pending,unknown,local_only/text_not_published
zotero_DV89B7W8:threshold:9,zotero_DV89B7W8,DV89B7W8,10.2217/rme.13.60,Two-photon polymerization of polyethylene glycol diacrylate scaffolds with riboflavin and triethanolamine used as a water-soluble photoinitiator,threshold,5,yer. The average laser power was controlled by a liquid crystal polarizer in the case of the 780-nm laser or a motorized quarter wave plate in the case of the 515 -nm laser. The minimum average laser power was selected by finding a power close to the 2PP threshold and then increasing the power in regular intervals. Pow,,,text_exact_candidate,pending,unknown,local_only/text_not_published
zotero_DV89B7W8:voxel_geometry:15,zotero_DV89B7W8,DV89B7W8,10.2217/rme.13.60,Two-photon polymerization of polyethylene glycol diacrylate scaffolds with riboflavin and triethanolamine used as a water-soluble photoinitiator,voxel_geometry,10,s 2PP processing of materials is affected by mate - rial parameters and processing parameters. Two- photon absorption proceeds where and when the laser fluence is sufficient to provide an appre - ciable probability of simultaneous absorption of photons. The voxel can be shaped by the use of different objectives; for ex,,,text_exact_candidate,pending,unknown,local_only/text_not_published
zotero_DV89B7W8:voxel_geometry:16,zotero_DV89B7W8,DV89B7W8,10.2217/rme.13.60,Two-photon polymerization of polyethylene glycol diacrylate scaffolds with riboflavin and triethanolamine used as a water-soluble photoinitiator,voxel_geometry,10,"ption of photons. The voxel can be shaped by the use of different objectives; for example, the use of a 50× magnification objective would provide a much finer voxel than the use of a 20× objec - tive. A higher numerical aperture would shrink the vertical resolution. Scaffold processing was performed using laser paramet",,,text_exact_candidate,pending,unknown,local_only/text_not_published
zotero_DV89B7W8:voxel_geometry:2,zotero_DV89B7W8,DV89B7W8,10.2217/rme.13.60,Two-photon polymerization of polyethylene glycol diacrylate scaffolds with riboflavin and triethanolamine used as a water-soluble photoinitiator,voxel_geometry,2,", mechanical properties and chemical factors) is essential to the field of tissue engineer- ing and, in particular, the fabrication of niches for stem cell differentiation. The flexibility of 2PP in creating structures with well-controlled geom- etries and feature sizes ranging from below one micrometer to hundreds of ",,,text_exact_candidate,pending,unknown,local_only/text_not_published
zotero_G6JRPM8H:isc_t1:10,zotero_G6JRPM8H,G6JRPM8H,10.1039/c9cc02923k,A two-photon active chevron-shaped type i photoinitiator designed for 3D stereolithography,isc_t1,3,"nm (E T = 2.71 eV) with a corresponding emission lifetime of 1.09 s. This long -lived emitting species first confirms that the T 1 state clearly exhibits a 3* character but it also evidences that the N -O bond cleavage is weakly effective at the excited triplet state. Interestingly, in addition to the phosphorescence",,,text_exact_candidate,pending,unknown,local_only/text_not_published
zotero_G6JRPM8H:isc_t1:2,zotero_G6JRPM8H,G6JRPM8H,10.1039/c9cc02923k,A two-photon active chevron-shaped type i photoinitiator designed for 3D stereolithography,isc_t1,2,"approach consists in associating a well known UV -curing initiator with a -conjugated chromophore having very large two -photon absorption (2PA) cross -sections6, 7 . The initiating step is then promoted by a pho toinduced electron transfer (PeT) or a triplet -triplet (TT) energy transfer from the two -photon excited ",,,text_exact_candidate,pending,unknown,local_only/text_not_published
zotero_G6JRPM8H:isc_t1:8,zotero_G6JRPM8H,G6JRPM8H,10.1039/c9cc02923k,A two-photon active chevron-shaped type i photoinitiator designed for 3D stereolithography,isc_t1,3,"been previously termed as ‘proximity effects’ 17 and is responsible for a large increase of the nonradiative deactivation process at the lowest singlet excited state. This assumption is in line with the non fluorescent character of OXE. By contrast, the intersystem crossing (ISC) to tripl et manifold constitutes one im",,,text_exact_candidate,pending,unknown,local_only/text_not_published
zotero_G6JRPM8H:isc_t1:9,zotero_G6JRPM8H,G6JRPM8H,10.1039/c9cc02923k,A two-photon active chevron-shaped type i photoinitiator designed for 3D stereolithography,isc_t1,3,"d as ‘proximity effects’ 17 and is responsible for a large increase of the nonradiative deactivation process at the lowest singlet excited state. This assumption is in line with the non fluorescent character of OXE. By contrast, the intersystem crossing (ISC) to tripl et manifold constitutes one important deactivation ",,,text_exact_candidate,pending,unknown,local_only/text_not_published
zotero_G6JRPM8H:mechanism:12,zotero_G6JRPM8H,G6JRPM8H,10.1039/c9cc02923k,A two-photon active chevron-shaped type i photoinitiator designed for 3D stereolithography,mechanism,3,N 2-degassed solution of ACN upon irradiation at 365 nm. The photolysis of OXE seems relatively insensitive to oxygen since diss. hardly drops by a factor 1.1 in non degassed condition. Such an invariant effect in presence of oxygen suggests that the photocleavage mainly proceeds via singlet excited state as previousl,,,text_exact_candidate,pending,unknown,local_only/text_not_published
zotero_G6JRPM8H:mechanism:4,zotero_G6JRPM8H,G6JRPM8H,10.1039/c9cc02923k,A two-photon active chevron-shaped type i photoinitiator designed for 3D stereolithography,mechanism,2,"ChemComm COMMUNICATION This journal is © The Royal Society of Chemistry 20xx J. Name ., 20xx, 00 , 1 -3 | 1 Two-Photon Active Chevron-Shaped Type I Photoinitiator Designed for 3D Stereolithography. Received 00th January 20xx, Ruchun Zhou1, Jean-Pierre Malval*2, Ming Jin*1, Arnaud Spangenberg2, Haiyan Pan1, Accepted 00t",,,text_exact_candidate,pending,unknown,local_only/text_not_published
zotero_G6JRPM8H:mechanism:5,zotero_G6JRPM8H,G6JRPM8H,10.1039/c9cc02923k,A two-photon active chevron-shaped type i photoinitiator designed for 3D stereolithography,mechanism,2,"house, France. E-Mails: mingjin@tongji.edu.cn and jean-pierre.malval@uha.fr Electronic Supplementary Information (ESI) available: Additional figures and tables. Experimental procedures . Synthesis and characterization of new compounds chromophore (Type II photoinitiator) and an additional co - reactant used as H -donor",,,text_exact_candidate,pending,unknown,local_only/text_not_published
zotero_G6JRPM8H:mechanism:6,zotero_G6JRPM8H,G6JRPM8H,10.1039/c9cc02923k,A two-photon active chevron-shaped type i photoinitiator designed for 3D stereolithography,mechanism,2,"eavable two-photon active initiator s (Type I systems), the main difficulty relies on the fact that the electronical pre - requisites necessary to promote bond dissociation and two - photon absorption are conceptually divergent. Indeed, while homolytic bond photocleavage generally requires electronic localisation withi",,,text_exact_candidate,pending,unknown,local_only/text_not_published
zotero_G6JRPM8H:pi_loading:13,zotero_G6JRPM8H,G6JRPM8H,10.1039/c9cc02923k,A two-photon active chevron-shaped type i photoinitiator designed for 3D stereolithography,pi_loading,4,es for free radical photopolymerization. The photopolymerization performance of OXE upon one photon excitation has been compared to that of TPO-L using pentaerythritol triacrylate (PETIA) resin containing the photoinitiators at isomolar concentrations (2. 5 mM). Figure S7 shows the conversion rates of the acrylate doub,,,text_exact_candidate,pending,unknown,local_only/text_not_published
zotero_G6JRPM8H:sigma2:1,zotero_G6JRPM8H,G6JRPM8H,10.1039/c9cc02923k,A two-photon active chevron-shaped type i photoinitiator designed for 3D stereolithography,sigma2,2,"an Pan1, Accepted 00th January 20xx Decheng Wan1, Fabrice Morlet-Savary2, Stephan Knopf2. DOI: 10.1039/x0xx00000x www.rsc.org/ We present herein the properties of a highly reactive Type I photoinitiator with significant 2PA cross -sections ( 720nm ~ 90 GM). We demonstrate that this new type of photocleavable system ex",,,text_exact_candidate,pending,unknown,local_only/text_not_published
zotero_G6JRPM8H:sigma2:7,zotero_G6JRPM8H,G6JRPM8H,10.1039/c9cc02923k,A two-photon active chevron-shaped type i photoinitiator designed for 3D stereolithography,sigma2,3,"250 300 350 400 650 700 750 800 0 5 10 15 20 25 30 250 300 350 400 650 700 750 800 2PA / GM  / 10 3 M -1 cm -1  / nm of about 16 600 M -1 cm-1. This value is ~ 80 -fold that of TPO-L which also exhibits a well -separated absorption band in the same spectral region (see Figure S1 ). As shown in Figure 1 , the posi tio",,,text_exact_candidate,pending,unknown,local_only/text_not_published
zotero_G6JRPM8H:threshold:14,zotero_G6JRPM8H,G6JRPM8H,10.1039/c9cc02923k,A two-photon active chevron-shaped type i photoinitiator designed for 3D stereolithography,threshold,4,"formulations using a 40X, 0.65 -NA objective. Figure S8 typically depicts a polymer lines pattern obtained by gradually decreasing the excitation laser power at 800 nm for OXE triacrylate resin. This methodology enables the measurement of the two - photon polymerization threshold power (P th) which is a fundamental par",,,text_exact_candidate,pending,unknown,local_only/text_not_published
zotero_G6JRPM8H:threshold:15,zotero_G6JRPM8H,G6JRPM8H,10.1039/c9cc02923k,A two-photon active chevron-shaped type i photoinitiator designed for 3D stereolithography,threshold,4,"ted upon fabrication of polymer lines by simply focusing the fs- pulse laser beam into the previous isomolar formulations using a 40X, 0.65 -NA objective. Figure S8 typically depicts a polymer lines pattern obtained by gradually decreasing the excitation laser power at 800 nm for OXE triacrylate resin. This methodology",,,text_exact_candidate,pending,unknown,local_only/text_not_published
zotero_G6JRPM8H:threshold:16,zotero_G6JRPM8H,G6JRPM8H,10.1039/c9cc02923k,A two-photon active chevron-shaped type i photoinitiator designed for 3D stereolithography,threshold,4,"sing a 40X, 0.65 -NA objective. Figure S8 typically depicts a polymer lines pattern obtained by gradually decreasing the excitation laser power at 800 nm for OXE triacrylate resin. This methodology enables the measurement of the two - photon polymerization threshold power (P th) which is a fundamental parameter connect",,,text_exact_candidate,pending,unknown,local_only/text_not_published
zotero_G6JRPM8H:voxel_geometry:11,zotero_G6JRPM8H,G6JRPM8H,10.1039/c9cc02923k,A two-photon active chevron-shaped type i photoinitiator designed for 3D stereolithography,voxel_geometry,3,"Fig.1 Experimental and theoretical 1PA absorption spectra of OXE in ACN. 2PA spectrum (circles) of the dye in DCM. It has been measured in the 690 -850 nm rang e using the open aperture z -scan method (see ESI). According to our spectral resolution, the 2PA band matches relatively well the lowest energy 1PA band which ",,,text_exact_candidate,pending,unknown,local_only/text_not_published
zotero_G6JRPM8H:voxel_geometry:3,zotero_G6JRPM8H,G6JRPM8H,10.1039/c9cc02923k,A two-photon active chevron-shaped type i photoinitiator designed for 3D stereolithography,voxel_geometry,2,"ive medicine, or micromachines 1-3. While conventional direct laser writing still constitutes the dominant optical technique for microscale patterning, multiphoton fabrication offers a mean for photoactivating chemical reactions with a much higher spatial resolution 4. Due to the nonlinear intensity dependence of the p",,,text_exact_candidate,pending,unknown,local_only/text_not_published
zotero_GAG9RQRT:mechanism:15,zotero_GAG9RQRT,GAG9RQRT,10.1364/AO.54.007020,"Study of the two-photon excitation of photoinitiator in various solvents, and the two-photon polymerization process",mechanism,7,"in the ground and excited states induces changes in electronic transitions of the solute. This is significant as from these effects it can be seen that excited-state dipole moments are greater than those in the ground state, indicating a strong intramolecular charge transfer character of solute in the excited state [ 1",,,text_exact_candidate,pending,unknown,local_only/text_not_published
zotero_GAG9RQRT:pi_loading:11,zotero_GAG9RQRT,GAG9RQRT,10.1364/AO.54.007020,"Study of the two-photon excitation of photoinitiator in various solvents, and the two-photon polymerization process",pi_loading,6,"492 –510 nm and therefore blue fluorescence was observed in both cases. Also, ethyl acetate was used as solvent to find one-photon and two-photon absorption excited fluorescence for 4, 40-Bis (diethylamino)benzophenon. A 3 × 10−3 M solution was ex- posed in a 10 mm quartz (fused silica) cuvette to 800 nm wave- length a",,,text_exact_candidate,pending,unknown,local_only/text_not_published
zotero_GAG9RQRT:pi_loading:6,zotero_GAG9RQRT,GAG9RQRT,10.1364/AO.54.007020,"Study of the two-photon excitation of photoinitiator in various solvents, and the two-photon polymerization process",pi_loading,3,no)benzophenon. The second harmonic of this laser was used as the source of one-photon excitation. Experimental arrangement is shown in Fig. 2. The sample solution with 3 × 10−3 M was prepared by a successive dilution of the stock solution and was placed in a 10 mm cuvette to obtain the fluorescence at 800 and 400 nm w,,,text_exact_candidate,pending,unknown,local_only/text_not_published
zotero_GAG9RQRT:pi_loading:8,zotero_GAG9RQRT,GAG9RQRT,10.1364/AO.54.007020,"Study of the two-photon excitation of photoinitiator in various solvents, and the two-photon polymerization process",pi_loading,4,"x10-3M 1.54x10-3 M 3.08x10-4 M 1.54x10-4 M 9.24x10-5 M 6.16x10-5 M 3.08x10-5 M ε = 65 M-1cm-1 ε = 65 M-1cm-1 ε = 65 M-1cm-1 ε = 65 M-1cm-1ε = 65 M-1cm-1ε = 65Μ −1cm−1 Molar concentration (mM) 0 5 10 15 20 25 30 35 Absorbance A 0.0 0.5 1.0 1.5 2.0 2.5 ε = 65.4 mM-1 cm-1 )b()a( Fig. 5. (a) Absorbance curves of 4, 40-Bis(",,,text_exact_candidate,pending,unknown,local_only/text_not_published
zotero_GAG9RQRT:sigma2:1,zotero_GAG9RQRT,GAG9RQRT,10.1364/AO.54.007020,"Study of the two-photon excitation of photoinitiator in various solvents, and the two-photon polymerization process",sigma2,1,"nnah College for Women, University of Peshawar , Peshawar , Pakistan *Corresponding author: khanalamso@gmail.com Received 26 May 2015; revised 9 July 2015; accepted 15 July 2015; posted 16 July 2015 (Doc. ID 241593); published 6 August 2015 In this study, the two-photon absorption excited fluorescence of the photosensi",,,text_exact_candidate,pending,unknown,local_only/text_not_published
zotero_GAG9RQRT:sigma2:2,zotero_GAG9RQRT,GAG9RQRT,10.1364/AO.54.007020,"Study of the two-photon excitation of photoinitiator in various solvents, and the two-photon polymerization process",sigma2,1,"processes. To initiate TPA polymerization processes, chromophores with an efficient TPA property are required as a photosensitizer. In the last few years intense study has been carried out for the develop- ment of two-photon chromophores with high two-photon absorption cross section in the field of 3D microfabrication ",,,text_exact_candidate,pending,unknown,local_only/text_not_published
zotero_GAG9RQRT:sigma2:4,zotero_GAG9RQRT,GAG9RQRT,10.1364/AO.54.007020,"Study of the two-photon excitation of photoinitiator in various solvents, and the two-photon polymerization process",sigma2,2,"2.302A z : (2) The absorption coefficient α can be calculated using Eq. ( 2) at different wavelengths once the absorbance at different wave- lengths is found from the spectrum. Here z is 1 cm, which is width of the cuvette containing the resin. To measure the two-photon absorption cross sections of 4,40-Bis(diethylamin",,,text_exact_candidate,pending,unknown,local_only/text_not_published
zotero_GAG9RQRT:sigma2:5,zotero_GAG9RQRT,GAG9RQRT,10.1364/AO.54.007020,"Study of the two-photon excitation of photoinitiator in various solvents, and the two-photon polymerization process",sigma2,2,"a molecular weight of 324.46. Its chemical structure is shown in Fig. 1. To measure the single- and two-photon absorption cross section of the 4, 40-Bis(diethylamino)benzophenon, solutions were prepared with several solvents: ethanol, ethyl acetate, and EBPADMA ( EO /.0136 6). A stock solution was prepared by adding 0.",,,text_exact_candidate,pending,unknown,local_only/text_not_published
zotero_GAG9RQRT:threshold:10,zotero_GAG9RQRT,GAG9RQRT,10.1364/AO.54.007020,"Study of the two-photon excitation of photoinitiator in various solvents, and the two-photon polymerization process",threshold,5,"215 μW laser power, respectively. The recorded spectra are dis- played in Fig. 7(b). A peak fluorescence signal of approximately 3902 counts at 200 mW laser power was recorded over a 2 s integration time. With 215 μW laser power at 400 nm wavelength, a count of approximately 49,760 was obtained with 2 s integration tim",,,text_exact_candidate,pending,unknown,local_only/text_not_published
zotero_GAG9RQRT:threshold:12,zotero_GAG9RQRT,GAG9RQRT,10.1364/AO.54.007020,"Study of the two-photon excitation of photoinitiator in various solvents, and the two-photon polymerization process",threshold,6,"s. Also, ethyl acetate was used as solvent to find one-photon and two-photon absorption excited fluorescence for 4, 40-Bis (diethylamino)benzophenon. A 3 × 10−3 M solution was ex- posed in a 10 mm quartz (fused silica) cuvette to 800 nm wave- length at 200 mW laser power, and to 400 nm wavelength at 215 μW laser power ",,,text_exact_candidate,pending,unknown,local_only/text_not_published
zotero_GAG9RQRT:threshold:7,zotero_GAG9RQRT,GAG9RQRT,10.1364/AO.54.007020,"Study of the two-photon excitation of photoinitiator in various solvents, and the two-photon polymerization process",threshold,3,"d from the slope of the graph as 11; 366 M −1 cm−1, as depicted in Fig. 6(b). A 3 × 10−3 M solution of 4, 40-Bis(diethylamino)benzophe- nonin ethanol was exposed to laser light at 800 nm wavelength and 400 nm wavelength in a 10 mm cuvette at 200 mW and 415 μW laser power, respectively. The fluorescence inten- sities of",,,text_exact_candidate,pending,unknown,local_only/text_not_published
zotero_GAG9RQRT:threshold:9,zotero_GAG9RQRT,GAG9RQRT,10.1364/AO.54.007020,"Study of the two-photon excitation of photoinitiator in various solvents, and the two-photon polymerization process",threshold,4,"Fluorescence spectra recorded for single-photon and two- photon excitation are shown in Fig. 7(a). A peak fluorescence signal of approximately 1793 counts at 200 mW laser power was recorded over a 2 s integration time. With 215 μW laser power at 400 nm wavelength, a count of approximately 4537 was obtained with 2 s int",,,text_exact_candidate,pending,unknown,local_only/text_not_published
zotero_GAG9RQRT:voxel_geometry:13,zotero_GAG9RQRT,GAG9RQRT,10.1364/AO.54.007020,"Study of the two-photon excitation of photoinitiator in various solvents, and the two-photon polymerization process",voxel_geometry,6,"t multiphoton absorption is likely to be taking place. The peak of the intensity of the fluorescence de- pends upon the laser power, as can be seen in Fig. 7(d). The fluorescence of the material was found with the help of an Ocean Optics, HR2000CG-UV-NIR high-resolution spec- trometer. The material was exposed in a cuv",,,text_exact_candidate,pending,unknown,local_only/text_not_published
zotero_GAG9RQRT:voxel_geometry:14,zotero_GAG9RQRT,GAG9RQRT,10.1364/AO.54.007020,"Study of the two-photon excitation of photoinitiator in various solvents, and the two-photon polymerization process",voxel_geometry,7,"and P. L. Baldeck, “New initiator for two-photon absorption induced polym- erization with a microlaser at 1.06 μm,” Synth. Met. 138, 353 –356 (2003). 10. J.-F. Xing, X.-Z. Dong, W.-Q. Chen, X.-M. Duan, N. Takeyasu, T. Tanaka, and S. Kawata, “Improving spatial resolution of two-photon microfabrication by using photoinit",,,text_exact_candidate,pending,unknown,local_only/text_not_published
zotero_GAG9RQRT:voxel_geometry:3,zotero_GAG9RQRT,GAG9RQRT,10.1364/AO.54.007020,"Study of the two-photon excitation of photoinitiator in various solvents, and the two-photon polymerization process",voxel_geometry,1,e [ 1]. This process has a wide range of applications including the most common two-photon polym- erization process used for the fabrication of micrometer- and nanometer-scale 3D structures [ 2]. Three-dimensional micrometer-sized structures with high spatial resolution can be fabricated by using two-photon absorption ,,,text_exact_candidate,pending,unknown,local_only/text_not_published
zotero_H5G5DD8B:isc_t1:10,zotero_H5G5DD8B,H5G5DD8B,10.1002/polb.24891,Tailored thioxanthone-based photoinitiators for two-photon-controllable polymerization and nanolithographic printing,isc_t1,2,"asing the number of initial electrons that are pro- moted to the singlet state) while studying the resulting effects on the polymerization initiating and inhibiting properties of the new compounds (i.e., we will evaluate the intersystem crossing processes and triplet state dynamics as well). We propose that the introdu",,,text_exact_candidate,pending,unknown,local_only/text_not_published
zotero_H5G5DD8B:isc_t1:11,zotero_H5G5DD8B,H5G5DD8B,10.1002/polb.24891,Tailored thioxanthone-based photoinitiators for two-photon-controllable polymerization and nanolithographic printing,isc_t1,2,X500 spectrometer using a ~1% polymer solution (by weight) in deuterated chloroform (Sigma- Aldrich). Ultraviolet –visible (UV –Vis) spectroscopy data were collected using a Cary 60 spectrometer in the wavelength range of 330 nm ≤ λ ≤ 800 nm. Fluorescence and phosphorescence spectroscopy data were obtained using a Cary,,,text_exact_candidate,pending,unknown,local_only/text_not_published
zotero_H5G5DD8B:isc_t1:18,zotero_H5G5DD8B,H5G5DD8B,10.1002/polb.24891,Tailored thioxanthone-based photoinitiators for two-photon-controllable polymerization and nanolithographic printing,isc_t1,5,"ng mechanism in photopolymerizations is as follows. First, an electron in the ground state (S 0) of ITX is promoted to the ﬁrst excited state (S 1) through a two-photon optical transi- tion using an 800 nm wavelength laser.23 Then, the excited state undergoes intersystem crossing to generate the triplet state (T1), whi",,,text_exact_candidate,pending,unknown,local_only/text_not_published
zotero_H5G5DD8B:isc_t1:3,zotero_H5G5DD8B,H5G5DD8B,10.1002/polb.24891,Tailored thioxanthone-based photoinitiators for two-photon-controllable polymerization and nanolithographic printing,isc_t1,1,"improvement in the writing threshold over the commonly used ITX molecule. To elucidate the fundamental mechanism, the excitation and inhibition behavior of the B DAPT molecule were evaluated using density functional theory (DFT) calculations, low-temperature phosphorescence spectroscopy, ultra-fast transient absorption",,,text_exact_candidate,pending,unknown,local_only/text_not_published
zotero_H5G5DD8B:mechanism:13,zotero_H5G5DD8B,H5G5DD8B,10.1002/polb.24891,Tailored thioxanthone-based photoinitiators for two-photon-controllable polymerization and nanolithographic printing,mechanism,2,(DFT) calculations in order to provide a guide for the synthe- sis. Two-photon absorption cross sections were measured for each of the synthesized photoinitiators to provide a direct indicator of the DLW polymerization performance. The exis- tence of possible charge transfer states that could arise due to the donor –ac,,,text_exact_candidate,pending,unknown,local_only/text_not_published
zotero_H5G5DD8B:mechanism:19,zotero_H5G5DD8B,H5G5DD8B,10.1002/polb.24891,Tailored thioxanthone-based photoinitiators for two-photon-controllable polymerization and nanolithographic printing,mechanism,7,"ught of as an acceptor and the ( N,N-dimethylamino)phenyl moieties as the donors. The ﬁrst two singlet excited states for BDAPT are transitions from the HOMO to the LUMO and from the HOMO – 1 to the LUMO, respectively. These correspond to the intramo- lecular charge transfer states, as evidenced by the shift in the wav",,,text_exact_candidate,pending,unknown,local_only/text_not_published
zotero_H5G5DD8B:mechanism:20,zotero_H5G5DD8B,H5G5DD8B,10.1002/polb.24891,Tailored thioxanthone-based photoinitiators for two-photon-controllable polymerization and nanolithographic printing,mechanism,8,"ed at an isovalue of 0.02. These plots are of the: (a) HOMO, LUMO of BDAPT; (b) HOMO and LUMO of DAPT; (c) HOMO and LUMO of DANT; (d) HOMO-1 and LUMO+1 of BDAPT; (e) HOMO-1 and LUMO+1 of DAPT; and (f) HOMO-1 and LUMO+1 of DANT. They are used to illustrate the charge transfer states in those molecules. It can be seen th",,,text_exact_candidate,pending,unknown,local_only/text_not_published
zotero_H5G5DD8B:pi_loading:15,zotero_H5G5DD8B,H5G5DD8B,10.1002/polb.24891,Tailored thioxanthone-based photoinitiators for two-photon-controllable polymerization and nanolithographic printing,pi_loading,4,"le was performed by a manual, micrometer-driven stage. The stages and objective lenses were mounted on an inverted microscope. All of the writing was performed at scan speed of 100 μms −1. Laser powers were measured at the back of the objective lens through a 6 mm diameter aperture. The heights of printed polymer lines",,,text_exact_candidate,pending,unknown,local_only/text_not_published
zotero_H5G5DD8B:pi_loading:17,zotero_H5G5DD8B,H5G5DD8B,10.1002/polb.24891,Tailored thioxanthone-based photoinitiators for two-photon-controllable polymerization and nanolithographic printing,pi_loading,5,"(FWHM) bandwidth of 28 nm. The beam was ﬁrst spatially ﬁl- tered before being focused to a beam waist of ~16 μm. Solu- tions of photoinitiators in THF were evaluated with a 1 mm path length cuvette holding the solution. During the measure- ment, the sample was translated along the optical (z-) axis by a motorized stage",,,text_exact_candidate,pending,unknown,local_only/text_not_published
zotero_H5G5DD8B:sigma2:14,zotero_H5G5DD8B,H5G5DD8B,10.1002/polb.24891,Tailored thioxanthone-based photoinitiators for two-photon-controllable polymerization and nanolithographic printing,sigma2,4,"g mode. After these height measurements were made, the structures were sputter-coated with an Au/Pd mixture, and the samples were imaged using a scanning electron micro- scope (Hitachi S-4800) with 30 kV accelerating voltage. Z-Scan Measurements The nonlinear two-photon absorption cross sections were determined using a",,,text_exact_candidate,pending,unknown,local_only/text_not_published
zotero_H5G5DD8B:sigma2:6,zotero_H5G5DD8B,H5G5DD8B,10.1002/polb.24891,Tailored thioxanthone-based photoinitiators for two-photon-controllable polymerization and nanolithographic printing,sigma2,2,"tion peak of the photoinitiators relative to ITX to improve this ratio of absorption peak wavelength to the incident light wavelength. Moreover, it has been shown that molecules fol- lowing a donor –acceptor–donor type structure also demon- strate an improved two-photon absorption cross section. 16 Following these line",,,text_exact_candidate,pending,unknown,local_only/text_not_published
zotero_H5G5DD8B:sigma2:7,zotero_H5G5DD8B,H5G5DD8B,10.1002/polb.24891,Tailored thioxanthone-based photoinitiators for two-photon-controllable polymerization and nanolithographic printing,sigma2,2,"TX demonstrates the desired photoinitiation and photoinhibition properties with respect to the writing and depletion wavelengths, 9,12 the writing laser power required for this material is still large at the common writing wavelength of 800 nm due to the weak two-photon absorption cross section of the ITX molecule. 13 ",,,text_exact_candidate,pending,unknown,local_only/text_not_published
zotero_H5G5DD8B:sigma2:8,zotero_H5G5DD8B,H5G5DD8B,10.1002/polb.24891,Tailored thioxanthone-based photoinitiators for two-photon-controllable polymerization and nanolithographic printing,sigma2,2,"f the photoinitiators relative to ITX to improve this ratio of absorption peak wavelength to the incident light wavelength. Moreover, it has been shown that molecules fol- lowing a donor –acceptor–donor type structure also demon- strate an improved two-photon absorption cross section. 16 Following these lines of thinki",,,text_exact_candidate,pending,unknown,local_only/text_not_published
zotero_H5G5DD8B:threshold:1,zotero_H5G5DD8B,H5G5DD8B,10.1002/polb.24891,Tailored thioxanthone-based photoinitiators for two-photon-controllable polymerization and nanolithographic printing,threshold,1,"on behavior of the B DAPT molecule were evaluated using density functional theory (DFT) calculations, low-temperature phosphorescence spectroscopy, ultra-fast transient absorption spec- troscopy, and the two-photon Z-scan spectroscopic technique. The improved polymerization threshold of this new photoinitiator pre- sen",,,text_exact_candidate,pending,unknown,local_only/text_not_published
zotero_H5G5DD8B:threshold:16,zotero_H5G5DD8B,H5G5DD8B,10.1002/polb.24891,Tailored thioxanthone-based photoinitiators for two-photon-controllable polymerization and nanolithographic printing,threshold,4,"on, N.A. = 1.49) to the sample located on a 100 μm × 100 μm × 200 μm travel piezostage (Mad City Labs), which is computer-controlled for translation in space. Fast mechanical shutters (Uniblitz) were used to control each beam independently. Attenuation of the laser power was achieved by variable neutral density ﬁlters.",,,text_exact_candidate,pending,unknown,local_only/text_not_published
zotero_H5G5DD8B:threshold:2,zotero_H5G5DD8B,H5G5DD8B,10.1002/polb.24891,Tailored thioxanthone-based photoinitiators for two-photon-controllable polymerization and nanolithographic printing,threshold,1,"ized. Then two-photon polymeriza- tion was performed using the most promising photoinitiating mole- cule. Importantly, one of the initiators, 2,7-bis[(4-(dimethylamino) phenyl ethynyl)-9H-thioxanthen-9-one] (BDAPT), showed a ﬁvefold improvement in the writing threshold over the commonly used ITX molecule. To elucidate ",,,text_exact_candidate,pending,unknown,local_only/text_not_published
zotero_H5G5DD8B:threshold:9,zotero_H5G5DD8B,H5G5DD8B,10.1002/polb.24891,Tailored thioxanthone-based photoinitiators for two-photon-controllable polymerization and nanolithographic printing,threshold,2,"devel- oped, and some of the most promising materials have been investigated with nanolithographic applications in mind. 10,11 However, there is a demand in both academic and industrial circles for more ef ﬁcient photoinitiators in order to reduce the writing laser power requirements. Because the polymeri- zation that ",,,text_exact_candidate,pending,unknown,local_only/text_not_published
zotero_H5G5DD8B:voxel_geometry:12,zotero_H5G5DD8B,H5G5DD8B,10.1002/polb.24891,Tailored thioxanthone-based photoinitiators for two-photon-controllable polymerization and nanolithographic printing,voxel_geometry,2,"(i.e., in cases where multiple lasers would be required in order to achieve high-throughput production). Also of concern is the tendency of larger laser powers to lead to parasitic polymerization due to thermal initiation events, which can impact the minimum feature sizes that are attainable. 14 Thus, there is a signi ",,,text_exact_candidate,pending,unknown,local_only/text_not_published
zotero_H5G5DD8B:voxel_geometry:4,zotero_H5G5DD8B,H5G5DD8B,10.1002/polb.24891,Tailored thioxanthone-based photoinitiators for two-photon-controllable polymerization and nanolithographic printing,voxel_geometry,1,"n the ﬁeld of nanolithography. A type of direct laser writing (DLW), this two-photon polymerization printing process takes advan- tage of the nonlinearity of multiphoton absorption in a poly- meric photoresist to improve the spatial con ﬁnement of the printed voxel in a signi ﬁcant manner. In turn, this allows for the ",,,text_exact_candidate,pending,unknown,local_only/text_not_published
zotero_H5G5DD8B:voxel_geometry:5,zotero_H5G5DD8B,H5G5DD8B,10.1002/polb.24891,Tailored thioxanthone-based photoinitiators for two-photon-controllable polymerization and nanolithographic printing,voxel_geometry,1,"te of Technology, 2950 Hobson Way, Wright Patterseon AFB, Ohio, 45433 Correspondence to: B. W. Boudouris (E-mail: boudouris@purdue.edu) Received 14 May 2019; revised 15 September 2019; accepted 1 October 2019 DOI: 10.1002/polb.24891 ABSTRACT: Printing of high-resolution three-dimensional nano- structures utilizing two-",,,text_exact_candidate,pending,unknown,local_only/text_not_published
zotero_H86SV53N:pi_loading:4,zotero_H86SV53N,H86SV53N,10.1021/la803803m,Three-dimensional biodegradable structures fabricated by two-photon polymerization,pi_loading,4,"ample format was used, as described previously. 30 The spacer between the two coverslips was 100µm thick. To promote sample adhesion, the coverslips were bathed in a dilute solution of 3-(trimethy- oxysilyl)propyl methacrylate (MAPTMS, 99%, Polysciences Inc., 40 mM in CH 2Cl2) before use. 2PP Experimental Setup. The pr",,,text_exact_candidate,pending,unknown,local_only/text_not_published
zotero_H86SV53N:threshold:2,zotero_H86SV53N,H86SV53N,10.1021/la803803m,Three-dimensional biodegradable structures fabricated by two-photon polymerization,threshold,2,"-standing cylinders are remnants of nonpolymerized prepolymer. As shown in Figure 3a, it is possible to fabricate free-standing objects providing a real three-dimensional structure using this material. In this case, the scanning speed was again 50µm/s and the laser power 30 mW. A 1600 × magniﬁcation detail of the same ",,,text_exact_candidate,pending,unknown,local_only/text_not_published
zotero_H86SV53N:voxel_geometry:1,zotero_H86SV53N,H86SV53N,10.1021/la803803m,Three-dimensional biodegradable structures fabricated by two-photon polymerization,voxel_geometry,1,"opolymer poly( ε-caprolactone-co-trimethylenecarbonate)-b-poly(ethylene glycol)- b-poly(ε-caprolactone- co-trimethylenecarbonate) with 4,4′-bis(diethylamino)benzophenone as the photoinitiator. The fabricated structures were of good quality and had four micron resolution. Initial cytotoxicity tests show that the materia",,,text_exact_candidate,pending,unknown,local_only/text_not_published
zotero_H86SV53N:voxel_geometry:3,zotero_H86SV53N,H86SV53N,10.1021/la803803m,Three-dimensional biodegradable structures fabricated by two-photon polymerization,voxel_geometry,2,3D laser nonlinear lithography has been demonstrated as a technology for the fabrication of 3D structures with high resolution capabilities. 17-19 The technique is based on the phenomenon of two-photon polymerization (2PP). When the beam of an ultrafast infrared laser is tightly focused into the volume of a photosensit,,,text_exact_candidate,pending,unknown,local_only/text_not_published
zotero_IMCYIYET:isc_t1:11,zotero_IMCYIYET,IMCYIYET,,Evidence guided mechanism aware workflow for two photon photoinitiator discovery,isc_t1,7,sigma_780 sigma_max toxicity solubility SA isc 0.0 0.1 0.2 0.3 0.4 0.5 RMSE (standardized) a) Sealed outer-test error D06 F06 sigma_780 sigma_max toxicity solubility SA isc 0.750 0.775 0.800 0.825 0.850 0.875 0.900 0.925 0.950 R2 b) Task-wise explanatory power D06 F06 −0.020 −0.015 −0.010 −0.005 0.000 0.005 0.010 Delta,,,text_exact_candidate,pending,unknown,local_only/text_not_published
zotero_IMCYIYET:isc_t1:12,zotero_IMCYIYET,IMCYIYET,,Evidence guided mechanism aware workflow for two photon photoinitiator discovery,isc_t1,8,3 RMSE = 0.285 Spearman = 0.993 n = 14032 −2.5 0.0 2.5 5.0 7.5 True values −4 −2 0 2 4 6 Predicted values (e) Synthetic accessibility R² = 0.845 MAE = 0.154 RMSE = 0.333 Spearman = 0.952 n = 20917 −4 −2 0 2 True values −4 −3 −2 −1 0 1 2 3 Predicted values (f) ISC energy R² = 0.831 MAE = 0.268 RMSE = 0.412 Spearman = 0.,,,text_exact_candidate,pending,unknown,local_only/text_not_published
zotero_IMCYIYET:isc_t1:13,zotero_IMCYIYET,IMCYIYET,,Evidence guided mechanism aware workflow for two photon photoinitiator discovery,isc_t1,9,"rom the radical headline rather than being mixed into a photoinitiator ranking. Putative Type-I can- didates require evidence for accessible excited-state activation, relevant bond cleavage and chemically credible radical fragments. Type-II candidates require triplet-state characterization and an explicit co-initiator ",,,text_exact_candidate,pending,unknown,local_only/text_not_published
zotero_IMCYIYET:isc_t1:14,zotero_IMCYIYET,IMCYIYET,,Evidence guided mechanism aware workflow for two photon photoinitiator discovery,isc_t1,10,"for Round26 OXE, other OXE-like and non-OXE groups. The audit is diagnostic and does not modify model weights, V3 rankings or quantum-mechanical queues. Source data are provided as Source Data files. the central questions. For Type-II and SET/PET candidates, triplet energetics, co- initiator compatibility and electron-",,,text_exact_candidate,pending,unknown,local_only/text_not_published
zotero_IMCYIYET:mechanism:2,zotero_IMCYIYET,IMCYIYET,,Evidence guided mechanism aware workflow for two photon photoinitiator discovery,mechanism,1,"d as sufficient evidence for initiation. Here we present an evidence-guided, mechanism-aware workflow for functional molec- ular materials discovery, demonstrated on radical two-photon photoinitiators. Literature-derived rules define candidate scope, separate Type-I, Type-II and SET/PET candidates from cationic and bou",,,text_exact_candidate,pending,unknown,local_only/text_not_published
zotero_IMCYIYET:mechanism:3,zotero_IMCYIYET,IMCYIYET,,Evidence guided mechanism aware workflow for two photon photoinitiator discovery,mechanism,1,"ficient evidence for initiation. Here we present an evidence-guided, mechanism-aware workflow for functional molec- ular materials discovery, demonstrated on radical two-photon photoinitiators. Literature-derived rules define candidate scope, separate Type-I, Type-II and SET/PET candidates from cationic and boundary ca",,,text_exact_candidate,pending,unknown,local_only/text_not_published
zotero_IMCYIYET:mechanism:8,zotero_IMCYIYET,IMCYIYET,,Evidence guided mechanism aware workflow for two photon photoinitiator discovery,mechanism,2,"discovery intrinsically mechanism-dependent. A large two-photon absorption cross section increases the prob- ability of excitation, but it does not establish that the excited state will generate radicals capable of initiating polymerization. Single-component Type-I systems require an accessible bond-cleavage pathway an",,,text_exact_candidate,pending,unknown,local_only/text_not_published
zotero_IMCYIYET:mechanism:9,zotero_IMCYIYET,IMCYIYET,,Evidence guided mechanism aware workflow for two photon photoinitiator discovery,mechanism,2,"ncreases the prob- ability of excitation, but it does not establish that the excited state will generate radicals capable of initiating polymerization. Single-component Type-I systems require an accessible bond-cleavage pathway and reactive radical fragments. Type-II systems require a suitable hydrogen donor or electro",,,text_exact_candidate,pending,unknown,local_only/text_not_published
zotero_IMCYIYET:sigma2:1,zotero_IMCYIYET,IMCYIYET,,Evidence guided mechanism aware workflow for two photon photoinitiator discovery,sigma2,1,"ution.edu; Abstract Two-photon photoinitiators enable near-infrared three-dimensional microfabri- cation by converting tightly localized excitation into initiating radicals. However, discovery remains concentrated in narrow scaffold series, and high predicted two-photon absorption is often treated as sufficient evidenc",,,text_exact_candidate,pending,unknown,local_only/text_not_published
zotero_IMCYIYET:sigma2:4,zotero_IMCYIYET,IMCYIYET,,Evidence guided mechanism aware workflow for two photon photoinitiator discovery,sigma2,2,a useful candidate must absorb efficiently under nonlinear excitation and must also provide a formulation-relevant pathway to productive initiating radicals. This requirement makes two-photon photoinitiator discovery intrinsically mechanism-dependent. A large two-photon absorption cross section increases the prob- abil,,,text_exact_candidate,pending,unknown,local_only/text_not_published
zotero_IMCYIYET:sigma2:5,zotero_IMCYIYET,IMCYIYET,,Evidence guided mechanism aware workflow for two photon photoinitiator discovery,sigma2,2,a useful candidate must absorb efficiently under nonlinear excitation and must also provide a formulation-relevant pathway to productive initiating radicals. This requirement makes two-photon photoinitiator discovery intrinsically mechanism-dependent. A large two-photon absorption cross section increases the prob- abil,,,text_exact_candidate,pending,unknown,local_only/text_not_published
zotero_IMCYIYET:sigma2:6,zotero_IMCYIYET,IMCYIYET,,Evidence guided mechanism aware workflow for two photon photoinitiator discovery,sigma2,2,ndidate must absorb efficiently under nonlinear excitation and must also provide a formulation-relevant pathway to productive initiating radicals. This requirement makes two-photon photoinitiator discovery intrinsically mechanism-dependent. A large two-photon absorption cross section increases the prob- ability of exci,,,text_exact_candidate,pending,unknown,local_only/text_not_published
zotero_IMCYIYET:threshold:10,zotero_IMCYIYET,IMCYIYET,,Evidence guided mechanism aware workflow for two photon photoinitiator discovery,threshold,6,"ved rank structure across optical, feasibility and excited-state endpoints, with task-levelR2 values from 0.785 to 0.930 on the same outer-test evaluation (Fig. 3). We therefore use D06 as the primary multitask ranking backbone and F06 as a PI-family-informed sensitivity model. 2.5 Benchmark controls constrain ranking ",,,text_exact_candidate,pending,unknown,local_only/text_not_published
zotero_IMCYIYET:threshold:15,zotero_IMCYIYET,IMCYIYET,,Evidence guided mechanism aware workflow for two photon photoinitiator discovery,threshold,11,"chanistic plausibility by examining excited states, bond cleavage, radical stability, triplet states or electron- transfer thermodynamics, depending on the assigned lane. They cannot by themselves establish resin compatibility, practical exposure dose, oxygen sensitivity, solubility under formulation conditions or fina",,,text_exact_candidate,pending,unknown,local_only/text_not_published
zotero_IMCYIYET:threshold:16,zotero_IMCYIYET,IMCYIYET,,Evidence guided mechanism aware workflow for two photon photoinitiator discovery,threshold,13,"supervised target under the available data representa- tion.absorption rangehas a clear physical meaning because it describes spectral coverage and matching to the target excitation window. In the present dataset, however, it behaved more like an interval- or threshold-matching descriptor than a stable, information-ric",,,text_exact_candidate,pending,unknown,local_only/text_not_published
zotero_IMCYIYET:threshold:7,zotero_IMCYIYET,IMCYIYET,,Evidence guided mechanism aware workflow for two photon photoinitiator discovery,threshold,2,"l, optical and biological functions accessible to 2PP-fabricated materials[1–3]. In this process, the photoini- tiator is not a passive optical absorber; it is the molecular component that couples optical excitation to the radical chemistry governing exposure threshold, writing window and polymerization efficiency[3, 4",,,text_exact_candidate,pending,unknown,local_only/text_not_published
zotero_INAWB8HL:mechanism:15,zotero_INAWB8HL,INAWB8HL,10.1115/1.4000097,Process sensitivity analysis and resolution prediction for the two photon polymerization of micro/nano structures,mechanism,2,"rization. The Lucirin TPO-L pho- toinitiator is liquid at room temperature and readily soluble in most monomers. Even though it has a peak absorption at 375 nm, it also shows good absorption of 400 nm wavelength light. This makes it an excellent candidate for radical generation at 800 nm wavelength employed for 2PP . I",,,text_exact_candidate,pending,unknown,local_only/text_not_published
zotero_INAWB8HL:mechanism:17,zotero_INAWB8HL,INAWB8HL,10.1115/1.4000097,Process sensitivity analysis and resolution prediction for the two photon polymerization of micro/nano structures,mechanism,4,Table 1 The ANOVA table for width Source Type III sum of squares Df Mean square F Sig. Model 3135.763 54 58.070 2.117 /H11003103 0.000 Conc 18.867 2 9.433 343.899 0.000 Speed 98.185 2 49.092 1.790 /H11003103 0.000 Power 272.097 5 54.419 1.984 /H11003103 0.000 Conc/H11569speed 10.140 4 2.535 92.418 0.000 Conc/H11569powe,,,text_exact_candidate,pending,unknown,local_only/text_not_published
zotero_INAWB8HL:mechanism:18,zotero_INAWB8HL,INAWB8HL,10.1115/1.4000097,Process sensitivity analysis and resolution prediction for the two photon polymerization of micro/nano structures,mechanism,4,Table 1 The ANOVA table for width Source Type III sum of squares Df Mean square F Sig. Model 3135.763 54 58.070 2.117 /H11003103 0.000 Conc 18.867 2 9.433 343.899 0.000 Speed 98.185 2 49.092 1.790 /H11003103 0.000 Power 272.097 5 54.419 1.984 /H11003103 0.000 Conc/H11569speed 10.140 4 2.535 92.418 0.000 Conc/H11569powe,,,text_exact_candidate,pending,unknown,local_only/text_not_published
zotero_INAWB8HL:mechanism:19,zotero_INAWB8HL,INAWB8HL,10.1115/1.4000097,Process sensitivity analysis and resolution prediction for the two photon polymerization of micro/nano structures,mechanism,6,"e less parameter to worry about while designing the fabrication process. 3.3 Analysis of Polymerized Height. As evaluated from model assumption analysis, the model for the polymerized height does not have a constant error variance and is more likely to make a type I error. The remedial measure has to be performed for t",,,text_exact_candidate,pending,unknown,local_only/text_not_published
zotero_INAWB8HL:pi_loading:10,zotero_INAWB8HL,INAWB8HL,10.1115/1.4000097,Process sensitivity analysis and resolution prediction for the two photon polymerization of micro/nano structures,pi_loading,2,"they were deﬁned based on our past experience with them. For the experiments, six levels of applied power /H2084912.5 mW, 16 mW, 20 mW, 25 mW, 35 mW, and 50 mW /H20850, three levels of speed /H208491 mm/min, 3 mm/min, and 5 mm/min /H20850, and three different photoinitiator concentrations by weight /H208492.56%, 3.78%,",,,text_exact_candidate,pending,unknown,local_only/text_not_published
zotero_INAWB8HL:pi_loading:11,zotero_INAWB8HL,INAWB8HL,10.1115/1.4000097,Process sensitivity analysis and resolution prediction for the two photon polymerization of micro/nano structures,pi_loading,2,"were deﬁned based on our past experience with them. For the experiments, six levels of applied power /H2084912.5 mW, 16 mW, 20 mW, 25 mW, 35 mW, and 50 mW /H20850, three levels of speed /H208491 mm/min, 3 mm/min, and 5 mm/min /H20850, and three different photoinitiator concentrations by weight /H208492.56%, 3.78%, and ",,,text_exact_candidate,pending,unknown,local_only/text_not_published
zotero_INAWB8HL:pi_loading:4,zotero_INAWB8HL,INAWB8HL,10.1115/1.4000097,Process sensitivity analysis and resolution prediction for the two photon polymerization of micro/nano structures,pi_loading,1,"trol can be signiﬁcantly improved by a good un- derstanding of the synergistic effect of common controlled pro- cess parameters and their effects on the sensitivity of the process resolution. The correct combination of scanning speed, applied laser power, and photoinitiator concentration can signiﬁcantly im- prove the ",,,text_exact_candidate,pending,unknown,local_only/text_not_published
zotero_INAWB8HL:pi_loading:5,zotero_INAWB8HL,INAWB8HL,10.1115/1.4000097,Process sensitivity analysis and resolution prediction for the two photon polymerization of micro/nano structures,pi_loading,1,"can be signiﬁcantly improved by a good un- derstanding of the synergistic effect of common controlled pro- cess parameters and their effects on the sensitivity of the process resolution. The correct combination of scanning speed, applied laser power, and photoinitiator concentration can signiﬁcantly im- prove the proce",,,text_exact_candidate,pending,unknown,local_only/text_not_published
zotero_INAWB8HL:sigma2:1,zotero_INAWB8HL,INAWB8HL,10.1115/1.4000097,Process sensitivity analysis and resolution prediction for the two photon polymerization of micro/nano structures,sigma2,1,solution depen- dence on various process parameters is important. Most of the published literature/research on 2PP focuses on employing the process for structuring micro/nano components or characterizing and inventing new or improved photoinitiators with high two photon absorption cross section /H208518/H20852. Experim,,,text_exact_candidate,pending,unknown,local_only/text_not_published
zotero_INAWB8HL:sigma2:2,zotero_INAWB8HL,INAWB8HL,10.1115/1.4000097,Process sensitivity analysis and resolution prediction for the two photon polymerization of micro/nano structures,sigma2,1,solution depen- dence on various process parameters is important. Most of the published literature/research on 2PP focuses on employing the process for structuring micro/nano components or characterizing and inventing new or improved photoinitiators with high two photon absorption cross section /H208518/H20852. Experim,,,text_exact_candidate,pending,unknown,local_only/text_not_published
zotero_INAWB8HL:sigma2:20,zotero_INAWB8HL,INAWB8HL,10.1115/1.4000097,Process sensitivity analysis and resolution prediction for the two photon polymerization of micro/nano structures,sigma2,9,"., Lee, K., and Kawata, S., 2003, “Scaling Laws of V oxels in Two-Photon Polymerization Nanofabrication,” Appl. Phys. Lett., 83/H208496/H20850, pp. 1104–1106. /H2085111/H20852Mendonca, C. R., Correa, D. S., Baldacchini, T., Tayalia, P ., and Mazur, E., 2008, “Two-Photon Absorption Spectrum of the Photoinitiator Lucirin",,,text_exact_candidate,pending,unknown,local_only/text_not_published
zotero_INAWB8HL:sigma2:3,zotero_INAWB8HL,INAWB8HL,10.1115/1.4000097,Process sensitivity analysis and resolution prediction for the two photon polymerization of micro/nano structures,sigma2,1,pen- dence on various process parameters is important. Most of the published literature/research on 2PP focuses on employing the process for structuring micro/nano components or characterizing and inventing new or improved photoinitiators with high two photon absorption cross section /H208518/H20852. Experimental work ,,,text_exact_candidate,pending,unknown,local_only/text_not_published
zotero_INAWB8HL:threshold:12,zotero_INAWB8HL,INAWB8HL,10.1115/1.4000097,Process sensitivity analysis and resolution prediction for the two photon polymerization of micro/nano structures,threshold,2,"perly anchored to the substrate. The height was measured when the walls were loosely anchored or were ﬂoating in the resin to avoid the height truncation due to the substrate. An example of the pattern fabricated with 3.78% photoinitiator concentration, 50 mW laser power, and 3 mm/min speed is shown in Fig. 2. The stat",,,text_exact_candidate,pending,unknown,local_only/text_not_published
zotero_INAWB8HL:threshold:13,zotero_INAWB8HL,INAWB8HL,10.1115/1.4000097,Process sensitivity analysis and resolution prediction for the two photon polymerization of micro/nano structures,threshold,2,"d decrease with an increase in scanning speed. It has been discussed in the literature that smaller polymerized dimensions can be achieved by a combination of low laser powers, low photoinitiator concentration, and high speeds/low exposure times that leads to thresholding conditions /H2085110,12/H20852. But there is no",,,text_exact_candidate,pending,unknown,local_only/text_not_published
zotero_INAWB8HL:threshold:6,zotero_INAWB8HL,INAWB8HL,10.1115/1.4000097,Process sensitivity analysis and resolution prediction for the two photon polymerization of micro/nano structures,threshold,1,"sitive polymers. The polymerization process and its resolution depend on the combination of various chemical and physical process param- eters. In this research, statistical techniques are employed to evaluate the sensitivity of the 2PP process on the applied laser power , scanning speed, and concentration of pho- toin",,,text_exact_candidate,pending,unknown,local_only/text_not_published
zotero_INAWB8HL:threshold:7,zotero_INAWB8HL,INAWB8HL,10.1115/1.4000097,Process sensitivity analysis and resolution prediction for the two photon polymerization of micro/nano structures,threshold,1,"Nitin Uppal Panos S. Shiakolas 1 e-mail: shiakolas@uta.edu Department of Mechanical and Aerospace Engineering, University of Texas at Arlington, 500 West First Street, Arlington, TX 76019 Process Sensitivity Analysis and Resolution Prediction for the Two Photon Polymerization of Micro/Nano Structures Two photon polymer",,,text_exact_candidate,pending,unknown,local_only/text_not_published
zotero_INAWB8HL:voxel_geometry:14,zotero_INAWB8HL,INAWB8HL,10.1115/1.4000097,Process sensitivity analysis and resolution prediction for the two photon polymerization of micro/nano structures,voxel_geometry,2,or prediction pur- poses. Experiments are performed to verify the accuracy of the developed model. The entailed information from the experiments and statistical analysis is helpful in understanding the role of cho- sen process parameters on the achievable 2PP resolution and in the 2PP fabrication of micro/nano features,,,text_exact_candidate,pending,unknown,local_only/text_not_published
zotero_INAWB8HL:voxel_geometry:16,zotero_INAWB8HL,INAWB8HL,10.1115/1.4000097,Process sensitivity analysis and resolution prediction for the two photon polymerization of micro/nano structures,voxel_geometry,3,"trast plots are better suited for understanding the combined gen- eral behavior of process parameters on the process resolution but they do not answer all of the questions that an experimenter would like to evaluate. Answers to questions sought from the experimen- tal analysis are: How does the speed, power, and concen",,,text_exact_candidate,pending,unknown,local_only/text_not_published
zotero_INAWB8HL:voxel_geometry:8,zotero_INAWB8HL,INAWB8HL,10.1115/1.4000097,Process sensitivity analysis and resolution prediction for the two photon polymerization of micro/nano structures,voxel_geometry,1,"Nitin Uppal Panos S. Shiakolas 1 e-mail: shiakolas@uta.edu Department of Mechanical and Aerospace Engineering, University of Texas at Arlington, 500 West First Street, Arlington, TX 76019 Process Sensitivity Analysis and Resolution Prediction for the Two Photon Polymerization of Micro/Nano Structures Two photon polymer",,,text_exact_candidate,pending,unknown,local_only/text_not_published
zotero_INAWB8HL:voxel_geometry:9,zotero_INAWB8HL,INAWB8HL,10.1115/1.4000097,Process sensitivity analysis and resolution prediction for the two photon polymerization of micro/nano structures,voxel_geometry,1,"d on the polymerized width and height /H208518–10/H20852. Even though most of the work studies the change in size of polymerized volume at various applied average powers and exposure times, it does not quantify the process. It is experimentally shown that the aspect ratio of a structure increases with higher powers and",,,text_exact_candidate,pending,unknown,local_only/text_not_published
zotero_IYEGSI2X:pi_loading:3,zotero_IYEGSI2X,IYEGSI2X,10.1016/j.apsusc.2007.08.011,Functional polymers by two-photon 3D lithography,pi_loading,2,"31.0) according to 20 ppm (w/w) platin. Three and 1 equiv. of the catalyst containing VDT-731 mixture were blended with 1 equiv. of HMS-082. The pot time of this composition was more than 30 min, which was sufﬁcient for handling. PDMS discs with a diameter of 8.0 mm and a thickness of 2.0 mm were cured for 20 h in a mo",,,text_exact_candidate,pending,unknown,local_only/text_not_published
zotero_IYEGSI2X:pi_loading:4,zotero_IYEGSI2X,IYEGSI2X,10.1016/j.apsusc.2007.08.011,Functional polymers by two-photon 3D lithography,pi_loading,3,"cetonitrile: (a) DPD (5 /C210/C05 M); (b) O-DPD (5 /C210/C05 M); (c) S-DPD (2.5 /C210/C05 M); (d) N-DPD (2.5 /C210/C05 M). Fig. 4. N-DPD showed best results in acrylate resin with 0.025 wt% photo- initiator (structure written with 800 nm at 12.5 mW, feed rate 1 mm/min). R. Infuehr et al. / Applied Surface Science 254 (",,,text_exact_candidate,pending,unknown,local_only/text_not_published
zotero_IYEGSI2X:pi_loading:5,zotero_IYEGSI2X,IYEGSI2X,10.1016/j.apsusc.2007.08.011,Functional polymers by two-photon 3D lithography,pi_loading,5,"d an increased absorption at the C O band (Fig. 6c). In order to visualize the change in refractive index by polymerizing of monomer moieties in the PDMS matrix, preformed ﬁlms were cured selectively under UV-light using a photomask. A microscope slide with a 60 mm PDMS (3 equiv. VDT-731) layer was soaked in a monomer ",,,text_exact_candidate,pending,unknown,local_only/text_not_published
zotero_IYEGSI2X:sigma2:1,zotero_IYEGSI2X,IYEGSI2X,10.1016/j.apsusc.2007.08.011,Functional polymers by two-photon 3D lithography,sigma2,1,"h with potential applicability of waveguide writing in 3D by two-photon polymerization. Photopolymers based on acrylate chemistry were used in order to evaluate the optical capabilities of the available two-photon system. Several photoinitiators, tailored for two-photon absorption, were tested in a mixture of trimethyl",,,text_exact_candidate,pending,unknown,local_only/text_not_published
zotero_IYEGSI2X:voxel_geometry:2,zotero_IYEGSI2X,IYEGSI2X,10.1016/j.apsusc.2007.08.011,Functional polymers by two-photon 3D lithography,voxel_geometry,1,"everal photoinitiators, tailored for two-photon absorption, were tested in a mixture of trimethylolpropane triacrylate and ethoxylated trimethylolpropane triacrylate. Best results were obtained with a recently synthesized diynone-based photoinitiator. Feature resolutions in the range of 300 nm were achieved. Due to the",,,text_exact_candidate,pending,unknown,local_only/text_not_published
zotero_IYEGSI2X:voxel_geometry:6,zotero_IYEGSI2X,IYEGSI2X,10.1016/j.apsusc.2007.08.011,Functional polymers by two-photon 3D lithography,voxel_geometry,5,h the naked eye. A refractive index increase in the range of Dn = 0.01 (Dn/ n = 0.7%) was achieved. 4. Conclusion Two-photon polymerization is a new and modern ﬁeld in 3D structuring. With especially tailored cross-conjugated photoinitiators we showed feature resolutions in the range of 300 nm with only 0.025 wt% of in,,,text_exact_candidate,pending,unknown,local_only/text_not_published
zotero_KGWA2AJ6:isc_t1:7,zotero_KGWA2AJ6,KGWA2AJ6,10.1007/s00339-007-4367-0,Two-photon absorption spectrum of the photoinitiator Lucirin TPO-L,isc_t1,3,"low ﬂuorescence quantum yield of Lucirin TPO-L [31] suggests a high singl et–triplet conversion efﬁ- ciency. This high efﬁciency can be attributed to the presence of the phosphorous atom in the molecule, which enhances the spin–orbit coupling, increas ing the intersystem crossing rate [32]. Although photoinitiators wit",,,text_exact_candidate,pending,unknown,local_only/text_not_published
zotero_KGWA2AJ6:isc_t1:8,zotero_KGWA2AJ6,KGWA2AJ6,10.1007/s00339-007-4367-0,Two-photon absorption spectrum of the photoinitiator Lucirin TPO-L,isc_t1,3,"730 nm and the two-photon cross- section is small, indicating that the radical quantum yield must be high. It is this high radical quantum yield that makes Lu- cirin TPO-L an effective photoinitiator. Lucirin TPO-L generates radicals when it is excited to the triplet state [31]. Due to the two-photon excitation puts th",,,text_exact_candidate,pending,unknown,local_only/text_not_published
zotero_KGWA2AJ6:sigma2:1,zotero_KGWA2AJ6,KGWA2AJ6,10.1007/s00339-007-4367-0,Two-photon absorption spectrum of the photoinitiator Lucirin TPO-L,sigma2,1,"ization provides a powerful method for the fabrication of intricate three- dimensional microstructures. Recently, Lucirin TPO-L was shown to be a photoinitiator with several advantageous proper- ties for two-photon induced poly merization. Here we measure the two-photon absorption cross-section spectrum of Lucirin TPO-",,,text_exact_candidate,pending,unknown,local_only/text_not_published
zotero_KGWA2AJ6:sigma2:2,zotero_KGWA2AJ6,KGWA2AJ6,10.1007/s00339-007-4367-0,Two-photon absorption spectrum of the photoinitiator Lucirin TPO-L,sigma2,1,"DOI: 10.1007/s00339-007-4367-0 Appl. Phys. A 90, 633–636 (2008) Materials Science & Processing Applied Physics A c.r. mendonca1,2, u d.s. correa1 t. baldacchini2 p. tayalia2 e. mazur2 Two-photon absorption spectrum of the photoinitiator Lucirin TPO-L 1 Instituto de F´ısica de São Carlos, Universidade de São Paulo, Caix",,,text_exact_candidate,pending,unknown,local_only/text_not_published
zotero_KGWA2AJ6:sigma2:3,zotero_KGWA2AJ6,KGWA2AJ6,10.1007/s00339-007-4367-0,Two-photon absorption spectrum of the photoinitiator Lucirin TPO-L,sigma2,1,"vides a powerful method for the fabrication of intricate three- dimensional microstructures. Recently, Lucirin TPO-L was shown to be a photoinitiator with several advantageous proper- ties for two-photon induced poly merization. Here we measure the two-photon absorption cross-section spectrum of Lucirin TPO-L, which pr",,,text_exact_candidate,pending,unknown,local_only/text_not_published
zotero_KGWA2AJ6:sigma2:4,zotero_KGWA2AJ6,KGWA2AJ6,10.1007/s00339-007-4367-0,Two-photon absorption spectrum of the photoinitiator Lucirin TPO-L,sigma2,1,"uctures. Recently, Lucirin TPO-L was shown to be a photoinitiator with several advantageous proper- ties for two-photon induced poly merization. Here we measure the two-photon absorption cross-section spectrum of Lucirin TPO-L, which presents a maximum of 1.2 GM at 610 nm. De- spite its small two-photon absorption cros",,,text_exact_candidate,pending,unknown,local_only/text_not_published
zotero_KGWA2AJ6:threshold:5,zotero_KGWA2AJ6,KGWA2AJ6,10.1007/s00339-007-4367-0,Two-photon absorption spectrum of the photoinitiator Lucirin TPO-L,threshold,1,"rin TPO-L and inter- pret this spectrum with the aid of quantum chemistry calcu- lations. Although the two-photon absorption cross-section of Lucirin TPO-L is small ( < 1.2G M), we can microfabricate structures with high integrity and deﬁnition using moderate laser powers ( 10 mW), due to the high polymerization ef- ﬁc",,,text_exact_candidate,pending,unknown,local_only/text_not_published
zotero_KGWA2AJ6:threshold:6,zotero_KGWA2AJ6,KGWA2AJ6,10.1007/s00339-007-4367-0,Two-photon absorption spectrum of the photoinitiator Lucirin TPO-L,threshold,2,o 810 nm. The output beam of the optical parametric ampliﬁer is spatia lly ﬁltered to produce a Gaus- sian beam proﬁle. The transmitted signal through the sample is measured using a silicon photo-detector coupled to a lock- in ampliﬁer. To further improve the sensitivity of the Z-scan technique we used the fastscanZ-sc,,,text_exact_candidate,pending,unknown,local_only/text_not_published
zotero_LF43QEJD:pi_loading:1,zotero_LF43QEJD,LF43QEJD,10.1109/ICOP56156.2022.9911711,The influence of photoinitiator concentration on the two-photon polymerization threshold of pentaerythritol triacrylate (PETIA) monomer,pi_loading,1,"The Influence of Photoinitiator Concentration on the Two-Photon Polymerization Threshold of Pentaerythritol Triacrylate (PETIA) Monomer Seyyedhossein Mckee Department of Engineering and Architecture (DIA) University of Parma Parma, Italy seyyedhossein.mckee@unipr.it Adrian H.A. Lutey DIA University of Parma Parma, Ital",,,text_exact_candidate,pending,unknown,local_only/text_not_published
zotero_LF43QEJD:pi_loading:10,zotero_LF43QEJD,LF43QEJD,10.1109/ICOP56156.2022.9911711,The influence of photoinitiator concentration on the two-photon polymerization threshold of pentaerythritol triacrylate (PETIA) monomer,pi_loading,3,"IV. C ONCLUSION In this work, the interaction between ultrashort femtosecond pulses of wavelength 515 nm and an acrylate-based ther- mosetting polymer PETIA with three different concentrations of photoinitiator was investigated. Photoinitiator concentration was found to be a fundamental factor which can have a signific",,,text_exact_candidate,pending,unknown,local_only/text_not_published
zotero_LF43QEJD:pi_loading:2,zotero_LF43QEJD,LF43QEJD,10.1109/ICOP56156.2022.9911711,The influence of photoinitiator concentration on the two-photon polymerization threshold of pentaerythritol triacrylate (PETIA) monomer,pi_loading,1,"In this work, the interaction between 80 femtosecond laser pulses generated with an Ytterbium-doped Potassium Gadolinium Tungstate (Yb:KGW) laser source and a transparent negative photoresist is comprehensively investigated. The results confirm that the photoinitiator concentration directly affects the range of accepta",,,text_exact_candidate,pending,unknown,local_only/text_not_published
zotero_LF43QEJD:pi_loading:8,zotero_LF43QEJD,LF43QEJD,10.1109/ICOP56156.2022.9911711,The influence of photoinitiator concentration on the two-photon polymerization threshold of pentaerythritol triacrylate (PETIA) monomer,pi_loading,2,"formed with the three compositions, denoted PETIA (0.1), PETIA (0.2) and PETIA (0.5), respectively, are summarized in “Fig. 1”. A minimum laser power of 12 mW was required to transform PETIA (0.1) from a liquid to a solid state at a constant scanning speed of 0.1 mm/s, thus defining the threshold average laser power fo",,,text_exact_candidate,pending,unknown,local_only/text_not_published
zotero_LF43QEJD:sigma2:7,zotero_LF43QEJD,LF43QEJD,10.1109/ICOP56156.2022.9911711,The influence of photoinitiator concentration on the two-photon polymerization threshold of pentaerythritol triacrylate (PETIA) monomer,sigma2,2,"II. M ATERIALS AND METHODS A. Photoresist Custom-made negative photoresists, polymerized by free radicals via nonlinear two-photon absorption (TPA), were employed for experiments. Preparation of the photoresists was performed by mixing PETIA (pentaerythritol triacrylate) monomer with 0.1 phr (per hundred resin), 0.2 ph",,,text_exact_candidate,pending,unknown,local_only/text_not_published
zotero_LF43QEJD:threshold:3,zotero_LF43QEJD,LF43QEJD,10.1109/ICOP56156.2022.9911711,The influence of photoinitiator concentration on the two-photon polymerization threshold of pentaerythritol triacrylate (PETIA) monomer,threshold,1,"The Influence of Photoinitiator Concentration on the Two-Photon Polymerization Threshold of Pentaerythritol Triacrylate (PETIA) Monomer Seyyedhossein Mckee Department of Engineering and Architecture (DIA) University of Parma Parma, Italy seyyedhossein.mckee@unipr.it Adrian H.A. Lutey DIA University of Parma Parma, Ital",,,text_exact_candidate,pending,unknown,local_only/text_not_published
zotero_LF43QEJD:threshold:4,zotero_LF43QEJD,LF43QEJD,10.1109/ICOP56156.2022.9911711,The influence of photoinitiator concentration on the two-photon polymerization threshold of pentaerythritol triacrylate (PETIA) monomer,threshold,1,"ted with an Ytterbium-doped Potassium Gadolinium Tungstate (Yb:KGW) laser source and a transparent negative photoresist is comprehensively investigated. The results confirm that the photoinitiator concentration directly affects the range of acceptable average laser power, from the polymerization threshold up to the dam",,,text_exact_candidate,pending,unknown,local_only/text_not_published
zotero_LF43QEJD:threshold:5,zotero_LF43QEJD,LF43QEJD,10.1109/ICOP56156.2022.9911711,The influence of photoinitiator concentration on the two-photon polymerization threshold of pentaerythritol triacrylate (PETIA) monomer,threshold,1,"Gadolinium Tungstate (Yb:KGW) laser source and a transparent negative photoresist is comprehensively investigated. The results confirm that the photoinitiator concentration directly affects the range of acceptable average laser power, from the polymerization threshold up to the damage threshold, and subsequently the in",,,text_exact_candidate,pending,unknown,local_only/text_not_published
zotero_LF43QEJD:threshold:9,zotero_LF43QEJD,LF43QEJD,10.1109/ICOP56156.2022.9911711,The influence of photoinitiator concentration on the two-photon polymerization threshold of pentaerythritol triacrylate (PETIA) monomer,threshold,2,"s has been comprehensively described in [19]. III. E XPERIMENTAL RESULTS AND DISCUSSION The results of TPP experiments performed with the three compositions, denoted PETIA (0.1), PETIA (0.2) and PETIA (0.5), respectively, are summarized in “Fig. 1”. A minimum laser power of 12 mW was required to transform PETIA (0.1) f",,,text_exact_candidate,pending,unknown,local_only/text_not_published
zotero_LF43QEJD:voxel_geometry:11,zotero_LF43QEJD,LF43QEJD,10.1109/ICOP56156.2022.9911711,The influence of photoinitiator concentration on the two-photon polymerization threshold of pentaerythritol triacrylate (PETIA) monomer,voxel_geometry,3,"es of wavelength 515 nm and an acrylate-based ther- mosetting polymer PETIA with three different concentrations of photoinitiator was investigated. Photoinitiator concentration was found to be a fundamental factor which can have a significant influence on the resolution of TPP microfabrication. Therefore, PETIA with 0.",,,text_exact_candidate,pending,unknown,local_only/text_not_published
zotero_LF43QEJD:voxel_geometry:12,zotero_LF43QEJD,LF43QEJD,10.1109/ICOP56156.2022.9911711,The influence of photoinitiator concentration on the two-photon polymerization threshold of pentaerythritol triacrylate (PETIA) monomer,voxel_geometry,3,"ton polymerization:A review” Micromachines, vol. 12, pp. 465, 2021. [13] G. Kumi, C. O. Yanez, K. D. Belfield, and J. T. Fourkas, “High- speed multiphoton absorption polymerization: Fabrication of microflu- idic channels with arbitrary cross-sections and high aspect ratios” Lab on a Chip, vol. 10, pp. 1057–1060, 2010. ",,,text_exact_candidate,pending,unknown,local_only/text_not_published
zotero_LF43QEJD:voxel_geometry:6,zotero_LF43QEJD,LF43QEJD,10.1109/ICOP56156.2022.9911711,The influence of photoinitiator concentration on the two-photon polymerization threshold of pentaerythritol triacrylate (PETIA) monomer,voxel_geometry,1,"s to precisely interact with appropriate materials and thus build the desired 3D objects at the microscale [5]. Therefore, the minimum achievable feature size is several orders of magnitude smaller than SLA, resulting in significant improvements in structural resolution. Photo- sensitive materials (photoresists), utili",,,text_exact_candidate,pending,unknown,local_only/text_not_published
zotero_LGVQA3RI:pi_loading:5,zotero_LGVQA3RI,LGVQA3RI,10.1016/j.eurpolymj.2021.110505,A highly biocompatible bio-ink for 3D hydrogel scaffolds fabrication in the presence of living cells by two-photon polymerization,pi_loading,2,"tion (1PP), Y4 was dissolved in DI water (0.5 mmol L -1 ) in advance, and Gel-GM (DS = 82%) was added to pre - pare a formula containing 20 wt% macromers. Thereafter, the bio-ink was injected into a teflon disc mold with a diameter of 2.5 cm and a depth of 1.0 mm, then irradiated under a visible light source (400 – 580",,,text_exact_candidate,pending,unknown,local_only/text_not_published
zotero_LGVQA3RI:sigma2:1,zotero_LGVQA3RI,LGVQA3RI,10.1016/j.eurpolymj.2021.110505,A highly biocompatible bio-ink for 3D hydrogel scaffolds fabrication in the presence of living cells by two-photon polymerization,sigma2,1,"[20 – 23] . Using a high numerical aperture objective, a femtosecond laser beam can be tightly focused into a photocurable resin consisting of monomers and photoinitiators (PIs). Due to the high density of photons at the focus voxel within a pulse width, two-photon absorption (2PA) of PIs will happen and trigger the po",,,text_exact_candidate,pending,unknown,local_only/text_not_published
zotero_LGVQA3RI:sigma2:2,zotero_LGVQA3RI,LGVQA3RI,10.1016/j.eurpolymj.2021.110505,A highly biocompatible bio-ink for 3D hydrogel scaffolds fabrication in the presence of living cells by two-photon polymerization,sigma2,1,"sulation are core materials for 3D printing of biomimetic cell culture models in vitro. In this study, a highly biocompatible bio-ink containing a hydrophilic benzylidene cyclopentanone pho - toinitiator (Y4) and a glycidyl methacrylate modified gelatin (Gel-GM) was prepared, and 3D hydrogel scaffolds with normal mouse",,,text_exact_candidate,pending,unknown,local_only/text_not_published
zotero_LGVQA3RI:sigma2:4,zotero_LGVQA3RI,LGVQA3RI,10.1016/j.eurpolymj.2021.110505,A highly biocompatible bio-ink for 3D hydrogel scaffolds fabrication in the presence of living cells by two-photon polymerization,sigma2,2,"European Polymer Journal 153 (2021) 110505 2 times compared with the control group of P2CK [25] . However, due to the small 2PA cross-section of DAS (about 40 GM around 800 nm), its application in 2PP is very limited. Overall, these results demonstrated the overwhelming importance of a biocompatible PI in 3D bioprintin",,,text_exact_candidate,pending,unknown,local_only/text_not_published
zotero_LGVQA3RI:sigma2:6,zotero_LGVQA3RI,LGVQA3RI,10.1016/j.eurpolymj.2021.110505,A highly biocompatible bio-ink for 3D hydrogel scaffolds fabrication in the presence of living cells by two-photon polymerization,sigma2,3,"xhibited new signals at 6.17 ppm and 5.75 ppm due to the introduction of GMA groups. Combined with the decreased peak of methylene group (3.01 ppm) at the ortho -position of amino and the increased peak of methyl group (1.94 ppm), it was verified that Gel-GM was successful synthe - sized. FTIR spectra of gelatin and Ge",,,text_exact_candidate,pending,unknown,local_only/text_not_published
zotero_LGVQA3RI:threshold:10,zotero_LGVQA3RI,LGVQA3RI,10.1016/j.eurpolymj.2021.110505,A highly biocompatible bio-ink for 3D hydrogel scaffolds fabrication in the presence of living cells by two-photon polymerization,threshold,5,"were on the amino terminal of lysine, the reaction (or active) sites of enzymatic degradation in gelatin were not obviously affected. 3.7. 3D microfabrication of hydrogels As shown in Fig. 5 a and S8, the bio-ink containing Gel-GM possessed a quite lower threshold power (0.5 mW) and a broader fabrication window (0.5 – ",,,text_exact_candidate,pending,unknown,local_only/text_not_published
zotero_LGVQA3RI:threshold:11,zotero_LGVQA3RI,LGVQA3RI,10.1016/j.eurpolymj.2021.110505,A highly biocompatible bio-ink for 3D hydrogel scaffolds fabrication in the presence of living cells by two-photon polymerization,threshold,6,"European Polymer Journal 153 (2021) 110505 6 Fig. 5. 3D hydrogel scaffolds fabricated by 2PP under different laser powers, (a) using a bio-ink containing Gel-GM (82%) and Y4, and (b) using a bio-ink containing Gel-MA (85%) and Y4. Fig. 6. CAD models (300 μ m × 300 μ m × 45 μ m) for the 3D bioprinting and growth of L929",,,text_exact_candidate,pending,unknown,local_only/text_not_published
zotero_LGVQA3RI:threshold:7,zotero_LGVQA3RI,LGVQA3RI,10.1016/j.eurpolymj.2021.110505,A highly biocompatible bio-ink for 3D hydrogel scaffolds fabrication in the presence of living cells by two-photon polymerization,threshold,3,"nce of living cells, the exposure model was a bigger block (100 layers and each layer was 300 μ m × 300 μ m with 512 × 512 pixels) with four or sixteen uniformly distributed holes. The pixel size was 2.5 μ m and the dwell time was 11.9 μ s. With an average laser power of 134 mW, all exposed voxels could be connected an",,,text_exact_candidate,pending,unknown,local_only/text_not_published
zotero_LGVQA3RI:threshold:9,zotero_LGVQA3RI,LGVQA3RI,10.1016/j.eurpolymj.2021.110505,A highly biocompatible bio-ink for 3D hydrogel scaffolds fabrication in the presence of living cells by two-photon polymerization,threshold,5,"ffected. 3.7. 3D microfabrication of hydrogels As shown in Fig. 5 a and S8, the bio-ink containing Gel-GM possessed a quite lower threshold power (0.5 mW) and a broader fabrication window (0.5 – 180 mW) compared with Gel-MA group. Consequently, only 5 mW laser power was required to obtain a regular and stable 3D hydrog",,,text_exact_candidate,pending,unknown,local_only/text_not_published
zotero_LGVQA3RI:voxel_geometry:3,zotero_LGVQA3RI,LGVQA3RI,10.1016/j.eurpolymj.2021.110505,A highly biocompatible bio-ink for 3D hydrogel scaffolds fabrication in the presence of living cells by two-photon polymerization,voxel_geometry,1,"omising application prospect [20 – 23] . Using a high numerical aperture objective, a femtosecond laser beam can be tightly focused into a photocurable resin consisting of monomers and photoinitiators (PIs). Due to the high density of photons at the focus voxel within a pulse width, two-photon absorption (2PA) of PIs w",,,text_exact_candidate,pending,unknown,local_only/text_not_published
zotero_LGVQA3RI:voxel_geometry:8,zotero_LGVQA3RI,LGVQA3RI,10.1016/j.eurpolymj.2021.110505,A highly biocompatible bio-ink for 3D hydrogel scaffolds fabrication in the presence of living cells by two-photon polymerization,voxel_geometry,3,"del was a bigger block (100 layers and each layer was 300 μ m × 300 μ m with 512 × 512 pixels) with four or sixteen uniformly distributed holes. The pixel size was 2.5 μ m and the dwell time was 11.9 μ s. With an average laser power of 134 mW, all exposed voxels could be connected and the whole pro - cessing took about",,,text_exact_candidate,pending,unknown,local_only/text_not_published
zotero_LVN4MHDD:isc_t1:13,zotero_LVN4MHDD,LVN4MHDD,10.2494/photopolymer.32.257,Conjugated ketocarbazoles as efficient photoinitiators: From facile synthesis to efficient two-photon polymerization,isc_t1,5,"sorption peaks in visible light region (above 400 nm) of the photoinitiators decreased significantly, indicating the photoinitiators possess a photobleaching property (Figs. 3a-c). Benzylidene cyclopentanone dyes have been widely used as highly efficient triplet photosensitizers in the UV- vis photopolymerization indus",,,text_exact_candidate,pending,unknown,local_only/text_not_published
zotero_LVN4MHDD:mechanism:21,zotero_LVN4MHDD,LVN4MHDD,10.2494/photopolymer.32.257,Conjugated ketocarbazoles as efficient photoinitiators: From facile synthesis to efficient two-photon polymerization,mechanism,6,"determine the σ2PA at 800 nm and all calculated σ2PA values are given in Table 1. The σ2PA of the reference compound Rhodamine B (154 GM) is in good agreement with the literature, verifying the reliability of the experimental setup. Since intramolecular charge transfer is the “driving force” for 2PA, the presence of st",,,text_exact_candidate,pending,unknown,local_only/text_not_published
zotero_LVN4MHDD:pi_loading:10,zotero_LVN4MHDD,LVN4MHDD,10.2494/photopolymer.32.257,Conjugated ketocarbazoles as efficient photoinitiators: From facile synthesis to efficient two-photon polymerization,pi_loading,3,rmed using MALDI SYNAPT MS from Waters America. UV-vis spectra were measured with a EMC-61PC-UV spectrophotometer. solutions of the compounds were dissolved in chloroform to a concentration of 10 −5 M and placed in quartz cuvettes with an optical path of 10 mm. Fluorescence spectra were measured at the concentration of,,,text_exact_candidate,pending,unknown,local_only/text_not_published
zotero_LVN4MHDD:pi_loading:7,zotero_LVN4MHDD,LVN4MHDD,10.2494/photopolymer.32.257,Conjugated ketocarbazoles as efficient photoinitiators: From facile synthesis to efficient two-photon polymerization,pi_loading,2,"ractical synthetic strategy to fabricate conjugated molecules used in 2PP. Liska’s group synthesized a series of benzylidene cycloketones in one step via aldol condensation and the cycloketone derivatives were efficient 2PIs enabling fast writing speed of 80 mm/s [23]. With proper molecular modification, the benzyliden",,,text_exact_candidate,pending,unknown,local_only/text_not_published
zotero_LVN4MHDD:pi_loading:8,zotero_LVN4MHDD,LVN4MHDD,10.2494/photopolymer.32.257,Conjugated ketocarbazoles as efficient photoinitiators: From facile synthesis to efficient two-photon polymerization,pi_loading,3,rence to verify the reliability of the experimental setup. Laser pulses at a wavelength of 800 nm with a pulse width of 190 fs were generated from an OPA (Orpheus) pumped by a femtosecond laser system (Pharos SP). All measurements were carried out with a photoinitiator concentration of,,,text_exact_candidate,pending,unknown,local_only/text_not_published
zotero_LVN4MHDD:pi_loading:9,zotero_LVN4MHDD,LVN4MHDD,10.2494/photopolymer.32.257,Conjugated ketocarbazoles as efficient photoinitiators: From facile synthesis to efficient two-photon polymerization,pi_loading,3,to verify the reliability of the experimental setup. Laser pulses at a wavelength of 800 nm with a pulse width of 190 fs were generated from an OPA (Orpheus) pumped by a femtosecond laser system (Pharos SP). All measurements were carried out with a photoinitiator concentration of,,,text_exact_candidate,pending,unknown,local_only/text_not_published
zotero_LVN4MHDD:sigma2:1,zotero_LVN4MHDD,LVN4MHDD,10.2494/photopolymer.32.257,Conjugated ketocarbazoles as efficient photoinitiators: From facile synthesis to efficient two-photon polymerization,sigma2,1,action and the impact of the cen tral ring size on the photoactivity was systematically studied. The maximum absorption of the 2PIs was located at ~440 nm and good photobleachin g behaviors were observed. The initiator with cyclopentanone held the largest two-photon absorption cross sec tion of 377 GM. All the conjugat,,,text_exact_candidate,pending,unknown,local_only/text_not_published
zotero_LVN4MHDD:sigma2:12,zotero_LVN4MHDD,LVN4MHDD,10.2494/photopolymer.32.257,Conjugated ketocarbazoles as efficient photoinitiators: From facile synthesis to efficient two-photon polymerization,sigma2,4,"the photoinitiators measured in chloroform with concentrations of 10-5 M and 10-6 M, respectively. Table 1. Photophysical propertie s data of the photoinitiators. PIs λmax(＞400 nm) (nm) λem (nm) Stokes shift (cm-1) εmax (104 M−1 cm−1) σ2PA (GM) 4c 442 533 3862 5.08 357 5c 438 515 3413 5.16 377 6c 418 560 6066 5.20 340",,,text_exact_candidate,pending,unknown,local_only/text_not_published
zotero_LVN4MHDD:sigma2:14,zotero_LVN4MHDD,LVN4MHDD,10.2494/photopolymer.32.257,Conjugated ketocarbazoles as efficient photoinitiators: From facile synthesis to efficient two-photon polymerization,sigma2,6,"J. Photopolym. Sci. Technol., Vol. 32, No. 2, 2019 262 3.4. Two-photon absorption cross section (σ2PA) To investigate the 2PA properties of the new 2PIs, an open aperture z-scan analysis was performed to determine the σ2PA at 800 nm and all calculated σ2PA values are given in Table 1. The σ2PA of the reference compound",,,text_exact_candidate,pending,unknown,local_only/text_not_published
zotero_LVN4MHDD:sigma2:15,zotero_LVN4MHDD,LVN4MHDD,10.2494/photopolymer.32.257,Conjugated ketocarbazoles as efficient photoinitiators: From facile synthesis to efficient two-photon polymerization,sigma2,6,"J. Photopolym. Sci. Technol., Vol. 32, No. 2, 2019 262 3.4. Two-photon absorption cross section (σ2PA) To investigate the 2PA properties of the new 2PIs, an open aperture z-scan analysis was performed to determine the σ2PA at 800 nm and all calculated σ2PA values are given in Table 1. The σ2PA of the reference compound",,,text_exact_candidate,pending,unknown,local_only/text_not_published
zotero_LVN4MHDD:sigma2:16,zotero_LVN4MHDD,LVN4MHDD,10.2494/photopolymer.32.257,Conjugated ketocarbazoles as efficient photoinitiators: From facile synthesis to efficient two-photon polymerization,sigma2,6,"ss section (σ2PA) To investigate the 2PA properties of the new 2PIs, an open aperture z-scan analysis was performed to determine the σ2PA at 800 nm and all calculated σ2PA values are given in Table 1. The σ2PA of the reference compound Rhodamine B (154 GM) is in good agreement with the literature, verifying the reliabi",,,text_exact_candidate,pending,unknown,local_only/text_not_published
zotero_LVN4MHDD:sigma2:2,zotero_LVN4MHDD,LVN4MHDD,10.2494/photopolymer.32.257,Conjugated ketocarbazoles as efficient photoinitiators: From facile synthesis to efficient two-photon polymerization,sigma2,1,ize on the photoactivity was systematically studied. The maximum absorption of the 2PIs was located at ~440 nm and good photobleachin g behaviors were observed. The initiator with cyclopentanone held the largest two-photon absorption cross sec tion of 377 GM. All the conjugated ketocarbazoles can be used as efficient 2,,,text_exact_candidate,pending,unknown,local_only/text_not_published
zotero_LVN4MHDD:threshold:17,zotero_LVN4MHDD,LVN4MHDD,10.2494/photopolymer.32.257,Conjugated ketocarbazoles as efficient photoinitiators: From facile synthesis to efficient two-photon polymerization,threshold,6,"μm, outer diameter 12 μm, layer height 3 μm) fabricated using 4c as 2PI. From left to right, the laser writing speed is constant (~750 μm/s), and the laser power gradually increased (left to right). The corresponding microstructures from partly written (polymerization threshold) to well-defined and then to burned (burn",,,text_exact_candidate,pending,unknown,local_only/text_not_published
zotero_LVN4MHDD:threshold:18,zotero_LVN4MHDD,LVN4MHDD,10.2494/photopolymer.32.257,Conjugated ketocarbazoles as efficient photoinitiators: From facile synthesis to efficient two-photon polymerization,threshold,6,"were also studied. Figure 4 shows a series of ""doughnut"" shaped microstructure arrays (inner diameter 8 μm, outer diameter 12 μm, layer height 3 μm) fabricated using 4c as 2PI. From left to right, the laser writing speed is constant (~750 μm/s), and the laser power gradually increased (left to right). The corresponding",,,text_exact_candidate,pending,unknown,local_only/text_not_published
zotero_LVN4MHDD:threshold:19,zotero_LVN4MHDD,LVN4MHDD,10.2494/photopolymer.32.257,Conjugated ketocarbazoles as efficient photoinitiators: From facile synthesis to efficient two-photon polymerization,threshold,6,"eter 12 μm, layer height 3 μm) fabricated using 4c as 2PI. From left to right, the laser writing speed is constant (~750 μm/s), and the laser power gradually increased (left to right). The corresponding microstructures from partly written (polymerization threshold) to well-defined and then to burned (burning threshold)",,,text_exact_candidate,pending,unknown,local_only/text_not_published
zotero_LVN4MHDD:threshold:3,zotero_LVN4MHDD,LVN4MHDD,10.2494/photopolymer.32.257,Conjugated ketocarbazoles as efficient photoinitiators: From facile synthesis to efficient two-photon polymerization,threshold,1,"ices [6,7], functional microdevices [8-11], biomaterials and tissue engineering [12-15]. An efficient 2PP process requires high sensitivity materials containing active two-photon initiators (2PIs) and monomers/oligomers to ensure high writing speeds, low polymerization thresholds, and high-quality resulting structures.",,,text_exact_candidate,pending,unknown,local_only/text_not_published
zotero_LVN4MHDD:threshold:4,zotero_LVN4MHDD,LVN4MHDD,10.2494/photopolymer.32.257,Conjugated ketocarbazoles as efficient photoinitiators: From facile synthesis to efficient two-photon polymerization,threshold,1,"ostructure manufactured by 2PP in 1997 [5], the method has been widely used in a variety of applications, including optical devices [6,7], functional microdevices [8-11], biomaterials and tissue engineering [12-15]. An efficient 2PP process requires high sensitivity materials containing active two-photon initiators (2P",,,text_exact_candidate,pending,unknown,local_only/text_not_published
zotero_LVN4MHDD:threshold:5,zotero_LVN4MHDD,LVN4MHDD,10.2494/photopolymer.32.257,Conjugated ketocarbazoles as efficient photoinitiators: From facile synthesis to efficient two-photon polymerization,threshold,1,~440 nm and good photobleachin g behaviors were observed. The initiator with cyclopentanone held the largest two-photon absorption cross sec tion of 377 GM. All the conjugated ketocarbazoles can be used as efficient 2PIs to induced 2PP and exhibited lower threshold energy compared to the widely used commercial photoin ,,,text_exact_candidate,pending,unknown,local_only/text_not_published
zotero_LVN4MHDD:voxel_geometry:11,zotero_LVN4MHDD,LVN4MHDD,10.2494/photopolymer.32.257,Conjugated ketocarbazoles as efficient photoinitiators: From facile synthesis to efficient two-photon polymerization,voxel_geometry,3,"9.75, 28.86, 24.44, 23.10, 21.94, 14.10, 10.95. Calcd. for C 49H58N2O, 690.4549, found, 690.5313. 2.3. Characterization 1H NMR (400 MHz) and 13C NMR (101 MHz) spectra were obtained in CDCl 3 with a Bruker A V ANCE III HD 400 MHz spectrometer. The high- resolution mass spectrometer measurements were performed using MALD",,,text_exact_candidate,pending,unknown,local_only/text_not_published
zotero_LVN4MHDD:voxel_geometry:20,zotero_LVN4MHDD,LVN4MHDD,10.2494/photopolymer.32.257,Conjugated ketocarbazoles as efficient photoinitiators: From facile synthesis to efficient two-photon polymerization,voxel_geometry,6,"Additionally, 3D Chinese characters of Jiangnan University and 3D Great Wall microstructure were fabricated using 5c as 2PI (Fig. 6). A complete 3D microstructure can be printed out at a laser power of 15 mW. Slight deformation occurred due to the large aspect ratio of the Great Wall model and the shrinkage during the ",,,text_exact_candidate,pending,unknown,local_only/text_not_published
zotero_LVN4MHDD:voxel_geometry:6,zotero_LVN4MHDD,LVN4MHDD,10.2494/photopolymer.32.257,Conjugated ketocarbazoles as efficient photoinitiators: From facile synthesis to efficient two-photon polymerization,voxel_geometry,1,",2]. Different from the shallow surface reaction of ultraviolet polymerization [3,4], the light source used for 2PP is near-infrared femtosecond laser which hold a deeper penetrating ability, allowing a real 3D writing within the resins with high spatial resolution. Since Maruo first reported the true 3D spiral microst",,,text_exact_candidate,pending,unknown,local_only/text_not_published
zotero_MVY2JWKZ:isc_t1:7,zotero_MVY2JWKZ,MVY2JWKZ,10.1063/1.2917810,Two-photon induced fabrication of gold microstructures in polystyrene sulfonate thin films using a ruthenium(II) dye as photoinitiator,isc_t1,2,"owever, strong local heating attributed to metal plasmon absorption leads to noncontinuous deposits. To reduce thermal effects, we added a ruthenium water-soluble complex within our formulation. As is well known, two-photon excitation of this dye leads to the triplet excited state /H20851Ru/H20849bipy/H20850 3/H208522+",,,text_exact_candidate,pending,unknown,local_only/text_not_published
zotero_MVY2JWKZ:pi_loading:5,zotero_MVY2JWKZ,MVY2JWKZ,10.1063/1.2917810,Two-photon induced fabrication of gold microstructures in polystyrene sulfonate thin films using a ruthenium(II) dye as photoinitiator,pi_loading,2,"ny photoinitiator /H20849laser not mode-locked /H20850. In that case, the reac- tion is probably initiated by gold clusters /H20849seeds/H20850that spon- taneously grow in the active layer upon time /H20849oxidation of PSS/H20850. For HAuCl 4 concentration of 50 mg / ml in initial PSS solution, minimum laser power for ",,,text_exact_candidate,pending,unknown,local_only/text_not_published
zotero_MVY2JWKZ:sigma2:4,zotero_MVY2JWKZ,MVY2JWKZ,10.1063/1.2917810,Two-photon induced fabrication of gold microstructures in polystyrene sulfonate thin films using a ruthenium(II) dye as photoinitiator,sigma2,2,"freestanding bidimensional structures. An additional electroless plating step produces gold structures with conductivities only ten times smaller than the bulk metal. © 2008 American Institute of Physics . /H20851DOI: 10.1063/1.2917810/H20852 As established, two-photon absorption allows activation of photochemical proc",,,text_exact_candidate,pending,unknown,local_only/text_not_published
zotero_MVY2JWKZ:sigma2:9,zotero_MVY2JWKZ,MVY2JWKZ,10.1063/1.2917810,Two-photon induced fabrication of gold microstructures in polystyrene sulfonate thin films using a ruthenium(II) dye as photoinitiator,sigma2,3,"of Ru /H20849II/H20850, i.e., 0.1 wt %, triggers the gold reduction process for laser powers down to 5 mW. No- tice that when the laser is not mode locked, gold deposition is not observed below 30 mW. This strongly indicates that the process is initiated by a two-photon absorption step. Con- tinuous line deposition is ",,,text_exact_candidate,pending,unknown,local_only/text_not_published
zotero_MVY2JWKZ:threshold:10,zotero_MVY2JWKZ,MVY2JWKZ,10.1063/1.2917810,Two-photon induced fabrication of gold microstructures in polystyrene sulfonate thin films using a ruthenium(II) dye as photoinitiator,threshold,3,"s for laser powers down to 5 mW. No- tice that when the laser is not mode locked, gold deposition is not observed below 30 mW. This strongly indicates that the process is initiated by a two-photon absorption step. Con- tinuous line deposition is obtained with critical writing ve- locity of 1 /H9262m / s. A typical line",,,text_exact_candidate,pending,unknown,local_only/text_not_published
zotero_MVY2JWKZ:threshold:11,zotero_MVY2JWKZ,MVY2JWKZ,10.1063/1.2917810,Two-photon induced fabrication of gold microstructures in polystyrene sulfonate thin films using a ruthenium(II) dye as photoinitiator,threshold,3,"hese species may then transfer electrons, located on bipy ligands, to reduce Au /H20849III/H20850. Even if the detailed mechanism is far from being understood, adding small amount of Ru /H20849II/H20850, i.e., 0.1 wt %, triggers the gold reduction process for laser powers down to 5 mW. No- tice that when the laser is n",,,text_exact_candidate,pending,unknown,local_only/text_not_published
zotero_MVY2JWKZ:threshold:6,zotero_MVY2JWKZ,MVY2JWKZ,10.1063/1.2917810,Two-photon induced fabrication of gold microstructures in polystyrene sulfonate thin films using a ruthenium(II) dye as photoinitiator,threshold,2,"ures are produced with a femtosecond laser in thin ﬁlms of a polystyrene sulfonate matrix containing gold ions. Two-photon induced metal reduction is obtained by addition of 0.1 wt % of ruthenium /H20849II/H20850tris/H20849bipyridine/H20850in the formulation. Laser power is reduced to 5 mW, thereby limiting thermal eff",,,text_exact_candidate,pending,unknown,local_only/text_not_published
zotero_MVY2JWKZ:voxel_geometry:1,zotero_MVY2JWKZ,MVY2JWKZ,10.1063/1.2917810,Two-photon induced fabrication of gold microstructures in polystyrene sulfonate thin films using a ruthenium(II) dye as photoinitiator,voxel_geometry,1,"cles you may be interested in Resolution and aspect ratio in two-photon lithography of positive photoresist J. Laser Appl. 26, 022002 (2014); 10.2351/1.4857275 Materials and technologies for fabrication of three-dimensional microstructures with sub-100nm feature sizes by two-photon polymerization J. Laser Appl. 24, 042",,,text_exact_candidate,pending,unknown,local_only/text_not_published
zotero_MVY2JWKZ:voxel_geometry:2,zotero_MVY2JWKZ,MVY2JWKZ,10.1063/1.2917810,Two-photon induced fabrication of gold microstructures in polystyrene sulfonate thin films using a ruthenium(II) dye as photoinitiator,voxel_geometry,1,"tters 92, 171103 (2008); doi: 10.1063/1.2917810 View online: http://dx.doi.org/10.1063/1.2917810 View Table of Contents: http://scitation.aip.org/content/aip/journal/apl/92/17?ver=pdfcov Published by the AIP Publishing Articles you may be interested in Resolution and aspect ratio in two-photon lithography of positive p",,,text_exact_candidate,pending,unknown,local_only/text_not_published
zotero_MVY2JWKZ:voxel_geometry:3,zotero_MVY2JWKZ,MVY2JWKZ,10.1063/1.2917810,Two-photon induced fabrication of gold microstructures in polystyrene sulfonate thin films using a ruthenium(II) dye as photoinitiator,voxel_geometry,1,3 (2008); doi: 10.1063/1.2917810 View online: http://dx.doi.org/10.1063/1.2917810 View Table of Contents: http://scitation.aip.org/content/aip/journal/apl/92/17?ver=pdfcov Published by the AIP Publishing Articles you may be interested in Resolution and aspect ratio in two-photon lithography of positive photoresist J. L,,,text_exact_candidate,pending,unknown,local_only/text_not_published
zotero_MVY2JWKZ:voxel_geometry:8,zotero_MVY2JWKZ,MVY2JWKZ,10.1063/1.2917810,Two-photon induced fabrication of gold microstructures in polystyrene sulfonate thin films using a ruthenium(II) dye as photoinitiator,voxel_geometry,2,"es gold structures with conductivities only ten times smaller than the bulk metal. © 2008 American Institute of Physics . /H20851DOI: 10.1063/1.2917810/H20852 As established, two-photon absorption allows activation of photochemical processes with high spatial resolution, localized in a small volume at the focal point. ",,,text_exact_candidate,pending,unknown,local_only/text_not_published
zotero_MZLGYQTP:isc_t1:14,zotero_MZLGYQTP,MZLGYQTP,10.1016/j.jphotochem.2009.02.007,A water-soluble two-photon photopolymerization initiation system: Methylated-β-cyclodextrin complex of xanthene dye/aryliodonium salt,isc_t1,5,"ctivators, J. Pho- tochem. Photobiol. A: Chem. 1 12 (1998) 1 73–1 78. [21] W.H. Zhou, E.J. Wang, Photoinduced electron transfer in the ion pair compound (XTOn): inﬂuence of ionic association, J. Photochem. Photobiol. A: Chem. 96 (1996) 25–29. [22] J.N. Demas, Excited-State Lifetime Measurements, Academic Press, New Yor",,,text_exact_candidate,pending,unknown,local_only/text_not_published
zotero_MZLGYQTP:mechanism:11,zotero_MZLGYQTP,MZLGYQTP,10.1016/j.jphotochem.2009.02.007,A water-soluble two-photon photopolymerization initiation system: Methylated-β-cyclodextrin complex of xanthene dye/aryliodonium salt,mechanism,4,"action barely occurred within the very short life- time of the S 1 state (<10− 9 s). The formation of complex B will therefore decrease the diffusion effect and increase the initiating efﬁciency. Upon the irradiation of visible light, they easily undergo fast electron transfer from the excited FL to DMDPI, resulting in",,,text_exact_candidate,pending,unknown,local_only/text_not_published
zotero_MZLGYQTP:mechanism:3,zotero_MZLGYQTP,MZLGYQTP,10.1016/j.jphotochem.2009.02.007,A water-soluble two-photon photopolymerization initiation system: Methylated-β-cyclodextrin complex of xanthene dye/aryliodonium salt,mechanism,1,"odextrin (Me-/H9252-CD) to bind the dye and coinitiator together to form a supramolecular complex [23]. This method has several advantages. Firstly, this photoactive supramolecular complex can be easily obtained using Me- /H9252-CD complexation. Secondly, the electron transfer between dye and initiator can occur in the",,,text_exact_candidate,pending,unknown,local_only/text_not_published
zotero_MZLGYQTP:mechanism:4,zotero_MZLGYQTP,MZLGYQTP,10.1016/j.jphotochem.2009.02.007,A water-soluble two-photon photopolymerization initiation system: Methylated-β-cyclodextrin complex of xanthene dye/aryliodonium salt,mechanism,1,"e cross-section, water- soluble TPA dyes is difﬁcult. Development of a simple method to ∗ Corresponding author. Fax: +86 10 82375712. E-mail address: lidong@mater.ustb.edu.cn (L. Li). ensure TPA dyes with a coinitiator that keeps the higher quan- tum yield of radical generation and initiation of efﬁciency would be idea",,,text_exact_candidate,pending,unknown,local_only/text_not_published
zotero_MZLGYQTP:mechanism:5,zotero_MZLGYQTP,MZLGYQTP,10.1016/j.jphotochem.2009.02.007,A water-soluble two-photon photopolymerization initiation system: Methylated-β-cyclodextrin complex of xanthene dye/aryliodonium salt,mechanism,1,"photodynamic therapy [6]. Many efﬁcient two- photon absorbing compounds based on molecules having linear or quasi-linear D– /H9266–A, D– /H9266–A– /H9266–D or A– /H9266–D– /H9266–A structure in which the magnitude of ı depends on the degree of intramolecular charge transfer upon excitation have been reported [7–1 1]. M",,,text_exact_candidate,pending,unknown,local_only/text_not_published
zotero_MZLGYQTP:pi_loading:7,zotero_MZLGYQTP,MZLGYQTP,10.1016/j.jphotochem.2009.02.007,A water-soluble two-photon photopolymerization initiation system: Methylated-β-cyclodextrin complex of xanthene dye/aryliodonium salt,pi_loading,4,"e fabricated in a viscous PVP solu- tion. For studies of the photoinitiation ability for different dye-sensitized systems, the formation of voxels (two-photon solid- iﬁed small-volume elements) responsible for photopolymerization was recorded in the identical initiator concentration of 10 − 4 M. Fig. 3 shows the scanni",,,text_exact_candidate,pending,unknown,local_only/text_not_published
zotero_MZLGYQTP:sigma2:1,zotero_MZLGYQTP,MZLGYQTP,10.1016/j.jphotochem.2009.02.007,A water-soluble two-photon photopolymerization initiation system: Methylated-β-cyclodextrin complex of xanthene dye/aryliodonium salt,sigma2,1,"effective TPP photoinitiator for two- photon photopolymerization in an aqueous system. Three-dimensional microstructure was successfully fabricated by TPP. Crown Copyright © 2009 Published by Elsevier B.V. All rights reserved. 1. Introduction In recent years, two-photon absorption (TPA) has shown particular promise in ",,,text_exact_candidate,pending,unknown,local_only/text_not_published
zotero_MZLGYQTP:sigma2:12,zotero_MZLGYQTP,MZLGYQTP,10.1016/j.jphotochem.2009.02.007,A water-soluble two-photon photopolymerization initiation system: Methylated-β-cyclodextrin complex of xanthene dye/aryliodonium salt,sigma2,5,"–76. [6] M. Albota, D. Beljonne, J.L. Brédas, J.E. Ehrlich, J.Y. Fu, A.A. Heikal, S.E. Hess, T. Kogej, M.D. Levin, S.R. Marder, D. McCordMaughon, J.W. Perry, H. Röckel, M. Rumi, G. Subramaniam, W.W. Webb, X.L. Wu, C. Xu, Design of organic molecules with large two-photon absorption cross sections, Science 281 (1998) 165",,,text_exact_candidate,pending,unknown,local_only/text_not_published
zotero_MZLGYQTP:sigma2:13,zotero_MZLGYQTP,MZLGYQTP,10.1016/j.jphotochem.2009.02.007,A water-soluble two-photon photopolymerization initiation system: Methylated-β-cyclodextrin complex of xanthene dye/aryliodonium salt,sigma2,5,"–76. [6] M. Albota, D. Beljonne, J.L. Brédas, J.E. Ehrlich, J.Y. Fu, A.A. Heikal, S.E. Hess, T. Kogej, M.D. Levin, S.R. Marder, D. McCordMaughon, J.W. Perry, H. Röckel, M. Rumi, G. Subramaniam, W.W. Webb, X.L. Wu, C. Xu, Design of organic molecules with large two-photon absorption cross sections, Science 281 (1998) 165",,,text_exact_candidate,pending,unknown,local_only/text_not_published
zotero_MZLGYQTP:sigma2:2,zotero_MZLGYQTP,MZLGYQTP,10.1016/j.jphotochem.2009.02.007,A water-soluble two-photon photopolymerization initiation system: Methylated-β-cyclodextrin complex of xanthene dye/aryliodonium salt,sigma2,1,"e TPA materials were success- fully developed in biological imaging[14–16] . Very few articles have focused on water-soluble two-photon polymerization (TPP)[12,13]. The rate of photopolymerization is mainly inﬂuenced by two parameters in TPP: (i) multi-photon absorption cross-section, which provides the probability of ",,,text_exact_candidate,pending,unknown,local_only/text_not_published
zotero_MZLGYQTP:voxel_geometry:10,zotero_MZLGYQTP,MZLGYQTP,10.1016/j.jphotochem.2009.02.007,A water-soluble two-photon photopolymerization initiation system: Methylated-β-cyclodextrin complex of xanthene dye/aryliodonium salt,voxel_geometry,4,"erent dyes (FL, Eo) and RB as the photosensitizer. It proved that the complex B system can be used as an effective two-photon initiator in an aqueous system. The line width was about 400 nm at this stage. In our next study, we will focus on improvement of the resolution of the line width of the microstructures. 4. Conc",,,text_exact_candidate,pending,unknown,local_only/text_not_published
zotero_MZLGYQTP:voxel_geometry:6,zotero_MZLGYQTP,MZLGYQTP,10.1016/j.jphotochem.2009.02.007,A water-soluble two-photon photopolymerization initiation system: Methylated-β-cyclodextrin complex of xanthene dye/aryliodonium salt,voxel_geometry,3,"above results it can be concluded that the complex B was formed from the static charge interaction of the anionic FL dye and the cationic onium salt DMDPI and further stabilized by Me- /H9252-CD complexation. Fig. 3. (a) Scanning electron micrograph image of voxels formed under different exposure durations, complex A/R",,,text_exact_candidate,pending,unknown,local_only/text_not_published
zotero_MZLGYQTP:voxel_geometry:8,zotero_MZLGYQTP,MZLGYQTP,10.1016/j.jphotochem.2009.02.007,A water-soluble two-photon photopolymerization initiation system: Methylated-β-cyclodextrin complex of xanthene dye/aryliodonium salt,voxel_geometry,4,"hoton dyes, so we carried out the two-photon initiating polymerization experiments of complex B. TPP microstructures were fabricated in a viscous PVP solu- tion. For studies of the photoinitiation ability for different dye-sensitized systems, the formation of voxels (two-photon solid- iﬁed small-volume elements) respon",,,text_exact_candidate,pending,unknown,local_only/text_not_published
zotero_MZLGYQTP:voxel_geometry:9,zotero_MZLGYQTP,MZLGYQTP,10.1016/j.jphotochem.2009.02.007,A water-soluble two-photon photopolymerization initiation system: Methylated-β-cyclodextrin complex of xanthene dye/aryliodonium salt,voxel_geometry,4,"res fabricated using this novel two-photon- induced polymerization initiation system based on different dyes (FL, Eo) and RB as the photosensitizer. It proved that the complex B system can be used as an effective two-photon initiator in an aqueous system. The line width was about 400 nm at this stage. In our next study",,,text_exact_candidate,pending,unknown,local_only/text_not_published
zotero_NGE4C28I:mechanism:9,zotero_NGE4C28I,NGE4C28I,10.1021/acsami.1c02227,Ionic Carbazole-Based Water-Soluble Two-Photon Photoinitiator and the Fabrication of Biocompatible 3D Hydrogel Scaffold,mechanism,2,itiators with large TPA cross sections are of great signi ﬁcance for expanding the application of TPP in hydrogel processing. The initiation e ﬃ ciency of organic initiator molecules is mainly a ﬀected by the molecular conjugation structure and intramolecular electron transfer. 23 Carbazole compounds have been demonstr,,,text_exact_candidate,pending,unknown,local_only/text_not_published
zotero_NGE4C28I:pi_loading:10,zotero_NGE4C28I,NGE4C28I,10.1021/acsami.1c02227,Ionic Carbazole-Based Water-Soluble Two-Photon Photoinitiator and the Fabrication of Biocompatible 3D Hydrogel Scaffold,pi_loading,3,"determine the binding ratio and the binding constant of the interaction, isothermal titration calorimetry (ITC) measurement was performed using an isothermal titration calorimeter (MicroCal Auto- ITC) at room temperature (25 °C). Each time, 10 μL of the CB7 (0.1 mM) solution was titrated into BMVMC (0.01 mM) aqueous so",,,text_exact_candidate,pending,unknown,local_only/text_not_published
zotero_NGE4C28I:pi_loading:11,zotero_NGE4C28I,NGE4C28I,10.1021/acsami.1c02227,Ionic Carbazole-Based Water-Soluble Two-Photon Photoinitiator and the Fabrication of Biocompatible 3D Hydrogel Scaffold,pi_loading,4,"Figure 2. Illustration of the optimized binding con ﬁgurations of (a) BMVMC, (b) bird ’s eye view of CB7, (c) side view of CB7, (d) bird ’s eye view of CB7/BMVMC with optimized geometry, and (e) side view of CB7/BMVMC. Figure 3. CB7/BMVMC (10 mM) at di ﬀerent concentration ratios (0, 0.5, 1, 2, and 5). (a) One-photon a",,,text_exact_candidate,pending,unknown,local_only/text_not_published
zotero_NGE4C28I:pi_loading:12,zotero_NGE4C28I,NGE4C28I,10.1021/acsami.1c02227,Ionic Carbazole-Based Water-Soluble Two-Photon Photoinitiator and the Fabrication of Biocompatible 3D Hydrogel Scaffold,pi_loading,5,"rly, the ﬂuorescence intensity increased dramatically at the concen- tration ratio of 5, which veri ﬁed the increase of water solubility of BMVMC with the increase of CB7. In the ﬂuorescence titration spectra ( Figure S4 ), each time, 3.75 μL of CB7 solution (1 mM) was sequentially added dropwise into the BMVMC solutio",,,text_exact_candidate,pending,unknown,local_only/text_not_published
zotero_NGE4C28I:pi_loading:15,zotero_NGE4C28I,NGE4C28I,10.1021/acsami.1c02227,Ionic Carbazole-Based Water-Soluble Two-Photon Photoinitiator and the Fabrication of Biocompatible 3D Hydrogel Scaffold,pi_loading,6,"e high TPP initiating eﬃ ciency could have resulted from the diradical form of the stilbazolium under laser irradiation. 43 We have conﬁrmed the radical by the electron paramagnetic resonance (EPR) measurement. The CB7/BMVMC aqueous solution concentration was 1.5 mM, and 5,5-dimethyl-1-pyrroline- N- oxide (DMPO) was ch",,,text_exact_candidate,pending,unknown,local_only/text_not_published
zotero_NGE4C28I:sigma2:1,zotero_NGE4C28I,NGE4C28I,10.1021/acsami.1c02227,Ionic Carbazole-Based Water-Soluble Two-Photon Photoinitiator and the Fabrication of Biocompatible 3D Hydrogel Scaffold,sigma2,1,d cucurbit[7]uril (CB7) have been employed to generate a complex with better water solubility by host − guest interactions. The binding ratio of the complex was demonstrated to be 1:1 through the characterization of isothermal titration calorimetry (ITC). The two-photon absorption (TPA) cross section of the complex inc,,,text_exact_candidate,pending,unknown,local_only/text_not_published
zotero_NGE4C28I:sigma2:14,zotero_NGE4C28I,NGE4C28I,10.1021/acsami.1c02227,Ionic Carbazole-Based Water-Soluble Two-Photon Photoinitiator and the Fabrication of Biocompatible 3D Hydrogel Scaffold,sigma2,6,he data were taken at intervals of 10 nm while the laser power was ﬁxed at 100 mW at each wavelength. The dependence of the TPA cross section of the inclusions on excitation wavelength was obtained (Figure 3 d). The TPA cross section of the BMVMC was only 750 GM but gradually increased to around 2500 GM with the additi,,,text_exact_candidate,pending,unknown,local_only/text_not_published
zotero_NGE4C28I:sigma2:2,zotero_NGE4C28I,NGE4C28I,10.1021/acsami.1c02227,Ionic Carbazole-Based Water-Soluble Two-Photon Photoinitiator and the Fabrication of Biocompatible 3D Hydrogel Scaffold,sigma2,1,"r water solubility by host − guest interactions. The binding ratio of the complex was demonstrated to be 1:1 through the characterization of isothermal titration calorimetry (ITC). The two-photon absorption (TPA) cross section of the complex increases to 2500 GM compared with the 750 GM of the BMVMC molecule. Then, an ",,,text_exact_candidate,pending,unknown,local_only/text_not_published
zotero_NGE4C28I:sigma2:5,zotero_NGE4C28I,NGE4C28I,10.1021/acsami.1c02227,Ionic Carbazole-Based Water-Soluble Two-Photon Photoinitiator and the Fabrication of Biocompatible 3D Hydrogel Scaffold,sigma2,2,"ater-soluble photo- initiators have been reported, such as naphthalimide derivatives,20 naphthalimide−amine-based photoinitiators, 21 benzylidene cyclopentanone dyes, 22 and so on. At the same time, the water-soluble photoinitiator must have a relatively high two-photon absorption (TPA) cross section and consequently a",,,text_exact_candidate,pending,unknown,local_only/text_not_published
zotero_NGE4C28I:threshold:13,zotero_NGE4C28I,NGE4C28I,10.1021/acsami.1c02227,Ionic Carbazole-Based Water-Soluble Two-Photon Photoinitiator and the Fabrication of Biocompatible 3D Hydrogel Scaffold,threshold,5,"the material. In this study, the two-photon induced ﬂuorescence method was chosen to detect the two-photon cross section of the inclusion of BMVMC and CB7. It was necessary to accurately measure Figure 4. (a) SEM image of polymerized nanowires achieved with a laser power from 3.7 to 7.0 mW at 6 μm/s. (b) Nanowire width",,,text_exact_candidate,pending,unknown,local_only/text_not_published
zotero_NGE4C28I:threshold:3,zotero_NGE4C28I,NGE4C28I,10.1021/acsami.1c02227,Ionic Carbazole-Based Water-Soluble Two-Photon Photoinitiator and the Fabrication of Biocompatible 3D Hydrogel Scaffold,threshold,1,hotoresist was obtained using the CB7/ BMVMC complex as the photoinitiator and poly(ethylene glycol) diacrylate (PEGda) as the hydrogel monomer. Two-photon fabrication capability in aqueous phase has been studied using the as-prepared photoresist. A low laser threshold of 3.7 mW as well as a high resolution of 180 nm a,,,text_exact_candidate,pending,unknown,local_only/text_not_published
zotero_NGE4C28I:threshold:6,zotero_NGE4C28I,NGE4C28I,10.1021/acsami.1c02227,Ionic Carbazole-Based Water-Soluble Two-Photon Photoinitiator and the Fabrication of Biocompatible 3D Hydrogel Scaffold,threshold,2,"on. At the same time, the water-soluble photoinitiator must have a relatively high two-photon absorption (TPA) cross section and consequently a low processing threshold so that the resolution of the structure is not sacri ﬁced due to the increased processing laser power. Therefore, the design and synthesis of water-sol",,,text_exact_candidate,pending,unknown,local_only/text_not_published
zotero_NGE4C28I:threshold:7,zotero_NGE4C28I,NGE4C28I,10.1021/acsami.1c02227,Ionic Carbazole-Based Water-Soluble Two-Photon Photoinitiator and the Fabrication of Biocompatible 3D Hydrogel Scaffold,threshold,2,"ivatives,20 naphthalimide−amine-based photoinitiators, 21 benzylidene cyclopentanone dyes, 22 and so on. At the same time, the water-soluble photoinitiator must have a relatively high two-photon absorption (TPA) cross section and consequently a low processing threshold so that the resolution of the structure is not sac",,,text_exact_candidate,pending,unknown,local_only/text_not_published
zotero_NGE4C28I:voxel_geometry:16,zotero_NGE4C28I,NGE4C28I,10.1021/acsami.1c02227,Ionic Carbazole-Based Water-Soluble Two-Photon Photoinitiator and the Fabrication of Biocompatible 3D Hydrogel Scaffold,voxel_geometry,6,"s polymer nanowires. The scanning electron microscope image of the obtained polymer nanowires is shown in Figure 4 . The threshold of the as-prepared photoresist was as low as 3.7 mW at a scanning speed of 6 μm/s. We have investigated the relationship between linewidth to laser power, which indicates that the linewidth",,,text_exact_candidate,pending,unknown,local_only/text_not_published
zotero_NGE4C28I:voxel_geometry:17,zotero_NGE4C28I,NGE4C28I,10.1021/acsami.1c02227,Ionic Carbazole-Based Water-Soluble Two-Photon Photoinitiator and the Fabrication of Biocompatible 3D Hydrogel Scaffold,voxel_geometry,6,"pe image of the obtained polymer nanowires is shown in Figure 4 . The threshold of the as-prepared photoresist was as low as 3.7 mW at a scanning speed of 6 μm/s. We have investigated the relationship between linewidth to laser power, which indicates that the linewidth decreases with a decrease in laser power ( Figure ",,,text_exact_candidate,pending,unknown,local_only/text_not_published
zotero_NGE4C28I:voxel_geometry:4,zotero_NGE4C28I,NGE4C28I,10.1021/acsami.1c02227,Ionic Carbazole-Based Water-Soluble Two-Photon Photoinitiator and the Fabrication of Biocompatible 3D Hydrogel Scaffold,voxel_geometry,1,BMVMC complex as the photoinitiator and poly(ethylene glycol) diacrylate (PEGda) as the hydrogel monomer. Two-photon fabrication capability in aqueous phase has been studied using the as-prepared photoresist. A low laser threshold of 3.7 mW as well as a high resolution of 180 nm are achieved. Bene ﬁting from the ﬂuores,,,text_exact_candidate,pending,unknown,local_only/text_not_published
zotero_NGE4C28I:voxel_geometry:8,zotero_NGE4C28I,NGE4C28I,10.1021/acsami.1c02227,Ionic Carbazole-Based Water-Soluble Two-Photon Photoinitiator and the Fabrication of Biocompatible 3D Hydrogel Scaffold,voxel_geometry,2,"ide−amine-based photoinitiators, 21 benzylidene cyclopentanone dyes, 22 and so on. At the same time, the water-soluble photoinitiator must have a relatively high two-photon absorption (TPA) cross section and consequently a low processing threshold so that the resolution of the structure is not sacri ﬁced due to the inc",,,text_exact_candidate,pending,unknown,local_only/text_not_published
zotero_PEBWL6W6:pi_loading:11,zotero_PEBWL6W6,PEBWL6W6,10.1039/b900464e,Triphenylamine-modified quinoxaline derivatives as two-photon photoinitiators,pi_loading,5,"s 0.8, 2.6 and 3.2 mW, respectively. We measured the widths of radical polymer lines at an exposure power of 3.2 mW. The polymerization rate for the resin using TPAQ, TPABQ and benzil as photoinitiators at a power of 3.2 mW can be calculated as 5.96, 3.89 and 0.66 mm 3 s/C0 1, respectively, according to ref. 26. TPP ex",,,text_exact_candidate,pending,unknown,local_only/text_not_published
zotero_PEBWL6W6:pi_loading:8,zotero_PEBWL6W6,PEBWL6W6,10.1039/b900464e,Triphenylamine-modified quinoxaline derivatives as two-photon photoinitiators,pi_loading,4,"ion. The laser powers used to fabricate lines are shown on the SEM images in the power range of 0.8–5.5 mW. The scan speed is 10 m s /C0 1. (d) SEM image of a photonic crystal using TPAQ as photoinitiator (0.5%), MMA (48%) and DPE-6A (51.5%). The scale bar is 2 mm. This journal is /C13 c The Royal Society of Chemistry ",,,text_exact_candidate,pending,unknown,local_only/text_not_published
zotero_PEBWL6W6:sigma2:1,zotero_PEBWL6W6,PEBWL6W6,10.1039/b900464e,Triphenylamine-modified quinoxaline derivatives as two-photon photoinitiators,sigma2,1,"n this fabrication technique, the most commonly used resins are commercially available negative-tone photoresist resins containing conventional ultraviolet initiators. However, such initiators have only very low two-photon sensitivities because of their small two-photon absorption cross sections (d 2PA values are at a ",,,text_exact_candidate,pending,unknown,local_only/text_not_published
zotero_PEBWL6W6:sigma2:2,zotero_PEBWL6W6,PEBWL6W6,10.1039/b900464e,Triphenylamine-modified quinoxaline derivatives as two-photon photoinitiators,sigma2,1,"cepted 19th February 2009 First published as an Advance Article on the web 27th March 2009 DOI: 10.1039/b900464e Two new chromophores, triphenylamine-modiﬁed quinoxaline ( TPAQ) and benzoquinoxaline (TPABQ), were synthesized, and their linear spectroscopy and two-photon absorption properties were investigated. For comp",,,text_exact_candidate,pending,unknown,local_only/text_not_published
zotero_PEBWL6W6:sigma2:3,zotero_PEBWL6W6,PEBWL6W6,10.1039/b900464e,Triphenylamine-modified quinoxaline derivatives as two-photon photoinitiators,sigma2,1,"ication technique, the most commonly used resins are commercially available negative-tone photoresist resins containing conventional ultraviolet initiators. However, such initiators have only very low two-photon sensitivities because of their small two-photon absorption cross sections (d 2PA values are at a level of a ",,,text_exact_candidate,pending,unknown,local_only/text_not_published
zotero_PEBWL6W6:sigma2:4,zotero_PEBWL6W6,PEBWL6W6,10.1039/b900464e,Triphenylamine-modified quinoxaline derivatives as two-photon photoinitiators,sigma2,1,"wo-photon absorption properties were investigated. For comparison, 4-ethoxyphenyl-substituted quinoxaline ( EOQ) and benzoquinoxaline ( EOBQ) were prepared. The results showed that TPAQ possesses a high ﬂuorescence quantum yield and a high d 2PA value of 4160 GM in the laser light wavelength range of 780–820 nm, and is",,,text_exact_candidate,pending,unknown,local_only/text_not_published
zotero_PEBWL6W6:threshold:10,zotero_PEBWL6W6,PEBWL6W6,10.1039/b900464e,Triphenylamine-modified quinoxaline derivatives as two-photon photoinitiators,threshold,4,"for providing high 2PA cross sections. TPAQ should be a promising candidate for photoinitiators. Two-photon photopolymerization Two-photon initiating polymerization (TPP) experiments were performed to understand the TPP behavior of chromophores. Usually, the threshold energy of polymerization is evaluated as the lowest",,,text_exact_candidate,pending,unknown,local_only/text_not_published
zotero_PEBWL6W6:threshold:5,zotero_PEBWL6W6,PEBWL6W6,10.1039/b900464e,Triphenylamine-modified quinoxaline derivatives as two-photon photoinitiators,threshold,1,"oton sensitivities because of their small two-photon absorption cross sections (d 2PA values are at a level of a few tens GM). 22 Normally, the induced polymerization fabrication process of a resin using photoinitiators with small 2PA cross sections need high laser powers, which would likely lead to damage of the resul",,,text_exact_candidate,pending,unknown,local_only/text_not_published
zotero_PEBWL6W6:threshold:6,zotero_PEBWL6W6,PEBWL6W6,10.1039/b900464e,Triphenylamine-modified quinoxaline derivatives as two-photon photoinitiators,threshold,1,"fabrication process of a resin using photoinitiators with small 2PA cross sections need high laser powers, which would likely lead to damage of the resulting 3D-structures. In order to avoid this problem, two main measures are taken to improve the two-photon sensitivity of a resin. One is to optimize resin components; ",,,text_exact_candidate,pending,unknown,local_only/text_not_published
zotero_PEBWL6W6:threshold:9,zotero_PEBWL6W6,PEBWL6W6,10.1039/b900464e,Triphenylamine-modified quinoxaline derivatives as two-photon photoinitiators,threshold,4,"didate for photoinitiators. Two-photon photopolymerization Two-photon initiating polymerization (TPP) experiments were performed to understand the TPP behavior of chromophores. Usually, the threshold energy of polymerization is evaluated as the lowest average laser power leading to polymer lines being produced by the t",,,text_exact_candidate,pending,unknown,local_only/text_not_published
zotero_PEBWL6W6:voxel_geometry:7,zotero_PEBWL6W6,PEBWL6W6,10.1039/b900464e,Triphenylamine-modified quinoxaline derivatives as two-photon photoinitiators,voxel_geometry,1,"y, 6–9 optical power limiting,10,11 three-dimensional optical data storage12–14 and two-photon laser scanning ﬂuorescence therapy. 5,8,9 Two-photon induced polymerization has also attracted great attention for its stronger 3D fabrication capability and higher resolution than the traditional UV light lithographic techni",,,text_exact_candidate,pending,unknown,local_only/text_not_published
zotero_PJQEIM6F:isc_t1:11,zotero_PJQEIM6F,PJQEIM6F,10.1021/acsapm.4c00932,Heteroatom/Heterocycle-Substituted Ketone Dyes as Efficient Photoinitiators in Visible Light-Emitting Diode/Near Infrared Light Photopolymerization with Enhanced Two-Photon Lithography Capability,isc_t1,6,"blicly available values. 50,51 Combining the photolysis and ESR-ST results, the possible photoreaction process between CCKs and MDEA is proposed in Figure 5. Initially, the dye molecules (acting as photoacceptors of hydrogen atoms) are excited by light to the triplet state. 28 Subsequently, MDEA serves as a hydrogen do",,,text_exact_candidate,pending,unknown,local_only/text_not_published
zotero_PJQEIM6F:mechanism:3,zotero_PJQEIM6F,PJQEIM6F,10.1021/acsapm.4c00932,Heteroatom/Heterocycle-Substituted Ketone Dyes as Efficient Photoinitiators in Visible Light-Emitting Diode/Near Infrared Light Photopolymerization with Enhanced Two-Photon Lithography Capability,mechanism,1,"terocycles (e.g., N, S, and O atoms) into the molecular backbone of ketone derivatives can effectively tune the photophysical and photochemical properties of the molecules. 17−19 Liu et al. 20 synthesized a multifunctional benzophenone-carbazole one-component type II PI, which can Received: March 26, 2024 Revised: Apri",,,text_exact_candidate,pending,unknown,local_only/text_not_published
zotero_PJQEIM6F:mechanism:4,zotero_PJQEIM6F,PJQEIM6F,10.1021/acsapm.4c00932,Heteroatom/Heterocycle-Substituted Ketone Dyes as Efficient Photoinitiators in Visible Light-Emitting Diode/Near Infrared Light Photopolymerization with Enhanced Two-Photon Lithography Capability,mechanism,1,"terocycles (e.g., N, S, and O atoms) into the molecular backbone of ketone derivatives can effectively tune the photophysical and photochemical properties of the molecules. 17−19 Liu et al. 20 synthesized a multifunctional benzophenone-carbazole one-component type II PI, which can Received: March 26, 2024 Revised: Apri",,,text_exact_candidate,pending,unknown,local_only/text_not_published
zotero_PJQEIM6F:mechanism:8,zotero_PJQEIM6F,PJQEIM6F,10.1021/acsapm.4c00932,Heteroatom/Heterocycle-Substituted Ketone Dyes as Efficient Photoinitiators in Visible Light-Emitting Diode/Near Infrared Light Photopolymerization with Enhanced Two-Photon Lithography Capability,mechanism,2,"he double bond in the ring, leading to the formation of a delocalized π bond. This characteristic makes these heterocyclic compounds effective chromophores, enhancing the light absorption capability of molecules. 22−24 Karace et al. 25 synthesized a series of type II PIs of thiophene conjugated with thioxanthenone. The",,,text_exact_candidate,pending,unknown,local_only/text_not_published
zotero_PJQEIM6F:pi_loading:1,zotero_PJQEIM6F,PJQEIM6F,10.1021/acsapm.4c00932,Heteroatom/Heterocycle-Substituted Ketone Dyes as Efficient Photoinitiators in Visible Light-Emitting Diode/Near Infrared Light Photopolymerization with Enhanced Two-Photon Lithography Capability,pi_loading,1,"ts the most excellent light absorption properties as well as the fastest reaction efficiency with amine additives. Notably, when comparing the two-photon lithography capability, the photoresist containing 0.1 wt % CCK− Th, which can achieve a writing speed of 46 mm s −1 , exhibits high two-photon sensitivity, about two",,,text_exact_candidate,pending,unknown,local_only/text_not_published
zotero_PJQEIM6F:pi_loading:13,zotero_PJQEIM6F,PJQEIM6F,10.1021/acsapm.4c00932,Heteroatom/Heterocycle-Substituted Ketone Dyes as Efficient Photoinitiators in Visible Light-Emitting Diode/Near Infrared Light Photopolymerization with Enhanced Two-Photon Lithography Capability,pi_loading,7,"nciple outlined in the reference. 53 Figure 7A and B displays the line arrays obtained by two PIs in PTEA under 780 nm laser excitation at varying excitation laser powers and writing speeds. The power ranges from 0 to 50 mW, whereas the speed ranges from 1 to 19 mm s −1 . The area circled by white lines represents the ",,,text_exact_candidate,pending,unknown,local_only/text_not_published
zotero_PJQEIM6F:pi_loading:16,zotero_PJQEIM6F,PJQEIM6F,10.1021/acsapm.4c00932,Heteroatom/Heterocycle-Substituted Ketone Dyes as Efficient Photoinitiators in Visible Light-Emitting Diode/Near Infrared Light Photopolymerization with Enhanced Two-Photon Lithography Capability,pi_loading,8,"unusable at a writing speed of approximately 30 mm s −1 , whereas the formula containing CCK−Th remains writable at a speed of 46 mm s −1 (Figure 7F and Table S7), underscoring its notable photosensitivity. This result indicates that the introduction of the thiophene ring enhances the two-photon sensitivity and capacit",,,text_exact_candidate,pending,unknown,local_only/text_not_published
zotero_PJQEIM6F:pi_loading:5,zotero_PJQEIM6F,PJQEIM6F,10.1021/acsapm.4c00932,Heteroatom/Heterocycle-Substituted Ketone Dyes as Efficient Photoinitiators in Visible Light-Emitting Diode/Near Infrared Light Photopolymerization with Enhanced Two-Photon Lithography Capability,pi_loading,2,"al. 36 designed and synthesized a series of heteroatom-substituted ketocoumarins as PIs, and these compounds exhibit high sensitivity in two-photon lithography, which allows for the fabrication of complex three-dimensional patterns at writing speeds of up to 60 mm s −1 . In our previous studies, we have designed a seri",,,text_exact_candidate,pending,unknown,local_only/text_not_published
zotero_PJQEIM6F:sigma2:12,zotero_PJQEIM6F,PJQEIM6F,10.1021/acsapm.4c00932,Heteroatom/Heterocycle-Substituted Ketone Dyes as Efficient Photoinitiators in Visible Light-Emitting Diode/Near Infrared Light Photopolymerization with Enhanced Two-Photon Lithography Capability,sigma2,7,"Both molecules have large TPA cross-section, predicting their considerable performance in two-photon lithography. The TPA cross-section of CCK-Th (δ 780 nm = 425 GM) is higher than that of CCK-Ben (δ 780 nm = 343 GM), which can be attributed to the stronger light-absorbing property of the former. Although adding MDEA w",,,text_exact_candidate,pending,unknown,local_only/text_not_published
zotero_PJQEIM6F:threshold:14,zotero_PJQEIM6F,PJQEIM6F,10.1021/acsapm.4c00932,Heteroatom/Heterocycle-Substituted Ketone Dyes as Efficient Photoinitiators in Visible Light-Emitting Diode/Near Infrared Light Photopolymerization with Enhanced Two-Photon Lithography Capability,threshold,7,zed to assess the structure−property relationship in two-photon lithography based on the operating principle outlined in the reference. 53 Figure 7A and B displays the line arrays obtained by two PIs in PTEA under 780 nm laser excitation at varying excitation laser powers and writing speeds. The power ranges from 0 to ,,,text_exact_candidate,pending,unknown,local_only/text_not_published
zotero_PJQEIM6F:threshold:15,zotero_PJQEIM6F,PJQEIM6F,10.1021/acsapm.4c00932,Heteroatom/Heterocycle-Substituted Ketone Dyes as Efficient Photoinitiators in Visible Light-Emitting Diode/Near Infrared Light Photopolymerization with Enhanced Two-Photon Lithography Capability,threshold,7,"rformance in two-photon lithography. The TPA cross-section of CCK-Th (δ 780 nm = 425 GM) is higher than that of CCK-Ben (δ 780 nm = 343 GM), which can be attributed to the stronger light-absorbing property of the former. Although adding MDEA will increase the sensitivity of the molecule in two-photon lithography, it wi",,,text_exact_candidate,pending,unknown,local_only/text_not_published
zotero_PJQEIM6F:threshold:2,zotero_PJQEIM6F,PJQEIM6F,10.1021/acsapm.4c00932,Heteroatom/Heterocycle-Substituted Ketone Dyes as Efficient Photoinitiators in Visible Light-Emitting Diode/Near Infrared Light Photopolymerization with Enhanced Two-Photon Lithography Capability,threshold,1,"properties as well as the fastest reaction efficiency with amine additives. Notably, when comparing the two-photon lithography capability, the photoresist containing 0.1 wt % CCK− Th, which can achieve a writing speed of 46 mm s −1 , exhibits high two-photon sensitivity, about two times that of the benzene ring- substi",,,text_exact_candidate,pending,unknown,local_only/text_not_published
zotero_PJQEIM6F:threshold:6,zotero_PJQEIM6F,PJQEIM6F,10.1021/acsapm.4c00932,Heteroatom/Heterocycle-Substituted Ketone Dyes as Efficient Photoinitiators in Visible Light-Emitting Diode/Near Infrared Light Photopolymerization with Enhanced Two-Photon Lithography Capability,threshold,2,"e commercial two-photon PI DETC (7-diethylamino-3-thienylcoumarin), which contains thiophene, has been commonly used in TPP. 34,35 Cao et al. 36 designed and synthesized a series of heteroatom-substituted ketocoumarins as PIs, and these compounds exhibit high sensitivity in two-photon lithography, which allows for the ",,,text_exact_candidate,pending,unknown,local_only/text_not_published
zotero_PJQEIM6F:voxel_geometry:10,zotero_PJQEIM6F,PJQEIM6F,10.1021/acsapm.4c00932,Heteroatom/Heterocycle-Substituted Ketone Dyes as Efficient Photoinitiators in Visible Light-Emitting Diode/Near Infrared Light Photopolymerization with Enhanced Two-Photon Lithography Capability,voxel_geometry,3,"the literature. All the detailed synthetic procedures, the 1 H NMR, 13 C NMR and high-resolution mass spectrum are shown in SI. 3. RESULTS AND DISCUSSION 3.1. Ground-State Electronic Properties. The UV−vis absorption spectra of four synthesized dyes in acetonitrile are depicted in Figure 1A, with detailed spectral data",,,text_exact_candidate,pending,unknown,local_only/text_not_published
zotero_PJQEIM6F:voxel_geometry:17,zotero_PJQEIM6F,PJQEIM6F,10.1021/acsapm.4c00932,Heteroatom/Heterocycle-Substituted Ketone Dyes as Efficient Photoinitiators in Visible Light-Emitting Diode/Near Infrared Light Photopolymerization with Enhanced Two-Photon Lithography Capability,voxel_geometry,8,"OCIATED CONTENT * sı Supporting Information The Supporting Information is available free of charge at https://pubs.acs.org/doi/10.1021/acsapm.4c00932. Synthesis of the compounds, detailed experimental section, additional figures, tables, NMR spectra, and high-resolution mass spectrum of compounds (PDF) ■ AUTHOR INFORMA",,,text_exact_candidate,pending,unknown,local_only/text_not_published
zotero_PJQEIM6F:voxel_geometry:7,zotero_PJQEIM6F,PJQEIM6F,10.1021/acsapm.4c00932,Heteroatom/Heterocycle-Substituted Ketone Dyes as Efficient Photoinitiators in Visible Light-Emitting Diode/Near Infrared Light Photopolymerization with Enhanced Two-Photon Lithography Capability,voxel_geometry,2,"heterocycles/heteroatoms have also been used in the field of nanotechnology, especially for two-photon lithography. 27−29 Two-photon lithography is an additive manufacturing technology based on two-photon polymerization (TPP), leveraging nonlinear and super- resolution concepts to achieve precise 3D printing with a sin",,,text_exact_candidate,pending,unknown,local_only/text_not_published
zotero_QH8XLKS5:isc_t1:13,zotero_QH8XLKS5,QH8XLKS5,10.1016/j.polymer.2017.04.039,Localized polymerization using single photon photoinitiators in two photon process for fabricating subwavelength structures,isc_t1,4,s two polymers used namely SR368 and SR499. Schematic of free radical ch ain polymerization reaction is shown in Fig1 wherein the photoinitiator absorbs incident photons and generates active radicals by chemical decomposition. This usually happens in the triplet state and follows the Norrish type I mechanism . LTPO-L u,,,text_exact_candidate,pending,unknown,local_only/text_not_published
zotero_QH8XLKS5:mechanism:14,zotero_QH8XLKS5,QH8XLKS5,10.1016/j.polymer.2017.04.039,Localized polymerization using single photon photoinitiators in two photon process for fabricating subwavelength structures,mechanism,4,SR499. Schematic of free radical ch ain polymerization reaction is shown in Fig1 wherein the photoinitiator absorbs incident photons and generates active radicals by chemical decomposition. This usually happens in the triplet state and follows the Norrish type I mechanism . LTPO-L undergoes bond cleavage and results in,,,text_exact_candidate,pending,unknown,local_only/text_not_published
zotero_QH8XLKS5:mechanism:18,zotero_QH8XLKS5,QH8XLKS5,10.1016/j.polymer.2017.04.039,Localized polymerization using single photon photoinitiators in two photon process for fabricating subwavelength structures,mechanism,5,"*corresponding author - Tel. no. +91-22-25767615. Email-sshukla@iitb.ac.in responsible for initiation combine with reactive centers, thus turning the growing chain into a dead polymer by undergoing electron transfer. 2. Experimental The resin used in this study consists of a mixture of two tri -acrylate monomers (Sarto",,,text_exact_candidate,pending,unknown,local_only/text_not_published
zotero_QH8XLKS5:mechanism:20,zotero_QH8XLKS5,QH8XLKS5,10.1016/j.polymer.2017.04.039,Localized polymerization using single photon photoinitiators in two photon process for fabricating subwavelength structures,mechanism,7,*corresponding author - Tel. no. +91-22-25767615. Email-sshukla@iitb.ac.in discarded as we have not used any inhibitor molecules. The radical spec ies combine with the reactive center and undergo electron transfer that converts the growing chain into dead polymer which has no further role to play in the polymerization ,,,text_exact_candidate,pending,unknown,local_only/text_not_published
zotero_QH8XLKS5:pi_loading:15,zotero_QH8XLKS5,QH8XLKS5,10.1016/j.polymer.2017.04.039,Localized polymerization using single photon photoinitiators in two photon process for fabricating subwavelength structures,pi_loading,5,"lly characterized for their line widths using scanning electron microscopy. The sa mple micrograph of lines written at threshold powers for 1%, 3%, 5%, 10% and 20% LTPO -L loadings are shown in Fig2. A decrease in line width was observed with steady rise in photoinitiator concentration up to 10% of LTPO-L. Sub-waveleng",,,text_exact_candidate,pending,unknown,local_only/text_not_published
zotero_QH8XLKS5:pi_loading:16,zotero_QH8XLKS5,QH8XLKS5,10.1016/j.polymer.2017.04.039,Localized polymerization using single photon photoinitiators in two photon process for fabricating subwavelength structures,pi_loading,5,"haracterized for their line widths using scanning electron microscopy. The sa mple micrograph of lines written at threshold powers for 1%, 3%, 5%, 10% and 20% LTPO -L loadings are shown in Fig2. A decrease in line width was observed with steady rise in photoinitiator concentration up to 10% of LTPO-L. Sub-wavelength fe",,,text_exact_candidate,pending,unknown,local_only/text_not_published
zotero_QH8XLKS5:pi_loading:8,zotero_QH8XLKS5,QH8XLKS5,10.1016/j.polymer.2017.04.039,Localized polymerization using single photon photoinitiators in two photon process for fabricating subwavelength structures,pi_loading,3,"structures were fabricated with predefined circular pores using Ormocer which is an organic – inorganic hybrid material pre -loaded with Lucirin TPO-L. Well defined micro structureswere obtained by using average l aser power of 105 mW and writing speed of 5 mm/s 27. However, most of these processes resulted in larger l",,,text_exact_candidate,pending,unknown,local_only/text_not_published
zotero_QH8XLKS5:pi_loading:9,zotero_QH8XLKS5,QH8XLKS5,10.1016/j.polymer.2017.04.039,Localized polymerization using single photon photoinitiators in two photon process for fabricating subwavelength structures,pi_loading,3,ue to the high radical quantum yield of 0.99 . This high polymerization efficiency enables for excellent initiation in two photon lithography over broad spectral ranges21. The use of LTPO -L as photoinitiator for TPP by Baldacchini et.al in their Sartomer resin formulation at very low concentrations of (3% weight) gave,,,text_exact_candidate,pending,unknown,local_only/text_not_published
zotero_QH8XLKS5:sigma2:2,zotero_QH8XLKS5,QH8XLKS5,10.1016/j.polymer.2017.04.039,Localized polymerization using single photon photoinitiators in two photon process for fabricating subwavelength structures,sigma2,2,"n photoinitiator is its optical transparency to wavelength of ultra-short pulse laser, which typically liesin the region between 600 and 800 nm. This ensuresminimization of linear absorption by the photointiator/chromophore which may occur during TPP. The two photon absorption ( TPA) cross section is generallyused as a",,,text_exact_candidate,pending,unknown,local_only/text_not_published
zotero_QH8XLKS5:sigma2:5,zotero_QH8XLKS5,QH8XLKS5,10.1016/j.polymer.2017.04.039,Localized polymerization using single photon photoinitiators in two photon process for fabricating subwavelength structures,sigma2,3,n acylphosphine oxide radical photoinitiator is best in this class due to several advantages for two photon induced polymerization. Unlike most radical photoinitiators LTPO-L is a solid with good solubility and can be mixed with most resins. Although the two photon absorption cross section is small (< 1.2GM) it has bee,,,text_exact_candidate,pending,unknown,local_only/text_not_published
zotero_QH8XLKS5:sigma2:6,zotero_QH8XLKS5,QH8XLKS5,10.1016/j.polymer.2017.04.039,Localized polymerization using single photon photoinitiators in two photon process for fabricating subwavelength structures,sigma2,3,"y limits the applicability16. A class of co mmercially available radical , single photon photoinitiators such as Irgacure 369, Lucirin TPOL and WLPI have been explored for TPP process 17–20. These have howeverresulted in increased line-widths a s th eir two photon absorption coefficient is small (~1GM) in the IR region",,,text_exact_candidate,pending,unknown,local_only/text_not_published
zotero_QH8XLKS5:sigma2:7,zotero_QH8XLKS5,QH8XLKS5,10.1016/j.polymer.2017.04.039,Localized polymerization using single photon photoinitiators in two photon process for fabricating subwavelength structures,sigma2,3,phine oxide radical photoinitiator is best in this class due to several advantages for two photon induced polymerization. Unlike most radical photoinitiators LTPO-L is a solid with good solubility and can be mixed with most resins. Although the two photon absorption cross section is small (< 1.2GM) it has been shown th,,,text_exact_candidate,pending,unknown,local_only/text_not_published
zotero_QH8XLKS5:threshold:10,zotero_QH8XLKS5,QH8XLKS5,10.1016/j.polymer.2017.04.039,Localized polymerization using single photon photoinitiators in two photon process for fabricating subwavelength structures,threshold,3,ors LTPO-L is a solid with good solubility and can be mixed with most resins. Although the two photon absorption cross section is small (< 1.2GM) it has been shown that structures with excellent integrity and definition can be fabricated at relatively low laser powers due to the high radical quantum yield of 0.99 . Thi,,,text_exact_candidate,pending,unknown,local_only/text_not_published
zotero_QH8XLKS5:threshold:17,zotero_QH8XLKS5,QH8XLKS5,10.1016/j.polymer.2017.04.039,Localized polymerization using single photon photoinitiators in two photon process for fabricating subwavelength structures,threshold,5,No post processing of the samples was performed for any measurement. 3. Results and Discussion Two sets of experiments were performed at a fixed scanning speed of 25 μm/s. The first set of experiments were performed to determine the minimum power required (threshold) for writing at the different LTPO-L concentrations i,,,text_exact_candidate,pending,unknown,local_only/text_not_published
zotero_QH8XLKS5:threshold:19,zotero_QH8XLKS5,QH8XLKS5,10.1016/j.polymer.2017.04.039,Localized polymerization using single photon photoinitiators in two photon process for fabricating subwavelength structures,threshold,6,"the case of 1% LTPO-L loading. In our experiments the scanning speed (and hence the exposure time) was fixed and LTPO -L concentrations were varied. Hence, the observed trends in the line widths could be attributed to the significant drop in the threshold writing power with increasing photoinitiator loading from 1 -10%",,,text_exact_candidate,pending,unknown,local_only/text_not_published
zotero_QH8XLKS5:threshold:3,zotero_QH8XLKS5,QH8XLKS5,10.1016/j.polymer.2017.04.039,Localized polymerization using single photon photoinitiators in two photon process for fabricating subwavelength structures,threshold,2,"A) cross section is generallyused as a metric for comparison of two photon absorption activities of different dye/photoinitiators12. Typically two photon absorption dyes are used for this purpose. A highly sensitive and efficient dye can lead to very low threshold and short exposure time, which would lower the volume w",,,text_exact_candidate,pending,unknown,local_only/text_not_published
zotero_QH8XLKS5:voxel_geometry:1,zotero_QH8XLKS5,QH8XLKS5,10.1016/j.polymer.2017.04.039,Localized polymerization using single photon photoinitiators in two photon process for fabricating subwavelength structures,voxel_geometry,1,"roprietary. L TPO-L is an inexpensive, easily available single photon photoinitiator and has been used extensively for single photon absorption of UV light for polymerization. These polymerization volumes however are not localized and extend to micron size resolution having limited applications . We have exploited high",,,text_exact_candidate,pending,unknown,local_only/text_not_published
zotero_QH8XLKS5:voxel_geometry:11,zotero_QH8XLKS5,QH8XLKS5,10.1016/j.polymer.2017.04.039,Localized polymerization using single photon photoinitiators in two photon process for fabricating subwavelength structures,voxel_geometry,3,"Ormocer which is an organic – inorganic hybrid material pre -loaded with Lucirin TPO-L. Well defined micro structureswere obtained by using average l aser power of 105 mW and writing speed of 5 mm/s 27. However, most of these processes resulted in larger linewidths and were inappropriate for controlled polymerization i",,,text_exact_candidate,pending,unknown,local_only/text_not_published
zotero_QH8XLKS5:voxel_geometry:12,zotero_QH8XLKS5,QH8XLKS5,10.1016/j.polymer.2017.04.039,Localized polymerization using single photon photoinitiators in two photon process for fabricating subwavelength structures,voxel_geometry,3,"gave polymerized features w ith smallest dimensions of 5 μm 22. A few more groups have used such formulations for fabrication of polyme ric micro -cantilevers, optically active microstructures, gold doped structures and 3D cell migration studies obtaining feature sizes in the order of few microns 23–26. Very recently b",,,text_exact_candidate,pending,unknown,local_only/text_not_published
zotero_QH8XLKS5:voxel_geometry:4,zotero_QH8XLKS5,QH8XLKS5,10.1016/j.polymer.2017.04.039,Localized polymerization using single photon photoinitiators in two photon process for fabricating subwavelength structures,voxel_geometry,2,nsitizer. Two photon polymerization (T PP) involves absorption of two photons simultaneously through a virtual state for excitation of a molecule. It has emerged as an extremely powerful tool of triggering chemical and physical processes with high spatial resolution for fabrication of 2D/3D nano structures via a single,,,text_exact_candidate,pending,unknown,local_only/text_not_published
zotero_RK5TXPZ5:pi_loading:3,zotero_RK5TXPZ5,RK5TXPZ5,10.1364/OE.6.000064,Two-photon holography in 3-D photopolymer host-guest matrix,pi_loading,2,mperature) and 1–2 w. % of BDMK as two-photon photoinitiator was mixed in with components of the epoxy. 40 w.% of epoxy was used in this experimentation. DPEPA was not employed as it reacted with the epoxy hardener. The premixed formulation was poured into a 10mm 3 cuvette and cured 1 hour at 65 0C. Figure 1 shows the ,,,text_exact_candidate,pending,unknown,local_only/text_not_published
zotero_RK5TXPZ5:pi_loading:8,zotero_RK5TXPZ5,RK5TXPZ5,10.1364/OE.6.000064,Two-photon holography in 3-D photopolymer host-guest matrix,pi_loading,5,"holographic element with a 40 µm thickness and a 5 µm radius, it would be possible to create a 3-layer, (collimating lens layer, wavelength splitting series layer, focusing lens layer) 20-channel DWDM multiplexer/ demultiplexer for an array of 20 fibres in a 1mm 3 O-MOS cube, with a 40 µm output spacing. Similar calcul",,,text_exact_candidate,pending,unknown,local_only/text_not_published
zotero_RK5TXPZ5:sigma2:2,zotero_RK5TXPZ5,RK5TXPZ5,10.1364/OE.6.000064,Two-photon holography in 3-D photopolymer host-guest matrix,sigma2,2,"ave been explored: 1) recording in a high viscosity liquid photopolymerizable formulation; 2) recording in polymeric host filled with a liquid photopolymerizable formulation. In both cases Benzil- Di-Methyl-Ketal (BDMK) was used as two-photon photoinitiator, two-photon absorption of which is enhanced due to extended st",,,text_exact_candidate,pending,unknown,local_only/text_not_published
zotero_RK5TXPZ5:threshold:1,zotero_RK5TXPZ5,RK5TXPZ5,10.1364/OE.6.000064,Two-photon holography in 3-D photopolymer host-guest matrix,threshold,1,lographic recording possesses significant advantages over its single-photon counterpart for use in optically-recorded micro-optical systems (O-MOS). Primary among these are low background recording and non-destructive readout because of a nonlinear recording threshold. This allows the creation of more multiple data or ,,,text_exact_candidate,pending,unknown,local_only/text_not_published
zotero_RK5TXPZ5:threshold:4,zotero_RK5TXPZ5,RK5TXPZ5,10.1364/OE.6.000064,Two-photon holography in 3-D photopolymer host-guest matrix,threshold,2,"wledge the first implementation of holographic gratings in a polymer gel cube by resonant two-photon photopolymerization. The recording medium utilized, a Benzil-Di-Methyl Ketal derivative in a host monomer, is a member of a new class of ultra-low two-photon threshold photopolymers we have developed which are found to ",,,text_exact_candidate,pending,unknown,local_only/text_not_published
zotero_RK5TXPZ5:threshold:5,zotero_RK5TXPZ5,RK5TXPZ5,10.1364/OE.6.000064,Two-photon holography in 3-D photopolymer host-guest matrix,threshold,3,"not a problem with the sensitivity of our photopolymers. The sample is placed upon a 3D scanning stage as to access any point in the cube. A low-NA objective (Seiwa, either 5X, Figure 1: Optical system for 3D two-photon holography NA= .16 or 10X, NA=.23) as to produce a large area for mutual overlap. A telecentric imag",,,text_exact_candidate,pending,unknown,local_only/text_not_published
zotero_RK5TXPZ5:threshold:6,zotero_RK5TXPZ5,RK5TXPZ5,10.1364/OE.6.000064,Two-photon holography in 3-D photopolymer host-guest matrix,threshold,3,"-photon holography NA= .16 or 10X, NA=.23) as to produce a large area for mutual overlap. A telecentric imaging system is used to image the light diffracted by the grating. The thickness τ of the diffraction grating depends upon the amount of overlap above threshold of the l = 60 µm pulses. This is given by      ",,,text_exact_candidate,pending,unknown,local_only/text_not_published
zotero_RK5TXPZ5:voxel_geometry:7,zotero_RK5TXPZ5,RK5TXPZ5,10.1364/OE.6.000064,Two-photon holography in 3-D photopolymer host-guest matrix,voxel_geometry,4,"patial overlap of the two pulses. Fringe spacing is approximately 2 µm, and can be modified by adjusting Δx. The zigzag pattern is because of the presence of vibrations due to the coupling of the cooling pump of the argon laser to the table. Ultimate spatial resolution of two-photon holographic gratings is limited by t",,,text_exact_candidate,pending,unknown,local_only/text_not_published
zotero_RU8URT2Z:isc_t1:11,zotero_RU8URT2Z,RU8URT2Z,,Mechanism aware discovery of radical two photon photoinitiators from accessible chemical space,isc_t1,7,sigma_780 sigma_max toxicity solubility SA isc 0.0 0.1 0.2 0.3 0.4 0.5 RMSE (standardized) a) Sealed outer-test error D06 F06 sigma_780 sigma_max toxicity solubility SA isc 0.750 0.775 0.800 0.825 0.850 0.875 0.900 0.925 0.950 R2 b) Task-wise explanatory power D06 F06 −0.020 −0.015 −0.010 −0.005 0.000 0.005 0.010 Delta,,,text_exact_candidate,pending,unknown,local_only/text_not_published
zotero_RU8URT2Z:isc_t1:12,zotero_RU8URT2Z,RU8URT2Z,,Mechanism aware discovery of radical two photon photoinitiators from accessible chemical space,isc_t1,10,"headline rather than being mixed into a photoinitiator ranking. Putative Type-I can- didates require evidence for accessible excited-state activation, relevant bond cleavage and chemically credible radical fragments. Type-II candidates require triplet-state characterization and an explicit co-initiator model, because t",,,text_exact_candidate,pending,unknown,local_only/text_not_published
zotero_RU8URT2Z:isc_t1:14,zotero_RU8URT2Z,RU8URT2Z,,Mechanism aware discovery of radical two photon photoinitiators from accessible chemical space,isc_t1,11,"unsupported chemical claims. Quantum-mechanical calculations further narrow the candidate space, but they do not replace experimental validation. Calculations can support mechanistic plausibility by examining excited states, bond cleavage, radical stability, triplet states or electron- transfer thermodynamics, dependin",,,text_exact_candidate,pending,unknown,local_only/text_not_published
zotero_RU8URT2Z:isc_t1:16,zotero_RU8URT2Z,RU8URT2Z,,Mechanism aware discovery of radical two photon photoinitiators from accessible chemical space,isc_t1,13,"yes 0.186038 1.116227 absorptionrange12.2910 auxiliary – – syntheticaccessibility17.7734 yes 0.202641 1.215845 iscenergy13.6915 yes 0.156101 0.936605 The six-task training set was defined as T={sigma 780,sigma max,toxicity,solubility, synthetic accessibility,isc energy}. For each training taski∈T, the training prior wa",,,text_exact_candidate,pending,unknown,local_only/text_not_published
zotero_RU8URT2Z:mechanism:1,zotero_RU8URT2Z,RU8URT2Z,,Mechanism aware discovery of radical two photon photoinitiators from accessible chemical space,mechanism,1,"reening rules, combines paired multitask molecular prediction models with applicability-domain and model-disagreement analyses, and advances can- didate families through mechanism-specific quantum-chemical evaluation. This framework separates single-component Type-I candidates from co-initiator- dependent Type-II and S",,,text_exact_candidate,pending,unknown,local_only/text_not_published
zotero_RU8URT2Z:mechanism:2,zotero_RU8URT2Z,RU8URT2Z,,Mechanism aware discovery of radical two photon photoinitiators from accessible chemical space,mechanism,1,"lar prediction models with applicability-domain and model-disagreement analyses, and advances can- didate families through mechanism-specific quantum-chemical evaluation. This framework separates single-component Type-I candidates from co-initiator- dependent Type-II and SET/PET boundary cases, preventing optical-prope",,,text_exact_candidate,pending,unknown,local_only/text_not_published
zotero_RU8URT2Z:mechanism:7,zotero_RU8URT2Z,RU8URT2Z,,Mechanism aware discovery of radical two photon photoinitiators from accessible chemical space,mechanism,2,"discovery intrinsically mechanism-dependent. A large two-photon absorption cross section increases the prob- ability of excitation, but it does not establish that the excited state will generate radicals capable of initiating polymerization. Single-component Type-I systems require an accessible bond-cleavage pathway an",,,text_exact_candidate,pending,unknown,local_only/text_not_published
zotero_RU8URT2Z:mechanism:8,zotero_RU8URT2Z,RU8URT2Z,,Mechanism aware discovery of radical two photon photoinitiators from accessible chemical space,mechanism,2,"ncreases the prob- ability of excitation, but it does not establish that the excited state will generate radicals capable of initiating polymerization. Single-component Type-I systems require an accessible bond-cleavage pathway and reactive radical fragments. Type-II systems require a suitable hydrogen donor or electro",,,text_exact_candidate,pending,unknown,local_only/text_not_published
zotero_RU8URT2Z:sigma2:3,zotero_RU8URT2Z,RU8URT2Z,,Mechanism aware discovery of radical two photon photoinitiators from accessible chemical space,sigma2,2,a useful candidate must absorb efficiently under nonlinear excitation and must also provide a formulation-relevant pathway to productive initiating radicals. This requirement makes two-photon photoinitiator discovery intrinsically mechanism-dependent. A large two-photon absorption cross section increases the prob- abil,,,text_exact_candidate,pending,unknown,local_only/text_not_published
zotero_RU8URT2Z:sigma2:4,zotero_RU8URT2Z,RU8URT2Z,,Mechanism aware discovery of radical two photon photoinitiators from accessible chemical space,sigma2,2,a useful candidate must absorb efficiently under nonlinear excitation and must also provide a formulation-relevant pathway to productive initiating radicals. This requirement makes two-photon photoinitiator discovery intrinsically mechanism-dependent. A large two-photon absorption cross section increases the prob- abil,,,text_exact_candidate,pending,unknown,local_only/text_not_published
zotero_RU8URT2Z:sigma2:5,zotero_RU8URT2Z,RU8URT2Z,,Mechanism aware discovery of radical two photon photoinitiators from accessible chemical space,sigma2,2,ndidate must absorb efficiently under nonlinear excitation and must also provide a formulation-relevant pathway to productive initiating radicals. This requirement makes two-photon photoinitiator discovery intrinsically mechanism-dependent. A large two-photon absorption cross section increases the prob- ability of exci,,,text_exact_candidate,pending,unknown,local_only/text_not_published
zotero_RU8URT2Z:sigma2:9,zotero_RU8URT2Z,RU8URT2Z,,Mechanism aware discovery of radical two photon photoinitiators from accessible chemical space,sigma2,3,"models are trained on standardized molecular struc- tures to predict optical and developability-related screening endpoints, and their utility is assessed through scaffold-disjoint testing and literature-basedσ max rank-order com- parisons. Predicted maximum two-photon absorption cross section,σ max, serves as the prin",,,text_exact_candidate,pending,unknown,local_only/text_not_published
zotero_RU8URT2Z:threshold:10,zotero_RU8URT2Z,RU8URT2Z,,Mechanism aware discovery of radical two photon photoinitiators from accessible chemical space,threshold,6,"cated that graph-only D-MPNN features already provided a strong baseline, with dense and PI-family descriptors producing small reproducible improvements (Fig. 2d). We therefore use D06 as the primary multitask ranking backbone and F06 as a PI- family-informed sensitivity model. 2.5 Benchmark-guided diagnostics for endp",,,text_exact_candidate,pending,unknown,local_only/text_not_published
zotero_RU8URT2Z:threshold:13,zotero_RU8URT2Z,RU8URT2Z,,Mechanism aware discovery of radical two photon photoinitiators from accessible chemical space,threshold,11,"chanistic plausibility by examining excited states, bond cleavage, radical stability, triplet states or electron- transfer thermodynamics, depending on the assigned lane. They cannot by themselves establish resin compatibility, practical exposure dose, oxygen sensitivity, solubility under formulation conditions or fina",,,text_exact_candidate,pending,unknown,local_only/text_not_published
zotero_RU8URT2Z:threshold:15,zotero_RU8URT2Z,RU8URT2Z,,Mechanism aware discovery of radical two photon photoinitiators from accessible chemical space,threshold,12,"supervised target under the available data representa- tion.absorption rangehas a clear physical meaning because it describes spectral coverage and matching to the target excitation window. In the present dataset, however, it behaved more like an interval- or threshold-matching descriptor than a stable, information-ric",,,text_exact_candidate,pending,unknown,local_only/text_not_published
zotero_RU8URT2Z:threshold:6,zotero_RU8URT2Z,RU8URT2Z,,Mechanism aware discovery of radical two photon photoinitiators from accessible chemical space,threshold,2,"l, optical and biological functions accessible to 2PP-fabricated materials[1–3]. In this process, the photoini- tiator is not a passive optical absorber; it is the molecular component that couples optical excitation to the radical chemistry governing exposure threshold, writing window and polymerization efficiency[3, 4",,,text_exact_candidate,pending,unknown,local_only/text_not_published
zotero_RXLQF5PE:pi_loading:2,zotero_RXLQF5PE,RXLQF5PE,10.1016/j.eurpolymj.2012.09.012,Influence of UV irradiation and two photon processing on the cinnamate monomers polymerization and formation of hybrid composites with nanosized ZnO,pi_loading,4,"d by differential scanning photocalorimetry (Photo-DSC) because this method allows determining important parameters with one single measurement. All photopolymerizations were performed at room tempera- ture under ambient atmosphere and identical conditions of initiator concentration (1.5; 3 wt.%), and UV light inten- s",,,text_exact_candidate,pending,unknown,local_only/text_not_published
zotero_RXLQF5PE:pi_loading:3,zotero_RXLQF5PE,RXLQF5PE,10.1016/j.eurpolymj.2012.09.012,Influence of UV irradiation and two photon processing on the cinnamate monomers polymerization and formation of hybrid composites with nanosized ZnO,pi_loading,9,"of the polymeric ﬁlms based on Cin-DMA/UH-MA and 1% ZnO (in set a) and pure Cin-DMA/UH-MA (in set b). Fig. 9. Polymerized lines for Cin-DMA (a), Cin-DMA/UH-MA (b), OCin-DMA (c), OCin-DMA/UH-MA (d) visualized by SEM at 50 and 100 lm spacing, scanning velocity: 3 mm/s; AFM image of OCin-DMA/UH-MA single grid (e). 1984 E.",,,text_exact_candidate,pending,unknown,local_only/text_not_published
zotero_RXLQF5PE:sigma2:7,zotero_RXLQF5PE,RXLQF5PE,10.1016/j.eurpolymj.2012.09.012,Influence of UV irradiation and two photon processing on the cinnamate monomers polymerization and formation of hybrid composites with nanosized ZnO,sigma2,12,"A, Klapdohr S, Fischer UK, Rheinberger V. Sol–gel materials: 2. Light-curing dental composites based on ormocers of cross-linking alkoxysilane methacrylates and further nano-components. Dent Mater 2008;24(6):851–6. [23] Bhuian B, Winﬁeld RJ, O’Brien S, Crean GM. Investigation of the two- photon polymerisation of a Zr-b",,,text_exact_candidate,pending,unknown,local_only/text_not_published
zotero_RXLQF5PE:threshold:4,zotero_RXLQF5PE,RXLQF5PE,10.1016/j.eurpolymj.2012.09.012,Influence of UV irradiation and two photon processing on the cinnamate monomers polymerization and formation of hybrid composites with nanosized ZnO,threshold,9,"h are limited in size to dimensions of about 4.5 lm in height and 20 lm in width. Moreover, the AFM results suggested the absence of phase separation and implicitly, the existence of isolated nanophase domains. When the polymerization was repeated at a higher laser power (e.g. 10 mW) the quality of the realized lines i",,,text_exact_candidate,pending,unknown,local_only/text_not_published
zotero_RXLQF5PE:threshold:5,zotero_RXLQF5PE,RXLQF5PE,10.1016/j.eurpolymj.2012.09.012,Influence of UV irradiation and two photon processing on the cinnamate monomers polymerization and formation of hybrid composites with nanosized ZnO,threshold,10,"(a) and its ﬂuorescence image (b); emission spectra for UV photopolymerized Cin-DMA/UH-MA in the absence of ZnO (curve 1) and in the presence of 0.5 wt.% ZnO (curve 2). Fig. 11. Optical microscopy images of the polymerized lines for Cin-DMA/UH-MA at different laser powers: 7.5 mW (a), 5 mW (b), 3.5 mW (c) and for the n",,,text_exact_candidate,pending,unknown,local_only/text_not_published
zotero_RXLQF5PE:threshold:6,zotero_RXLQF5PE,RXLQF5PE,10.1016/j.eurpolymj.2012.09.012,Influence of UV irradiation and two photon processing on the cinnamate monomers polymerization and formation of hybrid composites with nanosized ZnO,threshold,11,"2), whereas the same ﬁlm in the absence of ZnO emits o lower ﬂuorescence ( Fig. 10c, curve 1) attributed to the sils- esquioxane nanoparticles. The effect of laser writing power on photopolymeriza- tion of the monomer mixture with or without ZnO is shown in Fig. 11 , which illustrates the optical microscopy (OM) microg",,,text_exact_candidate,pending,unknown,local_only/text_not_published
zotero_RXLQF5PE:voxel_geometry:1,zotero_RXLQF5PE,RXLQF5PE,10.1016/j.eurpolymj.2012.09.012,Influence of UV irradiation and two photon processing on the cinnamate monomers polymerization and formation of hybrid composites with nanosized ZnO,voxel_geometry,2,"ding, viscosity, and others [12–14] . In these conditions, it is necessary to evaluate the effect of each monomer structure on the pho- toreactivity, because polymerization of some monomers/ macromers only in illuminated areas enables the genera- tion of high resolution images for the production of print- ing plates, o",,,text_exact_candidate,pending,unknown,local_only/text_not_published
zotero_RZAZ6SD2:mechanism:10,zotero_RZAZ6SD2,RZAZ6SD2,10.1021/acsami.8b15011,Cucurbit[7]uril-Carbazole two-photon photoinitiators for the fabrication of biocompatible three-dimensional hydrogel scaffolds by laser direct writing in aqueous solutions,mechanism,3,"ectra. Figure 1a shows the one- photon absorption and ﬂuorescence spectral of the BMVPC and BMVPC −CB7 complex. The maximum absorption peak of BMVPC at 418 nm in aqueous solution is assigned to the electronic transition from the ground state to intramolecular charge transfer (ICT) state, and the weak shoulder peak at 4",,,text_exact_candidate,pending,unknown,local_only/text_not_published
zotero_RZAZ6SD2:pi_loading:6,zotero_RZAZ6SD2,RZAZ6SD2,10.1021/acsami.8b15011,Cucurbit[7]uril-Carbazole two-photon photoinitiators for the fabrication of biocompatible three-dimensional hydrogel scaffolds by laser direct writing in aqueous solutions,pi_loading,2,"k. 22,27 2.3. Isothermal Titration Calorimetry. Isothermal titration calorimetry (ITC) experiment was characterized by using a microcalorimeter (MicroCal Auto-iTC200) at 25 °C (298.15 K) in deionized water. All solutions were degassed prior to titration. CB7 (2 mM) was gradually added to the BMVPC (0.2 mM) aqueous solu",,,text_exact_candidate,pending,unknown,local_only/text_not_published
zotero_RZAZ6SD2:sigma2:1,zotero_RZAZ6SD2,RZAZ6SD2,10.1021/acsami.8b15011,Cucurbit[7]uril-Carbazole two-photon photoinitiators for the fabrication of biocompatible three-dimensional hydrogel scaffolds by laser direct writing in aqueous solutions,sigma2,1,"toinitiators have poor two-photon initiating e ﬃ ciency in aqueous solutions. The binding ratio of BMVPC and CB7 was determined as 1:1 by isothermal titration calorimetry and quantum chemical calculation. The formation of the host −guest complex increases the two-photon absorption cross-section about ﬁve times, and imp",,,text_exact_candidate,pending,unknown,local_only/text_not_published
zotero_RZAZ6SD2:sigma2:11,zotero_RZAZ6SD2,RZAZ6SD2,10.1021/acsami.8b15011,Cucurbit[7]uril-Carbazole two-photon photoinitiators for the fabrication of biocompatible three-dimensional hydrogel scaffolds by laser direct writing in aqueous solutions,sigma2,4,he BMVPC −CB7 complex as the one-component photoinitiator. The main parameters of laser threshold Table 1. Summary of the Photophysical Properties of BMVPC without and with CB7 in Aqueous Solution at Room Temperature solvent λabs a/nm λem b/nm λem c/nm φ d δe/GM τf/ns BMVPC H 2O 448 581 581 0.0013 613 1.143 BMVPC DMSO ,,,text_exact_candidate,pending,unknown,local_only/text_not_published
zotero_RZAZ6SD2:sigma2:2,zotero_RZAZ6SD2,RZAZ6SD2,10.1021/acsami.8b15011,Cucurbit[7]uril-Carbazole two-photon photoinitiators for the fabrication of biocompatible three-dimensional hydrogel scaffolds by laser direct writing in aqueous solutions,sigma2,1,"toinitiators have poor two-photon initiating e ﬃ ciency in aqueous solutions. The binding ratio of BMVPC and CB7 was determined as 1:1 by isothermal titration calorimetry and quantum chemical calculation. The formation of the host −guest complex increases the two-photon absorption cross-section about ﬁve times, and imp",,,text_exact_candidate,pending,unknown,local_only/text_not_published
zotero_RZAZ6SD2:sigma2:3,zotero_RZAZ6SD2,RZAZ6SD2,10.1021/acsami.8b15011,Cucurbit[7]uril-Carbazole two-photon photoinitiators for the fabrication of biocompatible three-dimensional hydrogel scaffolds by laser direct writing in aqueous solutions,sigma2,1,"s have poor two-photon initiating e ﬃ ciency in aqueous solutions. The binding ratio of BMVPC and CB7 was determined as 1:1 by isothermal titration calorimetry and quantum chemical calculation. The formation of the host −guest complex increases the two-photon absorption cross-section about ﬁve times, and improves the w",,,text_exact_candidate,pending,unknown,local_only/text_not_published
zotero_RZAZ6SD2:threshold:12,zotero_RZAZ6SD2,RZAZ6SD2,10.1021/acsami.8b15011,Cucurbit[7]uril-Carbazole two-photon photoinitiators for the fabrication of biocompatible three-dimensional hydrogel scaffolds by laser direct writing in aqueous solutions,threshold,4,"n the 1:1 inclusion complex, in accordance with the ICT result. 3.4. Laser Direct Writing of 3D Hydrogels. The photoresist component includes the PEGDA as the monomer and the BMVPC −CB7 complex as the one-component photoinitiator. The main parameters of laser threshold Table 1. Summary of the Photophysical Properties o",,,text_exact_candidate,pending,unknown,local_only/text_not_published
zotero_RZAZ6SD2:threshold:4,zotero_RZAZ6SD2,RZAZ6SD2,10.1021/acsami.8b15011,Cucurbit[7]uril-Carbazole two-photon photoinitiators for the fabrication of biocompatible three-dimensional hydrogel scaffolds by laser direct writing in aqueous solutions,threshold,1,"he one-component photoinitiator, and the polyethylene glycol diacrylate with promising biocompatibility was used as the hydrogel monomer to form the aqueous-phase photoresist system applied to two-photon polymerization microfabrication. A relatively low laser threshold of 4.5 mW, a high fabricating resolution of 180 nm",,,text_exact_candidate,pending,unknown,local_only/text_not_published
zotero_RZAZ6SD2:threshold:7,zotero_RZAZ6SD2,RZAZ6SD2,10.1021/acsami.8b15011,Cucurbit[7]uril-Carbazole two-photon photoinitiators for the fabrication of biocompatible three-dimensional hydrogel scaffolds by laser direct writing in aqueous solutions,threshold,2,"rdinarily high threshold powers for microfabrication which would a ﬀect the resolution of fabricated micro- structures. 10,18,19 In our previous work, a water-soluble host − guest complex was used as a TPP photoinitiator for 3D hydrogel fabrication with a low polymerization threshold of 8.6 mW, nevertheless, the water-",,,text_exact_candidate,pending,unknown,local_only/text_not_published
zotero_RZAZ6SD2:threshold:8,zotero_RZAZ6SD2,RZAZ6SD2,10.1021/acsami.8b15011,Cucurbit[7]uril-Carbazole two-photon photoinitiators for the fabrication of biocompatible three-dimensional hydrogel scaffolds by laser direct writing in aqueous solutions,threshold,2,"Irgacure 2959, which were often used in UV lithography with unknown TPA properties. 17 Water-soluble photoinitiators were required for the 3D hydrogel fabrication in the aqueous medium, but the relatively low-initiating e ﬃ ciency led to extraordinarily high threshold powers for microfabrication which would a ﬀect the ",,,text_exact_candidate,pending,unknown,local_only/text_not_published
zotero_RZAZ6SD2:voxel_geometry:13,zotero_RZAZ6SD2,RZAZ6SD2,10.1021/acsami.8b15011,Cucurbit[7]uril-Carbazole two-photon photoinitiators for the fabrication of biocompatible three-dimensional hydrogel scaffolds by laser direct writing in aqueous solutions,voxel_geometry,5,"the glass substrate, the adhesion force is large, and therefore the shrinkage deformation of the bottom is small ( Figure S7 ). Thus, the entire structure is complete without any deformation. The magniﬁed SEM image shows that the lines in the structure have a line width of 300 nm with a pitch of 2 μm( Figure S7). Subse",,,text_exact_candidate,pending,unknown,local_only/text_not_published
zotero_RZAZ6SD2:voxel_geometry:14,zotero_RZAZ6SD2,RZAZ6SD2,10.1021/acsami.8b15011,Cucurbit[7]uril-Carbazole two-photon photoinitiators for the fabrication of biocompatible three-dimensional hydrogel scaffolds by laser direct writing in aqueous solutions,voxel_geometry,5,view of BMVPC −CB7 with geometry II. (g) Bird view of BMVPC −CB7 with geometry II. Figure 4. (a) SEM images of hydrogel nanowire array fabricated with varied laser power from 10.5 to 4.5 mW at a scanning speed of 10 μm s−1. (b) Corresponding dependence of the linewidth on the laser power. Figure 5. (a) Overall view and,,,text_exact_candidate,pending,unknown,local_only/text_not_published
zotero_RZAZ6SD2:voxel_geometry:5,zotero_RZAZ6SD2,RZAZ6SD2,10.1021/acsami.8b15011,Cucurbit[7]uril-Carbazole two-photon photoinitiators for the fabrication of biocompatible three-dimensional hydrogel scaffolds by laser direct writing in aqueous solutions,voxel_geometry,1,"polyethylene glycol diacrylate with promising biocompatibility was used as the hydrogel monomer to form the aqueous-phase photoresist system applied to two-photon polymerization microfabrication. A relatively low laser threshold of 4.5 mW, a high fabricating resolution of 180 nm, and the true three-dimensional (3D) fab",,,text_exact_candidate,pending,unknown,local_only/text_not_published
zotero_RZAZ6SD2:voxel_geometry:9,zotero_RZAZ6SD2,RZAZ6SD2,10.1021/acsami.8b15011,Cucurbit[7]uril-Carbazole two-photon photoinitiators for the fabrication of biocompatible three-dimensional hydrogel scaffolds by laser direct writing in aqueous solutions,voxel_geometry,2,"unknown TPA properties. 17 Water-soluble photoinitiators were required for the 3D hydrogel fabrication in the aqueous medium, but the relatively low-initiating e ﬃ ciency led to extraordinarily high threshold powers for microfabrication which would a ﬀect the resolution of fabricated micro- structures. 10,18,19 In our ",,,text_exact_candidate,pending,unknown,local_only/text_not_published
zotero_S7XPYQQM:pi_loading:4,zotero_S7XPYQQM,S7XPYQQM,10.1364/OL.22.000132,Three-dimensional microfabrication with two-photon-absorbed photopolymerization,pi_loading,2,"om the bottom and from the side, respectively, of a spiral structure fabricated by the pro- posed method. The input power of the laser and the total exposure time were 20 mW and 2.3 s and the di- ameter and the axial pitch of the spiral structure were 6.0 and 10.3 mm, respectively. The width of the spiral wire was near",,,text_exact_candidate,pending,unknown,local_only/text_not_published
zotero_S7XPYQQM:sigma2:1,zotero_S7XPYQQM,S7XPYQQM,10.1364/OL.22.000132,Three-dimensional microfabrication with two-photon-absorbed photopolymerization,sigma2,1,"brication process to improve the longitudinal resolution.9 Two-photon ab- sorption has been applied to f luorescence microscopes, to 3D memory, and to lithography. 8±1 2 Results of fundamental experiments that verified the possibil- ity of 3D fabrication with two-photon absorption have been demonstrated.11,12 However, ",,,text_exact_candidate,pending,unknown,local_only/text_not_published
zotero_S7XPYQQM:sigma2:3,zotero_S7XPYQQM,S7XPYQQM,10.1364/OL.22.000132,Three-dimensional microfabrication with two-photon-absorbed photopolymerization,sigma2,2,"rden the resin. The next issue that needs to be addressed is use of the proposed fabrication technique to make a probe for laser trapping and a micromover. In addition, a theo- retical analysis of the 3D photopolymerization process with both single-photon and two-photon absorption is Fig. 2. Optical system for two-phot",,,text_exact_candidate,pending,unknown,local_only/text_not_published
zotero_S7XPYQQM:voxel_geometry:2,zotero_S7XPYQQM,S7XPYQQM,10.1364/OL.22.000132,Three-dimensional microfabrication with two-photon-absorbed photopolymerization,voxel_geometry,1,"laser trapping5±7 are also of interest. Although microfabrication technology with pho- topolymerization has been used in several fields, the physics of the photopolymerization process in three- dimensional (3D) space is not clear. This means that the spatial resolution attained with photopolymerizing fabrication is unc",,,text_exact_candidate,pending,unknown,local_only/text_not_published
zotero_S7XPYQQM:voxel_geometry:5,zotero_S7XPYQQM,S7XPYQQM,10.1364/OL.22.000132,Three-dimensional microfabrication with two-photon-absorbed photopolymerization,voxel_geometry,2,by the laser to harden the resin was 20 mW with an exposure time of 8 ms. The minimum exposure is estimated to be 18 J ymm 2 at the focal point. The absorption coefficient for the two-photon process was 0.04% of that for the single-photon process. The spatial resolution of the proposed method is limited by the radical ,,,text_exact_candidate,pending,unknown,local_only/text_not_published
zotero_SRU6DZHE:isc_t1:20,zotero_SRU6DZHE,SRU6DZHE,10.1021/acs.macromol.0c01518,Polymerization photoinitiators with near-resonance enhanced two-photon absorption cross-section: Toward high-resolution photoresist with improved sensitivity,isc_t1,6,"aH = 7.0 G and aH = 1.5 G), even though the presence of this species is not fully understood. Note that this radical may also be present in PBN, but its expected feature may render it undistinguishable from the iminyl radical. In addition to these signals, a triplet signal due to the degradation of DMPO ( a N = 13.9 G)",,,text_exact_candidate,pending,unknown,local_only/text_not_published
zotero_SRU6DZHE:mechanism:11,zotero_SRU6DZHE,SRU6DZHE,10.1021/acs.macromol.0c01518,Polymerization photoinitiators with near-resonance enhanced two-photon absorption cross-section: Toward high-resolution photoresist with improved sensitivity,mechanism,2,"o parameters, namely, (i) the two-photon absorption cross- section ( σ 2PA), which quanti ﬁes the probability for the chromophore to undergo transition to its excited state upon laser irradiation through the simultaneous absorption of two photons and (ii) the radical generation quantum e ﬃ ciency, which represents the ",,,text_exact_candidate,pending,unknown,local_only/text_not_published
zotero_SRU6DZHE:mechanism:18,zotero_SRU6DZHE,SRU6DZHE,10.1021/acs.macromol.0c01518,Polymerization photoinitiators with near-resonance enhanced two-photon absorption cross-section: Toward high-resolution photoresist with improved sensitivity,mechanism,5,"3, including 532 nm, Figure S4 ) to ascertain the two-photon nature of the monitored process at these WLs. 75 EPR-Spin Trapping Studies. To further demonstrate the applicability of our newly designed chromophores for two- photon microfabrication, photoinduced radical generation upon continuous irradiation of dichlorome",,,text_exact_candidate,pending,unknown,local_only/text_not_published
zotero_SRU6DZHE:mechanism:19,zotero_SRU6DZHE,SRU6DZHE,10.1021/acs.macromol.0c01518,Polymerization photoinitiators with near-resonance enhanced two-photon absorption cross-section: Toward high-resolution photoresist with improved sensitivity,mechanism,5,"the limit between near UV and visible (390 nm) and extends into the violet and blue range of the visible spectra. The shape of the spectrum in dichloro- methane solvent, along with the characteristic large oscillator strength, is typical of an intramolecular charge transfer (ICT) band, characteristic of two-photon abso",,,text_exact_candidate,pending,unknown,local_only/text_not_published
zotero_SRU6DZHE:mechanism:8,zotero_SRU6DZHE,SRU6DZHE,10.1021/acs.macromol.0c01518,Polymerization photoinitiators with near-resonance enhanced two-photon absorption cross-section: Toward high-resolution photoresist with improved sensitivity,mechanism,1,"nonlinear response to engineer a two- photon polymerization photoinitiator with optimized e ﬃ ciency in regard to literature benchmarks. We study in detail its linear and resonant third-order nonlinear optical properties, with particular focus on photoinduced radical generation. Careful choice of peripheral substituent",,,text_exact_candidate,pending,unknown,local_only/text_not_published
zotero_SRU6DZHE:pi_loading:12,zotero_SRU6DZHE,SRU6DZHE,10.1021/acs.macromol.0c01518,Polymerization photoinitiators with near-resonance enhanced two-photon absorption cross-section: Toward high-resolution photoresist with improved sensitivity,pi_loading,3,"om Sigma-Aldrich, TCI, or Alfa Aesar and were used without further puri ﬁcation. The reaction progress was monitored by thin layer chromatography with silica gel 60 F254 using UV lamp detection. Column chromatography was performed using Acros Organics (0.035 −0.70 mm) silica gel for puriﬁcation. Dipentaerythritol penta",,,text_exact_candidate,pending,unknown,local_only/text_not_published
zotero_SRU6DZHE:pi_loading:15,zotero_SRU6DZHE,SRU6DZHE,10.1021/acs.macromol.0c01518,Polymerization photoinitiators with near-resonance enhanced two-photon absorption cross-section: Toward high-resolution photoresist with improved sensitivity,pi_loading,4,"ity ﬁlter (0.5%) to attenuate the lamp signal and thus ensure that the collected signal remained in the linear range of the detector. Z-Scan 2PA Measurement. Z-scan measurements were con- ducted in dichloromethane (spectroscopic grade) solutions for V- Shape (0.61 mM), Oct (1.52 mM), and BDEBP (9.8 mM). The open apertu",,,text_exact_candidate,pending,unknown,local_only/text_not_published
zotero_SRU6DZHE:pi_loading:17,zotero_SRU6DZHE,SRU6DZHE,10.1021/acs.macromol.0c01518,Polymerization photoinitiators with near-resonance enhanced two-photon absorption cross-section: Toward high-resolution photoresist with improved sensitivity,pi_loading,5,"9 na 77 ± 11 ITX 386b 0.7b 420b 9b na na na na OXE2 340 2.1 464 ≈0n a n a n a n a aPeak potential values measured by CV for V-Shape, Oct, and BDEBP (1 mmol/L) in the presence of TBAP (0.1 mol/L), E(V) vs Eref[Fc/Fc+]a t a vitreous carbon working electrode Ø = 3 mm, 298 K, ν = 0.1 V/s. na: not available. bPreviously rep",,,text_exact_candidate,pending,unknown,local_only/text_not_published
zotero_SRU6DZHE:pi_loading:21,zotero_SRU6DZHE,SRU6DZHE,10.1021/acs.macromol.0c01518,Polymerization photoinitiators with near-resonance enhanced two-photon absorption cross-section: Toward high-resolution photoresist with improved sensitivity,pi_loading,7,"ion for V-Shape and Oct. These data, in line with EPR results, strongly suggest that Figure 4. CV of V-Shape, Oct, and BDEBP (1 mmol/L) in dichloromethane in the presence of TBAP (0.1 mol/L), E(V) vs E ref[Fc/Fc+], at a vitreous carbon working electrode ( Ø = 3 mm, 298 K, ν = 0.1 V/s). Macromolecules pubs.acs.org/Macro",,,text_exact_candidate,pending,unknown,local_only/text_not_published
zotero_SRU6DZHE:sigma2:1,zotero_SRU6DZHE,SRU6DZHE,10.1021/acs.macromol.0c01518,Polymerization photoinitiators with near-resonance enhanced two-photon absorption cross-section: Toward high-resolution photoresist with improved sensitivity,sigma2,1,"demanding speciﬁc technical requirements and constraints tend to emerge.9,10 In particular, fabrication of nano- and micro- structured objects require resolutions that are not accessible with standard layer-by-layer photolithography. 11−13 In that framework, two-photon absorption-induced stereolithography is generally ",,,text_exact_candidate,pending,unknown,local_only/text_not_published
zotero_SRU6DZHE:sigma2:16,zotero_SRU6DZHE,SRU6DZHE,10.1021/acs.macromol.0c01518,Polymerization photoinitiators with near-resonance enhanced two-photon absorption cross-section: Toward high-resolution photoresist with improved sensitivity,sigma2,5,"→ S1 transition (excitation to the lowest lying excited state, similar to that reached upon 1PA at 390 nm), another strong 2PA transition is also seen, as expected, as the laser WL gets closer to the 1PA resonance WL. Interestingly, while σ 2PA peaks ca. 500 GM for the regular 2PA band, consistent with values usually f",,,text_exact_candidate,pending,unknown,local_only/text_not_published
zotero_SRU6DZHE:sigma2:2,zotero_SRU6DZHE,SRU6DZHE,10.1021/acs.macromol.0c01518,Polymerization photoinitiators with near-resonance enhanced two-photon absorption cross-section: Toward high-resolution photoresist with improved sensitivity,sigma2,1,"Polymerization Photoinitiators with Near-Resonance Enhanced Two- Photon Absorption Cross-Section: Toward High-Resolution Photoresist with Improved Sensitivity Caroline Arnoux, Tatsuki Konishi, Emma Van Elslande, Eric-Aime ́Poutougnigni, Jean-Christophe Mulatier, Lhoussain Khrouz, Christophe Bucher, Elise Dumont, Kenji ",,,text_exact_candidate,pending,unknown,local_only/text_not_published
zotero_SRU6DZHE:sigma2:9,zotero_SRU6DZHE,SRU6DZHE,10.1021/acs.macromol.0c01518,Polymerization photoinitiators with near-resonance enhanced two-photon absorption cross-section: Toward high-resolution photoresist with improved sensitivity,sigma2,2,"and result in a loss of control on voxel volume. 29,30 Therefore, a majority of research work has been focused on improving PI eﬃ ciency. 31−33 As a general statement, PI e ﬃ ciency essentially relies on two parameters, namely, (i) the two-photon absorption cross- section ( σ 2PA), which quanti ﬁes the probability for ",,,text_exact_candidate,pending,unknown,local_only/text_not_published
zotero_SRU6DZHE:threshold:13,zotero_SRU6DZHE,SRU6DZHE,10.1021/acs.macromol.0c01518,Polymerization photoinitiators with near-resonance enhanced two-photon absorption cross-section: Toward high-resolution photoresist with improved sensitivity,threshold,3,"of radical generation and polymerization initiation. Finally, we show that the two new PIs reported in the study, when incorporated in a mixture of multifunctional acrylic monomers, provide signi ﬁ- cant bene ﬁts in terms of polymerization sensitivity with a polymerization threshold lowered up to eight times in compari",,,text_exact_candidate,pending,unknown,local_only/text_not_published
zotero_SRU6DZHE:threshold:3,zotero_SRU6DZHE,SRU6DZHE,10.1021/acs.macromol.0c01518,Polymerization photoinitiators with near-resonance enhanced two-photon absorption cross-section: Toward high-resolution photoresist with improved sensitivity,threshold,1,"into a mixture of commercial multifunctional acrylic monomers, resulting in a homogeneous photoresist with good optical transparency upon simple mixing. When submitted to sub-nanosecond pulsed laser irradiation at 532 nm, the resulting photoresist displays a polymerization threshold up to eight times lower than that ob",,,text_exact_candidate,pending,unknown,local_only/text_not_published
zotero_SRU6DZHE:threshold:4,zotero_SRU6DZHE,SRU6DZHE,10.1021/acs.macromol.0c01518,Polymerization photoinitiators with near-resonance enhanced two-photon absorption cross-section: Toward high-resolution photoresist with improved sensitivity,threshold,1,"Polymerization Photoinitiators with Near-Resonance Enhanced Two- Photon Absorption Cross-Section: Toward High-Resolution Photoresist with Improved Sensitivity Caroline Arnoux, Tatsuki Konishi, Emma Van Elslande, Eric-Aime ́Poutougnigni, Jean-Christophe Mulatier, Lhoussain Khrouz, Christophe Bucher, Elise Dumont, Kenji ",,,text_exact_candidate,pending,unknown,local_only/text_not_published
zotero_SRU6DZHE:threshold:5,zotero_SRU6DZHE,SRU6DZHE,10.1021/acs.macromol.0c01518,Polymerization photoinitiators with near-resonance enhanced two-photon absorption cross-section: Toward high-resolution photoresist with improved sensitivity,threshold,1,"of commercial multifunctional acrylic monomers, resulting in a homogeneous photoresist with good optical transparency upon simple mixing. When submitted to sub-nanosecond pulsed laser irradiation at 532 nm, the resulting photoresist displays a polymerization threshold up to eight times lower than that obtained with the",,,text_exact_candidate,pending,unknown,local_only/text_not_published
zotero_SRU6DZHE:voxel_geometry:10,zotero_SRU6DZHE,SRU6DZHE,10.1021/acs.macromol.0c01518,Polymerization photoinitiators with near-resonance enhanced two-photon absorption cross-section: Toward high-resolution photoresist with improved sensitivity,voxel_geometry,2,"and result in a loss of control on voxel volume. 29,30 Therefore, a majority of research work has been focused on improving PI eﬃ ciency. 31−33 As a general statement, PI e ﬃ ciency essentially relies on two parameters, namely, (i) the two-photon absorption cross- section ( σ 2PA), which quanti ﬁes the probability for ",,,text_exact_candidate,pending,unknown,local_only/text_not_published
zotero_SRU6DZHE:voxel_geometry:14,zotero_SRU6DZHE,SRU6DZHE,10.1021/acs.macromol.0c01518,Polymerization photoinitiators with near-resonance enhanced two-photon absorption cross-section: Toward high-resolution photoresist with improved sensitivity,voxel_geometry,3,"rish I ( OXE2, acyloxime ester) or Norrish II (Michler ’s ketone derivative, 4,4 ′- bis(diethylamino)benzophenone BDEBP and isopropyl thio- xanthone ITX) PIs similar to those used in recent works dealing with two-photon microfabrication while maintaining high-resolution features. ■ EXPERIMENTAL SECTION Materials and Ge",,,text_exact_candidate,pending,unknown,local_only/text_not_published
zotero_SRU6DZHE:voxel_geometry:6,zotero_SRU6DZHE,SRU6DZHE,10.1021/acs.macromol.0c01518,Polymerization photoinitiators with near-resonance enhanced two-photon absorption cross-section: Toward high-resolution photoresist with improved sensitivity,voxel_geometry,1,"le mixing. When submitted to sub-nanosecond pulsed laser irradiation at 532 nm, the resulting photoresist displays a polymerization threshold up to eight times lower than that obtained with the classically used two-photon initiators, giving rise to sub-100 nm line width at 250 nm interline separation and resulting in h",,,text_exact_candidate,pending,unknown,local_only/text_not_published
zotero_SRU6DZHE:voxel_geometry:7,zotero_SRU6DZHE,SRU6DZHE,10.1021/acs.macromol.0c01518,Polymerization photoinitiators with near-resonance enhanced two-photon absorption cross-section: Toward high-resolution photoresist with improved sensitivity,voxel_geometry,1,"Polymerization Photoinitiators with Near-Resonance Enhanced Two- Photon Absorption Cross-Section: Toward High-Resolution Photoresist with Improved Sensitivity Caroline Arnoux, Tatsuki Konishi, Emma Van Elslande, Eric-Aime ́Poutougnigni, Jean-Christophe Mulatier, Lhoussain Khrouz, Christophe Bucher, Elise Dumont, Kenji ",,,text_exact_candidate,pending,unknown,local_only/text_not_published
zotero_TN4FRK7S:mechanism:3,zotero_TN4FRK7S,TN4FRK7S,10.1080/15685551.2015.1092008,Synthesis of new photoactive urethane carbohydrates and their behavior in UV or femtosecond laser-induced two-photon polymerization,mechanism,7,"hotopolymerization behavior 3.2.1. Effect of photoinitiators A versatile and widely applied technique for the polymeriza- tion of (meth)acrylates is their exposure to UV radiation in the presence of free radical initiators, which can be described as either ‘hydrogen abstraction type’ or ‘alpha cleavage type’ . The alph",,,text_exact_candidate,pending,unknown,local_only/text_not_published
zotero_TN4FRK7S:pi_loading:2,zotero_TN4FRK7S,TN4FRK7S,10.1080/15685551.2015.1092008,Synthesis of new photoactive urethane carbohydrates and their behavior in UV or femtosecond laser-induced two-photon polymerization,pi_loading,4,where the conversion degree was plotted as a function of irradiation time. Rheological investigations were carried out at 25 °C using a MCR 302 Anton-Paar rheometer equipped with Peltier device for temperature control and plane–plane geometry (diameter of 25 mm). The shear sweeps tests were carried in controlled strain,,,text_exact_candidate,pending,unknown,local_only/text_not_published
zotero_TN4FRK7S:pi_loading:4,zotero_TN4FRK7S,TN4FRK7S,10.1080/15685551.2015.1092008,Synthesis of new photoactive urethane carbohydrates and their behavior in UV or femtosecond laser-induced two-photon polymerization,pi_loading,11,"loyment in the development of 3D scaffolds was evaluated. The two-photon polymeri- zation experiments were performed with a femtosecond Ti-sapphire laser pulses, using different average power laser values (10–30 mW) and different scanning velocities (0.5–2 mm s −1 ). After performing various trials for direct fem- tose",,,text_exact_candidate,pending,unknown,local_only/text_not_published
zotero_TN4FRK7S:pi_loading:5,zotero_TN4FRK7S,TN4FRK7S,10.1080/15685551.2015.1092008,Synthesis of new photoactive urethane carbohydrates and their behavior in UV or femtosecond laser-induced two-photon polymerization,pi_loading,12,"free-standing grid structures prepared from all formulations (B1–B3) are without defects. hence, our new glycomonomers (CMA-1–3) could be applied in the fabrication of well-structured films by the 2PP technique for laser power values of 10 mW, working at 1 mm s −1 scanning speed and using Irg819 as photoinitiator. From",,,text_exact_candidate,pending,unknown,local_only/text_not_published
zotero_TN4FRK7S:threshold:6,zotero_TN4FRK7S,TN4FRK7S,10.1080/15685551.2015.1092008,Synthesis of new photoactive urethane carbohydrates and their behavior in UV or femtosecond laser-induced two-photon polymerization,threshold,12,"nd SEM images (Fig- ure 7) show that the free-standing grid structures prepared from all formulations (B1–B3) are without defects. hence, our new glycomonomers (CMA-1–3) could be applied in the fabrication of well-structured films by the 2PP technique for laser power values of 10 mW, working at 1 mm s −1 scanning speed",,,text_exact_candidate,pending,unknown,local_only/text_not_published
zotero_TN4FRK7S:voxel_geometry:1,zotero_TN4FRK7S,TN4FRK7S,10.1080/15685551.2015.1092008,Synthesis of new photoactive urethane carbohydrates and their behavior in UV or femtosecond laser-induced two-photon polymerization,voxel_geometry,3,"The application of a locally controlled polymerization (2PP) allows the creation of precisely defined structures, which could not be generated by means of tradi- tional photolithography approaches. This advantage can be exploited in the fabrication of high-resolution 3D biomimetic structures (filamentous substrates for",,,text_exact_candidate,pending,unknown,local_only/text_not_published
zotero_TSTS6L69:isc_t1:2,zotero_TSTS6L69,TSTS6L69,10.1002/adfm.200400212,Acrylate-based photopolymer for two-photon microfabrication and photonic applications,isc_t1,3,09/C45/C106/C111/C117/C114/C110/C97/C108/C46/C100/C101/C23 /C50/C48/C48/C53 /C87/C73/C76/C69/C89/C45/C86/C67/C72 /C86/C101/C114/C108/C97/C103 /C71/C109/C98/C72 /C38 /C67/C111/C46 /C75/C71/C97/C65/C44 /C87/C101/C105/C110/C104/C101/C105/C109/C50/C49/C49 MONOMER TRIPLET* SINGLET* PHOTOINITIATOR GROUND STATE H-DONOR RADICA,,,text_exact_candidate,pending,unknown,local_only/text_not_published
zotero_TSTS6L69:sigma2:1,zotero_TSTS6L69,TSTS6L69,10.1002/adfm.200400212,Acrylate-based photopolymer for two-photon microfabrication and photonic applications,sigma2,3,"/C97/C103 /C71/C109/C98/C72 /C38 /C67/C111/C46 /C75/C71/C97/C65/C44 /C87/C101/C105/C110/C104/C101/C105/C109/C50/C49/C49 MONOMER TRIPLET* SINGLET* PHOTOINITIATOR GROUND STATE H-DONOR RADICALS or IONS POLYMER QUENCHING (O2, monomer) Cleavage Internal conversion Two-photon absorption C O O C O H2 C H C. C O O+ + MonomerPr",,,text_exact_candidate,pending,unknown,local_only/text_not_published
zotero_TXIFG7RW:pi_loading:2,zotero_TXIFG7RW,TXIFG7RW,10.1016/j.snb.2019.127345,Light-driven micron-scale 3D hydrogel actuator produced by two-photon polymerization microfabrication,pi_loading,5,"e light, the microrobot flagellum swung to eventually push the robot forward in a liquid environment. The gripper on the robot head could be opened or closed in response to light to grab and carry a load. The dimension of the light-driven gripper surpassed 2 mm. Zhang and Sun’s group [15] reported centimetre sized ligh",,,text_exact_candidate,pending,unknown,local_only/text_not_published
zotero_TXIFG7RW:pi_loading:3,zotero_TXIFG7RW,TXIFG7RW,10.1016/j.snb.2019.127345,Light-driven micron-scale 3D hydrogel actuator produced by two-photon polymerization microfabrication,pi_loading,9,"oresist with 0.95 wt% Fe3O4 NPs. Three gel photoresists were prepared with different contents of MPS-Fe3O4 NPs: 0, 0.48, and 0.95 wt%. 2.4 Preparation of light-driven hydrogel The gel photoresist was photopolymerized in a sandwiched glass mould (length: 75.6 mm, width: 25 mm, thickness: 0.2 mm) under the irradiation of",,,text_exact_candidate,pending,unknown,local_only/text_not_published
zotero_TXIFG7RW:pi_loading:5,zotero_TXIFG7RW,TXIFG7RW,10.1016/j.snb.2019.127345,Light-driven micron-scale 3D hydrogel actuator produced by two-photon polymerization microfabrication,pi_loading,13,"used for the driving of macroscopic hydrogel strips and hydrogel microactuators, respectively. The size changes of the nanocomposite hydrogel in response to temperature were measured. The photopolymerized gel disc (0.95 wt% Fe3O4) swelled from the original 8 mm diameter to 8.7 mm after immersion in water at 20 °C for 2",,,text_exact_candidate,pending,unknown,local_only/text_not_published
zotero_TXIFG7RW:threshold:1,zotero_TXIFG7RW,TXIFG7RW,10.1016/j.snb.2019.127345,Light-driven micron-scale 3D hydrogel actuator produced by two-photon polymerization microfabrication,threshold,4,"microactuator had a fast response time of ~0.033 s in water under NIR radiation and showed good reversibility. Furthermore, the distance between the two arms of the hydrogel microcantilever could be manipulated by controlling the laser focus and incident laser power. Keywords: 3D hydrogel microstructure; Actuator; Two-",,,text_exact_candidate,pending,unknown,local_only/text_not_published
zotero_TXIFG7RW:threshold:6,zotero_TXIFG7RW,TXIFG7RW,10.1016/j.snb.2019.127345,Light-driven micron-scale 3D hydrogel actuator produced by two-photon polymerization microfabrication,threshold,15,nse of the hybrid hydrogel. 3.5 TPP microfabrication property Laser threshold power and polymer line width are two key parameters to evaluate the processing accuracy of TPP microfabrication. The threshold energy is usually defined as the lowest average laser power which can produce solid polymer lines from a photoresis,,,text_exact_candidate,pending,unknown,local_only/text_not_published
zotero_TXIFG7RW:threshold:7,zotero_TXIFG7RW,TXIFG7RW,10.1016/j.snb.2019.127345,Light-driven micron-scale 3D hydrogel actuator produced by two-photon polymerization microfabrication,threshold,15,"as 0.95 wt% reduces hydrogel deformation; on the other, high Fe3O4 content helps to enhance the photothermal conversion effect, raise the hydrogel temperature, and accelerate the response of the hybrid hydrogel. 3.5 TPP microfabrication property Laser threshold power and polymer line width are two key parameters to eva",,,text_exact_candidate,pending,unknown,local_only/text_not_published
zotero_TXIFG7RW:threshold:9,zotero_TXIFG7RW,TXIFG7RW,10.1016/j.snb.2019.127345,Light-driven micron-scale 3D hydrogel actuator produced by two-photon polymerization microfabrication,threshold,16,"by the Fe3O4 NPs and the resulting decrease in laser energy for TPP. Processing below the laser threshold powers resulted in incomplete or cracked hydrogel lines (left of line 1 in Fig. 4b, d and f). As shown in Fig. 4a, the polymer line width narrowed as laser power decreased, which can be considered a general rule. H",,,text_exact_candidate,pending,unknown,local_only/text_not_published
zotero_TXIFG7RW:voxel_geometry:10,zotero_TXIFG7RW,TXIFG7RW,10.1016/j.snb.2019.127345,Light-driven micron-scale 3D hydrogel actuator produced by two-photon polymerization microfabrication,voxel_geometry,16,"of the 780 nm IR laser by the Fe3O4 NPs and the resulting decrease in laser energy for TPP. Processing below the laser threshold powers resulted in incomplete or cracked hydrogel lines (left of line 1 in Fig. 4b, d and f). As shown in Fig. 4a, the polymer line width narrowed as laser power decreased, which can be consi",,,text_exact_candidate,pending,unknown,local_only/text_not_published
zotero_TXIFG7RW:voxel_geometry:11,zotero_TXIFG7RW,TXIFG7RW,10.1016/j.snb.2019.127345,Light-driven micron-scale 3D hydrogel actuator produced by two-photon polymerization microfabrication,voxel_geometry,19,"king-swelling deformation behaviour showed good reversibility. The hydrogel strip bent under irradiation with a 660 nm laser. The TPP characteristics of gel photoresists with 0, 0.48, and 0.95 wt% Fe3O4 NPs were investigated, and the corresponding shortest line widths were 200, 311, and 433 nm with a laser scanning spe",,,text_exact_candidate,pending,unknown,local_only/text_not_published
zotero_TXIFG7RW:voxel_geometry:4,zotero_TXIFG7RW,TXIFG7RW,10.1016/j.snb.2019.127345,Light-driven micron-scale 3D hydrogel actuator produced by two-photon polymerization microfabrication,voxel_geometry,12,", (511), and (440) planes of a cubic inverse-spinel-structured Fe3O4 (PDF card no. 65-3107) [54]. TEM image (Fig. 1b) shows that the mean size of the nanoparticles is around 7.7 nm, varying shapes from quasi-spheres to polyhedra. Fig. 1c shows a clear high resolution (HR)-TEM image of a single MPS-Fe3O4 particle, where",,,text_exact_candidate,pending,unknown,local_only/text_not_published
zotero_TXIFG7RW:voxel_geometry:8,zotero_TXIFG7RW,TXIFG7RW,10.1016/j.snb.2019.127345,Light-driven micron-scale 3D hydrogel actuator produced by two-photon polymerization microfabrication,voxel_geometry,15,"l deformation; on the other, high Fe3O4 content helps to enhance the photothermal conversion effect, raise the hydrogel temperature, and accelerate the response of the hybrid hydrogel. 3.5 TPP microfabrication property Laser threshold power and polymer line width are two key parameters to evaluate the processing accura",,,text_exact_candidate,pending,unknown,local_only/text_not_published
zotero_U5ZNIGNS:isc_t1:10,zotero_U5ZNIGNS,U5ZNIGNS,10.1039/c8me00101d,Towards efficient initiators for two-photon induced polymerization: fine tuning of the donor/acceptor properties,isc_t1,6,"ounds BMOA-1T, BMA-1T and BFA-1T. To gain insight into the fate of the first electron- ically excited state, the rate constants of all relevant deactiva- tion processes were determined, i.e. fluorescence (F), internal conversion (IC) and intersystem crossing (ISC), for the three representative compounds (Table 2) using",,,text_exact_candidate,pending,unknown,local_only/text_not_published
zotero_U5ZNIGNS:isc_t1:11,zotero_U5ZNIGNS,U5ZNIGNS,10.1039/c8me00101d,Towards efficient initiators for two-photon induced polymerization: fine tuning of the donor/acceptor properties,isc_t1,6,or BCNA-1T and BSO 2MA-1T and that the inten- sity of the 2P-allowed transition considerably decreases upon increasing the electron withdrawing character of the substituent. Exited state dynamic Rational design of 2PA PIs may allow for modulation of sin- glet/triplet excited states of chromophores. In order to inves- t,,,text_exact_candidate,pending,unknown,local_only/text_not_published
zotero_U5ZNIGNS:isc_t1:3,zotero_U5ZNIGNS,U5ZNIGNS,10.1039/c8me00101d,Towards efficient initiators for two-photon induced polymerization: fine tuning of the donor/acceptor properties,isc_t1,2,oinitiators. These re- sults are supported by quantum chemical calculations of the spin density distribution indicating that the mechanism of polymerization initiation using acrylate monomer is favored by strong localization of the un- paired electrons in the triplet state on the C2 carbon of the thiophene moiety.Intro,,,text_exact_candidate,pending,unknown,local_only/text_not_published
zotero_U5ZNIGNS:isc_t1:9,zotero_U5ZNIGNS,U5ZNIGNS,10.1039/c8me00101d,Towards efficient initiators for two-photon induced polymerization: fine tuning of the donor/acceptor properties,isc_t1,6,"e carried out for compounds BMOA-1T, BMA-1T and BFA-1T. To gain insight into the fate of the first electron- ically excited state, the rate constants of all relevant deactiva- tion processes were determined, i.e. fluorescence (F), internal conversion (IC) and intersystem crossing (ISC), for the three representative com",,,text_exact_candidate,pending,unknown,local_only/text_not_published
zotero_U5ZNIGNS:pi_loading:12,zotero_U5ZNIGNS,U5ZNIGNS,10.1039/c8me00101d,Towards efficient initiators for two-photon induced polymerization: fine tuning of the donor/acceptor properties,pi_loading,7,"-1T, BTMSA- 1T, BHA-1T, BFA-1T, BCNA-1T and BSO2MA-1T; defined woodpiles (lateral dimension: 50 μm, 5 μm hatch distance, 0.7 μm layer distance, 20 layers) were fabricated using a fs- pulsed NIR laser ( ∼ 800 nm, 72 fs pulse duration) in an acrylate-based test resin formulation by means of 2PP. In ear- lier studies, B3F",,,text_exact_candidate,pending,unknown,local_only/text_not_published
zotero_U5ZNIGNS:pi_loading:14,zotero_U5ZNIGNS,U5ZNIGNS,10.1039/c8me00101d,Towards efficient initiators for two-photon induced polymerization: fine tuning of the donor/acceptor properties,pi_loading,8,", B3FL was used as reference 2PA PI (the two-photon absorption spectrum of B3FL is given in the ESI, † in Fig. S18). The laser powers and the writing speeds were varied in a range of 10 –100 mW (measured after passing the 20 × microscope objective) and 0.316 –316 mm s −1, respectively. The obtained 3D woodpile structur",,,text_exact_candidate,pending,unknown,local_only/text_not_published
zotero_U5ZNIGNS:pi_loading:19,zotero_U5ZNIGNS,U5ZNIGNS,10.1039/c8me00101d,Towards efficient initiators for two-photon induced polymerization: fine tuning of the donor/acceptor properties,pi_loading,10,"duration of 300 ps. In both setups, probing was achieved using white light pulses generated by focusing 800 nm pulses in a CaF 2 plate and polarized at magic angle relative to the pump pulses. The sample solutions were lo- cated in a quartz cell (Starna) with 1 mm optical path length and were continuously stirred by ni",,,text_exact_candidate,pending,unknown,local_only/text_not_published
zotero_U5ZNIGNS:pi_loading:20,zotero_U5ZNIGNS,U5ZNIGNS,10.1039/c8me00101d,Towards efficient initiators for two-photon induced polymerization: fine tuning of the donor/acceptor properties,pi_loading,11,"NA = 0.8), and the sample was mounted on a high-precision piezoelectric XYZ scanning stage with 200 nm positioning ac- curacy. For all samples the same fabrication process was implemented: the optical material was drop-cast from a liq- uid acrylate-based test resin formulation (5 μmol g −1 of the 2PA PI in a 1 : 1 (w/w",,,text_exact_candidate,pending,unknown,local_only/text_not_published
zotero_U5ZNIGNS:sigma2:1,zotero_U5ZNIGNS,U5ZNIGNS,10.1039/c8me00101d,Towards efficient initiators for two-photon induced polymerization: fine tuning of the donor/acceptor properties,sigma2,2,"ity. The maximum 2PA cross sections prove to be strongly dependent on the nature of the TPA substituent and range between ∼ 173 GM (Goeppert-Mayer units) and 379 GM. Although most of the investi- gated substances also exhibit high fluorescence quantum yields, two-photon absorption screening tests of an acrylate monomer",,,text_exact_candidate,pending,unknown,local_only/text_not_published
zotero_U5ZNIGNS:sigma2:2,zotero_U5ZNIGNS,U5ZNIGNS,10.1039/c8me00101d,Towards efficient initiators for two-photon induced polymerization: fine tuning of the donor/acceptor properties,sigma2,2,"hoton absorp- tion and 2PA using two-photon-excited fluorescence, were investigated in different organic solvents with varying polarity. The maximum 2PA cross sections prove to be strongly dependent on the nature of the TPA substituent and range between ∼ 173 GM (Goeppert-Mayer units) and 379 GM. Although most of the i",,,text_exact_candidate,pending,unknown,local_only/text_not_published
zotero_U5ZNIGNS:sigma2:5,zotero_U5ZNIGNS,U5ZNIGNS,10.1039/c8me00101d,Towards efficient initiators for two-photon induced polymerization: fine tuning of the donor/acceptor properties,sigma2,3,"e- quently, this polymerization technique offers high resolution while minimizing unwanted thermal or photochemical initia- tion and degradation processes usually associated with excita- tion of UV-photoinitiators. 20 Nevertheless, the development of powerful two-photon absorption photoinitiators (2PA PIs) fea- turing ",,,text_exact_candidate,pending,unknown,local_only/text_not_published
zotero_U5ZNIGNS:sigma2:8,zotero_U5ZNIGNS,U5ZNIGNS,10.1039/c8me00101d,Towards efficient initiators for two-photon induced polymerization: fine tuning of the donor/acceptor properties,sigma2,5,"gap to lower energies, (ii) do not significantly alter the transition dipole moment of this lowest energy absorption transition, but (iii) lead to an in- creased probability for excited state symmetry breaking and thus pronounced fluorescence solvatochromism. Two-photon absorption Two-photon absorption spectra of the c",,,text_exact_candidate,pending,unknown,local_only/text_not_published
zotero_U5ZNIGNS:threshold:13,zotero_U5ZNIGNS,U5ZNIGNS,10.1039/c8me00101d,Towards efficient initiators for two-photon induced polymerization: fine tuning of the donor/acceptor properties,threshold,7,"oot of the writing speed, for high throughput mass production, specifically designed highly sensitive 2PA PIs are required. 15 An efficient method to evalu- ate the activity of 2PA PIs comprises the fabrication of de- fined 3D test structures applying various laser powers and writing speeds. In order to assess the idea",,,text_exact_candidate,pending,unknown,local_only/text_not_published
zotero_U5ZNIGNS:threshold:15,zotero_U5ZNIGNS,U5ZNIGNS,10.1039/c8me00101d,Towards efficient initiators for two-photon induced polymerization: fine tuning of the donor/acceptor properties,threshold,8,"h lines or slightly contorted shapes. Objects rated as class C (red) have identifiable shapes but with small errors (e.g. holes and burst regions caused by overexposure), whereas woodpiles rated as class D (blue) are not identifiable as such anymore (close to polymerization threshold). All in- vestigated 2PA PIs BMOA-1",,,text_exact_candidate,pending,unknown,local_only/text_not_published
zotero_U5ZNIGNS:threshold:16,zotero_U5ZNIGNS,U5ZNIGNS,10.1039/c8me00101d,Towards efficient initiators for two-photon induced polymerization: fine tuning of the donor/acceptor properties,threshold,8,"s journal is © The Royal Society of Chemistry 2019 concentrations in two-photon-induced photopolymerization processes.43,44 For this reason, B3FL was used as reference 2PA PI (the two-photon absorption spectrum of B3FL is given in the ESI, † in Fig. S18). The laser powers and the writing speeds were varied in a range o",,,text_exact_candidate,pending,unknown,local_only/text_not_published
zotero_U5ZNIGNS:threshold:17,zotero_U5ZNIGNS,U5ZNIGNS,10.1039/c8me00101d,Towards efficient initiators for two-photon induced polymerization: fine tuning of the donor/acceptor properties,threshold,8,"htly contorted shapes. Objects rated as class C (red) have identifiable shapes but with small errors (e.g. holes and burst regions caused by overexposure), whereas woodpiles rated as class D (blue) are not identifiable as such anymore (close to polymerization threshold). All in- vestigated 2PA PIs BMOA-1T, BtBuA-1T, BM",,,text_exact_candidate,pending,unknown,local_only/text_not_published
zotero_U5ZNIGNS:voxel_geometry:18,zotero_U5ZNIGNS,U5ZNIGNS,10.1039/c8me00101d,Towards efficient initiators for two-photon induced polymerization: fine tuning of the donor/acceptor properties,voxel_geometry,9,"fluorescence, two-photon induced polymeriza- tion tests revealed the efficiency of these materials as 2PA photoinitiators. All compounds showed relatively broad pro- cessing windows constituting a prerequisite for printing cu- bic volumes with (sub)micrometer feature sizes at fast writing speeds. When comparing the per",,,text_exact_candidate,pending,unknown,local_only/text_not_published
zotero_U5ZNIGNS:voxel_geometry:4,zotero_U5ZNIGNS,U5ZNIGNS,10.1039/c8me00101d,Towards efficient initiators for two-photon induced polymerization: fine tuning of the donor/acceptor properties,voxel_geometry,2,"Leibniz Institute of Surface Engineering (IOM), Permoserstrasse 15, D-04318 Leipzig, Germany † Electronic supplementary information (ESI) available. See DOI: 10.1039/ c8me00101d Design, System, Application Printing cubic centimetre volumes with sub-micrometre feature sizes at fast writing speeds by means of two-photon ",,,text_exact_candidate,pending,unknown,local_only/text_not_published
zotero_U5ZNIGNS:voxel_geometry:6,zotero_U5ZNIGNS,U5ZNIGNS,10.1039/c8me00101d,Towards efficient initiators for two-photon induced polymerization: fine tuning of the donor/acceptor properties,voxel_geometry,3,"438 | Mol. Syst. Des. Eng.,2 0 1 9 ,4,4 3 7–448 This journal is © The Royal Society of Chemistry 2019 size of the activated volume (voxel) can be below the diffraction limit, positions outside of this volume are not affected. Conse- quently, this polymerization technique offers high resolution while minimizing unwanted",,,text_exact_candidate,pending,unknown,local_only/text_not_published
zotero_U5ZNIGNS:voxel_geometry:7,zotero_U5ZNIGNS,U5ZNIGNS,10.1039/c8me00101d,Towards efficient initiators for two-photon induced polymerization: fine tuning of the donor/acceptor properties,voxel_geometry,3,"g.,2 0 1 9 ,4,4 3 7–448 This journal is © The Royal Society of Chemistry 2019 size of the activated volume (voxel) can be below the diffraction limit, positions outside of this volume are not affected. Conse- quently, this polymerization technique offers high resolution while minimizing unwanted thermal or photochemica",,,text_exact_candidate,pending,unknown,local_only/text_not_published
zotero_V8BAREKK:isc_t1:12,zotero_V8BAREKK,V8BAREKK,10.1039/d2tc00331g,Geometry-driven mass transport dynamics within permeable 3D-microstructures fabricated via two-photon polymerization,isc_t1,11,have previously demonstrated22 that the deactivation of the singlet excited state of the dyes mainly proceeds through two competing relaxation processes : i) a radiative deactivation process from an emissive intramolecular charge transfer state (1ICT) ii) an intersystem crossing (ISC) process generating reactive triple,,,text_exact_candidate,pending,unknown,local_only/text_not_published
zotero_V8BAREKK:isc_t1:13,zotero_V8BAREKK,V8BAREKK,10.1039/d2tc00331g,Geometry-driven mass transport dynamics within permeable 3D-microstructures fabricated via two-photon polymerization,isc_t1,11,trated22 that the deactivation of the singlet excited state of the dyes mainly proceeds through two competing relaxation processes : i) a radiative deactivation process from an emissive intramolecular charge transfer state (1ICT) ii) an intersystem crossing (ISC) process generating reactive triplet species available fo,,,text_exact_candidate,pending,unknown,local_only/text_not_published
zotero_V8BAREKK:isc_t1:14,zotero_V8BAREKK,V8BAREKK,10.1039/d2tc00331g,Geometry-driven mass transport dynamics within permeable 3D-microstructures fabricated via two-photon polymerization,isc_t1,11,the singlet excited state of the dyes mainly proceeds through two competing relaxation processes : i) a radiative deactivation process from an emissive intramolecular charge transfer state (1ICT) ii) an intersystem crossing (ISC) process generating reactive triplet species available for free radical photoinitiation. In,,,text_exact_candidate,pending,unknown,local_only/text_not_published
zotero_V8BAREKK:isc_t1:21,zotero_V8BAREKK,V8BAREKK,10.1039/d2tc00331g,Geometry-driven mass transport dynamics within permeable 3D-microstructures fabricated via two-photon polymerization,isc_t1,13,"12 an important parameter which also drives the output of the balancing mechanism between ICT and ISC relaxation processes. a Iabs ≈ I0.el.[PI], b Rp / [M] : maximum of the first derivative of the conversion rate time profile, c Relative value which comprises the constant factor kt/kp2 (see equation 1) Table 1. One- an",,,text_exact_candidate,pending,unknown,local_only/text_not_published
zotero_V8BAREKK:mechanism:11,zotero_V8BAREKK,V8BAREKK,10.1039/d2tc00331g,Geometry-driven mass transport dynamics within permeable 3D-microstructures fabricated via two-photon polymerization,mechanism,9,"8 For the dipolar dye AMK, the absorption band mainly corresponds to a pp*-type transition (S0-S1 transition) implying an electronic delocalization along the D-p-A structure with a charge transfer (CT) character from the N,N’-diphenylamino group (D) to the ketone function (A). In its high energy side, the band of AMK a",,,text_exact_candidate,pending,unknown,local_only/text_not_published
zotero_V8BAREKK:mechanism:15,zotero_V8BAREKK,V8BAREKK,10.1039/d2tc00331g,Geometry-driven mass transport dynamics within permeable 3D-microstructures fabricated via two-photon polymerization,mechanism,11,a subsequent impact on the dyes photoreactivity. This original structure-reactivity relationship gives rise to a clear photoreactivity hierarchy within this triphenylamine series. More precisely we showed that AMO exhibits the highest reactivity when used as type II photoinitiator for free radical photopolymerization. ,,,text_exact_candidate,pending,unknown,local_only/text_not_published
zotero_V8BAREKK:mechanism:16,zotero_V8BAREKK,V8BAREKK,10.1039/d2tc00331g,Geometry-driven mass transport dynamics within permeable 3D-microstructures fabricated via two-photon polymerization,mechanism,11,a subsequent impact on the dyes photoreactivity. This original structure-reactivity relationship gives rise to a clear photoreactivity hierarchy within this triphenylamine series. More precisely we showed that AMO exhibits the highest reactivity when used as type II photoinitiator for free radical photopolymerization. ,,,text_exact_candidate,pending,unknown,local_only/text_not_published
zotero_V8BAREKK:mechanism:17,zotero_V8BAREKK,V8BAREKK,10.1039/d2tc00331g,Geometry-driven mass transport dynamics within permeable 3D-microstructures fabricated via two-photon polymerization,mechanism,11,"e monomer, the pentaerythritol triacrylate (PETIA, see structure in Scheme S2), which was mixed with the chromophores at isomolar concentration and an aliphatic amine, the N-methyl diethanol amine (MDEA). The first step of the photoinitiation corresponds to a hydrogen abstraction from MDEA to the excited triplet state ",,,text_exact_candidate,pending,unknown,local_only/text_not_published
zotero_V8BAREKK:pi_loading:18,zotero_V8BAREKK,V8BAREKK,10.1039/d2tc00331g,Geometry-driven mass transport dynamics within permeable 3D-microstructures fabricated via two-photon polymerization,pi_loading,12,/[M]) and the final conversions after 90 s irradiation. Figure 3. Real-time FTIR kinetics of C=C bonds conversion curves upon irradiation of triacrylate formulations (I365nm = 15 mW cm-2). Photoinitiating systems prepared at isomolar concentration of dyes (7 mM) and co-initiator MDEA (25 mM). As illustrated in Figure 3,,,text_exact_candidate,pending,unknown,local_only/text_not_published
zotero_V8BAREKK:pi_loading:19,zotero_V8BAREKK,V8BAREKK,10.1039/d2tc00331g,Geometry-driven mass transport dynamics within permeable 3D-microstructures fabricated via two-photon polymerization,pi_loading,13,"first derivative of the conversion rate time profile, c Relative value which comprises the constant factor kt/kp2 (see equation 1) Table 1. One- and two-induced polymerization data relative to the triacrylate resins (Isomolar formulations of photoinitiators: 7 mM / MDEA : 25 mM ). This hierarchy in the photoreactivity ",,,text_exact_candidate,pending,unknown,local_only/text_not_published
zotero_V8BAREKK:pi_loading:6,zotero_V8BAREKK,V8BAREKK,10.1039/d2tc00331g,Geometry-driven mass transport dynamics within permeable 3D-microstructures fabricated via two-photon polymerization,pi_loading,6,l the microstructures were fabricated upon two-photon polymerization using the same mode-locked Ti: Sapphire oscillator as employed for 2PEF. Each microstructure was fabricated based on a systematic procedure : i) Deposition of the formulation drop on a 18 x 18 mm glass coverslip ii) Direct laser writing inside the res,,,text_exact_candidate,pending,unknown,local_only/text_not_published
zotero_V8BAREKK:pi_loading:8,zotero_V8BAREKK,V8BAREKK,10.1039/d2tc00331g,Geometry-driven mass transport dynamics within permeable 3D-microstructures fabricated via two-photon polymerization,pi_loading,7,6 2.9 Fluorescence image microscopy. The time-dependent fluorescence quenching reactions within the 3D-microstructures were monitored using a home-made chamber composed of two PTFE pieces which were designed in order to sandwich the 18 x 18 mm glass coverslips containing the two-photon polymerized microstructures at th,,,text_exact_candidate,pending,unknown,local_only/text_not_published
zotero_V8BAREKK:sigma2:1,zotero_V8BAREKK,V8BAREKK,10.1039/d2tc00331g,Geometry-driven mass transport dynamics within permeable 3D-microstructures fabricated via two-photon polymerization,sigma2,3,acy of 2PP is achieved by tightly focusing of a fs-pulse laser into the photoactive materials. This simple optical configuration promotes an intrinsic spatial confinement of the photopolymerization reaction due to the synergistic combination of a low probable two-photon absorption process scaling quadratically with the,,,text_exact_candidate,pending,unknown,local_only/text_not_published
zotero_V8BAREKK:sigma2:10,zotero_V8BAREKK,V8BAREKK,10.1039/d2tc00331g,Geometry-driven mass transport dynamics within permeable 3D-microstructures fabricated via two-photon polymerization,sigma2,9,"and V’ in Scheme 1) can drastically reduce the np*-pp* energy gap with a subsequent amplification of the ‘proximity effect’. As shown in Figure 1, the 2PA band of AMK matches well its 1PA one. However the corresponding dMAX presents a low value of ca. 19 ± 3 GM. The weak 2PA ability of AMK presumably stems from the twi",,,text_exact_candidate,pending,unknown,local_only/text_not_published
zotero_V8BAREKK:sigma2:5,zotero_V8BAREKK,V8BAREKK,10.1039/d2tc00331g,Geometry-driven mass transport dynamics within permeable 3D-microstructures fabricated via two-photon polymerization,sigma2,5,"microcell in three-electrode configuration which is described in reference 23. Similarly to cyclic voltammetry, the spectroelectrochemical measurements were performed in N2-saturated ACN with 0.1 M of (nBu)4NPF6. 2.4 Two-photon excitation fluorescence. The two-photon absorption (2PA) spectra of the dyes in dichlorometh",,,text_exact_candidate,pending,unknown,local_only/text_not_published
zotero_V8BAREKK:sigma2:9,zotero_V8BAREKK,V8BAREKK,10.1039/d2tc00331g,Geometry-driven mass transport dynamics within permeable 3D-microstructures fabricated via two-photon polymerization,sigma2,8,"7 3. RESULTS AND DISCUSSION. Figure 1 shows the one- and two-photon absorption spectra of the chromophores in dichloromethane (DCM). The 1PA spectra of these derivatives have been extensively characterized elsewhere on the basis of excitation anisotropy measurements and TD-DFT calculations22. Briefly, each absorption s",,,text_exact_candidate,pending,unknown,local_only/text_not_published
zotero_V8BAREKK:threshold:2,zotero_V8BAREKK,V8BAREKK,10.1039/d2tc00331g,Geometry-driven mass transport dynamics within permeable 3D-microstructures fabricated via two-photon polymerization,threshold,3,rials. This simple optical configuration promotes an intrinsic spatial confinement of the photopolymerization reaction due to the synergistic combination of a low probable two-photon absorption process scaling quadratically with the excitation intensity and a polymerization threshold effect which can reduce drastically,,,text_exact_candidate,pending,unknown,local_only/text_not_published
zotero_V8BAREKK:threshold:20,zotero_V8BAREKK,V8BAREKK,10.1039/d2tc00331g,Geometry-driven mass transport dynamics within permeable 3D-microstructures fabricated via two-photon polymerization,threshold,13,"photopatterned lines written by tightly focusing a fs-pulse laser beam (lexc: 780 nm) into the triacrylate formulation of AMS using a 40X, 0.65-NA objective. By gradually decreasing the excitation power, it is possible to determine the value of the two-photon polymerization threshold power (Pth) for a given excitation ",,,text_exact_candidate,pending,unknown,local_only/text_not_published
zotero_V8BAREKK:threshold:3,zotero_V8BAREKK,V8BAREKK,10.1039/d2tc00331g,Geometry-driven mass transport dynamics within permeable 3D-microstructures fabricated via two-photon polymerization,threshold,3,ple optical configuration promotes an intrinsic spatial confinement of the photopolymerization reaction due to the synergistic combination of a low probable two-photon absorption process scaling quadratically with the excitation intensity and a polymerization threshold effect which can reduce drastically the elementary,,,text_exact_candidate,pending,unknown,local_only/text_not_published
zotero_V8BAREKK:threshold:7,zotero_V8BAREKK,V8BAREKK,10.1039/d2tc00331g,Geometry-driven mass transport dynamics within permeable 3D-microstructures fabricated via two-photon polymerization,threshold,6,"lympus. A 532 nm diode-pumped solid-laser (CW) was used as an excitation source. The signals were collected through a 50X, 0.50-NA objective in back-scattering optical configuration by a spectrometer equipped with a thermoelectrically cooled CCD detector. The laser power was fixed at 12.3 mW with an integration time of",,,text_exact_candidate,pending,unknown,local_only/text_not_published
zotero_V8BAREKK:voxel_geometry:22,zotero_V8BAREKK,V8BAREKK,10.1039/d2tc00331g,Geometry-driven mass transport dynamics within permeable 3D-microstructures fabricated via two-photon polymerization,voxel_geometry,18,"ses linearly with a rate of about 1.7 µm s-1. Moreover the half-time fluorescence switch-off (t1/2) of the cone is short with t1/2 ~ 15 s. Despite this very good permeability, the strong swelling of PEGDA gel will clearly lead to a severe loss in the spatial resolution for more intricate 3D-microsctructures fabricated ",,,text_exact_candidate,pending,unknown,local_only/text_not_published
zotero_V8BAREKK:voxel_geometry:4,zotero_V8BAREKK,V8BAREKK,10.1039/d2tc00331g,Geometry-driven mass transport dynamics within permeable 3D-microstructures fabricated via two-photon polymerization,voxel_geometry,3,2 1. INTRODUCTION. Two-photon polymerization (2PP) constitutes one of the most promising maskless stereolithography technologies1-3 allowing the production of truly 3D-structures with high spatial resolution. The generated 3D-architectures can display a very high degree of structural details which are tailored specific,,,text_exact_candidate,pending,unknown,local_only/text_not_published
zotero_WD4L7CWE:isc_t1:20,zotero_WD4L7CWE,WD4L7CWE,10.1016/j.eurpolymj.2019.109295,Microfabrication of 3D-hydrogels via two-photon polymerization of poly(2-ethyl-2-oxazoline) diacrylates,isc_t1,31,"Patel, C.B. Ziegler, N.A. Cortese, J.E. Plevyak, T.C. Zebovitz, M. Terpko, R.F. Heck, Palladium-catalyzed vinylic substitution reactions with carboxylic acid derivatives, J. Org. Chem. 42(24) (1977) 3903-3907. [37] C.V. Kumar, S.K. Chattopadhyay, P.K. Das, Triplet excitation transfer to carotenoids from biradical inter",,,text_exact_candidate,pending,unknown,local_only/text_not_published
zotero_WD4L7CWE:mechanism:5,zotero_WD4L7CWE,WD4L7CWE,10.1016/j.eurpolymj.2019.109295,Microfabrication of 3D-hydrogels via two-photon polymerization of poly(2-ethyl-2-oxazoline) diacrylates,mechanism,6,"5 Scheme 1 Schematic representation of the synthetic route towards BTABcP-1. The final aldol condensation was carried out in a mixture of ethanol and water with sodium hydroxide, as alkaline conditions are required for this reaction type in general. Indeed, t he deprotonation of the acrylic acid moieties enabled an exc",,,text_exact_candidate,pending,unknown,local_only/text_not_published
zotero_WD4L7CWE:mechanism:6,zotero_WD4L7CWE,WD4L7CWE,10.1016/j.eurpolymj.2019.109295,Microfabrication of 3D-hydrogels via two-photon polymerization of poly(2-ethyl-2-oxazoline) diacrylates,mechanism,7,"PP structuring of hydrogels. Figure 1 UV/Vis absorption spectrum of BTABcP-1 in water ( c = 11.4 µmol L-1). Wavelengths in black refer to optima for 2PP using a Ti:Saphire femtosecond laser at a working wavelength of  = 800 nm. According to the Norrish type II reaction pathway, which is known to produce 1,4 -diradical",,,text_exact_candidate,pending,unknown,local_only/text_not_published
zotero_WD4L7CWE:mechanism:7,zotero_WD4L7CWE,WD4L7CWE,10.1016/j.eurpolymj.2019.109295,Microfabrication of 3D-hydrogels via two-photon polymerization of poly(2-ethyl-2-oxazoline) diacrylates,mechanism,7,"PP structuring of hydrogels. Figure 1 UV/Vis absorption spectrum of BTABcP-1 in water ( c = 11.4 µmol L-1). Wavelengths in black refer to optima for 2PP using a Ti:Saphire femtosecond laser at a working wavelength of  = 800 nm. According to the Norrish type II reaction pathway, which is known to produce 1,4 -diradical",,,text_exact_candidate,pending,unknown,local_only/text_not_published
zotero_WD4L7CWE:mechanism:8,zotero_WD4L7CWE,WD4L7CWE,10.1016/j.eurpolymj.2019.109295,Microfabrication of 3D-hydrogels via two-photon polymerization of poly(2-ethyl-2-oxazoline) diacrylates,mechanism,7,"k refer to optima for 2PP using a Ti:Saphire femtosecond laser at a working wavelength of  = 800 nm. According to the Norrish type II reaction pathway, which is known to produce 1,4 -diradicals, the photoinitiator is able to initiate the polymerization by electron transfer [4, 37], that means that small parts of the P",,,text_exact_candidate,pending,unknown,local_only/text_not_published
zotero_WD4L7CWE:pi_loading:15,zotero_WD4L7CWE,WD4L7CWE,10.1016/j.eurpolymj.2019.109295,Microfabrication of 3D-hydrogels via two-photon polymerization of poly(2-ethyl-2-oxazoline) diacrylates,pi_loading,17,"egard to swelling or shrinkage phenomena , e.g. of hydrogels during fabrication. For demonstration and comparison of the quality of 3D-objects produced with PEtOx-DA M1 and PEG -DA, Spider -Web-Structures at a laser power of 300 mW, a scanning velocity of 3 mm s-1, and line distances in x- and y-direction of 4 µm as we",,,text_exact_candidate,pending,unknown,local_only/text_not_published
zotero_WD4L7CWE:pi_loading:16,zotero_WD4L7CWE,WD4L7CWE,10.1016/j.eurpolymj.2019.109295,Microfabrication of 3D-hydrogels via two-photon polymerization of poly(2-ethyl-2-oxazoline) diacrylates,pi_loading,18,xture was already highly fluidic); E: 3D-computer generated Spider-Web-Structure; F: CLSM-picture of the Spider -Web-Structure produced with PEtOx -DA M1 (from a mixture with BTABcP -1 and millipore water at a laser power of 300 mW and scanning velocity of 3 mm s-1); G: CLSM-picture of the Spider-Web-Structure produced,,,text_exact_candidate,pending,unknown,local_only/text_not_published
zotero_WD4L7CWE:pi_loading:17,zotero_WD4L7CWE,WD4L7CWE,10.1016/j.eurpolymj.2019.109295,Microfabrication of 3D-hydrogels via two-photon polymerization of poly(2-ethyl-2-oxazoline) diacrylates,pi_loading,22,"cousto -optic modulator for rapid on/off switching of the irradiation. The beam was focused by an × 50 objective lens with NA 0.75 (EC EPIPLAN, Zeiss, Germany). Before the 2PP experiments were performed, the precursor/PI mixtures were placed in a self-made 1 mm thick silicone frame on a glass slide equipped with 3 -(tr",,,text_exact_candidate,pending,unknown,local_only/text_not_published
zotero_WD4L7CWE:pi_loading:9,zotero_WD4L7CWE,WD4L7CWE,10.1016/j.eurpolymj.2019.109295,Microfabrication of 3D-hydrogels via two-photon polymerization of poly(2-ethyl-2-oxazoline) diacrylates,pi_loading,14,"of the maximal z-distance for connection between layers, so-called ascending scans were performed. This was achieved with line arrays of single lines of 200 µm length which were polymerized with constant laser power (310 mW), constant scanning v elocity (0.1 mm s-1) and a defined, stepwise z -rise of 1 µm for each foll",,,text_exact_candidate,pending,unknown,local_only/text_not_published
zotero_WD4L7CWE:sigma2:18,zotero_WD4L7CWE,WD4L7CWE,10.1016/j.eurpolymj.2019.109295,Microfabrication of 3D-hydrogels via two-photon polymerization of poly(2-ethyl-2-oxazoline) diacrylates,sigma2,30,"o -photon absorption cross sections, Chem. Eur. J. 17(9) (2011) 2647-2655. [22] R. Lartia, C. Allain, G. Bordeau, F. Schmidt, C. Fiorini-Debuisschert, F. Charra, M.-P. Teulade -Fichou, Synthetic strategies t o derivatizable triphenylamines displaying high two-photon absorption, J. Org. Chem. 73(5) (2008) 1732-1744. [23",,,text_exact_candidate,pending,unknown,local_only/text_not_published
zotero_WD4L7CWE:sigma2:19,zotero_WD4L7CWE,WD4L7CWE,10.1016/j.eurpolymj.2019.109295,Microfabrication of 3D-hydrogels via two-photon polymerization of poly(2-ethyl-2-oxazoline) diacrylates,sigma2,30,"metric two-photon absorbing push-pull triarylamine molecules, Sci. Rep. 4 (2014) 4447. [20] Y. Jiang, Y. Wang, J. Hua, J. Tang, B. Li, S. Qian, H. Tian, Multibranched triarylamine end-capped triazines with aggregation-induced emission and large two- photon absorption cross-sections, Chem. Commun. 46(26) (2010) 4689-469",,,text_exact_candidate,pending,unknown,local_only/text_not_published
zotero_WD4L7CWE:sigma2:3,zotero_WD4L7CWE,WD4L7CWE,10.1016/j.eurpolymj.2019.109295,Microfabrication of 3D-hydrogels via two-photon polymerization of poly(2-ethyl-2-oxazoline) diacrylates,sigma2,3,"over the last decade as a laser based technique for writing 3D -structures for biomedical applications [6]. Intense irradiation at low wavelengths is avoided, thereby enabling the structuring of scaffolds around cells [7-9]. This technique is based on the two-photon absorption (2PA) effect. Thereby, molecules are excit",,,text_exact_candidate,pending,unknown,local_only/text_not_published
zotero_WD4L7CWE:threshold:10,zotero_WD4L7CWE,WD4L7CWE,10.1016/j.eurpolymj.2019.109295,Microfabrication of 3D-hydrogels via two-photon polymerization of poly(2-ethyl-2-oxazoline) diacrylates,threshold,14,"ng parameters and to evaluate the resolution of the process, relevant parts of a parameter search protocol based on a method originally reported by Sun et al. and modified by Käpylä et al. were adapted considering photopolymerizable POx [48, 49]. In brief, laser power, focus position and shot time were varied as laser ",,,text_exact_candidate,pending,unknown,local_only/text_not_published
zotero_WD4L7CWE:threshold:11,zotero_WD4L7CWE,WD4L7CWE,10.1016/j.eurpolymj.2019.109295,Microfabrication of 3D-hydrogels via two-photon polymerization of poly(2-ethyl-2-oxazoline) diacrylates,threshold,14,"48, 49]. In brief, laser power, focus position and shot time were varied as laser parameters. The resolution of the 2PP process depends on the Gaussian energy distribution of the focused laser beam within the focal volume. Only in the areas where the energy threshold for photopolymerization is exceeded, crosslinking of",,,text_exact_candidate,pending,unknown,local_only/text_not_published
zotero_WD4L7CWE:threshold:13,zotero_WD4L7CWE,WD4L7CWE,10.1016/j.eurpolymj.2019.109295,Microfabrication of 3D-hydrogels via two-photon polymerization of poly(2-ethyl-2-oxazoline) diacrylates,threshold,15,"14 connection to the glass surface. This means that the maximal distance in z, where the single planes in a 3D-object will still be connected, is exceeded (for SEM images see Figure 8). Voxel widths at varying shot time (constant laser power of 310 mW) and varying laser power (constant exposure time of 200 ms) were mea",,,text_exact_candidate,pending,unknown,local_only/text_not_published
zotero_WD4L7CWE:threshold:14,zotero_WD4L7CWE,WD4L7CWE,10.1016/j.eurpolymj.2019.109295,Microfabrication of 3D-hydrogels via two-photon polymerization of poly(2-ethyl-2-oxazoline) diacrylates,threshold,16,"he once than produced with BTABcP-1. However, this will influence the dimensional stability of the fabrication process of 3D-objects with regard to the default computer model. The thorough evaluation of the dependency of the voxel geometry dependent on the laser power shown in Figure 7 resulted in the hypothesis that f",,,text_exact_candidate,pending,unknown,local_only/text_not_published
zotero_WD4L7CWE:voxel_geometry:1,zotero_WD4L7CWE,WD4L7CWE,10.1016/j.eurpolymj.2019.109295,Microfabrication of 3D-hydrogels via two-photon polymerization of poly(2-ethyl-2-oxazoline) diacrylates,voxel_geometry,2,"g for degrees of polymerization of 10 and 18, respectively. The PI based on a cy clopentanone dibenzylidene based donor-acceptor-donor  system coupled to an acrylate functionalized triaryl amine proved suitable to produce structured hydrogels. Fabricated voxel arrays with different shot times and laser intensities rev",,,text_exact_candidate,pending,unknown,local_only/text_not_published
zotero_WD4L7CWE:voxel_geometry:12,zotero_WD4L7CWE,WD4L7CWE,10.1016/j.eurpolymj.2019.109295,Microfabrication of 3D-hydrogels via two-photon polymerization of poly(2-ethyl-2-oxazoline) diacrylates,voxel_geometry,14,"n of the 2PP process depends on the Gaussian energy distribution of the focused laser beam within the focal volume. Only in the areas where the energy threshold for photopolymerization is exceeded, crosslinking of the precursor takes place and the resulting voxel geometry can be evaluated. Voxel arrays with increasing ",,,text_exact_candidate,pending,unknown,local_only/text_not_published
zotero_WD4L7CWE:voxel_geometry:2,zotero_WD4L7CWE,WD4L7CWE,10.1016/j.eurpolymj.2019.109295,Microfabrication of 3D-hydrogels via two-photon polymerization of poly(2-ethyl-2-oxazoline) diacrylates,voxel_geometry,2,coupled to an acrylate functionalized triaryl amine proved suitable to produce structured hydrogels. Fabricated voxel arrays with different shot times and laser intensities revealed voxel widths below 20 µm showing a similar structuring capability with high resolution of PEtOx-DA as well as for PEG-DA via 2PP. The prop,,,text_exact_candidate,pending,unknown,local_only/text_not_published
zotero_WD4L7CWE:voxel_geometry:4,zotero_WD4L7CWE,WD4L7CWE,10.1016/j.eurpolymj.2019.109295,Microfabrication of 3D-hydrogels via two-photon polymerization of poly(2-ethyl-2-oxazoline) diacrylates,voxel_geometry,3,"words, the 2PA represents a temporally resolved process. Theref ore, extremely high -pulsed lasers such as femtosecond or picosecond pulsed laser systems are required, which can enable the 2PA exclusively at the focal point and realize the desired spatial resolution [10]. A high resolution in the nano- and micrometer r",,,text_exact_candidate,pending,unknown,local_only/text_not_published
zotero_X4RTKEJL:isc_t1:6,zotero_X4RTKEJL,X4RTKEJL,10.1088/1758-5082/3/2/025003,Fabrication of 2D protein microstructures and 3D polymer-protein hybrid microstructures by two-photon polymerization,isc_t1,4,"Biofabrication 3 (2011) 025003 S Engelhardt et al Figure 1. The experimental setup incorporated two laser sources (ps-laser and fs-laser source). After beam expansion (T1, T2) and attenuation (A1, A2), the beam could be controlled by a shutter (S) and the power measured by a sensor (PS). The beam was then reﬂected by a",,,text_exact_candidate,pending,unknown,local_only/text_not_published
zotero_X4RTKEJL:pi_loading:11,zotero_X4RTKEJL,X4RTKEJL,10.1088/1758-5082/3/2/025003,Fabrication of 2D protein microstructures and 3D polymer-protein hybrid microstructures by two-photon polymerization,pi_loading,6,"s μm−2. The inﬂuence of the material system on the polymerization efﬁciency can be summarized to δ/C.F r o m the threshold values it follows that the efﬁciency δ/C for the Pol EPI is approximately three to four times larger than that for Pol I-184. Since the photoinitiator concentration was lower for the EPI, its δ can",,,text_exact_candidate,pending,unknown,local_only/text_not_published
zotero_X4RTKEJL:pi_loading:12,zotero_X4RTKEJL,X4RTKEJL,10.1088/1758-5082/3/2/025003,Fabrication of 2D protein microstructures and 3D polymer-protein hybrid microstructures by two-photon polymerization,pi_loading,6,"−2. The inﬂuence of the material system on the polymerization efﬁciency can be summarized to δ/C.F r o m the threshold values it follows that the efﬁciency δ/C for the Pol EPI is approximately three to four times larger than that for Pol I-184. Since the photoinitiator concentration was lower for the EPI, its δ can be ",,,text_exact_candidate,pending,unknown,local_only/text_not_published
zotero_X4RTKEJL:pi_loading:13,zotero_X4RTKEJL,X4RTKEJL,10.1088/1758-5082/3/2/025003,Fabrication of 2D protein microstructures and 3D polymer-protein hybrid microstructures by two-photon polymerization,pi_loading,6,"R⃝ 184, which is approximately δI−184 = 20 GM = 20 × 10−50 cm4 s/photon at 532 nm [37]. For the fs-system, three different proteins were polymerized using two kinds of water-soluble photoinitiators, Irgacure R⃝ 2959 and Rose Bengal (ﬁgure5). The BSA solution (3 mM Rose Bengal) was irradiated with 800 nm in order to exc",,,text_exact_candidate,pending,unknown,local_only/text_not_published
zotero_X4RTKEJL:pi_loading:5,zotero_X4RTKEJL,X4RTKEJL,10.1088/1758-5082/3/2/025003,Fabrication of 2D protein microstructures and 3D polymer-protein hybrid microstructures by two-photon polymerization,pi_loading,4,". The beam was then reﬂected by a highly reﬂective mirror (D) and directed into a microscope objective (Ob). The setup used translational stages for sample positioning and an illumination (L) and observation (C) for online monitoring. 1 mL distilled water and 4 mM or 3 mM Rose Bengal (Sigma- Aldrich, Germany) was added",,,text_exact_candidate,pending,unknown,local_only/text_not_published
zotero_X4RTKEJL:sigma2:10,zotero_X4RTKEJL,X4RTKEJL,10.1088/1758-5082/3/2/025003,Fabrication of 2D protein microstructures and 3D polymer-protein hybrid microstructures by two-photon polymerization,sigma2,6,"is necessary. A simple model for the growth of the voxel length l during two-photon polymerization is given by [36] l (N 0,t ) = 2zr √√ δtpN2 0 Rt/C − 1( 1 ) where N0 is the photon ﬂux, zr is the Rayleigh length, t is the irradiation time, δis the two-photon absorption cross section, tp is the pulse duration,R is the r",,,text_exact_candidate,pending,unknown,local_only/text_not_published
zotero_X4RTKEJL:sigma2:2,zotero_X4RTKEJL,X4RTKEJL,10.1088/1758-5082/3/2/025003,Fabrication of 2D protein microstructures and 3D polymer-protein hybrid microstructures by two-photon polymerization,sigma2,3,"setup. In order to further facilitate the future use of TPP in biofabrication applications, in this study we tested and compared the polymerization efﬁciency of fs- and ps-systems on several synthetic and biological materials. A novel photoinitiator with high two-photon absorption capabilities in the visible range was ",,,text_exact_candidate,pending,unknown,local_only/text_not_published
zotero_X4RTKEJL:sigma2:8,zotero_X4RTKEJL,X4RTKEJL,10.1088/1758-5082/3/2/025003,Fabrication of 2D protein microstructures and 3D polymer-protein hybrid microstructures by two-photon polymerization,sigma2,6,"tical model is necessary. A simple model for the growth of the voxel length l during two-photon polymerization is given by [36] l (N 0,t ) = 2zr √√ δtpN2 0 Rt/C − 1( 1 ) where N0 is the photon ﬂux, zr is the Rayleigh length, t is the irradiation time, δis the two-photon absorption cross section, tp is the pulse duratio",,,text_exact_candidate,pending,unknown,local_only/text_not_published
zotero_X4RTKEJL:sigma2:9,zotero_X4RTKEJL,X4RTKEJL,10.1088/1758-5082/3/2/025003,Fabrication of 2D protein microstructures and 3D polymer-protein hybrid microstructures by two-photon polymerization,sigma2,6,"tical model is necessary. A simple model for the growth of the voxel length l during two-photon polymerization is given by [36] l (N 0,t ) = 2zr √√ δtpN2 0 Rt/C − 1( 1 ) where N0 is the photon ﬂux, zr is the Rayleigh length, t is the irradiation time, δis the two-photon absorption cross section, tp is the pulse duratio",,,text_exact_candidate,pending,unknown,local_only/text_not_published
zotero_X4RTKEJL:threshold:14,zotero_X4RTKEJL,X4RTKEJL,10.1088/1758-5082/3/2/025003,Fabrication of 2D protein microstructures and 3D polymer-protein hybrid microstructures by two-photon polymerization,threshold,6,"is the repletion rate of the laser andC is a term describing the ratio of molecules accessible to radical formation and radicals necessary for initiating polymerization. The photon ﬂux N 0 can be expressed by [36] N0 = 2P πr2 0 tpR¯hω (2) where P is the mean laser power measured after the objective, r0 is the focal rad",,,text_exact_candidate,pending,unknown,local_only/text_not_published
zotero_X4RTKEJL:threshold:15,zotero_X4RTKEJL,X4RTKEJL,10.1088/1758-5082/3/2/025003,Fabrication of 2D protein microstructures and 3D polymer-protein hybrid microstructures by two-photon polymerization,threshold,6,"ble to initiate polymerization. Although used in lower concentrations, EPI resulted in a shift to smaller values of K L and therefore a more efﬁcient polymerization process (ﬁgure 5). By ﬁtting the data with the model described in equations ( 1) and ( 3), the threshold value of KL for polymerization for the Pol EPI can",,,text_exact_candidate,pending,unknown,local_only/text_not_published
zotero_X4RTKEJL:threshold:3,zotero_X4RTKEJL,X4RTKEJL,10.1088/1758-5082/3/2/025003,Fabrication of 2D protein microstructures and 3D polymer-protein hybrid microstructures by two-photon polymerization,threshold,3,"n method able to generate porous protein-based scaffolds with high micro- and nanostructure control is two-photon polymerization (TPP). Here, an ultrashort pulsed laser beam is tightly focused by a microscope objective generating laser intensities exceeding a threshold to initiate nonlinear absorption processes [ 8]. T",,,text_exact_candidate,pending,unknown,local_only/text_not_published
zotero_X4RTKEJL:voxel_geometry:1,zotero_X4RTKEJL,X4RTKEJL,10.1088/1758-5082/3/2/025003,Fabrication of 2D protein microstructures and 3D polymer-protein hybrid microstructures by two-photon polymerization,voxel_geometry,2,mber 2010 Accepted for publication 30 March 2011 Published 12 May 2011 Online at stacks.iop.org/BF/3/025003 Abstract Two-photon polymerization (TPP) offers the possibility of creating artiﬁcial cell scaffolds composed of micro- and nanostructures with spatial resolutions of less than 1 μm. For use in tissue engineering,,,text_exact_candidate,pending,unknown,local_only/text_not_published
zotero_X4RTKEJL:voxel_geometry:16,zotero_X4RTKEJL,X4RTKEJL,10.1088/1758-5082/3/2/025003,Fabrication of 2D protein microstructures and 3D polymer-protein hybrid microstructures by two-photon polymerization,voxel_geometry,6,"Biofabrication 3 (2011) 025003 S Engelhardt et al Figure 5. Wavelength corrected voxel length plotted overKL for the ps-system and the fs-system. The necessary values for KL are several orders of magnitude higher for the fs-system (BSA BR, Fibronectin, Gel-MAAm) than for the ps-system (BSA, Pol EPI, Pol I-184). 3.2. Co",,,text_exact_candidate,pending,unknown,local_only/text_not_published
zotero_X4RTKEJL:voxel_geometry:4,zotero_X4RTKEJL,X4RTKEJL,10.1088/1758-5082/3/2/025003,Fabrication of 2D protein microstructures and 3D polymer-protein hybrid microstructures by two-photon polymerization,voxel_geometry,3,"lls these particular characteristics. The scaffold should allow a constant supply of nutrients, as well as a disposal of metabolic products [3]. Furthermore, micro- and nanostructures signiﬁcantly inﬂuence cell behavior [6, 7] and must be fabricated by a high-resolution fabrication process for an efﬁcient imitation of ",,,text_exact_candidate,pending,unknown,local_only/text_not_published
zotero_X4RTKEJL:voxel_geometry:7,zotero_X4RTKEJL,X4RTKEJL,10.1088/1758-5082/3/2/025003,Fabrication of 2D protein microstructures and 3D polymer-protein hybrid microstructures by two-photon polymerization,voxel_geometry,5,"Biofabrication 3 (2011) 025003 S Engelhardt et al 2.4. Determination of polymerization efﬁciency The polymerization efﬁciency of the different materials and irradiation conditions was determined by measuring the growth of voxels (volume pixel), since voxels are a direct representation of the polymerization procedure. F",,,text_exact_candidate,pending,unknown,local_only/text_not_published
zotero_XAY2YYCX:isc_t1:15,zotero_XAY2YYCX,XAY2YYCX,10.1021/ma9007785,Structure-activity relationship in d-π-a-π-d-based photoinitiators for the two-photon-induced photopolymerization process,isc_t1,6,"bond containing ketone-based PIs either do not show any or an extremely weak ( Φem <5 /C2 10-3) emission, the nature of which (fluorescence or phosphorescence) is yet to be as- signed.50 These low emission quantum yields can be ratio- nalized by an efficient intersystem crossing to the excited triplet state, as for exa",,,text_exact_candidate,pending,unknown,local_only/text_not_published
zotero_XAY2YYCX:isc_t1:16,zotero_XAY2YYCX,XAY2YYCX,10.1021/ma9007785,Structure-activity relationship in d-π-a-π-d-based photoinitiators for the two-photon-induced photopolymerization process,isc_t1,6,"ther do not show any or an extremely weak ( Φem <5 /C2 10-3) emission, the nature of which (fluorescence or phosphorescence) is yet to be as- signed.50 These low emission quantum yields can be ratio- nalized by an efficient intersystem crossing to the excited triplet state, as for example for the triple bond lacking PI",,,text_exact_candidate,pending,unknown,local_only/text_not_published
zotero_XAY2YYCX:isc_t1:17,zotero_XAY2YYCX,XAY2YYCX,10.1021/ma9007785,Structure-activity relationship in d-π-a-π-d-based photoinitiators for the two-photon-induced photopolymerization process,isc_t1,6,"were found to be in good agreement with previous data. 24,27 While R1 and R2 exhibit strong fluorescence, the triple bond containing ketone-based PIs either do not show any or an extremely weak ( Φem <5 /C2 10-3) emission, the nature of which (fluorescence or phosphorescence) is yet to be as- signed.50 These low emissi",,,text_exact_candidate,pending,unknown,local_only/text_not_published
zotero_XAY2YYCX:isc_t1:8,zotero_XAY2YYCX,XAY2YYCX,10.1021/ma9007785,Structure-activity relationship in d-π-a-π-d-based photoinitiators for the two-photon-induced photopolymerization process,isc_t1,2,"ize). Aluminum-backed silica gel plates were used for TLC analyses. Characterization. 1H NMR (200 MHz) and 13C NMR (50 MHz) spectra were measured with a BRUKER AC-E 200 FT-NMR-spectrometer. The chemical shift (s = singlet, bs = broad singlet, d = doublet, t = triplet, m = multiplet) is dis- played in ppm using the nond",,,text_exact_candidate,pending,unknown,local_only/text_not_published
zotero_XAY2YYCX:mechanism:13,zotero_XAY2YYCX,XAY2YYCX,10.1021/ma9007785,Structure-activity relationship in d-π-a-π-d-based photoinitiators for the two-photon-induced photopolymerization process,mechanism,5,"e pyridinium cation, M3Pþ, results in the total loss of emission and the appearance of a new absorption band shifted deeply into the visible region ( λabs = 489 nm). Substitution of the triple bond by a double bond gives M2K, which has already been used as an electron transfer sensitized PI in combination with iodonium",,,text_exact_candidate,pending,unknown,local_only/text_not_published
zotero_XAY2YYCX:mechanism:4,zotero_XAY2YYCX,XAY2YYCX,10.1021/ma9007785,Structure-activity relationship in d-π-a-π-d-based photoinitiators for the two-photon-induced photopolymerization process,mechanism,1,"yryl]benzene (R2), with TPA cross sections up to 995 GM at the maximum of the TPA absorption spectra (730 nm) (Figure 1). 26 These initiators are using an intramolecular charge transfer mechanism in the primary initia- tion step, followed by an intermolecular electron transfer.27 In addition to the planarity, the conju",,,text_exact_candidate,pending,unknown,local_only/text_not_published
zotero_XAY2YYCX:mechanism:5,zotero_XAY2YYCX,XAY2YYCX,10.1021/ma9007785,Structure-activity relationship in d-π-a-π-d-based photoinitiators for the two-photon-induced photopolymerization process,mechanism,1,"butylamino)styryl]-2,5-dimethoxybenzene (R1)a n d E,E-1,4-bis- [40-(N,N-di-n-butylamino)styryl]benzene (R2), with TPA cross sections up to 995 GM at the maximum of the TPA absorption spectra (730 nm) (Figure 1). 26 These initiators are using an intramolecular charge transfer mechanism in the primary initia- tion step, ",,,text_exact_candidate,pending,unknown,local_only/text_not_published
zotero_XAY2YYCX:mechanism:9,zotero_XAY2YYCX,XAY2YYCX,10.1021/ma9007785,Structure-activity relationship in d-π-a-π-d-based photoinitiators for the two-photon-induced photopolymerization process,mechanism,2,"centrations in comparison to typical one-photon UV PIs, 20 although a rather low TPA cross section below 40 GM has been calculated for this compound very recently. 33 Investigations on the single-photon photochemistry of the unsubstituted H3K showed efficient hydrogen abstraction from H-donors like iso- propyl alcohol.",,,text_exact_candidate,pending,unknown,local_only/text_not_published
zotero_XAY2YYCX:pi_loading:10,zotero_XAY2YYCX,XAY2YYCX,10.1021/ma9007785,Structure-activity relationship in d-π-a-π-d-based photoinitiators for the two-photon-induced photopolymerization process,pi_loading,3,ewhere. 39 Rhodamine 6G and Rhodamine B in MeOH were used as reference standards in order to verify the reliability of the experimental setup. 40 All PIs were prepared as 1.0 /C2 10-2 M solutions in spectroscopic grade THF. The PI solutions were measured in a 0.2 mm thick flow cell in a nonrecycling volumetric flow of ,,,text_exact_candidate,pending,unknown,local_only/text_not_published
zotero_XAY2YYCX:pi_loading:20,zotero_XAY2YYCX,XAY2YYCX,10.1021/ma9007785,Structure-activity relationship in d-π-a-π-d-based photoinitiators for the two-photon-induced photopolymerization process,pi_loading,8,"produce well-defined structures within a very small process window at 600 nm. Additionally, more complex 3D structures were inscribed into the material volume using B3K (6.3 /C2 10-6 mol PI/g resin) as initiator. A laser power of 11 μW at a given feedrate of 1 mm/min allowed the structuring of a dragonfly and a dinosau",,,text_exact_candidate,pending,unknown,local_only/text_not_published
zotero_XAY2YYCX:pi_loading:22,zotero_XAY2YYCX,XAY2YYCX,10.1021/ma9007785,Structure-activity relationship in d-π-a-π-d-based photoinitiators for the two-photon-induced photopolymerization process,pi_loading,9,"potential two-photon initiators from the literature. We were able to produce nicely shaped structures with PI concentrations as low as ∼0.05 wt %. Additionally, the ideal processing window for each initiator was determined by changing the laser intensity and initiator concentration at a fixed feed rate. By using optimi",,,text_exact_candidate,pending,unknown,local_only/text_not_published
zotero_XAY2YYCX:pi_loading:7,zotero_XAY2YYCX,XAY2YYCX,10.1021/ma9007785,Structure-activity relationship in d-π-a-π-d-based photoinitiators for the two-photon-induced photopolymerization process,pi_loading,2,", Sartomer 415) were re- ceived as a gift from Rahn and Sartomer, respectively. Petro- leum ether (PE) refers to the fraction boiling in the range 40 - 60 /C176 C. Column chromatography was performed with conven- tional techniques on VWR silica gel 60 (0.040 -0.063 mm particle size). Aluminum-backed silica gel plates w",,,text_exact_candidate,pending,unknown,local_only/text_not_published
zotero_XAY2YYCX:sigma2:1,zotero_XAY2YYCX,XAY2YYCX,10.1021/ma9007785,Structure-activity relationship in d-π-a-π-d-based photoinitiators for the two-photon-induced photopolymerization process,sigma2,1,"even possible to improve the feature resolution to 65 and 22 nm, respectively. A highly active TPA PI plays a key role in order to obtain an efficient and clean polymerization and therefore high-quality structures. In the literature, the TPA cross section (1 GM = 10-50 m4 sp h o t o n-1) is the currently used value to ",,,text_exact_candidate,pending,unknown,local_only/text_not_published
zotero_XAY2YYCX:sigma2:14,zotero_XAY2YYCX,XAY2YYCX,10.1021/ma9007785,Structure-activity relationship in d-π-a-π-d-based photoinitiators for the two-photon-induced photopolymerization process,sigma2,6,"nor strength of the substituents in the para position of the aromatic ring. No signal could be detected for H3K, and only a very low signal was measured in case of O3K at the given wavelength. Among the amino-based derivatives P3K had the highest value of 256 GM. Surprisingly, there is a significant differ- ence betwee",,,text_exact_candidate,pending,unknown,local_only/text_not_published
zotero_XAY2YYCX:sigma2:6,zotero_XAY2YYCX,XAY2YYCX,10.1021/ma9007785,Structure-activity relationship in d-π-a-π-d-based photoinitiators for the two-photon-induced photopolymerization process,sigma2,2,"e-bond-containing 1,5- bis(4-(N,N-dimethylamino)phenyl)penta-1,4-diyn-3-one (M3K) serves as a highly sensitive and efficient TPA PI at low initiator concentrations in comparison to typical one-photon UV PIs, 20 although a rather low TPA cross section below 40 GM has been calculated for this compound very recently. 33 I",,,text_exact_candidate,pending,unknown,local_only/text_not_published
zotero_XAY2YYCX:threshold:11,zotero_XAY2YYCX,XAY2YYCX,10.1021/ma9007785,Structure-activity relationship in d-π-a-π-d-based photoinitiators for the two-photon-induced photopolymerization process,threshold,4,"em B) was used. This system is equipped with a fiber laser, which provides NIR pulses at 780 nm wavelength with a pulse duration of ∼150 fs. The system operates at a repetition rate of 100 MHz. Direct laser writing with this system is usually carried out at a laser power below 7 mW (measured directly in front of the mi",,,text_exact_candidate,pending,unknown,local_only/text_not_published
zotero_XAY2YYCX:threshold:18,zotero_XAY2YYCX,XAY2YYCX,10.1021/ma9007785,Structure-activity relationship in d-π-a-π-d-based photoinitiators for the two-photon-induced photopolymerization process,threshold,7,"chieved in previous studies. 20 For all studies the same molar PI concentration of 6.3 /C2 10-6 mol PI/g resin (which corresponds to 0.2 wt % of M3K) was employed in order to have the option to compare directly the TPIP activities of the PIs. To determine the threshold of the photoinitiating ability, the tests were rep",,,text_exact_candidate,pending,unknown,local_only/text_not_published
zotero_XAY2YYCX:threshold:21,zotero_XAY2YYCX,XAY2YYCX,10.1021/ma9007785,Structure-activity relationship in d-π-a-π-d-based photoinitiators for the two-photon-induced photopolymerization process,threshold,8,"1.6 /C2 10-7 mol PI/g resin), only H3K could produce well-defined structures within a very small process window at 600 nm. Additionally, more complex 3D structures were inscribed into the material volume using B3K (6.3 /C2 10-6 mol PI/g resin) as initiator. A laser power of 11 μW at a given feedrate of 1 mm/min allowed",,,text_exact_candidate,pending,unknown,local_only/text_not_published
zotero_XAY2YYCX:threshold:23,zotero_XAY2YYCX,XAY2YYCX,10.1021/ma9007785,Structure-activity relationship in d-π-a-π-d-based photoinitiators for the two-photon-induced photopolymerization process,threshold,9,"Macromolecules, Vol. 42, No. 17, 2009 6527 developed woodpile structures with and without support- ing wall were prepared (Figure 7c,d). Line widths of about 250 nm were obtained and could be further improved by an optimal laser system setup such as optimized laser power- feed rate ratio, a shaded ring filter, and the ",,,text_exact_candidate,pending,unknown,local_only/text_not_published
zotero_XAY2YYCX:voxel_geometry:12,zotero_XAY2YYCX,XAY2YYCX,10.1021/ma9007785,Structure-activity relationship in d-π-a-π-d-based photoinitiators for the two-photon-induced photopolymerization process,voxel_geometry,4,"e measurement of the sample’s surface position and depth. The sample is moved by an Aerotech three axes stage relative to the laser focus in order to form a 3D structure (design of photonic structures by means of CAD modeling). Additionally, to achieve higher resolutions of 3-dimensional structures, a different laser l",,,text_exact_candidate,pending,unknown,local_only/text_not_published
zotero_XAY2YYCX:voxel_geometry:19,zotero_XAY2YYCX,XAY2YYCX,10.1021/ma9007785,Structure-activity relationship in d-π-a-π-d-based photoinitiators for the two-photon-induced photopolymerization process,voxel_geometry,7,"f each ideal processing window in the diagram, no well-connected structures could be ob- tained after the standard post processing procedure as the threshold of initiation is reached. Above that, the numbers 1 and 2 define nicely structured shapes with a high resolution and a smooth surface quality (Figure 6). Generall",,,text_exact_candidate,pending,unknown,local_only/text_not_published
zotero_XAY2YYCX:voxel_geometry:2,zotero_XAY2YYCX,XAY2YYCX,10.1021/ma9007785,Structure-activity relationship in d-π-a-π-d-based photoinitiators for the two-photon-induced photopolymerization process,voxel_geometry,1,"esults than commercially available initiators in terms of two-photon-induced microfabrication. These results are well in accordance with the TPA cross section values for the compounds measured by z-scan analysis. By using optimized parameters, structures with line widths of about 250 nm were obtained at photoinitiator ",,,text_exact_candidate,pending,unknown,local_only/text_not_published
zotero_XAY2YYCX:voxel_geometry:3,zotero_XAY2YYCX,XAY2YYCX,10.1021/ma9007785,Structure-activity relationship in d-π-a-π-d-based photoinitiators for the two-photon-induced photopolymerization process,voxel_geometry,1,"ations as low as 0.05 wt %. Introduction In the past decade, two-photon-induced photopolymerization (TPIP)1-6 has attracted much attention of researchers and has been intensely studied for various applications requiring three- dimensional (3D) structures with resolutions in the (sub)- micrometer range, such as differen",,,text_exact_candidate,pending,unknown,local_only/text_not_published
zotero_ZI5SFNAQ:mechanism:13,zotero_ZI5SFNAQ,ZI5SFNAQ,10.1002/adom.202200474,Photoinitiator-free two-photon polymerization of biocompatible materials for 3D micro/nanofabrication,mechanism,10,the excitation intensities from 513 kW/cm2 to 718kW/cm2. (C) Bright-field image of the micro-structures after the addition of 100 µL distilled water. Scale bars is 5 µm. (D) A plot of swelling ratio as a function of excitation intensity. 2.2. DUV-TPP of type-I collagen We performed photoinitiator-free DUV-TPP using typ,,,text_exact_candidate,pending,unknown,local_only/text_not_published
zotero_ZI5SFNAQ:mechanism:14,zotero_ZI5SFNAQ,ZI5SFNAQ,10.1002/adom.202200474,Photoinitiator-free two-photon polymerization of biocompatible materials for 3D micro/nanofabrication,mechanism,11,"10 photoinitiators because photoinitiators typically lose their function under acidic conditions [36,38]. Type I collagen absorbs DUV light, especially at 200- 220 nm (Figure S6), by amino acids such as glycine, proline, alanine, and aromatic amino acids, which are major components of collagen. Here, we performed photo",,,text_exact_candidate,pending,unknown,local_only/text_not_published
zotero_ZI5SFNAQ:mechanism:18,zotero_ZI5SFNAQ,ZI5SFNAQ,10.1002/adom.202200474,Photoinitiator-free two-photon polymerization of biocompatible materials for 3D micro/nanofabrication,mechanism,22,"he fabrication of hydrogel PEGda, a 20 µL droplet of pure PEGda was cast on a MAS-coated coverslip (MAS- GP, Matsunami). When measuring a UV-Visible absorption spectrum of PEGda, we diluted PEGda in water to a concentration of 2 wt%. A solution of collagen type I (3 mg) under acidic conditions was purchased from Nitta ",,,text_exact_candidate,pending,unknown,local_only/text_not_published
zotero_ZI5SFNAQ:mechanism:8,zotero_ZI5SFNAQ,ZI5SFNAQ,10.1002/adom.202200474,Photoinitiator-free two-photon polymerization of biocompatible materials for 3D micro/nanofabrication,mechanism,4,"icals to trigger a free-radical polymerization reaction. For bio-applications in TPP, photoinitiators must have less cytotoxicity and high solubility in an aqueous medium, as well as a large two-photon absorption cross-section to increase the efficiency of radical generation. However, photoinitiators in a resin typical",,,text_exact_candidate,pending,unknown,local_only/text_not_published
zotero_ZI5SFNAQ:pi_loading:16,zotero_ZI5SFNAQ,ZI5SFNAQ,10.1002/adom.202200474,Photoinitiator-free two-photon polymerization of biocompatible materials for 3D micro/nanofabrication,pi_loading,21,"ating at a center wavelength of 800 nm with a pulse width of 80 fs and repetition rate of 82 MHz. The 800-nm femtosecond pulses were converted to 400-nm pulses via second harmonic generation by focusing on a BBO crystal (CASTECH INC.) through a lens (L1, f=50 mm, AC254-050- B-ML, Thorlabs). The generated visible pulsed",,,text_exact_candidate,pending,unknown,local_only/text_not_published
zotero_ZI5SFNAQ:pi_loading:17,zotero_ZI5SFNAQ,ZI5SFNAQ,10.1002/adom.202200474,Photoinitiator-free two-photon polymerization of biocompatible materials for 3D micro/nanofabrication,pi_loading,22,"DM1 and a long-pass filter (LP, LP02-532RU-25). Raman spectra were obtained using a spectrophotometer (SP300i, Princeton Instrument Acton) equipped with a cooled charge- coupled device (CCD) camera (Spec10: 400BR, Princeton Instruments) through a lens (L7 f=200 mm, AC254-200-A-ML). We used a grating with a blaze wavele",,,text_exact_candidate,pending,unknown,local_only/text_not_published
zotero_ZI5SFNAQ:pi_loading:19,zotero_ZI5SFNAQ,ZI5SFNAQ,10.1002/adom.202200474,Photoinitiator-free two-photon polymerization of biocompatible materials for 3D micro/nanofabrication,pi_loading,23,"ixture (95/5; v/v) containing 0.1% trifluoroacetic acid, and filtered with 0.45 µm pore sizes (Millex- LH, Merck-Millipore). 10 µL solution was injected into a high-performance liquid chromatography (HPLC) system composing of an Inertsil ODS-3 column (4.6 × 250 mm; GL Sciences, Inc.), a pump (PU-2087, JASCO Corporation",,,text_exact_candidate,pending,unknown,local_only/text_not_published
zotero_ZI5SFNAQ:pi_loading:20,zotero_ZI5SFNAQ,ZI5SFNAQ,10.1002/adom.202200474,Photoinitiator-free two-photon polymerization of biocompatible materials for 3D micro/nanofabrication,pi_loading,24,"plate. MS spectrum was acquired with a MALDI-TOF MS system in positive ion mode (JMS- S3000 SpiralTOFTM-plus2.0, JEOL Ltd.). Enzymatic degradation of collagen Collagenase (FUJIFILM Wako Pure Chemical Corporation) was dissolved in PBS at a concentration of 0.8 mg/mL. The collagen solution warmed to 37 °C was dropped ont",,,text_exact_candidate,pending,unknown,local_only/text_not_published
zotero_ZI5SFNAQ:sigma2:12,zotero_ZI5SFNAQ,ZI5SFNAQ,10.1002/adom.202200474,Photoinitiator-free two-photon polymerization of biocompatible materials for 3D micro/nanofabrication,sigma2,10,"n[35]. Type I collagen is fibrillar collagen present in most organs and is a major component of the ECM. It is particularly abundant in the bones, tendons, and dermis. Type I collagen has been used as a material for 3D fabrication using cross-linking after two-photon absorption by photoinitiators [36–40]. However, the ",,,text_exact_candidate,pending,unknown,local_only/text_not_published
zotero_ZI5SFNAQ:sigma2:3,zotero_ZI5SFNAQ,ZI5SFNAQ,10.1002/adom.202200474,Photoinitiator-free two-photon polymerization of biocompatible materials for 3D micro/nanofabrication,sigma2,4,"photoinitiator absorbs two photons of NIR light and generates radicals to trigger a free-radical polymerization reaction. For bio-applications in TPP, photoinitiators must have less cytotoxicity and high solubility in an aqueous medium, as well as a large two-photon absorption cross-section to increase the efficiency o",,,text_exact_candidate,pending,unknown,local_only/text_not_published
zotero_ZI5SFNAQ:sigma2:4,zotero_ZI5SFNAQ,ZI5SFNAQ,10.1002/adom.202200474,Photoinitiator-free two-photon polymerization of biocompatible materials for 3D micro/nanofabrication,sigma2,4,"photoinitiator absorbs two photons of NIR light and generates radicals to trigger a free-radical polymerization reaction. For bio-applications in TPP, photoinitiators must have less cytotoxicity and high solubility in an aqueous medium, as well as a large two-photon absorption cross-section to increase the efficiency o",,,text_exact_candidate,pending,unknown,local_only/text_not_published
zotero_ZI5SFNAQ:sigma2:5,zotero_ZI5SFNAQ,ZI5SFNAQ,10.1002/adom.202200474,Photoinitiator-free two-photon polymerization of biocompatible materials for 3D micro/nanofabrication,sigma2,4,"ator absorbs two photons of NIR light and generates radicals to trigger a free-radical polymerization reaction. For bio-applications in TPP, photoinitiators must have less cytotoxicity and high solubility in an aqueous medium, as well as a large two-photon absorption cross-section to increase the efficiency of radical ",,,text_exact_candidate,pending,unknown,local_only/text_not_published
zotero_ZI5SFNAQ:threshold:10,zotero_ZI5SFNAQ,ZI5SFNAQ,10.1002/adom.202200474,Photoinitiator-free two-photon polymerization of biocompatible materials for 3D micro/nanofabrication,threshold,7,"6 plot by the Raman peak intensity at an excitation intensity of 0 kW/cm2, where no Raman peak was affected by DUV-TPP. Figure 2C clearly shows the threshold in the excitation intensity that alters Raman spectrum; there was no significant change in the peak intensity of any of the Raman peaks at excitation below 380 kW",,,text_exact_candidate,pending,unknown,local_only/text_not_published
zotero_ZI5SFNAQ:threshold:11,zotero_ZI5SFNAQ,ZI5SFNAQ,10.1002/adom.202200474,Photoinitiator-free two-photon polymerization of biocompatible materials for 3D micro/nanofabrication,threshold,8,"es were focused by an NA-1.4 objective lens for two-photon excitation of PEGda (700 Mn) with a photo-initiator (HMPP)[29]. About half of the recent publications used an NA-1.4 and the exposure time similar to our experiments [17,30]. The smaller excitation threshold with photoinitiators was due to the higher concentrat",,,text_exact_candidate,pending,unknown,local_only/text_not_published
zotero_ZI5SFNAQ:threshold:15,zotero_ZI5SFNAQ,ZI5SFNAQ,10.1002/adom.202200474,Photoinitiator-free two-photon polymerization of biocompatible materials for 3D micro/nanofabrication,threshold,13,"zed tyrosine one (Figure S8), indicating that visible-wavelength two-photon excitation onto collagen induced photo-oxidation of tyrosine residues. Figure 4G shows the plot of the Raman peak intensity at 1772 cm-1. The plot shows a drastic increase above a threshold intensity of 141 kW/cm2. It has been reported that the",,,text_exact_candidate,pending,unknown,local_only/text_not_published
zotero_ZI5SFNAQ:threshold:6,zotero_ZI5SFNAQ,ZI5SFNAQ,10.1002/adom.202200474,Photoinitiator-free two-photon polymerization of biocompatible materials for 3D micro/nanofabrication,threshold,4,"m[13]. Because shorter excitation wavelengths have higher photon energy and can excite a greater variety of chemical bonds related to photopolymerization, this can polymerize various materials without photoinitiators. Moreover, we found that the excitation laser power required for fabrication using 400-nm femtosecond p",,,text_exact_candidate,pending,unknown,local_only/text_not_published
zotero_ZI5SFNAQ:voxel_geometry:1,zotero_ZI5SFNAQ,ZI5SFNAQ,10.1002/adom.202200474,Photoinitiator-free two-photon polymerization of biocompatible materials for 3D micro/nanofabrication,voxel_geometry,3,oinitiators and evaluated the preservation of the material properties of the fabricated 3D structures. Poly(ethylene glycol) diacrylate (PEGda) and collagen have been successfully fabricated using a femtosecond pulsed laser at a wavelength of 400 nm with a feature size of 100 nm without photoinitiator. The excitation i,,,text_exact_candidate,pending,unknown,local_only/text_not_published
zotero_ZI5SFNAQ:voxel_geometry:2,zotero_ZI5SFNAQ,ZI5SFNAQ,10.1002/adom.202200474,Photoinitiator-free two-photon polymerization of biocompatible materials for 3D micro/nanofabrication,voxel_geometry,3,"2 Two-photon polymerization is expected to realize the fabrication of biological tissues for regenerative medicine and drug development because of its capability of three-dimensional fabrication with submicrometer spatial resolution. However, photopolymerization initiators generally added to resins have low biocompatib",,,text_exact_candidate,pending,unknown,local_only/text_not_published
zotero_ZI5SFNAQ:voxel_geometry:7,zotero_ZI5SFNAQ,ZI5SFNAQ,10.1002/adom.202200474,Photoinitiator-free two-photon polymerization of biocompatible materials for 3D micro/nanofabrication,voxel_geometry,4,ructures of proteins (bovine serum albumin and human serum albumin) has been demonstrated. Taguchi et al. reported TPP using femtosecond laser pulses with a wavelength of 400 nm and presented the 3D nano-fabrication of pure acrylate monomer/oligomer with a feature size of 80 nm[13]. Because shorter excitation wavelengt,,,text_exact_candidate,pending,unknown,local_only/text_not_published
zotero_ZI5SFNAQ:voxel_geometry:9,zotero_ZI5SFNAQ,ZI5SFNAQ,10.1002/adom.202200474,Photoinitiator-free two-photon polymerization of biocompatible materials for 3D micro/nanofabrication,voxel_geometry,5,"m×5 µm and the periodicity of 0.5 µm and 0.3 µm in lateral and axial, respectively. The 3D structure of PEGda was fabricated without photoinitiators as designed. Figure 1C shows the SEM image of the area indicated by the dotted rectangle in Figure 1B. The linewidth at the top of the 3D microstructure is 100 nm. By util",,,text_exact_candidate,pending,unknown,local_only/text_not_published
