evidence_id,relation,remote_registry
AUD20260828-0001,already_present_exact_id,outputs/zotero_tpp_literature_pilot_20260828/unified_evidence_v2/unified_evidence_registry.csv
AUD20260828-0002,already_present_exact_id,outputs/zotero_tpp_literature_pilot_20260828/unified_evidence_v2/unified_evidence_registry.csv
AUD20260828-0003,already_present_exact_id,outputs/zotero_tpp_literature_pilot_20260828/unified_evidence_v2/unified_evidence_registry.csv
AUD20260828-0004,already_present_exact_id,outputs/zotero_tpp_literature_pilot_20260828/unified_evidence_v2/unified_evidence_registry.csv
AUD20260828-0005,already_present_exact_id,outputs/zotero_tpp_literature_pilot_20260828/unified_evidence_v2/unified_evidence_registry.csv
AUD20260828-0006,already_present_exact_id,outputs/zotero_tpp_literature_pilot_20260828/unified_evidence_v2/unified_evidence_registry.csv
AUD20260828-0008,already_present_exact_id,outputs/zotero_tpp_literature_pilot_20260828/unified_evidence_v2/unified_evidence_registry.csv
AUD20260828-0009,already_present_exact_id,outputs/zotero_tpp_literature_pilot_20260828/unified_evidence_v2/unified_evidence_registry.csv
AUD20260828-0010,already_present_exact_id,outputs/zotero_tpp_literature_pilot_20260828/unified_evidence_v2/unified_evidence_registry.csv
AUD20260828-0011,already_present_exact_id,outputs/zotero_tpp_literature_pilot_20260828/unified_evidence_v2/unified_evidence_registry.csv
AUD20260828-0012,already_present_exact_id,outputs/zotero_tpp_literature_pilot_20260828/unified_evidence_v2/unified_evidence_registry.csv
AUD20260828-0013,already_present_exact_id,outputs/zotero_tpp_literature_pilot_20260828/unified_evidence_v2/unified_evidence_registry.csv
AUD20260828-0014,already_present_exact_id,outputs/zotero_tpp_literature_pilot_20260828/unified_evidence_v2/unified_evidence_registry.csv
AUD20260828-0015,already_present_exact_id,outputs/zotero_tpp_literature_pilot_20260828/unified_evidence_v2/unified_evidence_registry.csv
AUD20260828-0016,already_present_exact_id,outputs/zotero_tpp_literature_pilot_20260828/unified_evidence_v2/unified_evidence_registry.csv
AUD20260828-0017,already_present_exact_id,outputs/zotero_tpp_literature_pilot_20260828/unified_evidence_v2/unified_evidence_registry.csv
AUD20260828-0018,already_present_exact_id,outputs/zotero_tpp_literature_pilot_20260828/unified_evidence_v2/unified_evidence_registry.csv
AUD20260828-0019,already_present_exact_id,outputs/zotero_tpp_literature_pilot_20260828/unified_evidence_v2/unified_evidence_registry.csv
AUD20260828-0020,already_present_exact_id,outputs/zotero_tpp_literature_pilot_20260828/unified_evidence_v2/unified_evidence_registry.csv
AUD20260828-0021,already_present_exact_id,outputs/zotero_tpp_literature_pilot_20260828/unified_evidence_v2/unified_evidence_registry.csv
AUD20260828-0022,already_present_exact_id,outputs/zotero_tpp_literature_pilot_20260828/unified_evidence_v2/unified_evidence_registry.csv
AUD20260828-0023,already_present_exact_id,outputs/zotero_tpp_literature_pilot_20260828/unified_evidence_v2/unified_evidence_registry.csv
AUD20260828-0024,already_present_exact_id,outputs/zotero_tpp_literature_pilot_20260828/unified_evidence_v2/unified_evidence_registry.csv
AUD20260828-0025,already_present_exact_id,outputs/zotero_tpp_literature_pilot_20260828/unified_evidence_v2/unified_evidence_registry.csv
AUD20260828-0026,already_present_exact_id,outputs/zotero_tpp_literature_pilot_20260828/unified_evidence_v2/unified_evidence_registry.csv
AUD20260828-0027,already_present_exact_id,outputs/zotero_tpp_literature_pilot_20260828/unified_evidence_v2/unified_evidence_registry.csv
AUD20260828-0028,already_present_exact_id,outputs/zotero_tpp_literature_pilot_20260828/unified_evidence_v2/unified_evidence_registry.csv
AUD20260828-0029,already_present_exact_id,outputs/zotero_tpp_literature_pilot_20260828/unified_evidence_v2/unified_evidence_registry.csv
AUD20260828-0030,already_present_exact_id,outputs/zotero_tpp_literature_pilot_20260828/unified_evidence_v2/unified_evidence_registry.csv
AUD20260828-0031,already_present_exact_id,outputs/zotero_tpp_literature_pilot_20260828/unified_evidence_v2/unified_evidence_registry.csv
AUD20260828-0032,already_present_exact_id,outputs/zotero_tpp_literature_pilot_20260828/unified_evidence_v2/unified_evidence_registry.csv
AUD20260828-0033,already_present_exact_id,outputs/zotero_tpp_literature_pilot_20260828/unified_evidence_v2/unified_evidence_registry.csv
AUD20260828-0034,already_present_exact_id,outputs/zotero_tpp_literature_pilot_20260828/unified_evidence_v2/unified_evidence_registry.csv
AUD20260828-0035,already_present_exact_id,outputs/zotero_tpp_literature_pilot_20260828/unified_evidence_v2/unified_evidence_registry.csv
AUD20260828-0036,already_present_exact_id,outputs/zotero_tpp_literature_pilot_20260828/unified_evidence_v2/unified_evidence_registry.csv
AUD20260828-0037,already_present_exact_id,outputs/zotero_tpp_literature_pilot_20260828/unified_evidence_v2/unified_evidence_registry.csv
AUD20260828-0038,already_present_exact_id,outputs/zotero_tpp_literature_pilot_20260828/unified_evidence_v2/unified_evidence_registry.csv
AUD20260828-0039,already_present_exact_id,outputs/zotero_tpp_literature_pilot_20260828/unified_evidence_v2/unified_evidence_registry.csv
AUD20260828-0040,already_present_exact_id,outputs/zotero_tpp_literature_pilot_20260828/unified_evidence_v2/unified_evidence_registry.csv
AUD20260828-0041,already_present_exact_id,outputs/zotero_tpp_literature_pilot_20260828/unified_evidence_v2/unified_evidence_registry.csv
AUD20260828-0042,already_present_exact_id,outputs/zotero_tpp_literature_pilot_20260828/unified_evidence_v2/unified_evidence_registry.csv
AUD20260828-0043,already_present_exact_id,outputs/zotero_tpp_literature_pilot_20260828/unified_evidence_v2/unified_evidence_registry.csv
AUD20260828-0044,already_present_exact_id,outputs/zotero_tpp_literature_pilot_20260828/unified_evidence_v2/unified_evidence_registry.csv
AUD20260828-0045,already_present_exact_id,outputs/zotero_tpp_literature_pilot_20260828/unified_evidence_v2/unified_evidence_registry.csv
AUD20260828-0046,already_present_exact_id,outputs/zotero_tpp_literature_pilot_20260828/unified_evidence_v2/unified_evidence_registry.csv
AUD20260828-0047,already_present_exact_id,outputs/zotero_tpp_literature_pilot_20260828/unified_evidence_v2/unified_evidence_registry.csv
AUD20260828-0048,already_present_exact_id,outputs/zotero_tpp_literature_pilot_20260828/unified_evidence_v2/unified_evidence_registry.csv
AUD20260828-0049,already_present_exact_id,outputs/zotero_tpp_literature_pilot_20260828/unified_evidence_v2/unified_evidence_registry.csv
AUD20260828-0050,already_present_exact_id,outputs/zotero_tpp_literature_pilot_20260828/unified_evidence_v2/unified_evidence_registry.csv
AUD20260828-0051,already_present_exact_id,outputs/zotero_tpp_literature_pilot_20260828/unified_evidence_v2/unified_evidence_registry.csv
AUD20260828-0052,already_present_exact_id,outputs/zotero_tpp_literature_pilot_20260828/unified_evidence_v2/unified_evidence_registry.csv
AUD20260828-0053,already_present_exact_id,outputs/zotero_tpp_literature_pilot_20260828/unified_evidence_v2/unified_evidence_registry.csv
AUD20260828-0054,already_present_exact_id,outputs/zotero_tpp_literature_pilot_20260828/unified_evidence_v2/unified_evidence_registry.csv
AUD20260828-0055,already_present_exact_id,outputs/zotero_tpp_literature_pilot_20260828/unified_evidence_v2/unified_evidence_registry.csv
AUD20260828-0056,already_present_exact_id,outputs/zotero_tpp_literature_pilot_20260828/unified_evidence_v2/unified_evidence_registry.csv
AUD20260828-0057,already_present_exact_id,outputs/zotero_tpp_literature_pilot_20260828/unified_evidence_v2/unified_evidence_registry.csv
AUD20260828-0058,already_present_exact_id,outputs/zotero_tpp_literature_pilot_20260828/unified_evidence_v2/unified_evidence_registry.csv
AUD20260828-0059,already_present_exact_id,outputs/zotero_tpp_literature_pilot_20260828/unified_evidence_v2/unified_evidence_registry.csv
AUD20260828-0060,already_present_exact_id,outputs/zotero_tpp_literature_pilot_20260828/unified_evidence_v2/unified_evidence_registry.csv
AUD20260828-0061,already_present_exact_id,outputs/zotero_tpp_literature_pilot_20260828/unified_evidence_v2/unified_evidence_registry.csv
AUD20260828-0062,already_present_exact_id,outputs/zotero_tpp_literature_pilot_20260828/unified_evidence_v2/unified_evidence_registry.csv
AUD20260828-0063,already_present_exact_id,outputs/zotero_tpp_literature_pilot_20260828/unified_evidence_v2/unified_evidence_registry.csv
AUD20260828-0064,already_present_exact_id,outputs/zotero_tpp_literature_pilot_20260828/unified_evidence_v2/unified_evidence_registry.csv
AUD20260828-0065,already_present_exact_id,outputs/zotero_tpp_literature_pilot_20260828/unified_evidence_v2/unified_evidence_registry.csv
AUD20260828-0066,already_present_exact_id,outputs/zotero_tpp_literature_pilot_20260828/unified_evidence_v2/unified_evidence_registry.csv
AUD20260828-0067,already_present_exact_id,outputs/zotero_tpp_literature_pilot_20260828/unified_evidence_v2/unified_evidence_registry.csv
AUD20260828-0068,already_present_exact_id,outputs/zotero_tpp_literature_pilot_20260828/unified_evidence_v2/unified_evidence_registry.csv
AUD20260828-0069,already_present_exact_id,outputs/zotero_tpp_literature_pilot_20260828/unified_evidence_v2/unified_evidence_registry.csv
AUD20260828-0070,already_present_exact_id,outputs/zotero_tpp_literature_pilot_20260828/unified_evidence_v2/unified_evidence_registry.csv
AUD20260828-0071,already_present_exact_id,outputs/zotero_tpp_literature_pilot_20260828/unified_evidence_v2/unified_evidence_registry.csv
AUD20260828-0072,already_present_exact_id,outputs/zotero_tpp_literature_pilot_20260828/unified_evidence_v2/unified_evidence_registry.csv
AUD20260828-0073,already_present_exact_id,outputs/zotero_tpp_literature_pilot_20260828/unified_evidence_v2/unified_evidence_registry.csv
AUD20260828-0074,already_present_exact_id,outputs/zotero_tpp_literature_pilot_20260828/unified_evidence_v2/unified_evidence_registry.csv
AUD20260828-0075,already_present_exact_id,outputs/zotero_tpp_literature_pilot_20260828/unified_evidence_v2/unified_evidence_registry.csv
AUD20260828-0076,already_present_exact_id,outputs/zotero_tpp_literature_pilot_20260828/unified_evidence_v2/unified_evidence_registry.csv
AUD20260828-0077,already_present_exact_id,outputs/zotero_tpp_literature_pilot_20260828/unified_evidence_v2/unified_evidence_registry.csv
AUD20260828-0078,already_present_exact_id,outputs/zotero_tpp_literature_pilot_20260828/unified_evidence_v2/unified_evidence_registry.csv
AUD20260828-0079,already_present_exact_id,outputs/zotero_tpp_literature_pilot_20260828/unified_evidence_v2/unified_evidence_registry.csv
AUD20260828-0080,already_present_exact_id,outputs/zotero_tpp_literature_pilot_20260828/unified_evidence_v2/unified_evidence_registry.csv
AUD20260828-0081,already_present_exact_id,outputs/zotero_tpp_literature_pilot_20260828/unified_evidence_v2/unified_evidence_registry.csv
AUD20260828-0082,already_present_exact_id,outputs/zotero_tpp_literature_pilot_20260828/unified_evidence_v2/unified_evidence_registry.csv
AUD20260828-0083,already_present_exact_id,outputs/zotero_tpp_literature_pilot_20260828/unified_evidence_v2/unified_evidence_registry.csv
AUD20260828-0084,already_present_exact_id,outputs/zotero_tpp_literature_pilot_20260828/unified_evidence_v2/unified_evidence_registry.csv
AUD20260828-0085,already_present_exact_id,outputs/zotero_tpp_literature_pilot_20260828/unified_evidence_v2/unified_evidence_registry.csv
AUD20260828-0086,already_present_exact_id,outputs/zotero_tpp_literature_pilot_20260828/unified_evidence_v2/unified_evidence_registry.csv
AUD20260828-0087,already_present_exact_id,outputs/zotero_tpp_literature_pilot_20260828/unified_evidence_v2/unified_evidence_registry.csv
AUD20260828-0088,already_present_exact_id,outputs/zotero_tpp_literature_pilot_20260828/unified_evidence_v2/unified_evidence_registry.csv
AUD20260828-0089,already_present_exact_id,outputs/zotero_tpp_literature_pilot_20260828/unified_evidence_v2/unified_evidence_registry.csv
AUD20260828-0090,already_present_exact_id,outputs/zotero_tpp_literature_pilot_20260828/unified_evidence_v2/unified_evidence_registry.csv
AUD20260828-0091,already_present_exact_id,outputs/zotero_tpp_literature_pilot_20260828/unified_evidence_v2/unified_evidence_registry.csv
AUD20260828-0092,already_present_exact_id,outputs/zotero_tpp_literature_pilot_20260828/unified_evidence_v2/unified_evidence_registry.csv
AUD20260828-0093,already_present_exact_id,outputs/zotero_tpp_literature_pilot_20260828/unified_evidence_v2/unified_evidence_registry.csv
AUD20260828-0094,already_present_exact_id,outputs/zotero_tpp_literature_pilot_20260828/unified_evidence_v2/unified_evidence_registry.csv
AUD20260828-0095,already_present_exact_id,outputs/zotero_tpp_literature_pilot_20260828/unified_evidence_v2/unified_evidence_registry.csv
AUD20260828-0096,already_present_exact_id,outputs/zotero_tpp_literature_pilot_20260828/unified_evidence_v2/unified_evidence_registry.csv
AUD20260828-0097,already_present_exact_id,outputs/zotero_tpp_literature_pilot_20260828/unified_evidence_v2/unified_evidence_registry.csv
AUD20260828-0098,already_present_exact_id,outputs/zotero_tpp_literature_pilot_20260828/unified_evidence_v2/unified_evidence_registry.csv
AUD20260828-0099,already_present_exact_id,outputs/zotero_tpp_literature_pilot_20260828/unified_evidence_v2/unified_evidence_registry.csv
AUD20260828-0100,already_present_exact_id,outputs/zotero_tpp_literature_pilot_20260828/unified_evidence_v2/unified_evidence_registry.csv
AUD20260828-0101,already_present_exact_id,outputs/zotero_tpp_literature_pilot_20260828/unified_evidence_v2/unified_evidence_registry.csv
AUD20260828-0102,already_present_exact_id,outputs/zotero_tpp_literature_pilot_20260828/unified_evidence_v2/unified_evidence_registry.csv
AUD20260828-0103,already_present_exact_id,outputs/zotero_tpp_literature_pilot_20260828/unified_evidence_v2/unified_evidence_registry.csv
AUD20260828-0104,already_present_exact_id,outputs/zotero_tpp_literature_pilot_20260828/unified_evidence_v2/unified_evidence_registry.csv
AUD20260828-0105,already_present_exact_id,outputs/zotero_tpp_literature_pilot_20260828/unified_evidence_v2/unified_evidence_registry.csv
AUD20260828-0106,already_present_exact_id,outputs/zotero_tpp_literature_pilot_20260828/unified_evidence_v2/unified_evidence_registry.csv
AUD20260828-0107,already_present_exact_id,outputs/zotero_tpp_literature_pilot_20260828/unified_evidence_v2/unified_evidence_registry.csv
AUD20260828-0108,already_present_exact_id,outputs/zotero_tpp_literature_pilot_20260828/unified_evidence_v2/unified_evidence_registry.csv
AUD20260828-0109,already_present_exact_id,outputs/zotero_tpp_literature_pilot_20260828/unified_evidence_v2/unified_evidence_registry.csv
AUD20260828-0110,already_present_exact_id,outputs/zotero_tpp_literature_pilot_20260828/unified_evidence_v2/unified_evidence_registry.csv
AUD20260828-0111,already_present_exact_id,outputs/zotero_tpp_literature_pilot_20260828/unified_evidence_v2/unified_evidence_registry.csv
AUD20260828-0112,already_present_exact_id,outputs/zotero_tpp_literature_pilot_20260828/unified_evidence_v2/unified_evidence_registry.csv
AUD20260828-0113,already_present_exact_id,outputs/zotero_tpp_literature_pilot_20260828/unified_evidence_v2/unified_evidence_registry.csv
AUD20260828-0114,already_present_exact_id,outputs/zotero_tpp_literature_pilot_20260828/unified_evidence_v2/unified_evidence_registry.csv
AUD20260828-0115,already_present_exact_id,outputs/zotero_tpp_literature_pilot_20260828/unified_evidence_v2/unified_evidence_registry.csv
AUD20260828-0116,already_present_exact_id,outputs/zotero_tpp_literature_pilot_20260828/unified_evidence_v2/unified_evidence_registry.csv
AUD20260828-0117,already_present_exact_id,outputs/zotero_tpp_literature_pilot_20260828/unified_evidence_v2/unified_evidence_registry.csv
AUD20260828-0118,already_present_exact_id,outputs/zotero_tpp_literature_pilot_20260828/unified_evidence_v2/unified_evidence_registry.csv
AUD20260828-0119,already_present_exact_id,outputs/zotero_tpp_literature_pilot_20260828/unified_evidence_v2/unified_evidence_registry.csv
AUD20260828-0120,already_present_exact_id,outputs/zotero_tpp_literature_pilot_20260828/unified_evidence_v2/unified_evidence_registry.csv
AUD20260828-0121,already_present_exact_id,outputs/zotero_tpp_literature_pilot_20260828/unified_evidence_v2/unified_evidence_registry.csv
AUD20260828-0122,already_present_exact_id,outputs/zotero_tpp_literature_pilot_20260828/unified_evidence_v2/unified_evidence_registry.csv
AUD20260828-0123,already_present_exact_id,outputs/zotero_tpp_literature_pilot_20260828/unified_evidence_v2/unified_evidence_registry.csv
AUD20260828-0124,already_present_exact_id,outputs/zotero_tpp_literature_pilot_20260828/unified_evidence_v2/unified_evidence_registry.csv
AUD20260828-0125,already_present_exact_id,outputs/zotero_tpp_literature_pilot_20260828/unified_evidence_v2/unified_evidence_registry.csv
AUD20260828-0126,already_present_exact_id,outputs/zotero_tpp_literature_pilot_20260828/unified_evidence_v2/unified_evidence_registry.csv
AUD20260828-0127,already_present_exact_id,outputs/zotero_tpp_literature_pilot_20260828/unified_evidence_v2/unified_evidence_registry.csv
AUD20260828-0128,already_present_exact_id,outputs/zotero_tpp_literature_pilot_20260828/unified_evidence_v2/unified_evidence_registry.csv
AUD20260828-0129,already_present_exact_id,outputs/zotero_tpp_literature_pilot_20260828/unified_evidence_v2/unified_evidence_registry.csv
AUD20260828-0130,already_present_exact_id,outputs/zotero_tpp_literature_pilot_20260828/unified_evidence_v2/unified_evidence_registry.csv
AUD20260828-0131,already_present_exact_id,outputs/zotero_tpp_literature_pilot_20260828/unified_evidence_v2/unified_evidence_registry.csv
AUD20260828-0132,already_present_exact_id,outputs/zotero_tpp_literature_pilot_20260828/unified_evidence_v2/unified_evidence_registry.csv
AUD20260828-0133,already_present_exact_id,outputs/zotero_tpp_literature_pilot_20260828/unified_evidence_v2/unified_evidence_registry.csv
AUD20260828-0134,already_present_exact_id,outputs/zotero_tpp_literature_pilot_20260828/unified_evidence_v2/unified_evidence_registry.csv
AUD20260828-0135,already_present_exact_id,outputs/zotero_tpp_literature_pilot_20260828/unified_evidence_v2/unified_evidence_registry.csv
AUD20260828-0136,already_present_exact_id,outputs/zotero_tpp_literature_pilot_20260828/unified_evidence_v2/unified_evidence_registry.csv
AUD20260828-0137,already_present_exact_id,outputs/zotero_tpp_literature_pilot_20260828/unified_evidence_v2/unified_evidence_registry.csv
AUD20260828-0138,already_present_exact_id,outputs/zotero_tpp_literature_pilot_20260828/unified_evidence_v2/unified_evidence_registry.csv
AUD20260828-0139,already_present_exact_id,outputs/zotero_tpp_literature_pilot_20260828/unified_evidence_v2/unified_evidence_registry.csv
AUD20260828-0140,already_present_exact_id,outputs/zotero_tpp_literature_pilot_20260828/unified_evidence_v2/unified_evidence_registry.csv
AUD20260828-0141,already_present_exact_id,outputs/zotero_tpp_literature_pilot_20260828/unified_evidence_v2/unified_evidence_registry.csv
AUD20260828-0142,already_present_exact_id,outputs/zotero_tpp_literature_pilot_20260828/unified_evidence_v2/unified_evidence_registry.csv
AUD20260828-0143,already_present_exact_id,outputs/zotero_tpp_literature_pilot_20260828/unified_evidence_v2/unified_evidence_registry.csv
AUD20260828-0144,already_present_exact_id,outputs/zotero_tpp_literature_pilot_20260828/unified_evidence_v2/unified_evidence_registry.csv
AUD20260828-0145,already_present_exact_id,outputs/zotero_tpp_literature_pilot_20260828/unified_evidence_v2/unified_evidence_registry.csv
AUD20260828-0146,already_present_exact_id,outputs/zotero_tpp_literature_pilot_20260828/unified_evidence_v2/unified_evidence_registry.csv
AUD20260828-0147,already_present_exact_id,outputs/zotero_tpp_literature_pilot_20260828/unified_evidence_v2/unified_evidence_registry.csv
AUD20260828-0148,already_present_exact_id,outputs/zotero_tpp_literature_pilot_20260828/unified_evidence_v2/unified_evidence_registry.csv
AUD20260828-0149,already_present_exact_id,outputs/zotero_tpp_literature_pilot_20260828/unified_evidence_v2/unified_evidence_registry.csv
AUD20260828-0150,already_present_exact_id,outputs/zotero_tpp_literature_pilot_20260828/unified_evidence_v2/unified_evidence_registry.csv
zotero_2SCTZD9L:isc_t1:10,already_present_exact_id,outputs/zotero_tpp_literature_pilot_20260828/unified_evidence_v2/unified_evidence_registry.csv
zotero_2SCTZD9L:isc_t1:11,already_present_exact_id,outputs/zotero_tpp_literature_pilot_20260828/unified_evidence_v2/unified_evidence_registry.csv
zotero_2SCTZD9L:isc_t1:6,already_present_exact_id,outputs/zotero_tpp_literature_pilot_20260828/unified_evidence_v2/unified_evidence_registry.csv
zotero_2SCTZD9L:isc_t1:9,already_present_exact_id,outputs/zotero_tpp_literature_pilot_20260828/unified_evidence_v2/unified_evidence_registry.csv
zotero_2SCTZD9L:mechanism:14,already_present_exact_id,outputs/zotero_tpp_literature_pilot_20260828/unified_evidence_v2/unified_evidence_registry.csv
zotero_2SCTZD9L:pi_loading:12,already_present_exact_id,outputs/zotero_tpp_literature_pilot_20260828/unified_evidence_v2/unified_evidence_registry.csv
zotero_2SCTZD9L:pi_loading:13,already_present_exact_id,outputs/zotero_tpp_literature_pilot_20260828/unified_evidence_v2/unified_evidence_registry.csv
zotero_2SCTZD9L:pi_loading:17,already_present_exact_id,outputs/zotero_tpp_literature_pilot_20260828/unified_evidence_v2/unified_evidence_registry.csv
zotero_2SCTZD9L:pi_loading:7,already_present_exact_id,outputs/zotero_tpp_literature_pilot_20260828/unified_evidence_v2/unified_evidence_registry.csv
zotero_2SCTZD9L:sigma2:1,already_present_exact_id,outputs/zotero_tpp_literature_pilot_20260828/unified_evidence_v2/unified_evidence_registry.csv
zotero_2SCTZD9L:sigma2:2,already_present_exact_id,outputs/zotero_tpp_literature_pilot_20260828/unified_evidence_v2/unified_evidence_registry.csv
zotero_2SCTZD9L:sigma2:3,already_present_exact_id,outputs/zotero_tpp_literature_pilot_20260828/unified_evidence_v2/unified_evidence_registry.csv
zotero_2SCTZD9L:sigma2:4,already_present_exact_id,outputs/zotero_tpp_literature_pilot_20260828/unified_evidence_v2/unified_evidence_registry.csv
zotero_2SCTZD9L:threshold:15,already_present_exact_id,outputs/zotero_tpp_literature_pilot_20260828/unified_evidence_v2/unified_evidence_registry.csv
zotero_2SCTZD9L:threshold:16,already_present_exact_id,outputs/zotero_tpp_literature_pilot_20260828/unified_evidence_v2/unified_evidence_registry.csv
zotero_2SCTZD9L:threshold:5,already_present_exact_id,outputs/zotero_tpp_literature_pilot_20260828/unified_evidence_v2/unified_evidence_registry.csv
zotero_2SCTZD9L:threshold:8,already_present_exact_id,outputs/zotero_tpp_literature_pilot_20260828/unified_evidence_v2/unified_evidence_registry.csv
zotero_2SCTZD9L:voxel_geometry:18,already_present_exact_id,outputs/zotero_tpp_literature_pilot_20260828/unified_evidence_v2/unified_evidence_registry.csv
zotero_2SCTZD9L:voxel_geometry:19,already_present_exact_id,outputs/zotero_tpp_literature_pilot_20260828/unified_evidence_v2/unified_evidence_registry.csv
zotero_3TYUTA6K:mechanism:7,already_present_exact_id,outputs/zotero_tpp_literature_pilot_20260828/unified_evidence_v2/unified_evidence_registry.csv
zotero_3TYUTA6K:pi_loading:6,already_present_exact_id,outputs/zotero_tpp_literature_pilot_20260828/unified_evidence_v2/unified_evidence_registry.csv
zotero_3TYUTA6K:pi_loading:9,already_present_exact_id,outputs/zotero_tpp_literature_pilot_20260828/unified_evidence_v2/unified_evidence_registry.csv
zotero_3TYUTA6K:sigma2:1,already_present_exact_id,outputs/zotero_tpp_literature_pilot_20260828/unified_evidence_v2/unified_evidence_registry.csv
zotero_3TYUTA6K:sigma2:2,already_present_exact_id,outputs/zotero_tpp_literature_pilot_20260828/unified_evidence_v2/unified_evidence_registry.csv
zotero_3TYUTA6K:sigma2:3,already_present_exact_id,outputs/zotero_tpp_literature_pilot_20260828/unified_evidence_v2/unified_evidence_registry.csv
zotero_3TYUTA6K:sigma2:4,already_present_exact_id,outputs/zotero_tpp_literature_pilot_20260828/unified_evidence_v2/unified_evidence_registry.csv
zotero_3TYUTA6K:threshold:5,already_present_exact_id,outputs/zotero_tpp_literature_pilot_20260828/unified_evidence_v2/unified_evidence_registry.csv
zotero_3TYUTA6K:threshold:8,already_present_exact_id,outputs/zotero_tpp_literature_pilot_20260828/unified_evidence_v2/unified_evidence_registry.csv
zotero_3UHK5MQX:isc_t1:8,already_present_exact_id,outputs/zotero_tpp_literature_pilot_20260828/unified_evidence_v2/unified_evidence_registry.csv
zotero_3UHK5MQX:isc_t1:9,already_present_exact_id,outputs/zotero_tpp_literature_pilot_20260828/unified_evidence_v2/unified_evidence_registry.csv
zotero_3UHK5MQX:mechanism:15,already_present_exact_id,outputs/zotero_tpp_literature_pilot_20260828/unified_evidence_v2/unified_evidence_registry.csv
zotero_3UHK5MQX:pi_loading:1,already_present_exact_id,outputs/zotero_tpp_literature_pilot_20260828/unified_evidence_v2/unified_evidence_registry.csv
zotero_3UHK5MQX:pi_loading:10,already_present_exact_id,outputs/zotero_tpp_literature_pilot_20260828/unified_evidence_v2/unified_evidence_registry.csv
zotero_3UHK5MQX:pi_loading:11,already_present_exact_id,outputs/zotero_tpp_literature_pilot_20260828/unified_evidence_v2/unified_evidence_registry.csv
zotero_3UHK5MQX:pi_loading:2,already_present_exact_id,outputs/zotero_tpp_literature_pilot_20260828/unified_evidence_v2/unified_evidence_registry.csv
zotero_3UHK5MQX:sigma2:13,already_present_exact_id,outputs/zotero_tpp_literature_pilot_20260828/unified_evidence_v2/unified_evidence_registry.csv
zotero_3UHK5MQX:sigma2:16,already_present_exact_id,outputs/zotero_tpp_literature_pilot_20260828/unified_evidence_v2/unified_evidence_registry.csv
zotero_3UHK5MQX:threshold:3,already_present_exact_id,outputs/zotero_tpp_literature_pilot_20260828/unified_evidence_v2/unified_evidence_registry.csv
zotero_3UHK5MQX:threshold:4,already_present_exact_id,outputs/zotero_tpp_literature_pilot_20260828/unified_evidence_v2/unified_evidence_registry.csv
zotero_3UHK5MQX:threshold:5,already_present_exact_id,outputs/zotero_tpp_literature_pilot_20260828/unified_evidence_v2/unified_evidence_registry.csv
zotero_3UHK5MQX:threshold:6,already_present_exact_id,outputs/zotero_tpp_literature_pilot_20260828/unified_evidence_v2/unified_evidence_registry.csv
zotero_3UHK5MQX:voxel_geometry:12,already_present_exact_id,outputs/zotero_tpp_literature_pilot_20260828/unified_evidence_v2/unified_evidence_registry.csv
zotero_3UHK5MQX:voxel_geometry:14,already_present_exact_id,outputs/zotero_tpp_literature_pilot_20260828/unified_evidence_v2/unified_evidence_registry.csv
zotero_3UHK5MQX:voxel_geometry:17,already_present_exact_id,outputs/zotero_tpp_literature_pilot_20260828/unified_evidence_v2/unified_evidence_registry.csv
zotero_3UHK5MQX:voxel_geometry:7,already_present_exact_id,outputs/zotero_tpp_literature_pilot_20260828/unified_evidence_v2/unified_evidence_registry.csv
zotero_4UUBRRGP:isc_t1:13,already_present_exact_id,outputs/zotero_tpp_literature_pilot_20260828/unified_evidence_v2/unified_evidence_registry.csv
zotero_4UUBRRGP:isc_t1:14,already_present_exact_id,outputs/zotero_tpp_literature_pilot_20260828/unified_evidence_v2/unified_evidence_registry.csv
zotero_4UUBRRGP:isc_t1:18,already_present_exact_id,outputs/zotero_tpp_literature_pilot_20260828/unified_evidence_v2/unified_evidence_registry.csv
zotero_4UUBRRGP:isc_t1:9,already_present_exact_id,outputs/zotero_tpp_literature_pilot_20260828/unified_evidence_v2/unified_evidence_registry.csv
zotero_4UUBRRGP:mechanism:11,already_present_exact_id,outputs/zotero_tpp_literature_pilot_20260828/unified_evidence_v2/unified_evidence_registry.csv
zotero_4UUBRRGP:mechanism:15,already_present_exact_id,outputs/zotero_tpp_literature_pilot_20260828/unified_evidence_v2/unified_evidence_registry.csv
zotero_4UUBRRGP:mechanism:17,already_present_exact_id,outputs/zotero_tpp_literature_pilot_20260828/unified_evidence_v2/unified_evidence_registry.csv
zotero_4UUBRRGP:pi_loading:1,already_present_exact_id,outputs/zotero_tpp_literature_pilot_20260828/unified_evidence_v2/unified_evidence_registry.csv
zotero_4UUBRRGP:pi_loading:19,already_present_exact_id,outputs/zotero_tpp_literature_pilot_20260828/unified_evidence_v2/unified_evidence_registry.csv
zotero_4UUBRRGP:pi_loading:20,already_present_exact_id,outputs/zotero_tpp_literature_pilot_20260828/unified_evidence_v2/unified_evidence_registry.csv
zotero_4UUBRRGP:sigma2:12,already_present_exact_id,outputs/zotero_tpp_literature_pilot_20260828/unified_evidence_v2/unified_evidence_registry.csv
zotero_4UUBRRGP:sigma2:2,already_present_exact_id,outputs/zotero_tpp_literature_pilot_20260828/unified_evidence_v2/unified_evidence_registry.csv
zotero_4UUBRRGP:sigma2:6,already_present_exact_id,outputs/zotero_tpp_literature_pilot_20260828/unified_evidence_v2/unified_evidence_registry.csv
zotero_4UUBRRGP:threshold:3,already_present_exact_id,outputs/zotero_tpp_literature_pilot_20260828/unified_evidence_v2/unified_evidence_registry.csv
zotero_4UUBRRGP:threshold:7,already_present_exact_id,outputs/zotero_tpp_literature_pilot_20260828/unified_evidence_v2/unified_evidence_registry.csv
zotero_4UUBRRGP:threshold:8,already_present_exact_id,outputs/zotero_tpp_literature_pilot_20260828/unified_evidence_v2/unified_evidence_registry.csv
zotero_4UUBRRGP:voxel_geometry:10,already_present_exact_id,outputs/zotero_tpp_literature_pilot_20260828/unified_evidence_v2/unified_evidence_registry.csv
zotero_4UUBRRGP:voxel_geometry:16,already_present_exact_id,outputs/zotero_tpp_literature_pilot_20260828/unified_evidence_v2/unified_evidence_registry.csv
zotero_4UUBRRGP:voxel_geometry:4,already_present_exact_id,outputs/zotero_tpp_literature_pilot_20260828/unified_evidence_v2/unified_evidence_registry.csv
zotero_4UUBRRGP:voxel_geometry:5,already_present_exact_id,outputs/zotero_tpp_literature_pilot_20260828/unified_evidence_v2/unified_evidence_registry.csv
zotero_5TV7FKVK:isc_t1:15,already_present_exact_id,outputs/zotero_tpp_literature_pilot_20260828/unified_evidence_v2/unified_evidence_registry.csv
zotero_5TV7FKVK:isc_t1:4,already_present_exact_id,outputs/zotero_tpp_literature_pilot_20260828/unified_evidence_v2/unified_evidence_registry.csv
zotero_5TV7FKVK:isc_t1:5,already_present_exact_id,outputs/zotero_tpp_literature_pilot_20260828/unified_evidence_v2/unified_evidence_registry.csv
zotero_5TV7FKVK:isc_t1:6,already_present_exact_id,outputs/zotero_tpp_literature_pilot_20260828/unified_evidence_v2/unified_evidence_registry.csv
zotero_5TV7FKVK:mechanism:16,already_present_exact_id,outputs/zotero_tpp_literature_pilot_20260828/unified_evidence_v2/unified_evidence_registry.csv
zotero_5TV7FKVK:mechanism:3,already_present_exact_id,outputs/zotero_tpp_literature_pilot_20260828/unified_evidence_v2/unified_evidence_registry.csv
zotero_5TV7FKVK:mechanism:7,already_present_exact_id,outputs/zotero_tpp_literature_pilot_20260828/unified_evidence_v2/unified_evidence_registry.csv
zotero_5TV7FKVK:pi_loading:9,already_present_exact_id,outputs/zotero_tpp_literature_pilot_20260828/unified_evidence_v2/unified_evidence_registry.csv
zotero_5TV7FKVK:sigma2:12,already_present_exact_id,outputs/zotero_tpp_literature_pilot_20260828/unified_evidence_v2/unified_evidence_registry.csv
zotero_5TV7FKVK:sigma2:8,already_present_exact_id,outputs/zotero_tpp_literature_pilot_20260828/unified_evidence_v2/unified_evidence_registry.csv
zotero_5TV7FKVK:threshold:10,already_present_exact_id,outputs/zotero_tpp_literature_pilot_20260828/unified_evidence_v2/unified_evidence_registry.csv
zotero_5TV7FKVK:threshold:11,already_present_exact_id,outputs/zotero_tpp_literature_pilot_20260828/unified_evidence_v2/unified_evidence_registry.csv
zotero_5TV7FKVK:threshold:13,already_present_exact_id,outputs/zotero_tpp_literature_pilot_20260828/unified_evidence_v2/unified_evidence_registry.csv
zotero_5TV7FKVK:threshold:14,already_present_exact_id,outputs/zotero_tpp_literature_pilot_20260828/unified_evidence_v2/unified_evidence_registry.csv
zotero_5TV7FKVK:voxel_geometry:1,already_present_exact_id,outputs/zotero_tpp_literature_pilot_20260828/unified_evidence_v2/unified_evidence_registry.csv
zotero_5TV7FKVK:voxel_geometry:2,already_present_exact_id,outputs/zotero_tpp_literature_pilot_20260828/unified_evidence_v2/unified_evidence_registry.csv
zotero_62KD2ECJ:mechanism:11,already_present_exact_id,outputs/zotero_tpp_literature_pilot_20260828/unified_evidence_v2/unified_evidence_registry.csv
zotero_62KD2ECJ:mechanism:7,already_present_exact_id,outputs/zotero_tpp_literature_pilot_20260828/unified_evidence_v2/unified_evidence_registry.csv
zotero_62KD2ECJ:mechanism:8,already_present_exact_id,outputs/zotero_tpp_literature_pilot_20260828/unified_evidence_v2/unified_evidence_registry.csv
zotero_62KD2ECJ:mechanism:9,already_present_exact_id,outputs/zotero_tpp_literature_pilot_20260828/unified_evidence_v2/unified_evidence_registry.csv
zotero_62KD2ECJ:sigma2:1,already_present_exact_id,outputs/zotero_tpp_literature_pilot_20260828/unified_evidence_v2/unified_evidence_registry.csv
zotero_62KD2ECJ:sigma2:2,already_present_exact_id,outputs/zotero_tpp_literature_pilot_20260828/unified_evidence_v2/unified_evidence_registry.csv
zotero_62KD2ECJ:sigma2:3,already_present_exact_id,outputs/zotero_tpp_literature_pilot_20260828/unified_evidence_v2/unified_evidence_registry.csv
zotero_62KD2ECJ:sigma2:4,already_present_exact_id,outputs/zotero_tpp_literature_pilot_20260828/unified_evidence_v2/unified_evidence_registry.csv
zotero_62KD2ECJ:threshold:10,already_present_exact_id,outputs/zotero_tpp_literature_pilot_20260828/unified_evidence_v2/unified_evidence_registry.csv
zotero_62KD2ECJ:threshold:12,already_present_exact_id,outputs/zotero_tpp_literature_pilot_20260828/unified_evidence_v2/unified_evidence_registry.csv
zotero_62KD2ECJ:threshold:5,already_present_exact_id,outputs/zotero_tpp_literature_pilot_20260828/unified_evidence_v2/unified_evidence_registry.csv
zotero_62KD2ECJ:threshold:6,already_present_exact_id,outputs/zotero_tpp_literature_pilot_20260828/unified_evidence_v2/unified_evidence_registry.csv
zotero_62KD2ECJ:voxel_geometry:13,already_present_exact_id,outputs/zotero_tpp_literature_pilot_20260828/unified_evidence_v2/unified_evidence_registry.csv
zotero_6ZQ3VP63:mechanism:11,already_present_exact_id,outputs/zotero_tpp_literature_pilot_20260828/unified_evidence_v2/unified_evidence_registry.csv
zotero_6ZQ3VP63:mechanism:12,already_present_exact_id,outputs/zotero_tpp_literature_pilot_20260828/unified_evidence_v2/unified_evidence_registry.csv
zotero_6ZQ3VP63:pi_loading:13,already_present_exact_id,outputs/zotero_tpp_literature_pilot_20260828/unified_evidence_v2/unified_evidence_registry.csv
zotero_6ZQ3VP63:pi_loading:8,already_present_exact_id,outputs/zotero_tpp_literature_pilot_20260828/unified_evidence_v2/unified_evidence_registry.csv
zotero_6ZQ3VP63:sigma2:1,already_present_exact_id,outputs/zotero_tpp_literature_pilot_20260828/unified_evidence_v2/unified_evidence_registry.csv
zotero_6ZQ3VP63:sigma2:2,already_present_exact_id,outputs/zotero_tpp_literature_pilot_20260828/unified_evidence_v2/unified_evidence_registry.csv
zotero_6ZQ3VP63:sigma2:3,already_present_exact_id,outputs/zotero_tpp_literature_pilot_20260828/unified_evidence_v2/unified_evidence_registry.csv
zotero_6ZQ3VP63:sigma2:7,already_present_exact_id,outputs/zotero_tpp_literature_pilot_20260828/unified_evidence_v2/unified_evidence_registry.csv
zotero_6ZQ3VP63:threshold:10,already_present_exact_id,outputs/zotero_tpp_literature_pilot_20260828/unified_evidence_v2/unified_evidence_registry.csv
zotero_6ZQ3VP63:threshold:4,already_present_exact_id,outputs/zotero_tpp_literature_pilot_20260828/unified_evidence_v2/unified_evidence_registry.csv
zotero_6ZQ3VP63:threshold:5,already_present_exact_id,outputs/zotero_tpp_literature_pilot_20260828/unified_evidence_v2/unified_evidence_registry.csv
zotero_6ZQ3VP63:threshold:9,already_present_exact_id,outputs/zotero_tpp_literature_pilot_20260828/unified_evidence_v2/unified_evidence_registry.csv
zotero_6ZQ3VP63:voxel_geometry:14,already_present_exact_id,outputs/zotero_tpp_literature_pilot_20260828/unified_evidence_v2/unified_evidence_registry.csv
zotero_6ZQ3VP63:voxel_geometry:6,already_present_exact_id,outputs/zotero_tpp_literature_pilot_20260828/unified_evidence_v2/unified_evidence_registry.csv
zotero_87BWABRN:isc_t1:11,already_present_exact_id,outputs/zotero_tpp_literature_pilot_20260828/unified_evidence_v2/unified_evidence_registry.csv
zotero_87BWABRN:isc_t1:13,already_present_exact_id,outputs/zotero_tpp_literature_pilot_20260828/unified_evidence_v2/unified_evidence_registry.csv
zotero_87BWABRN:mechanism:10,already_present_exact_id,outputs/zotero_tpp_literature_pilot_20260828/unified_evidence_v2/unified_evidence_registry.csv
zotero_87BWABRN:mechanism:12,already_present_exact_id,outputs/zotero_tpp_literature_pilot_20260828/unified_evidence_v2/unified_evidence_registry.csv
zotero_87BWABRN:mechanism:8,already_present_exact_id,outputs/zotero_tpp_literature_pilot_20260828/unified_evidence_v2/unified_evidence_registry.csv
zotero_87BWABRN:mechanism:9,already_present_exact_id,outputs/zotero_tpp_literature_pilot_20260828/unified_evidence_v2/unified_evidence_registry.csv
zotero_87BWABRN:pi_loading:14,already_present_exact_id,outputs/zotero_tpp_literature_pilot_20260828/unified_evidence_v2/unified_evidence_registry.csv
zotero_87BWABRN:pi_loading:7,already_present_exact_id,outputs/zotero_tpp_literature_pilot_20260828/unified_evidence_v2/unified_evidence_registry.csv
zotero_87BWABRN:sigma2:1,already_present_exact_id,outputs/zotero_tpp_literature_pilot_20260828/unified_evidence_v2/unified_evidence_registry.csv
zotero_87BWABRN:sigma2:2,already_present_exact_id,outputs/zotero_tpp_literature_pilot_20260828/unified_evidence_v2/unified_evidence_registry.csv
zotero_87BWABRN:sigma2:3,already_present_exact_id,outputs/zotero_tpp_literature_pilot_20260828/unified_evidence_v2/unified_evidence_registry.csv
zotero_87BWABRN:sigma2:4,already_present_exact_id,outputs/zotero_tpp_literature_pilot_20260828/unified_evidence_v2/unified_evidence_registry.csv
zotero_87BWABRN:threshold:5,already_present_exact_id,outputs/zotero_tpp_literature_pilot_20260828/unified_evidence_v2/unified_evidence_registry.csv
zotero_87BWABRN:voxel_geometry:15,already_present_exact_id,outputs/zotero_tpp_literature_pilot_20260828/unified_evidence_v2/unified_evidence_registry.csv
zotero_87BWABRN:voxel_geometry:6,already_present_exact_id,outputs/zotero_tpp_literature_pilot_20260828/unified_evidence_v2/unified_evidence_registry.csv
zotero_95TT3IKI:isc_t1:10,already_present_exact_id,outputs/zotero_tpp_literature_pilot_20260828/unified_evidence_v2/unified_evidence_registry.csv
zotero_95TT3IKI:isc_t1:16,already_present_exact_id,outputs/zotero_tpp_literature_pilot_20260828/unified_evidence_v2/unified_evidence_registry.csv
zotero_95TT3IKI:isc_t1:17,already_present_exact_id,outputs/zotero_tpp_literature_pilot_20260828/unified_evidence_v2/unified_evidence_registry.csv
zotero_95TT3IKI:mechanism:12,already_present_exact_id,outputs/zotero_tpp_literature_pilot_20260828/unified_evidence_v2/unified_evidence_registry.csv
zotero_95TT3IKI:mechanism:13,already_present_exact_id,outputs/zotero_tpp_literature_pilot_20260828/unified_evidence_v2/unified_evidence_registry.csv
zotero_95TT3IKI:mechanism:15,already_present_exact_id,outputs/zotero_tpp_literature_pilot_20260828/unified_evidence_v2/unified_evidence_registry.csv
zotero_95TT3IKI:mechanism:8,already_present_exact_id,outputs/zotero_tpp_literature_pilot_20260828/unified_evidence_v2/unified_evidence_registry.csv
zotero_95TT3IKI:sigma2:1,already_present_exact_id,outputs/zotero_tpp_literature_pilot_20260828/unified_evidence_v2/unified_evidence_registry.csv
zotero_95TT3IKI:sigma2:2,already_present_exact_id,outputs/zotero_tpp_literature_pilot_20260828/unified_evidence_v2/unified_evidence_registry.csv
zotero_95TT3IKI:sigma2:3,already_present_exact_id,outputs/zotero_tpp_literature_pilot_20260828/unified_evidence_v2/unified_evidence_registry.csv
zotero_95TT3IKI:sigma2:4,already_present_exact_id,outputs/zotero_tpp_literature_pilot_20260828/unified_evidence_v2/unified_evidence_registry.csv
zotero_95TT3IKI:threshold:14,already_present_exact_id,outputs/zotero_tpp_literature_pilot_20260828/unified_evidence_v2/unified_evidence_registry.csv
zotero_95TT3IKI:threshold:5,already_present_exact_id,outputs/zotero_tpp_literature_pilot_20260828/unified_evidence_v2/unified_evidence_registry.csv
zotero_95TT3IKI:threshold:6,already_present_exact_id,outputs/zotero_tpp_literature_pilot_20260828/unified_evidence_v2/unified_evidence_registry.csv
zotero_95TT3IKI:threshold:9,already_present_exact_id,outputs/zotero_tpp_literature_pilot_20260828/unified_evidence_v2/unified_evidence_registry.csv
zotero_95TT3IKI:voxel_geometry:11,already_present_exact_id,outputs/zotero_tpp_literature_pilot_20260828/unified_evidence_v2/unified_evidence_registry.csv
zotero_95TT3IKI:voxel_geometry:18,already_present_exact_id,outputs/zotero_tpp_literature_pilot_20260828/unified_evidence_v2/unified_evidence_registry.csv
zotero_95TT3IKI:voxel_geometry:19,already_present_exact_id,outputs/zotero_tpp_literature_pilot_20260828/unified_evidence_v2/unified_evidence_registry.csv
zotero_95TT3IKI:voxel_geometry:7,already_present_exact_id,outputs/zotero_tpp_literature_pilot_20260828/unified_evidence_v2/unified_evidence_registry.csv
zotero_A7T5Q7PK:mechanism:10,already_present_exact_id,outputs/zotero_tpp_literature_pilot_20260828/unified_evidence_v2/unified_evidence_registry.csv
zotero_A7T5Q7PK:mechanism:11,already_present_exact_id,outputs/zotero_tpp_literature_pilot_20260828/unified_evidence_v2/unified_evidence_registry.csv
zotero_A7T5Q7PK:mechanism:14,already_present_exact_id,outputs/zotero_tpp_literature_pilot_20260828/unified_evidence_v2/unified_evidence_registry.csv
zotero_A7T5Q7PK:mechanism:15,already_present_exact_id,outputs/zotero_tpp_literature_pilot_20260828/unified_evidence_v2/unified_evidence_registry.csv
zotero_A7T5Q7PK:pi_loading:5,already_present_exact_id,outputs/zotero_tpp_literature_pilot_20260828/unified_evidence_v2/unified_evidence_registry.csv
zotero_A7T5Q7PK:sigma2:1,already_present_exact_id,outputs/zotero_tpp_literature_pilot_20260828/unified_evidence_v2/unified_evidence_registry.csv
zotero_A7T5Q7PK:sigma2:12,already_present_exact_id,outputs/zotero_tpp_literature_pilot_20260828/unified_evidence_v2/unified_evidence_registry.csv
zotero_A7T5Q7PK:sigma2:13,already_present_exact_id,outputs/zotero_tpp_literature_pilot_20260828/unified_evidence_v2/unified_evidence_registry.csv
zotero_A7T5Q7PK:sigma2:8,already_present_exact_id,outputs/zotero_tpp_literature_pilot_20260828/unified_evidence_v2/unified_evidence_registry.csv
zotero_A7T5Q7PK:threshold:2,already_present_exact_id,outputs/zotero_tpp_literature_pilot_20260828/unified_evidence_v2/unified_evidence_registry.csv
zotero_A7T5Q7PK:threshold:3,already_present_exact_id,outputs/zotero_tpp_literature_pilot_20260828/unified_evidence_v2/unified_evidence_registry.csv
zotero_A7T5Q7PK:threshold:6,already_present_exact_id,outputs/zotero_tpp_literature_pilot_20260828/unified_evidence_v2/unified_evidence_registry.csv
zotero_A7T5Q7PK:threshold:9,already_present_exact_id,outputs/zotero_tpp_literature_pilot_20260828/unified_evidence_v2/unified_evidence_registry.csv
zotero_A7T5Q7PK:voxel_geometry:4,already_present_exact_id,outputs/zotero_tpp_literature_pilot_20260828/unified_evidence_v2/unified_evidence_registry.csv
zotero_A7T5Q7PK:voxel_geometry:7,already_present_exact_id,outputs/zotero_tpp_literature_pilot_20260828/unified_evidence_v2/unified_evidence_registry.csv
zotero_A8D94H4N:sigma2:10,already_present_exact_id,outputs/zotero_tpp_literature_pilot_20260828/unified_evidence_v2/unified_evidence_registry.csv
zotero_A8D94H4N:sigma2:11,already_present_exact_id,outputs/zotero_tpp_literature_pilot_20260828/unified_evidence_v2/unified_evidence_registry.csv
zotero_A8D94H4N:sigma2:2,already_present_exact_id,outputs/zotero_tpp_literature_pilot_20260828/unified_evidence_v2/unified_evidence_registry.csv
zotero_A8D94H4N:sigma2:3,already_present_exact_id,outputs/zotero_tpp_literature_pilot_20260828/unified_evidence_v2/unified_evidence_registry.csv
zotero_A8D94H4N:threshold:4,already_present_exact_id,outputs/zotero_tpp_literature_pilot_20260828/unified_evidence_v2/unified_evidence_registry.csv
zotero_A8D94H4N:threshold:5,already_present_exact_id,outputs/zotero_tpp_literature_pilot_20260828/unified_evidence_v2/unified_evidence_registry.csv
zotero_A8D94H4N:threshold:6,already_present_exact_id,outputs/zotero_tpp_literature_pilot_20260828/unified_evidence_v2/unified_evidence_registry.csv
zotero_A8D94H4N:threshold:7,already_present_exact_id,outputs/zotero_tpp_literature_pilot_20260828/unified_evidence_v2/unified_evidence_registry.csv
zotero_A8D94H4N:voxel_geometry:1,already_present_exact_id,outputs/zotero_tpp_literature_pilot_20260828/unified_evidence_v2/unified_evidence_registry.csv
zotero_A8D94H4N:voxel_geometry:12,already_present_exact_id,outputs/zotero_tpp_literature_pilot_20260828/unified_evidence_v2/unified_evidence_registry.csv
zotero_A8D94H4N:voxel_geometry:8,already_present_exact_id,outputs/zotero_tpp_literature_pilot_20260828/unified_evidence_v2/unified_evidence_registry.csv
zotero_A8D94H4N:voxel_geometry:9,already_present_exact_id,outputs/zotero_tpp_literature_pilot_20260828/unified_evidence_v2/unified_evidence_registry.csv
zotero_AU74BQZ6:isc_t1:1,already_present_exact_id,outputs/zotero_tpp_literature_pilot_20260828/unified_evidence_v2/unified_evidence_registry.csv
zotero_AU74BQZ6:isc_t1:19,already_present_exact_id,outputs/zotero_tpp_literature_pilot_20260828/unified_evidence_v2/unified_evidence_registry.csv
zotero_AU74BQZ6:mechanism:13,already_present_exact_id,outputs/zotero_tpp_literature_pilot_20260828/unified_evidence_v2/unified_evidence_registry.csv
zotero_AU74BQZ6:mechanism:2,already_present_exact_id,outputs/zotero_tpp_literature_pilot_20260828/unified_evidence_v2/unified_evidence_registry.csv
zotero_AU74BQZ6:mechanism:8,already_present_exact_id,outputs/zotero_tpp_literature_pilot_20260828/unified_evidence_v2/unified_evidence_registry.csv
zotero_AU74BQZ6:mechanism:9,already_present_exact_id,outputs/zotero_tpp_literature_pilot_20260828/unified_evidence_v2/unified_evidence_registry.csv
zotero_AU74BQZ6:pi_loading:10,already_present_exact_id,outputs/zotero_tpp_literature_pilot_20260828/unified_evidence_v2/unified_evidence_registry.csv
zotero_AU74BQZ6:pi_loading:15,already_present_exact_id,outputs/zotero_tpp_literature_pilot_20260828/unified_evidence_v2/unified_evidence_registry.csv
zotero_AU74BQZ6:sigma2:16,already_present_exact_id,outputs/zotero_tpp_literature_pilot_20260828/unified_evidence_v2/unified_evidence_registry.csv
zotero_AU74BQZ6:sigma2:17,already_present_exact_id,outputs/zotero_tpp_literature_pilot_20260828/unified_evidence_v2/unified_evidence_registry.csv
zotero_AU74BQZ6:sigma2:18,already_present_exact_id,outputs/zotero_tpp_literature_pilot_20260828/unified_evidence_v2/unified_evidence_registry.csv
zotero_AU74BQZ6:threshold:3,already_present_exact_id,outputs/zotero_tpp_literature_pilot_20260828/unified_evidence_v2/unified_evidence_registry.csv
zotero_AU74BQZ6:threshold:4,already_present_exact_id,outputs/zotero_tpp_literature_pilot_20260828/unified_evidence_v2/unified_evidence_registry.csv
zotero_AU74BQZ6:threshold:5,already_present_exact_id,outputs/zotero_tpp_literature_pilot_20260828/unified_evidence_v2/unified_evidence_registry.csv
zotero_AU74BQZ6:threshold:6,already_present_exact_id,outputs/zotero_tpp_literature_pilot_20260828/unified_evidence_v2/unified_evidence_registry.csv
zotero_AU74BQZ6:voxel_geometry:11,already_present_exact_id,outputs/zotero_tpp_literature_pilot_20260828/unified_evidence_v2/unified_evidence_registry.csv
zotero_AU74BQZ6:voxel_geometry:12,already_present_exact_id,outputs/zotero_tpp_literature_pilot_20260828/unified_evidence_v2/unified_evidence_registry.csv
zotero_AU74BQZ6:voxel_geometry:14,already_present_exact_id,outputs/zotero_tpp_literature_pilot_20260828/unified_evidence_v2/unified_evidence_registry.csv
zotero_AU74BQZ6:voxel_geometry:7,already_present_exact_id,outputs/zotero_tpp_literature_pilot_20260828/unified_evidence_v2/unified_evidence_registry.csv
zotero_B6B7CEZ3:isc_t1:3,already_present_exact_id,outputs/zotero_tpp_literature_pilot_20260828/unified_evidence_v2/unified_evidence_registry.csv
zotero_B6B7CEZ3:isc_t1:7,already_present_exact_id,outputs/zotero_tpp_literature_pilot_20260828/unified_evidence_v2/unified_evidence_registry.csv
zotero_B6B7CEZ3:isc_t1:8,already_present_exact_id,outputs/zotero_tpp_literature_pilot_20260828/unified_evidence_v2/unified_evidence_registry.csv
zotero_B6B7CEZ3:isc_t1:9,already_present_exact_id,outputs/zotero_tpp_literature_pilot_20260828/unified_evidence_v2/unified_evidence_registry.csv
zotero_B6B7CEZ3:mechanism:11,already_present_exact_id,outputs/zotero_tpp_literature_pilot_20260828/unified_evidence_v2/unified_evidence_registry.csv
zotero_B6B7CEZ3:mechanism:12,already_present_exact_id,outputs/zotero_tpp_literature_pilot_20260828/unified_evidence_v2/unified_evidence_registry.csv
zotero_B6B7CEZ3:mechanism:13,already_present_exact_id,outputs/zotero_tpp_literature_pilot_20260828/unified_evidence_v2/unified_evidence_registry.csv
zotero_B6B7CEZ3:mechanism:14,already_present_exact_id,outputs/zotero_tpp_literature_pilot_20260828/unified_evidence_v2/unified_evidence_registry.csv
zotero_B6B7CEZ3:pi_loading:17,already_present_exact_id,outputs/zotero_tpp_literature_pilot_20260828/unified_evidence_v2/unified_evidence_registry.csv
zotero_B6B7CEZ3:sigma2:1,already_present_exact_id,outputs/zotero_tpp_literature_pilot_20260828/unified_evidence_v2/unified_evidence_registry.csv
zotero_B6B7CEZ3:sigma2:15,already_present_exact_id,outputs/zotero_tpp_literature_pilot_20260828/unified_evidence_v2/unified_evidence_registry.csv
zotero_B6B7CEZ3:sigma2:16,already_present_exact_id,outputs/zotero_tpp_literature_pilot_20260828/unified_evidence_v2/unified_evidence_registry.csv
zotero_B6B7CEZ3:sigma2:6,already_present_exact_id,outputs/zotero_tpp_literature_pilot_20260828/unified_evidence_v2/unified_evidence_registry.csv
zotero_B6B7CEZ3:threshold:18,already_present_exact_id,outputs/zotero_tpp_literature_pilot_20260828/unified_evidence_v2/unified_evidence_registry.csv
zotero_B6B7CEZ3:threshold:19,already_present_exact_id,outputs/zotero_tpp_literature_pilot_20260828/unified_evidence_v2/unified_evidence_registry.csv
zotero_B6B7CEZ3:threshold:2,already_present_exact_id,outputs/zotero_tpp_literature_pilot_20260828/unified_evidence_v2/unified_evidence_registry.csv
zotero_B6B7CEZ3:threshold:20,already_present_exact_id,outputs/zotero_tpp_literature_pilot_20260828/unified_evidence_v2/unified_evidence_registry.csv
zotero_B6B7CEZ3:voxel_geometry:10,already_present_exact_id,outputs/zotero_tpp_literature_pilot_20260828/unified_evidence_v2/unified_evidence_registry.csv
zotero_B6B7CEZ3:voxel_geometry:21,already_present_exact_id,outputs/zotero_tpp_literature_pilot_20260828/unified_evidence_v2/unified_evidence_registry.csv
zotero_B6B7CEZ3:voxel_geometry:4,already_present_exact_id,outputs/zotero_tpp_literature_pilot_20260828/unified_evidence_v2/unified_evidence_registry.csv
zotero_B6B7CEZ3:voxel_geometry:5,already_present_exact_id,outputs/zotero_tpp_literature_pilot_20260828/unified_evidence_v2/unified_evidence_registry.csv
zotero_B6CWSYVW:isc_t1:4,already_present_exact_id,outputs/zotero_tpp_literature_pilot_20260828/unified_evidence_v2/unified_evidence_registry.csv
zotero_B6CWSYVW:mechanism:9,already_present_exact_id,outputs/zotero_tpp_literature_pilot_20260828/unified_evidence_v2/unified_evidence_registry.csv
zotero_B6CWSYVW:pi_loading:5,already_present_exact_id,outputs/zotero_tpp_literature_pilot_20260828/unified_evidence_v2/unified_evidence_registry.csv
zotero_B6CWSYVW:sigma2:1,already_present_exact_id,outputs/zotero_tpp_literature_pilot_20260828/unified_evidence_v2/unified_evidence_registry.csv
zotero_B6CWSYVW:threshold:2,already_present_exact_id,outputs/zotero_tpp_literature_pilot_20260828/unified_evidence_v2/unified_evidence_registry.csv
zotero_B6CWSYVW:threshold:6,already_present_exact_id,outputs/zotero_tpp_literature_pilot_20260828/unified_evidence_v2/unified_evidence_registry.csv
zotero_B6CWSYVW:threshold:7,already_present_exact_id,outputs/zotero_tpp_literature_pilot_20260828/unified_evidence_v2/unified_evidence_registry.csv
zotero_B6CWSYVW:voxel_geometry:3,already_present_exact_id,outputs/zotero_tpp_literature_pilot_20260828/unified_evidence_v2/unified_evidence_registry.csv
zotero_B6CWSYVW:voxel_geometry:8,already_present_exact_id,outputs/zotero_tpp_literature_pilot_20260828/unified_evidence_v2/unified_evidence_registry.csv
zotero_D3WL6CAT:isc_t1:2,already_present_exact_id,outputs/zotero_tpp_literature_pilot_20260828/unified_evidence_v2/unified_evidence_registry.csv
zotero_D3WL6CAT:mechanism:4,already_present_exact_id,outputs/zotero_tpp_literature_pilot_20260828/unified_evidence_v2/unified_evidence_registry.csv
zotero_D3WL6CAT:mechanism:5,already_present_exact_id,outputs/zotero_tpp_literature_pilot_20260828/unified_evidence_v2/unified_evidence_registry.csv
zotero_D3WL6CAT:mechanism:7,already_present_exact_id,outputs/zotero_tpp_literature_pilot_20260828/unified_evidence_v2/unified_evidence_registry.csv
zotero_D3WL6CAT:sigma2:1,already_present_exact_id,outputs/zotero_tpp_literature_pilot_20260828/unified_evidence_v2/unified_evidence_registry.csv
zotero_D3WL6CAT:voxel_geometry:3,already_present_exact_id,outputs/zotero_tpp_literature_pilot_20260828/unified_evidence_v2/unified_evidence_registry.csv
zotero_D3WL6CAT:voxel_geometry:6,already_present_exact_id,outputs/zotero_tpp_literature_pilot_20260828/unified_evidence_v2/unified_evidence_registry.csv
zotero_D47BE9ZL:threshold:3,already_present_exact_id,outputs/zotero_tpp_literature_pilot_20260828/unified_evidence_v2/unified_evidence_registry.csv
zotero_D47BE9ZL:threshold:4,already_present_exact_id,outputs/zotero_tpp_literature_pilot_20260828/unified_evidence_v2/unified_evidence_registry.csv
zotero_D47BE9ZL:threshold:5,already_present_exact_id,outputs/zotero_tpp_literature_pilot_20260828/unified_evidence_v2/unified_evidence_registry.csv
zotero_D47BE9ZL:threshold:6,already_present_exact_id,outputs/zotero_tpp_literature_pilot_20260828/unified_evidence_v2/unified_evidence_registry.csv
zotero_D47BE9ZL:voxel_geometry:1,already_present_exact_id,outputs/zotero_tpp_literature_pilot_20260828/unified_evidence_v2/unified_evidence_registry.csv
zotero_D47BE9ZL:voxel_geometry:2,already_present_exact_id,outputs/zotero_tpp_literature_pilot_20260828/unified_evidence_v2/unified_evidence_registry.csv
zotero_D47BE9ZL:voxel_geometry:7,already_present_exact_id,outputs/zotero_tpp_literature_pilot_20260828/unified_evidence_v2/unified_evidence_registry.csv
zotero_D47BE9ZL:voxel_geometry:8,already_present_exact_id,outputs/zotero_tpp_literature_pilot_20260828/unified_evidence_v2/unified_evidence_registry.csv
zotero_D6JVVDG4:isc_t1:11,already_present_exact_id,outputs/zotero_tpp_literature_pilot_20260828/unified_evidence_v2/unified_evidence_registry.csv
zotero_D6JVVDG4:isc_t1:12,already_present_exact_id,outputs/zotero_tpp_literature_pilot_20260828/unified_evidence_v2/unified_evidence_registry.csv
zotero_D6JVVDG4:isc_t1:13,already_present_exact_id,outputs/zotero_tpp_literature_pilot_20260828/unified_evidence_v2/unified_evidence_registry.csv
zotero_D6JVVDG4:isc_t1:14,already_present_exact_id,outputs/zotero_tpp_literature_pilot_20260828/unified_evidence_v2/unified_evidence_registry.csv
zotero_D6JVVDG4:mechanism:1,already_present_exact_id,outputs/zotero_tpp_literature_pilot_20260828/unified_evidence_v2/unified_evidence_registry.csv
zotero_D6JVVDG4:mechanism:2,already_present_exact_id,outputs/zotero_tpp_literature_pilot_20260828/unified_evidence_v2/unified_evidence_registry.csv
zotero_D6JVVDG4:mechanism:3,already_present_exact_id,outputs/zotero_tpp_literature_pilot_20260828/unified_evidence_v2/unified_evidence_registry.csv
zotero_D6JVVDG4:mechanism:8,already_present_exact_id,outputs/zotero_tpp_literature_pilot_20260828/unified_evidence_v2/unified_evidence_registry.csv
zotero_D6JVVDG4:sigma2:4,already_present_exact_id,outputs/zotero_tpp_literature_pilot_20260828/unified_evidence_v2/unified_evidence_registry.csv
zotero_D6JVVDG4:sigma2:5,already_present_exact_id,outputs/zotero_tpp_literature_pilot_20260828/unified_evidence_v2/unified_evidence_registry.csv
zotero_D6JVVDG4:sigma2:6,already_present_exact_id,outputs/zotero_tpp_literature_pilot_20260828/unified_evidence_v2/unified_evidence_registry.csv
zotero_D6JVVDG4:sigma2:9,already_present_exact_id,outputs/zotero_tpp_literature_pilot_20260828/unified_evidence_v2/unified_evidence_registry.csv
zotero_D6JVVDG4:threshold:10,already_present_exact_id,outputs/zotero_tpp_literature_pilot_20260828/unified_evidence_v2/unified_evidence_registry.csv
zotero_D6JVVDG4:threshold:15,already_present_exact_id,outputs/zotero_tpp_literature_pilot_20260828/unified_evidence_v2/unified_evidence_registry.csv
zotero_D6JVVDG4:threshold:16,already_present_exact_id,outputs/zotero_tpp_literature_pilot_20260828/unified_evidence_v2/unified_evidence_registry.csv
zotero_D6JVVDG4:threshold:7,already_present_exact_id,outputs/zotero_tpp_literature_pilot_20260828/unified_evidence_v2/unified_evidence_registry.csv
zotero_DV89B7W8:isc_t1:4,already_present_exact_id,outputs/zotero_tpp_literature_pilot_20260828/unified_evidence_v2/unified_evidence_registry.csv
zotero_DV89B7W8:pi_loading:11,already_present_exact_id,outputs/zotero_tpp_literature_pilot_20260828/unified_evidence_v2/unified_evidence_registry.csv
zotero_DV89B7W8:pi_loading:3,already_present_exact_id,outputs/zotero_tpp_literature_pilot_20260828/unified_evidence_v2/unified_evidence_registry.csv
zotero_DV89B7W8:pi_loading:6,already_present_exact_id,outputs/zotero_tpp_literature_pilot_20260828/unified_evidence_v2/unified_evidence_registry.csv
zotero_DV89B7W8:pi_loading:7,already_present_exact_id,outputs/zotero_tpp_literature_pilot_20260828/unified_evidence_v2/unified_evidence_registry.csv
zotero_DV89B7W8:sigma2:1,already_present_exact_id,outputs/zotero_tpp_literature_pilot_20260828/unified_evidence_v2/unified_evidence_registry.csv
zotero_DV89B7W8:sigma2:10,already_present_exact_id,outputs/zotero_tpp_literature_pilot_20260828/unified_evidence_v2/unified_evidence_registry.csv
zotero_DV89B7W8:sigma2:12,already_present_exact_id,outputs/zotero_tpp_literature_pilot_20260828/unified_evidence_v2/unified_evidence_registry.csv
zotero_DV89B7W8:sigma2:5,already_present_exact_id,outputs/zotero_tpp_literature_pilot_20260828/unified_evidence_v2/unified_evidence_registry.csv
zotero_DV89B7W8:threshold:13,already_present_exact_id,outputs/zotero_tpp_literature_pilot_20260828/unified_evidence_v2/unified_evidence_registry.csv
zotero_DV89B7W8:threshold:14,already_present_exact_id,outputs/zotero_tpp_literature_pilot_20260828/unified_evidence_v2/unified_evidence_registry.csv
zotero_DV89B7W8:threshold:8,already_present_exact_id,outputs/zotero_tpp_literature_pilot_20260828/unified_evidence_v2/unified_evidence_registry.csv
zotero_DV89B7W8:threshold:9,already_present_exact_id,outputs/zotero_tpp_literature_pilot_20260828/unified_evidence_v2/unified_evidence_registry.csv
zotero_DV89B7W8:voxel_geometry:15,already_present_exact_id,outputs/zotero_tpp_literature_pilot_20260828/unified_evidence_v2/unified_evidence_registry.csv
zotero_DV89B7W8:voxel_geometry:16,already_present_exact_id,outputs/zotero_tpp_literature_pilot_20260828/unified_evidence_v2/unified_evidence_registry.csv
zotero_DV89B7W8:voxel_geometry:2,already_present_exact_id,outputs/zotero_tpp_literature_pilot_20260828/unified_evidence_v2/unified_evidence_registry.csv
zotero_G6JRPM8H:isc_t1:10,already_present_exact_id,outputs/zotero_tpp_literature_pilot_20260828/unified_evidence_v2/unified_evidence_registry.csv
zotero_G6JRPM8H:isc_t1:2,already_present_exact_id,outputs/zotero_tpp_literature_pilot_20260828/unified_evidence_v2/unified_evidence_registry.csv
zotero_G6JRPM8H:isc_t1:8,already_present_exact_id,outputs/zotero_tpp_literature_pilot_20260828/unified_evidence_v2/unified_evidence_registry.csv
zotero_G6JRPM8H:isc_t1:9,already_present_exact_id,outputs/zotero_tpp_literature_pilot_20260828/unified_evidence_v2/unified_evidence_registry.csv
zotero_G6JRPM8H:mechanism:12,already_present_exact_id,outputs/zotero_tpp_literature_pilot_20260828/unified_evidence_v2/unified_evidence_registry.csv
zotero_G6JRPM8H:mechanism:4,already_present_exact_id,outputs/zotero_tpp_literature_pilot_20260828/unified_evidence_v2/unified_evidence_registry.csv
zotero_G6JRPM8H:mechanism:5,already_present_exact_id,outputs/zotero_tpp_literature_pilot_20260828/unified_evidence_v2/unified_evidence_registry.csv
zotero_G6JRPM8H:mechanism:6,already_present_exact_id,outputs/zotero_tpp_literature_pilot_20260828/unified_evidence_v2/unified_evidence_registry.csv
zotero_G6JRPM8H:pi_loading:13,already_present_exact_id,outputs/zotero_tpp_literature_pilot_20260828/unified_evidence_v2/unified_evidence_registry.csv
zotero_G6JRPM8H:sigma2:1,already_present_exact_id,outputs/zotero_tpp_literature_pilot_20260828/unified_evidence_v2/unified_evidence_registry.csv
zotero_G6JRPM8H:sigma2:7,already_present_exact_id,outputs/zotero_tpp_literature_pilot_20260828/unified_evidence_v2/unified_evidence_registry.csv
zotero_G6JRPM8H:threshold:14,already_present_exact_id,outputs/zotero_tpp_literature_pilot_20260828/unified_evidence_v2/unified_evidence_registry.csv
zotero_G6JRPM8H:threshold:15,already_present_exact_id,outputs/zotero_tpp_literature_pilot_20260828/unified_evidence_v2/unified_evidence_registry.csv
zotero_G6JRPM8H:threshold:16,already_present_exact_id,outputs/zotero_tpp_literature_pilot_20260828/unified_evidence_v2/unified_evidence_registry.csv
zotero_G6JRPM8H:voxel_geometry:11,already_present_exact_id,outputs/zotero_tpp_literature_pilot_20260828/unified_evidence_v2/unified_evidence_registry.csv
zotero_G6JRPM8H:voxel_geometry:3,already_present_exact_id,outputs/zotero_tpp_literature_pilot_20260828/unified_evidence_v2/unified_evidence_registry.csv
zotero_GAG9RQRT:mechanism:15,already_present_exact_id,outputs/zotero_tpp_literature_pilot_20260828/unified_evidence_v2/unified_evidence_registry.csv
zotero_GAG9RQRT:pi_loading:11,already_present_exact_id,outputs/zotero_tpp_literature_pilot_20260828/unified_evidence_v2/unified_evidence_registry.csv
zotero_GAG9RQRT:pi_loading:6,already_present_exact_id,outputs/zotero_tpp_literature_pilot_20260828/unified_evidence_v2/unified_evidence_registry.csv
zotero_GAG9RQRT:pi_loading:8,already_present_exact_id,outputs/zotero_tpp_literature_pilot_20260828/unified_evidence_v2/unified_evidence_registry.csv
zotero_GAG9RQRT:sigma2:1,already_present_exact_id,outputs/zotero_tpp_literature_pilot_20260828/unified_evidence_v2/unified_evidence_registry.csv
zotero_GAG9RQRT:sigma2:2,already_present_exact_id,outputs/zotero_tpp_literature_pilot_20260828/unified_evidence_v2/unified_evidence_registry.csv
zotero_GAG9RQRT:sigma2:4,already_present_exact_id,outputs/zotero_tpp_literature_pilot_20260828/unified_evidence_v2/unified_evidence_registry.csv
zotero_GAG9RQRT:sigma2:5,already_present_exact_id,outputs/zotero_tpp_literature_pilot_20260828/unified_evidence_v2/unified_evidence_registry.csv
zotero_GAG9RQRT:threshold:10,already_present_exact_id,outputs/zotero_tpp_literature_pilot_20260828/unified_evidence_v2/unified_evidence_registry.csv
zotero_GAG9RQRT:threshold:12,already_present_exact_id,outputs/zotero_tpp_literature_pilot_20260828/unified_evidence_v2/unified_evidence_registry.csv
zotero_GAG9RQRT:threshold:7,already_present_exact_id,outputs/zotero_tpp_literature_pilot_20260828/unified_evidence_v2/unified_evidence_registry.csv
zotero_GAG9RQRT:threshold:9,already_present_exact_id,outputs/zotero_tpp_literature_pilot_20260828/unified_evidence_v2/unified_evidence_registry.csv
zotero_GAG9RQRT:voxel_geometry:13,already_present_exact_id,outputs/zotero_tpp_literature_pilot_20260828/unified_evidence_v2/unified_evidence_registry.csv
zotero_GAG9RQRT:voxel_geometry:14,already_present_exact_id,outputs/zotero_tpp_literature_pilot_20260828/unified_evidence_v2/unified_evidence_registry.csv
zotero_GAG9RQRT:voxel_geometry:3,already_present_exact_id,outputs/zotero_tpp_literature_pilot_20260828/unified_evidence_v2/unified_evidence_registry.csv
zotero_H5G5DD8B:isc_t1:10,already_present_exact_id,outputs/zotero_tpp_literature_pilot_20260828/unified_evidence_v2/unified_evidence_registry.csv
zotero_H5G5DD8B:isc_t1:11,already_present_exact_id,outputs/zotero_tpp_literature_pilot_20260828/unified_evidence_v2/unified_evidence_registry.csv
zotero_H5G5DD8B:isc_t1:18,already_present_exact_id,outputs/zotero_tpp_literature_pilot_20260828/unified_evidence_v2/unified_evidence_registry.csv
zotero_H5G5DD8B:isc_t1:3,already_present_exact_id,outputs/zotero_tpp_literature_pilot_20260828/unified_evidence_v2/unified_evidence_registry.csv
zotero_H5G5DD8B:mechanism:13,already_present_exact_id,outputs/zotero_tpp_literature_pilot_20260828/unified_evidence_v2/unified_evidence_registry.csv
zotero_H5G5DD8B:mechanism:19,already_present_exact_id,outputs/zotero_tpp_literature_pilot_20260828/unified_evidence_v2/unified_evidence_registry.csv
zotero_H5G5DD8B:mechanism:20,already_present_exact_id,outputs/zotero_tpp_literature_pilot_20260828/unified_evidence_v2/unified_evidence_registry.csv
zotero_H5G5DD8B:pi_loading:15,already_present_exact_id,outputs/zotero_tpp_literature_pilot_20260828/unified_evidence_v2/unified_evidence_registry.csv
zotero_H5G5DD8B:pi_loading:17,already_present_exact_id,outputs/zotero_tpp_literature_pilot_20260828/unified_evidence_v2/unified_evidence_registry.csv
zotero_H5G5DD8B:sigma2:14,already_present_exact_id,outputs/zotero_tpp_literature_pilot_20260828/unified_evidence_v2/unified_evidence_registry.csv
zotero_H5G5DD8B:sigma2:6,already_present_exact_id,outputs/zotero_tpp_literature_pilot_20260828/unified_evidence_v2/unified_evidence_registry.csv
zotero_H5G5DD8B:sigma2:7,already_present_exact_id,outputs/zotero_tpp_literature_pilot_20260828/unified_evidence_v2/unified_evidence_registry.csv
zotero_H5G5DD8B:sigma2:8,already_present_exact_id,outputs/zotero_tpp_literature_pilot_20260828/unified_evidence_v2/unified_evidence_registry.csv
zotero_H5G5DD8B:threshold:1,already_present_exact_id,outputs/zotero_tpp_literature_pilot_20260828/unified_evidence_v2/unified_evidence_registry.csv
zotero_H5G5DD8B:threshold:16,already_present_exact_id,outputs/zotero_tpp_literature_pilot_20260828/unified_evidence_v2/unified_evidence_registry.csv
zotero_H5G5DD8B:threshold:2,already_present_exact_id,outputs/zotero_tpp_literature_pilot_20260828/unified_evidence_v2/unified_evidence_registry.csv
zotero_H5G5DD8B:threshold:9,already_present_exact_id,outputs/zotero_tpp_literature_pilot_20260828/unified_evidence_v2/unified_evidence_registry.csv
zotero_H5G5DD8B:voxel_geometry:12,already_present_exact_id,outputs/zotero_tpp_literature_pilot_20260828/unified_evidence_v2/unified_evidence_registry.csv
zotero_H5G5DD8B:voxel_geometry:4,already_present_exact_id,outputs/zotero_tpp_literature_pilot_20260828/unified_evidence_v2/unified_evidence_registry.csv
zotero_H5G5DD8B:voxel_geometry:5,already_present_exact_id,outputs/zotero_tpp_literature_pilot_20260828/unified_evidence_v2/unified_evidence_registry.csv
zotero_H86SV53N:pi_loading:4,already_present_exact_id,outputs/zotero_tpp_literature_pilot_20260828/unified_evidence_v2/unified_evidence_registry.csv
zotero_H86SV53N:threshold:2,already_present_exact_id,outputs/zotero_tpp_literature_pilot_20260828/unified_evidence_v2/unified_evidence_registry.csv
zotero_H86SV53N:voxel_geometry:1,already_present_exact_id,outputs/zotero_tpp_literature_pilot_20260828/unified_evidence_v2/unified_evidence_registry.csv
zotero_H86SV53N:voxel_geometry:3,already_present_exact_id,outputs/zotero_tpp_literature_pilot_20260828/unified_evidence_v2/unified_evidence_registry.csv
zotero_IMCYIYET:isc_t1:11,already_present_exact_id,outputs/zotero_tpp_literature_pilot_20260828/unified_evidence_v2/unified_evidence_registry.csv
zotero_IMCYIYET:isc_t1:12,already_present_exact_id,outputs/zotero_tpp_literature_pilot_20260828/unified_evidence_v2/unified_evidence_registry.csv
zotero_IMCYIYET:isc_t1:13,already_present_exact_id,outputs/zotero_tpp_literature_pilot_20260828/unified_evidence_v2/unified_evidence_registry.csv
zotero_IMCYIYET:isc_t1:14,already_present_exact_id,outputs/zotero_tpp_literature_pilot_20260828/unified_evidence_v2/unified_evidence_registry.csv
zotero_IMCYIYET:mechanism:2,already_present_exact_id,outputs/zotero_tpp_literature_pilot_20260828/unified_evidence_v2/unified_evidence_registry.csv
zotero_IMCYIYET:mechanism:3,already_present_exact_id,outputs/zotero_tpp_literature_pilot_20260828/unified_evidence_v2/unified_evidence_registry.csv
zotero_IMCYIYET:mechanism:8,already_present_exact_id,outputs/zotero_tpp_literature_pilot_20260828/unified_evidence_v2/unified_evidence_registry.csv
zotero_IMCYIYET:mechanism:9,already_present_exact_id,outputs/zotero_tpp_literature_pilot_20260828/unified_evidence_v2/unified_evidence_registry.csv
zotero_IMCYIYET:sigma2:1,already_present_exact_id,outputs/zotero_tpp_literature_pilot_20260828/unified_evidence_v2/unified_evidence_registry.csv
zotero_IMCYIYET:sigma2:4,already_present_exact_id,outputs/zotero_tpp_literature_pilot_20260828/unified_evidence_v2/unified_evidence_registry.csv
zotero_IMCYIYET:sigma2:5,already_present_exact_id,outputs/zotero_tpp_literature_pilot_20260828/unified_evidence_v2/unified_evidence_registry.csv
zotero_IMCYIYET:sigma2:6,already_present_exact_id,outputs/zotero_tpp_literature_pilot_20260828/unified_evidence_v2/unified_evidence_registry.csv
zotero_IMCYIYET:threshold:10,already_present_exact_id,outputs/zotero_tpp_literature_pilot_20260828/unified_evidence_v2/unified_evidence_registry.csv
zotero_IMCYIYET:threshold:15,already_present_exact_id,outputs/zotero_tpp_literature_pilot_20260828/unified_evidence_v2/unified_evidence_registry.csv
zotero_IMCYIYET:threshold:16,already_present_exact_id,outputs/zotero_tpp_literature_pilot_20260828/unified_evidence_v2/unified_evidence_registry.csv
zotero_IMCYIYET:threshold:7,already_present_exact_id,outputs/zotero_tpp_literature_pilot_20260828/unified_evidence_v2/unified_evidence_registry.csv
zotero_INAWB8HL:mechanism:15,already_present_exact_id,outputs/zotero_tpp_literature_pilot_20260828/unified_evidence_v2/unified_evidence_registry.csv
zotero_INAWB8HL:mechanism:17,already_present_exact_id,outputs/zotero_tpp_literature_pilot_20260828/unified_evidence_v2/unified_evidence_registry.csv
zotero_INAWB8HL:mechanism:18,already_present_exact_id,outputs/zotero_tpp_literature_pilot_20260828/unified_evidence_v2/unified_evidence_registry.csv
zotero_INAWB8HL:mechanism:19,already_present_exact_id,outputs/zotero_tpp_literature_pilot_20260828/unified_evidence_v2/unified_evidence_registry.csv
zotero_INAWB8HL:pi_loading:10,already_present_exact_id,outputs/zotero_tpp_literature_pilot_20260828/unified_evidence_v2/unified_evidence_registry.csv
zotero_INAWB8HL:pi_loading:11,already_present_exact_id,outputs/zotero_tpp_literature_pilot_20260828/unified_evidence_v2/unified_evidence_registry.csv
zotero_INAWB8HL:pi_loading:4,already_present_exact_id,outputs/zotero_tpp_literature_pilot_20260828/unified_evidence_v2/unified_evidence_registry.csv
zotero_INAWB8HL:pi_loading:5,already_present_exact_id,outputs/zotero_tpp_literature_pilot_20260828/unified_evidence_v2/unified_evidence_registry.csv
zotero_INAWB8HL:sigma2:1,already_present_exact_id,outputs/zotero_tpp_literature_pilot_20260828/unified_evidence_v2/unified_evidence_registry.csv
zotero_INAWB8HL:sigma2:2,already_present_exact_id,outputs/zotero_tpp_literature_pilot_20260828/unified_evidence_v2/unified_evidence_registry.csv
zotero_INAWB8HL:sigma2:20,already_present_exact_id,outputs/zotero_tpp_literature_pilot_20260828/unified_evidence_v2/unified_evidence_registry.csv
zotero_INAWB8HL:sigma2:3,already_present_exact_id,outputs/zotero_tpp_literature_pilot_20260828/unified_evidence_v2/unified_evidence_registry.csv
zotero_INAWB8HL:threshold:12,already_present_exact_id,outputs/zotero_tpp_literature_pilot_20260828/unified_evidence_v2/unified_evidence_registry.csv
zotero_INAWB8HL:threshold:13,already_present_exact_id,outputs/zotero_tpp_literature_pilot_20260828/unified_evidence_v2/unified_evidence_registry.csv
zotero_INAWB8HL:threshold:6,already_present_exact_id,outputs/zotero_tpp_literature_pilot_20260828/unified_evidence_v2/unified_evidence_registry.csv
zotero_INAWB8HL:threshold:7,already_present_exact_id,outputs/zotero_tpp_literature_pilot_20260828/unified_evidence_v2/unified_evidence_registry.csv
zotero_INAWB8HL:voxel_geometry:14,already_present_exact_id,outputs/zotero_tpp_literature_pilot_20260828/unified_evidence_v2/unified_evidence_registry.csv
zotero_INAWB8HL:voxel_geometry:16,already_present_exact_id,outputs/zotero_tpp_literature_pilot_20260828/unified_evidence_v2/unified_evidence_registry.csv
zotero_INAWB8HL:voxel_geometry:8,already_present_exact_id,outputs/zotero_tpp_literature_pilot_20260828/unified_evidence_v2/unified_evidence_registry.csv
zotero_INAWB8HL:voxel_geometry:9,already_present_exact_id,outputs/zotero_tpp_literature_pilot_20260828/unified_evidence_v2/unified_evidence_registry.csv
zotero_IYEGSI2X:pi_loading:3,already_present_exact_id,outputs/zotero_tpp_literature_pilot_20260828/unified_evidence_v2/unified_evidence_registry.csv
zotero_IYEGSI2X:pi_loading:4,already_present_exact_id,outputs/zotero_tpp_literature_pilot_20260828/unified_evidence_v2/unified_evidence_registry.csv
zotero_IYEGSI2X:pi_loading:5,already_present_exact_id,outputs/zotero_tpp_literature_pilot_20260828/unified_evidence_v2/unified_evidence_registry.csv
zotero_IYEGSI2X:sigma2:1,already_present_exact_id,outputs/zotero_tpp_literature_pilot_20260828/unified_evidence_v2/unified_evidence_registry.csv
zotero_IYEGSI2X:voxel_geometry:2,already_present_exact_id,outputs/zotero_tpp_literature_pilot_20260828/unified_evidence_v2/unified_evidence_registry.csv
zotero_IYEGSI2X:voxel_geometry:6,already_present_exact_id,outputs/zotero_tpp_literature_pilot_20260828/unified_evidence_v2/unified_evidence_registry.csv
zotero_KGWA2AJ6:isc_t1:7,already_present_exact_id,outputs/zotero_tpp_literature_pilot_20260828/unified_evidence_v2/unified_evidence_registry.csv
zotero_KGWA2AJ6:isc_t1:8,already_present_exact_id,outputs/zotero_tpp_literature_pilot_20260828/unified_evidence_v2/unified_evidence_registry.csv
zotero_KGWA2AJ6:sigma2:1,already_present_exact_id,outputs/zotero_tpp_literature_pilot_20260828/unified_evidence_v2/unified_evidence_registry.csv
zotero_KGWA2AJ6:sigma2:2,already_present_exact_id,outputs/zotero_tpp_literature_pilot_20260828/unified_evidence_v2/unified_evidence_registry.csv
zotero_KGWA2AJ6:sigma2:3,already_present_exact_id,outputs/zotero_tpp_literature_pilot_20260828/unified_evidence_v2/unified_evidence_registry.csv
zotero_KGWA2AJ6:sigma2:4,already_present_exact_id,outputs/zotero_tpp_literature_pilot_20260828/unified_evidence_v2/unified_evidence_registry.csv
zotero_KGWA2AJ6:threshold:5,already_present_exact_id,outputs/zotero_tpp_literature_pilot_20260828/unified_evidence_v2/unified_evidence_registry.csv
zotero_KGWA2AJ6:threshold:6,already_present_exact_id,outputs/zotero_tpp_literature_pilot_20260828/unified_evidence_v2/unified_evidence_registry.csv
zotero_LF43QEJD:pi_loading:1,already_present_exact_id,outputs/zotero_tpp_literature_pilot_20260828/unified_evidence_v2/unified_evidence_registry.csv
zotero_LF43QEJD:pi_loading:10,already_present_exact_id,outputs/zotero_tpp_literature_pilot_20260828/unified_evidence_v2/unified_evidence_registry.csv
zotero_LF43QEJD:pi_loading:2,already_present_exact_id,outputs/zotero_tpp_literature_pilot_20260828/unified_evidence_v2/unified_evidence_registry.csv
zotero_LF43QEJD:pi_loading:8,already_present_exact_id,outputs/zotero_tpp_literature_pilot_20260828/unified_evidence_v2/unified_evidence_registry.csv
zotero_LF43QEJD:sigma2:7,already_present_exact_id,outputs/zotero_tpp_literature_pilot_20260828/unified_evidence_v2/unified_evidence_registry.csv
zotero_LF43QEJD:threshold:3,already_present_exact_id,outputs/zotero_tpp_literature_pilot_20260828/unified_evidence_v2/unified_evidence_registry.csv
zotero_LF43QEJD:threshold:4,already_present_exact_id,outputs/zotero_tpp_literature_pilot_20260828/unified_evidence_v2/unified_evidence_registry.csv
zotero_LF43QEJD:threshold:5,already_present_exact_id,outputs/zotero_tpp_literature_pilot_20260828/unified_evidence_v2/unified_evidence_registry.csv
zotero_LF43QEJD:threshold:9,already_present_exact_id,outputs/zotero_tpp_literature_pilot_20260828/unified_evidence_v2/unified_evidence_registry.csv
zotero_LF43QEJD:voxel_geometry:11,already_present_exact_id,outputs/zotero_tpp_literature_pilot_20260828/unified_evidence_v2/unified_evidence_registry.csv
zotero_LF43QEJD:voxel_geometry:12,already_present_exact_id,outputs/zotero_tpp_literature_pilot_20260828/unified_evidence_v2/unified_evidence_registry.csv
zotero_LF43QEJD:voxel_geometry:6,already_present_exact_id,outputs/zotero_tpp_literature_pilot_20260828/unified_evidence_v2/unified_evidence_registry.csv
zotero_LGVQA3RI:pi_loading:5,already_present_exact_id,outputs/zotero_tpp_literature_pilot_20260828/unified_evidence_v2/unified_evidence_registry.csv
zotero_LGVQA3RI:sigma2:1,already_present_exact_id,outputs/zotero_tpp_literature_pilot_20260828/unified_evidence_v2/unified_evidence_registry.csv
zotero_LGVQA3RI:sigma2:2,already_present_exact_id,outputs/zotero_tpp_literature_pilot_20260828/unified_evidence_v2/unified_evidence_registry.csv
zotero_LGVQA3RI:sigma2:4,already_present_exact_id,outputs/zotero_tpp_literature_pilot_20260828/unified_evidence_v2/unified_evidence_registry.csv
zotero_LGVQA3RI:sigma2:6,already_present_exact_id,outputs/zotero_tpp_literature_pilot_20260828/unified_evidence_v2/unified_evidence_registry.csv
zotero_LGVQA3RI:threshold:10,already_present_exact_id,outputs/zotero_tpp_literature_pilot_20260828/unified_evidence_v2/unified_evidence_registry.csv
zotero_LGVQA3RI:threshold:11,already_present_exact_id,outputs/zotero_tpp_literature_pilot_20260828/unified_evidence_v2/unified_evidence_registry.csv
zotero_LGVQA3RI:threshold:7,already_present_exact_id,outputs/zotero_tpp_literature_pilot_20260828/unified_evidence_v2/unified_evidence_registry.csv
zotero_LGVQA3RI:threshold:9,already_present_exact_id,outputs/zotero_tpp_literature_pilot_20260828/unified_evidence_v2/unified_evidence_registry.csv
zotero_LGVQA3RI:voxel_geometry:3,already_present_exact_id,outputs/zotero_tpp_literature_pilot_20260828/unified_evidence_v2/unified_evidence_registry.csv
zotero_LGVQA3RI:voxel_geometry:8,already_present_exact_id,outputs/zotero_tpp_literature_pilot_20260828/unified_evidence_v2/unified_evidence_registry.csv
zotero_LVN4MHDD:isc_t1:13,already_present_exact_id,outputs/zotero_tpp_literature_pilot_20260828/unified_evidence_v2/unified_evidence_registry.csv
zotero_LVN4MHDD:mechanism:21,already_present_exact_id,outputs/zotero_tpp_literature_pilot_20260828/unified_evidence_v2/unified_evidence_registry.csv
zotero_LVN4MHDD:pi_loading:10,already_present_exact_id,outputs/zotero_tpp_literature_pilot_20260828/unified_evidence_v2/unified_evidence_registry.csv
zotero_LVN4MHDD:pi_loading:7,already_present_exact_id,outputs/zotero_tpp_literature_pilot_20260828/unified_evidence_v2/unified_evidence_registry.csv
zotero_LVN4MHDD:pi_loading:8,already_present_exact_id,outputs/zotero_tpp_literature_pilot_20260828/unified_evidence_v2/unified_evidence_registry.csv
zotero_LVN4MHDD:pi_loading:9,already_present_exact_id,outputs/zotero_tpp_literature_pilot_20260828/unified_evidence_v2/unified_evidence_registry.csv
zotero_LVN4MHDD:sigma2:1,already_present_exact_id,outputs/zotero_tpp_literature_pilot_20260828/unified_evidence_v2/unified_evidence_registry.csv
zotero_LVN4MHDD:sigma2:12,already_present_exact_id,outputs/zotero_tpp_literature_pilot_20260828/unified_evidence_v2/unified_evidence_registry.csv
zotero_LVN4MHDD:sigma2:14,already_present_exact_id,outputs/zotero_tpp_literature_pilot_20260828/unified_evidence_v2/unified_evidence_registry.csv
zotero_LVN4MHDD:sigma2:15,already_present_exact_id,outputs/zotero_tpp_literature_pilot_20260828/unified_evidence_v2/unified_evidence_registry.csv
zotero_LVN4MHDD:sigma2:16,already_present_exact_id,outputs/zotero_tpp_literature_pilot_20260828/unified_evidence_v2/unified_evidence_registry.csv
zotero_LVN4MHDD:sigma2:2,already_present_exact_id,outputs/zotero_tpp_literature_pilot_20260828/unified_evidence_v2/unified_evidence_registry.csv
zotero_LVN4MHDD:threshold:17,already_present_exact_id,outputs/zotero_tpp_literature_pilot_20260828/unified_evidence_v2/unified_evidence_registry.csv
zotero_LVN4MHDD:threshold:18,already_present_exact_id,outputs/zotero_tpp_literature_pilot_20260828/unified_evidence_v2/unified_evidence_registry.csv
zotero_LVN4MHDD:threshold:19,already_present_exact_id,outputs/zotero_tpp_literature_pilot_20260828/unified_evidence_v2/unified_evidence_registry.csv
zotero_LVN4MHDD:threshold:3,already_present_exact_id,outputs/zotero_tpp_literature_pilot_20260828/unified_evidence_v2/unified_evidence_registry.csv
zotero_LVN4MHDD:threshold:4,already_present_exact_id,outputs/zotero_tpp_literature_pilot_20260828/unified_evidence_v2/unified_evidence_registry.csv
zotero_LVN4MHDD:threshold:5,already_present_exact_id,outputs/zotero_tpp_literature_pilot_20260828/unified_evidence_v2/unified_evidence_registry.csv
zotero_LVN4MHDD:voxel_geometry:11,already_present_exact_id,outputs/zotero_tpp_literature_pilot_20260828/unified_evidence_v2/unified_evidence_registry.csv
zotero_LVN4MHDD:voxel_geometry:20,already_present_exact_id,outputs/zotero_tpp_literature_pilot_20260828/unified_evidence_v2/unified_evidence_registry.csv
zotero_LVN4MHDD:voxel_geometry:6,already_present_exact_id,outputs/zotero_tpp_literature_pilot_20260828/unified_evidence_v2/unified_evidence_registry.csv
zotero_MVY2JWKZ:isc_t1:7,already_present_exact_id,outputs/zotero_tpp_literature_pilot_20260828/unified_evidence_v2/unified_evidence_registry.csv
zotero_MVY2JWKZ:pi_loading:5,already_present_exact_id,outputs/zotero_tpp_literature_pilot_20260828/unified_evidence_v2/unified_evidence_registry.csv
zotero_MVY2JWKZ:sigma2:4,already_present_exact_id,outputs/zotero_tpp_literature_pilot_20260828/unified_evidence_v2/unified_evidence_registry.csv
zotero_MVY2JWKZ:sigma2:9,already_present_exact_id,outputs/zotero_tpp_literature_pilot_20260828/unified_evidence_v2/unified_evidence_registry.csv
zotero_MVY2JWKZ:threshold:10,already_present_exact_id,outputs/zotero_tpp_literature_pilot_20260828/unified_evidence_v2/unified_evidence_registry.csv
zotero_MVY2JWKZ:threshold:11,already_present_exact_id,outputs/zotero_tpp_literature_pilot_20260828/unified_evidence_v2/unified_evidence_registry.csv
zotero_MVY2JWKZ:threshold:6,already_present_exact_id,outputs/zotero_tpp_literature_pilot_20260828/unified_evidence_v2/unified_evidence_registry.csv
zotero_MVY2JWKZ:voxel_geometry:1,already_present_exact_id,outputs/zotero_tpp_literature_pilot_20260828/unified_evidence_v2/unified_evidence_registry.csv
zotero_MVY2JWKZ:voxel_geometry:2,already_present_exact_id,outputs/zotero_tpp_literature_pilot_20260828/unified_evidence_v2/unified_evidence_registry.csv
zotero_MVY2JWKZ:voxel_geometry:3,already_present_exact_id,outputs/zotero_tpp_literature_pilot_20260828/unified_evidence_v2/unified_evidence_registry.csv
zotero_MVY2JWKZ:voxel_geometry:8,already_present_exact_id,outputs/zotero_tpp_literature_pilot_20260828/unified_evidence_v2/unified_evidence_registry.csv
zotero_MZLGYQTP:isc_t1:14,already_present_exact_id,outputs/zotero_tpp_literature_pilot_20260828/unified_evidence_v2/unified_evidence_registry.csv
zotero_MZLGYQTP:mechanism:11,already_present_exact_id,outputs/zotero_tpp_literature_pilot_20260828/unified_evidence_v2/unified_evidence_registry.csv
zotero_MZLGYQTP:mechanism:3,already_present_exact_id,outputs/zotero_tpp_literature_pilot_20260828/unified_evidence_v2/unified_evidence_registry.csv
zotero_MZLGYQTP:mechanism:4,already_present_exact_id,outputs/zotero_tpp_literature_pilot_20260828/unified_evidence_v2/unified_evidence_registry.csv
zotero_MZLGYQTP:mechanism:5,already_present_exact_id,outputs/zotero_tpp_literature_pilot_20260828/unified_evidence_v2/unified_evidence_registry.csv
zotero_MZLGYQTP:pi_loading:7,already_present_exact_id,outputs/zotero_tpp_literature_pilot_20260828/unified_evidence_v2/unified_evidence_registry.csv
zotero_MZLGYQTP:sigma2:1,already_present_exact_id,outputs/zotero_tpp_literature_pilot_20260828/unified_evidence_v2/unified_evidence_registry.csv
zotero_MZLGYQTP:sigma2:12,already_present_exact_id,outputs/zotero_tpp_literature_pilot_20260828/unified_evidence_v2/unified_evidence_registry.csv
zotero_MZLGYQTP:sigma2:13,already_present_exact_id,outputs/zotero_tpp_literature_pilot_20260828/unified_evidence_v2/unified_evidence_registry.csv
zotero_MZLGYQTP:sigma2:2,already_present_exact_id,outputs/zotero_tpp_literature_pilot_20260828/unified_evidence_v2/unified_evidence_registry.csv
zotero_MZLGYQTP:voxel_geometry:10,already_present_exact_id,outputs/zotero_tpp_literature_pilot_20260828/unified_evidence_v2/unified_evidence_registry.csv
zotero_MZLGYQTP:voxel_geometry:6,already_present_exact_id,outputs/zotero_tpp_literature_pilot_20260828/unified_evidence_v2/unified_evidence_registry.csv
zotero_MZLGYQTP:voxel_geometry:8,already_present_exact_id,outputs/zotero_tpp_literature_pilot_20260828/unified_evidence_v2/unified_evidence_registry.csv
zotero_MZLGYQTP:voxel_geometry:9,already_present_exact_id,outputs/zotero_tpp_literature_pilot_20260828/unified_evidence_v2/unified_evidence_registry.csv
zotero_NGE4C28I:mechanism:9,already_present_exact_id,outputs/zotero_tpp_literature_pilot_20260828/unified_evidence_v2/unified_evidence_registry.csv
zotero_NGE4C28I:pi_loading:10,already_present_exact_id,outputs/zotero_tpp_literature_pilot_20260828/unified_evidence_v2/unified_evidence_registry.csv
zotero_NGE4C28I:pi_loading:11,already_present_exact_id,outputs/zotero_tpp_literature_pilot_20260828/unified_evidence_v2/unified_evidence_registry.csv
zotero_NGE4C28I:pi_loading:12,already_present_exact_id,outputs/zotero_tpp_literature_pilot_20260828/unified_evidence_v2/unified_evidence_registry.csv
zotero_NGE4C28I:pi_loading:15,already_present_exact_id,outputs/zotero_tpp_literature_pilot_20260828/unified_evidence_v2/unified_evidence_registry.csv
zotero_NGE4C28I:sigma2:1,already_present_exact_id,outputs/zotero_tpp_literature_pilot_20260828/unified_evidence_v2/unified_evidence_registry.csv
zotero_NGE4C28I:sigma2:14,already_present_exact_id,outputs/zotero_tpp_literature_pilot_20260828/unified_evidence_v2/unified_evidence_registry.csv
zotero_NGE4C28I:sigma2:2,already_present_exact_id,outputs/zotero_tpp_literature_pilot_20260828/unified_evidence_v2/unified_evidence_registry.csv
zotero_NGE4C28I:sigma2:5,already_present_exact_id,outputs/zotero_tpp_literature_pilot_20260828/unified_evidence_v2/unified_evidence_registry.csv
zotero_NGE4C28I:threshold:13,already_present_exact_id,outputs/zotero_tpp_literature_pilot_20260828/unified_evidence_v2/unified_evidence_registry.csv
zotero_NGE4C28I:threshold:3,already_present_exact_id,outputs/zotero_tpp_literature_pilot_20260828/unified_evidence_v2/unified_evidence_registry.csv
zotero_NGE4C28I:threshold:6,already_present_exact_id,outputs/zotero_tpp_literature_pilot_20260828/unified_evidence_v2/unified_evidence_registry.csv
zotero_NGE4C28I:threshold:7,already_present_exact_id,outputs/zotero_tpp_literature_pilot_20260828/unified_evidence_v2/unified_evidence_registry.csv
zotero_NGE4C28I:voxel_geometry:16,already_present_exact_id,outputs/zotero_tpp_literature_pilot_20260828/unified_evidence_v2/unified_evidence_registry.csv
zotero_NGE4C28I:voxel_geometry:17,already_present_exact_id,outputs/zotero_tpp_literature_pilot_20260828/unified_evidence_v2/unified_evidence_registry.csv
zotero_NGE4C28I:voxel_geometry:4,already_present_exact_id,outputs/zotero_tpp_literature_pilot_20260828/unified_evidence_v2/unified_evidence_registry.csv
zotero_NGE4C28I:voxel_geometry:8,already_present_exact_id,outputs/zotero_tpp_literature_pilot_20260828/unified_evidence_v2/unified_evidence_registry.csv
zotero_PEBWL6W6:pi_loading:11,already_present_exact_id,outputs/zotero_tpp_literature_pilot_20260828/unified_evidence_v2/unified_evidence_registry.csv
zotero_PEBWL6W6:pi_loading:8,already_present_exact_id,outputs/zotero_tpp_literature_pilot_20260828/unified_evidence_v2/unified_evidence_registry.csv
zotero_PEBWL6W6:sigma2:1,already_present_exact_id,outputs/zotero_tpp_literature_pilot_20260828/unified_evidence_v2/unified_evidence_registry.csv
zotero_PEBWL6W6:sigma2:2,already_present_exact_id,outputs/zotero_tpp_literature_pilot_20260828/unified_evidence_v2/unified_evidence_registry.csv
zotero_PEBWL6W6:sigma2:3,already_present_exact_id,outputs/zotero_tpp_literature_pilot_20260828/unified_evidence_v2/unified_evidence_registry.csv
zotero_PEBWL6W6:sigma2:4,already_present_exact_id,outputs/zotero_tpp_literature_pilot_20260828/unified_evidence_v2/unified_evidence_registry.csv
zotero_PEBWL6W6:threshold:10,already_present_exact_id,outputs/zotero_tpp_literature_pilot_20260828/unified_evidence_v2/unified_evidence_registry.csv
zotero_PEBWL6W6:threshold:5,already_present_exact_id,outputs/zotero_tpp_literature_pilot_20260828/unified_evidence_v2/unified_evidence_registry.csv
zotero_PEBWL6W6:threshold:6,already_present_exact_id,outputs/zotero_tpp_literature_pilot_20260828/unified_evidence_v2/unified_evidence_registry.csv
zotero_PEBWL6W6:threshold:9,already_present_exact_id,outputs/zotero_tpp_literature_pilot_20260828/unified_evidence_v2/unified_evidence_registry.csv
zotero_PEBWL6W6:voxel_geometry:7,already_present_exact_id,outputs/zotero_tpp_literature_pilot_20260828/unified_evidence_v2/unified_evidence_registry.csv
zotero_PJQEIM6F:isc_t1:11,already_present_exact_id,outputs/zotero_tpp_literature_pilot_20260828/unified_evidence_v2/unified_evidence_registry.csv
zotero_PJQEIM6F:mechanism:3,already_present_exact_id,outputs/zotero_tpp_literature_pilot_20260828/unified_evidence_v2/unified_evidence_registry.csv
zotero_PJQEIM6F:mechanism:4,already_present_exact_id,outputs/zotero_tpp_literature_pilot_20260828/unified_evidence_v2/unified_evidence_registry.csv
zotero_PJQEIM6F:mechanism:8,already_present_exact_id,outputs/zotero_tpp_literature_pilot_20260828/unified_evidence_v2/unified_evidence_registry.csv
zotero_PJQEIM6F:pi_loading:1,already_present_exact_id,outputs/zotero_tpp_literature_pilot_20260828/unified_evidence_v2/unified_evidence_registry.csv
zotero_PJQEIM6F:pi_loading:13,already_present_exact_id,outputs/zotero_tpp_literature_pilot_20260828/unified_evidence_v2/unified_evidence_registry.csv
zotero_PJQEIM6F:pi_loading:16,already_present_exact_id,outputs/zotero_tpp_literature_pilot_20260828/unified_evidence_v2/unified_evidence_registry.csv
zotero_PJQEIM6F:pi_loading:5,already_present_exact_id,outputs/zotero_tpp_literature_pilot_20260828/unified_evidence_v2/unified_evidence_registry.csv
zotero_PJQEIM6F:sigma2:12,already_present_exact_id,outputs/zotero_tpp_literature_pilot_20260828/unified_evidence_v2/unified_evidence_registry.csv
zotero_PJQEIM6F:threshold:14,already_present_exact_id,outputs/zotero_tpp_literature_pilot_20260828/unified_evidence_v2/unified_evidence_registry.csv
zotero_PJQEIM6F:threshold:15,already_present_exact_id,outputs/zotero_tpp_literature_pilot_20260828/unified_evidence_v2/unified_evidence_registry.csv
zotero_PJQEIM6F:threshold:2,already_present_exact_id,outputs/zotero_tpp_literature_pilot_20260828/unified_evidence_v2/unified_evidence_registry.csv
zotero_PJQEIM6F:threshold:6,already_present_exact_id,outputs/zotero_tpp_literature_pilot_20260828/unified_evidence_v2/unified_evidence_registry.csv
zotero_PJQEIM6F:voxel_geometry:10,already_present_exact_id,outputs/zotero_tpp_literature_pilot_20260828/unified_evidence_v2/unified_evidence_registry.csv
zotero_PJQEIM6F:voxel_geometry:17,already_present_exact_id,outputs/zotero_tpp_literature_pilot_20260828/unified_evidence_v2/unified_evidence_registry.csv
zotero_PJQEIM6F:voxel_geometry:7,already_present_exact_id,outputs/zotero_tpp_literature_pilot_20260828/unified_evidence_v2/unified_evidence_registry.csv
zotero_QH8XLKS5:isc_t1:13,already_present_exact_id,outputs/zotero_tpp_literature_pilot_20260828/unified_evidence_v2/unified_evidence_registry.csv
zotero_QH8XLKS5:mechanism:14,already_present_exact_id,outputs/zotero_tpp_literature_pilot_20260828/unified_evidence_v2/unified_evidence_registry.csv
zotero_QH8XLKS5:mechanism:18,already_present_exact_id,outputs/zotero_tpp_literature_pilot_20260828/unified_evidence_v2/unified_evidence_registry.csv
zotero_QH8XLKS5:mechanism:20,already_present_exact_id,outputs/zotero_tpp_literature_pilot_20260828/unified_evidence_v2/unified_evidence_registry.csv
zotero_QH8XLKS5:pi_loading:15,already_present_exact_id,outputs/zotero_tpp_literature_pilot_20260828/unified_evidence_v2/unified_evidence_registry.csv
zotero_QH8XLKS5:pi_loading:16,already_present_exact_id,outputs/zotero_tpp_literature_pilot_20260828/unified_evidence_v2/unified_evidence_registry.csv
zotero_QH8XLKS5:pi_loading:8,already_present_exact_id,outputs/zotero_tpp_literature_pilot_20260828/unified_evidence_v2/unified_evidence_registry.csv
zotero_QH8XLKS5:pi_loading:9,already_present_exact_id,outputs/zotero_tpp_literature_pilot_20260828/unified_evidence_v2/unified_evidence_registry.csv
zotero_QH8XLKS5:sigma2:2,already_present_exact_id,outputs/zotero_tpp_literature_pilot_20260828/unified_evidence_v2/unified_evidence_registry.csv
zotero_QH8XLKS5:sigma2:5,already_present_exact_id,outputs/zotero_tpp_literature_pilot_20260828/unified_evidence_v2/unified_evidence_registry.csv
zotero_QH8XLKS5:sigma2:6,already_present_exact_id,outputs/zotero_tpp_literature_pilot_20260828/unified_evidence_v2/unified_evidence_registry.csv
zotero_QH8XLKS5:sigma2:7,already_present_exact_id,outputs/zotero_tpp_literature_pilot_20260828/unified_evidence_v2/unified_evidence_registry.csv
zotero_QH8XLKS5:threshold:10,already_present_exact_id,outputs/zotero_tpp_literature_pilot_20260828/unified_evidence_v2/unified_evidence_registry.csv
zotero_QH8XLKS5:threshold:17,already_present_exact_id,outputs/zotero_tpp_literature_pilot_20260828/unified_evidence_v2/unified_evidence_registry.csv
zotero_QH8XLKS5:threshold:19,already_present_exact_id,outputs/zotero_tpp_literature_pilot_20260828/unified_evidence_v2/unified_evidence_registry.csv
zotero_QH8XLKS5:threshold:3,already_present_exact_id,outputs/zotero_tpp_literature_pilot_20260828/unified_evidence_v2/unified_evidence_registry.csv
zotero_QH8XLKS5:voxel_geometry:1,already_present_exact_id,outputs/zotero_tpp_literature_pilot_20260828/unified_evidence_v2/unified_evidence_registry.csv
zotero_QH8XLKS5:voxel_geometry:11,already_present_exact_id,outputs/zotero_tpp_literature_pilot_20260828/unified_evidence_v2/unified_evidence_registry.csv
zotero_QH8XLKS5:voxel_geometry:12,already_present_exact_id,outputs/zotero_tpp_literature_pilot_20260828/unified_evidence_v2/unified_evidence_registry.csv
zotero_QH8XLKS5:voxel_geometry:4,already_present_exact_id,outputs/zotero_tpp_literature_pilot_20260828/unified_evidence_v2/unified_evidence_registry.csv
zotero_RK5TXPZ5:pi_loading:3,already_present_exact_id,outputs/zotero_tpp_literature_pilot_20260828/unified_evidence_v2/unified_evidence_registry.csv
zotero_RK5TXPZ5:pi_loading:8,already_present_exact_id,outputs/zotero_tpp_literature_pilot_20260828/unified_evidence_v2/unified_evidence_registry.csv
zotero_RK5TXPZ5:sigma2:2,already_present_exact_id,outputs/zotero_tpp_literature_pilot_20260828/unified_evidence_v2/unified_evidence_registry.csv
zotero_RK5TXPZ5:threshold:1,already_present_exact_id,outputs/zotero_tpp_literature_pilot_20260828/unified_evidence_v2/unified_evidence_registry.csv
zotero_RK5TXPZ5:threshold:4,already_present_exact_id,outputs/zotero_tpp_literature_pilot_20260828/unified_evidence_v2/unified_evidence_registry.csv
zotero_RK5TXPZ5:threshold:5,already_present_exact_id,outputs/zotero_tpp_literature_pilot_20260828/unified_evidence_v2/unified_evidence_registry.csv
zotero_RK5TXPZ5:threshold:6,already_present_exact_id,outputs/zotero_tpp_literature_pilot_20260828/unified_evidence_v2/unified_evidence_registry.csv
zotero_RK5TXPZ5:voxel_geometry:7,already_present_exact_id,outputs/zotero_tpp_literature_pilot_20260828/unified_evidence_v2/unified_evidence_registry.csv
zotero_RU8URT2Z:isc_t1:11,already_present_exact_id,outputs/zotero_tpp_literature_pilot_20260828/unified_evidence_v2/unified_evidence_registry.csv
zotero_RU8URT2Z:isc_t1:12,already_present_exact_id,outputs/zotero_tpp_literature_pilot_20260828/unified_evidence_v2/unified_evidence_registry.csv
zotero_RU8URT2Z:isc_t1:14,already_present_exact_id,outputs/zotero_tpp_literature_pilot_20260828/unified_evidence_v2/unified_evidence_registry.csv
zotero_RU8URT2Z:isc_t1:16,already_present_exact_id,outputs/zotero_tpp_literature_pilot_20260828/unified_evidence_v2/unified_evidence_registry.csv
zotero_RU8URT2Z:mechanism:1,already_present_exact_id,outputs/zotero_tpp_literature_pilot_20260828/unified_evidence_v2/unified_evidence_registry.csv
zotero_RU8URT2Z:mechanism:2,already_present_exact_id,outputs/zotero_tpp_literature_pilot_20260828/unified_evidence_v2/unified_evidence_registry.csv
zotero_RU8URT2Z:mechanism:7,already_present_exact_id,outputs/zotero_tpp_literature_pilot_20260828/unified_evidence_v2/unified_evidence_registry.csv
zotero_RU8URT2Z:mechanism:8,already_present_exact_id,outputs/zotero_tpp_literature_pilot_20260828/unified_evidence_v2/unified_evidence_registry.csv
zotero_RU8URT2Z:sigma2:3,already_present_exact_id,outputs/zotero_tpp_literature_pilot_20260828/unified_evidence_v2/unified_evidence_registry.csv
zotero_RU8URT2Z:sigma2:4,already_present_exact_id,outputs/zotero_tpp_literature_pilot_20260828/unified_evidence_v2/unified_evidence_registry.csv
zotero_RU8URT2Z:sigma2:5,already_present_exact_id,outputs/zotero_tpp_literature_pilot_20260828/unified_evidence_v2/unified_evidence_registry.csv
zotero_RU8URT2Z:sigma2:9,already_present_exact_id,outputs/zotero_tpp_literature_pilot_20260828/unified_evidence_v2/unified_evidence_registry.csv
zotero_RU8URT2Z:threshold:10,already_present_exact_id,outputs/zotero_tpp_literature_pilot_20260828/unified_evidence_v2/unified_evidence_registry.csv
zotero_RU8URT2Z:threshold:13,already_present_exact_id,outputs/zotero_tpp_literature_pilot_20260828/unified_evidence_v2/unified_evidence_registry.csv
zotero_RU8URT2Z:threshold:15,already_present_exact_id,outputs/zotero_tpp_literature_pilot_20260828/unified_evidence_v2/unified_evidence_registry.csv
zotero_RU8URT2Z:threshold:6,already_present_exact_id,outputs/zotero_tpp_literature_pilot_20260828/unified_evidence_v2/unified_evidence_registry.csv
zotero_RXLQF5PE:pi_loading:2,already_present_exact_id,outputs/zotero_tpp_literature_pilot_20260828/unified_evidence_v2/unified_evidence_registry.csv
zotero_RXLQF5PE:pi_loading:3,already_present_exact_id,outputs/zotero_tpp_literature_pilot_20260828/unified_evidence_v2/unified_evidence_registry.csv
zotero_RXLQF5PE:sigma2:7,already_present_exact_id,outputs/zotero_tpp_literature_pilot_20260828/unified_evidence_v2/unified_evidence_registry.csv
zotero_RXLQF5PE:threshold:4,already_present_exact_id,outputs/zotero_tpp_literature_pilot_20260828/unified_evidence_v2/unified_evidence_registry.csv
zotero_RXLQF5PE:threshold:5,already_present_exact_id,outputs/zotero_tpp_literature_pilot_20260828/unified_evidence_v2/unified_evidence_registry.csv
zotero_RXLQF5PE:threshold:6,already_present_exact_id,outputs/zotero_tpp_literature_pilot_20260828/unified_evidence_v2/unified_evidence_registry.csv
zotero_RXLQF5PE:voxel_geometry:1,already_present_exact_id,outputs/zotero_tpp_literature_pilot_20260828/unified_evidence_v2/unified_evidence_registry.csv
zotero_RZAZ6SD2:mechanism:10,already_present_exact_id,outputs/zotero_tpp_literature_pilot_20260828/unified_evidence_v2/unified_evidence_registry.csv
zotero_RZAZ6SD2:pi_loading:6,already_present_exact_id,outputs/zotero_tpp_literature_pilot_20260828/unified_evidence_v2/unified_evidence_registry.csv
zotero_RZAZ6SD2:sigma2:1,already_present_exact_id,outputs/zotero_tpp_literature_pilot_20260828/unified_evidence_v2/unified_evidence_registry.csv
zotero_RZAZ6SD2:sigma2:11,already_present_exact_id,outputs/zotero_tpp_literature_pilot_20260828/unified_evidence_v2/unified_evidence_registry.csv
zotero_RZAZ6SD2:sigma2:2,already_present_exact_id,outputs/zotero_tpp_literature_pilot_20260828/unified_evidence_v2/unified_evidence_registry.csv
zotero_RZAZ6SD2:sigma2:3,already_present_exact_id,outputs/zotero_tpp_literature_pilot_20260828/unified_evidence_v2/unified_evidence_registry.csv
zotero_RZAZ6SD2:threshold:12,already_present_exact_id,outputs/zotero_tpp_literature_pilot_20260828/unified_evidence_v2/unified_evidence_registry.csv
zotero_RZAZ6SD2:threshold:4,already_present_exact_id,outputs/zotero_tpp_literature_pilot_20260828/unified_evidence_v2/unified_evidence_registry.csv
zotero_RZAZ6SD2:threshold:7,already_present_exact_id,outputs/zotero_tpp_literature_pilot_20260828/unified_evidence_v2/unified_evidence_registry.csv
zotero_RZAZ6SD2:threshold:8,already_present_exact_id,outputs/zotero_tpp_literature_pilot_20260828/unified_evidence_v2/unified_evidence_registry.csv
zotero_RZAZ6SD2:voxel_geometry:13,already_present_exact_id,outputs/zotero_tpp_literature_pilot_20260828/unified_evidence_v2/unified_evidence_registry.csv
zotero_RZAZ6SD2:voxel_geometry:14,already_present_exact_id,outputs/zotero_tpp_literature_pilot_20260828/unified_evidence_v2/unified_evidence_registry.csv
zotero_RZAZ6SD2:voxel_geometry:5,already_present_exact_id,outputs/zotero_tpp_literature_pilot_20260828/unified_evidence_v2/unified_evidence_registry.csv
zotero_RZAZ6SD2:voxel_geometry:9,already_present_exact_id,outputs/zotero_tpp_literature_pilot_20260828/unified_evidence_v2/unified_evidence_registry.csv
zotero_S7XPYQQM:pi_loading:4,already_present_exact_id,outputs/zotero_tpp_literature_pilot_20260828/unified_evidence_v2/unified_evidence_registry.csv
zotero_S7XPYQQM:sigma2:1,already_present_exact_id,outputs/zotero_tpp_literature_pilot_20260828/unified_evidence_v2/unified_evidence_registry.csv
zotero_S7XPYQQM:sigma2:3,already_present_exact_id,outputs/zotero_tpp_literature_pilot_20260828/unified_evidence_v2/unified_evidence_registry.csv
zotero_S7XPYQQM:voxel_geometry:2,already_present_exact_id,outputs/zotero_tpp_literature_pilot_20260828/unified_evidence_v2/unified_evidence_registry.csv
zotero_S7XPYQQM:voxel_geometry:5,already_present_exact_id,outputs/zotero_tpp_literature_pilot_20260828/unified_evidence_v2/unified_evidence_registry.csv
zotero_SRU6DZHE:isc_t1:20,already_present_exact_id,outputs/zotero_tpp_literature_pilot_20260828/unified_evidence_v2/unified_evidence_registry.csv
zotero_SRU6DZHE:mechanism:11,already_present_exact_id,outputs/zotero_tpp_literature_pilot_20260828/unified_evidence_v2/unified_evidence_registry.csv
zotero_SRU6DZHE:mechanism:18,already_present_exact_id,outputs/zotero_tpp_literature_pilot_20260828/unified_evidence_v2/unified_evidence_registry.csv
zotero_SRU6DZHE:mechanism:19,already_present_exact_id,outputs/zotero_tpp_literature_pilot_20260828/unified_evidence_v2/unified_evidence_registry.csv
zotero_SRU6DZHE:mechanism:8,already_present_exact_id,outputs/zotero_tpp_literature_pilot_20260828/unified_evidence_v2/unified_evidence_registry.csv
zotero_SRU6DZHE:pi_loading:12,already_present_exact_id,outputs/zotero_tpp_literature_pilot_20260828/unified_evidence_v2/unified_evidence_registry.csv
zotero_SRU6DZHE:pi_loading:15,already_present_exact_id,outputs/zotero_tpp_literature_pilot_20260828/unified_evidence_v2/unified_evidence_registry.csv
zotero_SRU6DZHE:pi_loading:17,already_present_exact_id,outputs/zotero_tpp_literature_pilot_20260828/unified_evidence_v2/unified_evidence_registry.csv
zotero_SRU6DZHE:pi_loading:21,already_present_exact_id,outputs/zotero_tpp_literature_pilot_20260828/unified_evidence_v2/unified_evidence_registry.csv
zotero_SRU6DZHE:sigma2:1,already_present_exact_id,outputs/zotero_tpp_literature_pilot_20260828/unified_evidence_v2/unified_evidence_registry.csv
zotero_SRU6DZHE:sigma2:16,already_present_exact_id,outputs/zotero_tpp_literature_pilot_20260828/unified_evidence_v2/unified_evidence_registry.csv
zotero_SRU6DZHE:sigma2:2,already_present_exact_id,outputs/zotero_tpp_literature_pilot_20260828/unified_evidence_v2/unified_evidence_registry.csv
zotero_SRU6DZHE:sigma2:9,already_present_exact_id,outputs/zotero_tpp_literature_pilot_20260828/unified_evidence_v2/unified_evidence_registry.csv
zotero_SRU6DZHE:threshold:13,already_present_exact_id,outputs/zotero_tpp_literature_pilot_20260828/unified_evidence_v2/unified_evidence_registry.csv
zotero_SRU6DZHE:threshold:3,already_present_exact_id,outputs/zotero_tpp_literature_pilot_20260828/unified_evidence_v2/unified_evidence_registry.csv
zotero_SRU6DZHE:threshold:4,already_present_exact_id,outputs/zotero_tpp_literature_pilot_20260828/unified_evidence_v2/unified_evidence_registry.csv
zotero_SRU6DZHE:threshold:5,already_present_exact_id,outputs/zotero_tpp_literature_pilot_20260828/unified_evidence_v2/unified_evidence_registry.csv
zotero_SRU6DZHE:voxel_geometry:10,already_present_exact_id,outputs/zotero_tpp_literature_pilot_20260828/unified_evidence_v2/unified_evidence_registry.csv
zotero_SRU6DZHE:voxel_geometry:14,already_present_exact_id,outputs/zotero_tpp_literature_pilot_20260828/unified_evidence_v2/unified_evidence_registry.csv
zotero_SRU6DZHE:voxel_geometry:6,already_present_exact_id,outputs/zotero_tpp_literature_pilot_20260828/unified_evidence_v2/unified_evidence_registry.csv
zotero_SRU6DZHE:voxel_geometry:7,already_present_exact_id,outputs/zotero_tpp_literature_pilot_20260828/unified_evidence_v2/unified_evidence_registry.csv
zotero_TN4FRK7S:mechanism:3,already_present_exact_id,outputs/zotero_tpp_literature_pilot_20260828/unified_evidence_v2/unified_evidence_registry.csv
zotero_TN4FRK7S:pi_loading:2,already_present_exact_id,outputs/zotero_tpp_literature_pilot_20260828/unified_evidence_v2/unified_evidence_registry.csv
zotero_TN4FRK7S:pi_loading:4,already_present_exact_id,outputs/zotero_tpp_literature_pilot_20260828/unified_evidence_v2/unified_evidence_registry.csv
zotero_TN4FRK7S:pi_loading:5,already_present_exact_id,outputs/zotero_tpp_literature_pilot_20260828/unified_evidence_v2/unified_evidence_registry.csv
zotero_TN4FRK7S:threshold:6,already_present_exact_id,outputs/zotero_tpp_literature_pilot_20260828/unified_evidence_v2/unified_evidence_registry.csv
zotero_TN4FRK7S:voxel_geometry:1,already_present_exact_id,outputs/zotero_tpp_literature_pilot_20260828/unified_evidence_v2/unified_evidence_registry.csv
zotero_TSTS6L69:isc_t1:2,already_present_exact_id,outputs/zotero_tpp_literature_pilot_20260828/unified_evidence_v2/unified_evidence_registry.csv
zotero_TSTS6L69:sigma2:1,already_present_exact_id,outputs/zotero_tpp_literature_pilot_20260828/unified_evidence_v2/unified_evidence_registry.csv
zotero_TXIFG7RW:pi_loading:2,already_present_exact_id,outputs/zotero_tpp_literature_pilot_20260828/unified_evidence_v2/unified_evidence_registry.csv
zotero_TXIFG7RW:pi_loading:3,already_present_exact_id,outputs/zotero_tpp_literature_pilot_20260828/unified_evidence_v2/unified_evidence_registry.csv
zotero_TXIFG7RW:pi_loading:5,already_present_exact_id,outputs/zotero_tpp_literature_pilot_20260828/unified_evidence_v2/unified_evidence_registry.csv
zotero_TXIFG7RW:threshold:1,already_present_exact_id,outputs/zotero_tpp_literature_pilot_20260828/unified_evidence_v2/unified_evidence_registry.csv
zotero_TXIFG7RW:threshold:6,already_present_exact_id,outputs/zotero_tpp_literature_pilot_20260828/unified_evidence_v2/unified_evidence_registry.csv
zotero_TXIFG7RW:threshold:7,already_present_exact_id,outputs/zotero_tpp_literature_pilot_20260828/unified_evidence_v2/unified_evidence_registry.csv
zotero_TXIFG7RW:threshold:9,already_present_exact_id,outputs/zotero_tpp_literature_pilot_20260828/unified_evidence_v2/unified_evidence_registry.csv
zotero_TXIFG7RW:voxel_geometry:10,already_present_exact_id,outputs/zotero_tpp_literature_pilot_20260828/unified_evidence_v2/unified_evidence_registry.csv
zotero_TXIFG7RW:voxel_geometry:11,already_present_exact_id,outputs/zotero_tpp_literature_pilot_20260828/unified_evidence_v2/unified_evidence_registry.csv
zotero_TXIFG7RW:voxel_geometry:4,already_present_exact_id,outputs/zotero_tpp_literature_pilot_20260828/unified_evidence_v2/unified_evidence_registry.csv
zotero_TXIFG7RW:voxel_geometry:8,already_present_exact_id,outputs/zotero_tpp_literature_pilot_20260828/unified_evidence_v2/unified_evidence_registry.csv
zotero_U5ZNIGNS:isc_t1:10,already_present_exact_id,outputs/zotero_tpp_literature_pilot_20260828/unified_evidence_v2/unified_evidence_registry.csv
zotero_U5ZNIGNS:isc_t1:11,already_present_exact_id,outputs/zotero_tpp_literature_pilot_20260828/unified_evidence_v2/unified_evidence_registry.csv
zotero_U5ZNIGNS:isc_t1:3,already_present_exact_id,outputs/zotero_tpp_literature_pilot_20260828/unified_evidence_v2/unified_evidence_registry.csv
zotero_U5ZNIGNS:isc_t1:9,already_present_exact_id,outputs/zotero_tpp_literature_pilot_20260828/unified_evidence_v2/unified_evidence_registry.csv
zotero_U5ZNIGNS:pi_loading:12,already_present_exact_id,outputs/zotero_tpp_literature_pilot_20260828/unified_evidence_v2/unified_evidence_registry.csv
zotero_U5ZNIGNS:pi_loading:14,already_present_exact_id,outputs/zotero_tpp_literature_pilot_20260828/unified_evidence_v2/unified_evidence_registry.csv
zotero_U5ZNIGNS:pi_loading:19,already_present_exact_id,outputs/zotero_tpp_literature_pilot_20260828/unified_evidence_v2/unified_evidence_registry.csv
zotero_U5ZNIGNS:pi_loading:20,already_present_exact_id,outputs/zotero_tpp_literature_pilot_20260828/unified_evidence_v2/unified_evidence_registry.csv
zotero_U5ZNIGNS:sigma2:1,already_present_exact_id,outputs/zotero_tpp_literature_pilot_20260828/unified_evidence_v2/unified_evidence_registry.csv
zotero_U5ZNIGNS:sigma2:2,already_present_exact_id,outputs/zotero_tpp_literature_pilot_20260828/unified_evidence_v2/unified_evidence_registry.csv
zotero_U5ZNIGNS:sigma2:5,already_present_exact_id,outputs/zotero_tpp_literature_pilot_20260828/unified_evidence_v2/unified_evidence_registry.csv
zotero_U5ZNIGNS:sigma2:8,already_present_exact_id,outputs/zotero_tpp_literature_pilot_20260828/unified_evidence_v2/unified_evidence_registry.csv
zotero_U5ZNIGNS:threshold:13,already_present_exact_id,outputs/zotero_tpp_literature_pilot_20260828/unified_evidence_v2/unified_evidence_registry.csv
zotero_U5ZNIGNS:threshold:15,already_present_exact_id,outputs/zotero_tpp_literature_pilot_20260828/unified_evidence_v2/unified_evidence_registry.csv
zotero_U5ZNIGNS:threshold:16,already_present_exact_id,outputs/zotero_tpp_literature_pilot_20260828/unified_evidence_v2/unified_evidence_registry.csv
zotero_U5ZNIGNS:threshold:17,already_present_exact_id,outputs/zotero_tpp_literature_pilot_20260828/unified_evidence_v2/unified_evidence_registry.csv
zotero_U5ZNIGNS:voxel_geometry:18,already_present_exact_id,outputs/zotero_tpp_literature_pilot_20260828/unified_evidence_v2/unified_evidence_registry.csv
zotero_U5ZNIGNS:voxel_geometry:4,already_present_exact_id,outputs/zotero_tpp_literature_pilot_20260828/unified_evidence_v2/unified_evidence_registry.csv
zotero_U5ZNIGNS:voxel_geometry:6,already_present_exact_id,outputs/zotero_tpp_literature_pilot_20260828/unified_evidence_v2/unified_evidence_registry.csv
zotero_U5ZNIGNS:voxel_geometry:7,already_present_exact_id,outputs/zotero_tpp_literature_pilot_20260828/unified_evidence_v2/unified_evidence_registry.csv
zotero_V8BAREKK:isc_t1:12,already_present_exact_id,outputs/zotero_tpp_literature_pilot_20260828/unified_evidence_v2/unified_evidence_registry.csv
zotero_V8BAREKK:isc_t1:13,already_present_exact_id,outputs/zotero_tpp_literature_pilot_20260828/unified_evidence_v2/unified_evidence_registry.csv
zotero_V8BAREKK:isc_t1:14,already_present_exact_id,outputs/zotero_tpp_literature_pilot_20260828/unified_evidence_v2/unified_evidence_registry.csv
zotero_V8BAREKK:isc_t1:21,already_present_exact_id,outputs/zotero_tpp_literature_pilot_20260828/unified_evidence_v2/unified_evidence_registry.csv
zotero_V8BAREKK:mechanism:11,already_present_exact_id,outputs/zotero_tpp_literature_pilot_20260828/unified_evidence_v2/unified_evidence_registry.csv
zotero_V8BAREKK:mechanism:15,already_present_exact_id,outputs/zotero_tpp_literature_pilot_20260828/unified_evidence_v2/unified_evidence_registry.csv
zotero_V8BAREKK:mechanism:16,already_present_exact_id,outputs/zotero_tpp_literature_pilot_20260828/unified_evidence_v2/unified_evidence_registry.csv
zotero_V8BAREKK:mechanism:17,already_present_exact_id,outputs/zotero_tpp_literature_pilot_20260828/unified_evidence_v2/unified_evidence_registry.csv
zotero_V8BAREKK:pi_loading:18,already_present_exact_id,outputs/zotero_tpp_literature_pilot_20260828/unified_evidence_v2/unified_evidence_registry.csv
zotero_V8BAREKK:pi_loading:19,already_present_exact_id,outputs/zotero_tpp_literature_pilot_20260828/unified_evidence_v2/unified_evidence_registry.csv
zotero_V8BAREKK:pi_loading:6,already_present_exact_id,outputs/zotero_tpp_literature_pilot_20260828/unified_evidence_v2/unified_evidence_registry.csv
zotero_V8BAREKK:pi_loading:8,already_present_exact_id,outputs/zotero_tpp_literature_pilot_20260828/unified_evidence_v2/unified_evidence_registry.csv
zotero_V8BAREKK:sigma2:1,already_present_exact_id,outputs/zotero_tpp_literature_pilot_20260828/unified_evidence_v2/unified_evidence_registry.csv
zotero_V8BAREKK:sigma2:10,already_present_exact_id,outputs/zotero_tpp_literature_pilot_20260828/unified_evidence_v2/unified_evidence_registry.csv
zotero_V8BAREKK:sigma2:5,already_present_exact_id,outputs/zotero_tpp_literature_pilot_20260828/unified_evidence_v2/unified_evidence_registry.csv
zotero_V8BAREKK:sigma2:9,already_present_exact_id,outputs/zotero_tpp_literature_pilot_20260828/unified_evidence_v2/unified_evidence_registry.csv
zotero_V8BAREKK:threshold:2,already_present_exact_id,outputs/zotero_tpp_literature_pilot_20260828/unified_evidence_v2/unified_evidence_registry.csv
zotero_V8BAREKK:threshold:20,already_present_exact_id,outputs/zotero_tpp_literature_pilot_20260828/unified_evidence_v2/unified_evidence_registry.csv
zotero_V8BAREKK:threshold:3,already_present_exact_id,outputs/zotero_tpp_literature_pilot_20260828/unified_evidence_v2/unified_evidence_registry.csv
zotero_V8BAREKK:threshold:7,already_present_exact_id,outputs/zotero_tpp_literature_pilot_20260828/unified_evidence_v2/unified_evidence_registry.csv
zotero_V8BAREKK:voxel_geometry:22,already_present_exact_id,outputs/zotero_tpp_literature_pilot_20260828/unified_evidence_v2/unified_evidence_registry.csv
zotero_V8BAREKK:voxel_geometry:4,already_present_exact_id,outputs/zotero_tpp_literature_pilot_20260828/unified_evidence_v2/unified_evidence_registry.csv
zotero_WD4L7CWE:isc_t1:20,already_present_exact_id,outputs/zotero_tpp_literature_pilot_20260828/unified_evidence_v2/unified_evidence_registry.csv
zotero_WD4L7CWE:mechanism:5,already_present_exact_id,outputs/zotero_tpp_literature_pilot_20260828/unified_evidence_v2/unified_evidence_registry.csv
zotero_WD4L7CWE:mechanism:6,already_present_exact_id,outputs/zotero_tpp_literature_pilot_20260828/unified_evidence_v2/unified_evidence_registry.csv
zotero_WD4L7CWE:mechanism:7,already_present_exact_id,outputs/zotero_tpp_literature_pilot_20260828/unified_evidence_v2/unified_evidence_registry.csv
zotero_WD4L7CWE:mechanism:8,already_present_exact_id,outputs/zotero_tpp_literature_pilot_20260828/unified_evidence_v2/unified_evidence_registry.csv
zotero_WD4L7CWE:pi_loading:15,already_present_exact_id,outputs/zotero_tpp_literature_pilot_20260828/unified_evidence_v2/unified_evidence_registry.csv
zotero_WD4L7CWE:pi_loading:16,already_present_exact_id,outputs/zotero_tpp_literature_pilot_20260828/unified_evidence_v2/unified_evidence_registry.csv
zotero_WD4L7CWE:pi_loading:17,already_present_exact_id,outputs/zotero_tpp_literature_pilot_20260828/unified_evidence_v2/unified_evidence_registry.csv
zotero_WD4L7CWE:pi_loading:9,already_present_exact_id,outputs/zotero_tpp_literature_pilot_20260828/unified_evidence_v2/unified_evidence_registry.csv
zotero_WD4L7CWE:sigma2:18,already_present_exact_id,outputs/zotero_tpp_literature_pilot_20260828/unified_evidence_v2/unified_evidence_registry.csv
zotero_WD4L7CWE:sigma2:19,already_present_exact_id,outputs/zotero_tpp_literature_pilot_20260828/unified_evidence_v2/unified_evidence_registry.csv
zotero_WD4L7CWE:sigma2:3,already_present_exact_id,outputs/zotero_tpp_literature_pilot_20260828/unified_evidence_v2/unified_evidence_registry.csv
zotero_WD4L7CWE:threshold:10,already_present_exact_id,outputs/zotero_tpp_literature_pilot_20260828/unified_evidence_v2/unified_evidence_registry.csv
zotero_WD4L7CWE:threshold:11,already_present_exact_id,outputs/zotero_tpp_literature_pilot_20260828/unified_evidence_v2/unified_evidence_registry.csv
zotero_WD4L7CWE:threshold:13,already_present_exact_id,outputs/zotero_tpp_literature_pilot_20260828/unified_evidence_v2/unified_evidence_registry.csv
zotero_WD4L7CWE:threshold:14,already_present_exact_id,outputs/zotero_tpp_literature_pilot_20260828/unified_evidence_v2/unified_evidence_registry.csv
zotero_WD4L7CWE:voxel_geometry:1,already_present_exact_id,outputs/zotero_tpp_literature_pilot_20260828/unified_evidence_v2/unified_evidence_registry.csv
zotero_WD4L7CWE:voxel_geometry:12,already_present_exact_id,outputs/zotero_tpp_literature_pilot_20260828/unified_evidence_v2/unified_evidence_registry.csv
zotero_WD4L7CWE:voxel_geometry:2,already_present_exact_id,outputs/zotero_tpp_literature_pilot_20260828/unified_evidence_v2/unified_evidence_registry.csv
zotero_WD4L7CWE:voxel_geometry:4,already_present_exact_id,outputs/zotero_tpp_literature_pilot_20260828/unified_evidence_v2/unified_evidence_registry.csv
zotero_X4RTKEJL:isc_t1:6,already_present_exact_id,outputs/zotero_tpp_literature_pilot_20260828/unified_evidence_v2/unified_evidence_registry.csv
zotero_X4RTKEJL:pi_loading:11,already_present_exact_id,outputs/zotero_tpp_literature_pilot_20260828/unified_evidence_v2/unified_evidence_registry.csv
zotero_X4RTKEJL:pi_loading:12,already_present_exact_id,outputs/zotero_tpp_literature_pilot_20260828/unified_evidence_v2/unified_evidence_registry.csv
zotero_X4RTKEJL:pi_loading:13,already_present_exact_id,outputs/zotero_tpp_literature_pilot_20260828/unified_evidence_v2/unified_evidence_registry.csv
zotero_X4RTKEJL:pi_loading:5,already_present_exact_id,outputs/zotero_tpp_literature_pilot_20260828/unified_evidence_v2/unified_evidence_registry.csv
zotero_X4RTKEJL:sigma2:10,already_present_exact_id,outputs/zotero_tpp_literature_pilot_20260828/unified_evidence_v2/unified_evidence_registry.csv
zotero_X4RTKEJL:sigma2:2,already_present_exact_id,outputs/zotero_tpp_literature_pilot_20260828/unified_evidence_v2/unified_evidence_registry.csv
zotero_X4RTKEJL:sigma2:8,already_present_exact_id,outputs/zotero_tpp_literature_pilot_20260828/unified_evidence_v2/unified_evidence_registry.csv
zotero_X4RTKEJL:sigma2:9,already_present_exact_id,outputs/zotero_tpp_literature_pilot_20260828/unified_evidence_v2/unified_evidence_registry.csv
zotero_X4RTKEJL:threshold:14,already_present_exact_id,outputs/zotero_tpp_literature_pilot_20260828/unified_evidence_v2/unified_evidence_registry.csv
zotero_X4RTKEJL:threshold:15,already_present_exact_id,outputs/zotero_tpp_literature_pilot_20260828/unified_evidence_v2/unified_evidence_registry.csv
zotero_X4RTKEJL:threshold:3,already_present_exact_id,outputs/zotero_tpp_literature_pilot_20260828/unified_evidence_v2/unified_evidence_registry.csv
zotero_X4RTKEJL:voxel_geometry:1,already_present_exact_id,outputs/zotero_tpp_literature_pilot_20260828/unified_evidence_v2/unified_evidence_registry.csv
zotero_X4RTKEJL:voxel_geometry:16,already_present_exact_id,outputs/zotero_tpp_literature_pilot_20260828/unified_evidence_v2/unified_evidence_registry.csv
zotero_X4RTKEJL:voxel_geometry:4,already_present_exact_id,outputs/zotero_tpp_literature_pilot_20260828/unified_evidence_v2/unified_evidence_registry.csv
zotero_X4RTKEJL:voxel_geometry:7,already_present_exact_id,outputs/zotero_tpp_literature_pilot_20260828/unified_evidence_v2/unified_evidence_registry.csv
zotero_XAY2YYCX:isc_t1:15,already_present_exact_id,outputs/zotero_tpp_literature_pilot_20260828/unified_evidence_v2/unified_evidence_registry.csv
zotero_XAY2YYCX:isc_t1:16,already_present_exact_id,outputs/zotero_tpp_literature_pilot_20260828/unified_evidence_v2/unified_evidence_registry.csv
zotero_XAY2YYCX:isc_t1:17,already_present_exact_id,outputs/zotero_tpp_literature_pilot_20260828/unified_evidence_v2/unified_evidence_registry.csv
zotero_XAY2YYCX:isc_t1:8,already_present_exact_id,outputs/zotero_tpp_literature_pilot_20260828/unified_evidence_v2/unified_evidence_registry.csv
zotero_XAY2YYCX:mechanism:13,already_present_exact_id,outputs/zotero_tpp_literature_pilot_20260828/unified_evidence_v2/unified_evidence_registry.csv
zotero_XAY2YYCX:mechanism:4,already_present_exact_id,outputs/zotero_tpp_literature_pilot_20260828/unified_evidence_v2/unified_evidence_registry.csv
zotero_XAY2YYCX:mechanism:5,already_present_exact_id,outputs/zotero_tpp_literature_pilot_20260828/unified_evidence_v2/unified_evidence_registry.csv
zotero_XAY2YYCX:mechanism:9,already_present_exact_id,outputs/zotero_tpp_literature_pilot_20260828/unified_evidence_v2/unified_evidence_registry.csv
zotero_XAY2YYCX:pi_loading:10,already_present_exact_id,outputs/zotero_tpp_literature_pilot_20260828/unified_evidence_v2/unified_evidence_registry.csv
zotero_XAY2YYCX:pi_loading:20,already_present_exact_id,outputs/zotero_tpp_literature_pilot_20260828/unified_evidence_v2/unified_evidence_registry.csv
zotero_XAY2YYCX:pi_loading:22,already_present_exact_id,outputs/zotero_tpp_literature_pilot_20260828/unified_evidence_v2/unified_evidence_registry.csv
zotero_XAY2YYCX:pi_loading:7,already_present_exact_id,outputs/zotero_tpp_literature_pilot_20260828/unified_evidence_v2/unified_evidence_registry.csv
zotero_XAY2YYCX:sigma2:1,already_present_exact_id,outputs/zotero_tpp_literature_pilot_20260828/unified_evidence_v2/unified_evidence_registry.csv
zotero_XAY2YYCX:sigma2:14,already_present_exact_id,outputs/zotero_tpp_literature_pilot_20260828/unified_evidence_v2/unified_evidence_registry.csv
zotero_XAY2YYCX:sigma2:6,already_present_exact_id,outputs/zotero_tpp_literature_pilot_20260828/unified_evidence_v2/unified_evidence_registry.csv
zotero_XAY2YYCX:threshold:11,already_present_exact_id,outputs/zotero_tpp_literature_pilot_20260828/unified_evidence_v2/unified_evidence_registry.csv
zotero_XAY2YYCX:threshold:18,already_present_exact_id,outputs/zotero_tpp_literature_pilot_20260828/unified_evidence_v2/unified_evidence_registry.csv
zotero_XAY2YYCX:threshold:21,already_present_exact_id,outputs/zotero_tpp_literature_pilot_20260828/unified_evidence_v2/unified_evidence_registry.csv
zotero_XAY2YYCX:threshold:23,already_present_exact_id,outputs/zotero_tpp_literature_pilot_20260828/unified_evidence_v2/unified_evidence_registry.csv
zotero_XAY2YYCX:voxel_geometry:12,already_present_exact_id,outputs/zotero_tpp_literature_pilot_20260828/unified_evidence_v2/unified_evidence_registry.csv
zotero_XAY2YYCX:voxel_geometry:19,already_present_exact_id,outputs/zotero_tpp_literature_pilot_20260828/unified_evidence_v2/unified_evidence_registry.csv
zotero_XAY2YYCX:voxel_geometry:2,already_present_exact_id,outputs/zotero_tpp_literature_pilot_20260828/unified_evidence_v2/unified_evidence_registry.csv
zotero_XAY2YYCX:voxel_geometry:3,already_present_exact_id,outputs/zotero_tpp_literature_pilot_20260828/unified_evidence_v2/unified_evidence_registry.csv
zotero_ZI5SFNAQ:mechanism:13,already_present_exact_id,outputs/zotero_tpp_literature_pilot_20260828/unified_evidence_v2/unified_evidence_registry.csv
zotero_ZI5SFNAQ:mechanism:14,already_present_exact_id,outputs/zotero_tpp_literature_pilot_20260828/unified_evidence_v2/unified_evidence_registry.csv
zotero_ZI5SFNAQ:mechanism:18,already_present_exact_id,outputs/zotero_tpp_literature_pilot_20260828/unified_evidence_v2/unified_evidence_registry.csv
zotero_ZI5SFNAQ:mechanism:8,already_present_exact_id,outputs/zotero_tpp_literature_pilot_20260828/unified_evidence_v2/unified_evidence_registry.csv
zotero_ZI5SFNAQ:pi_loading:16,already_present_exact_id,outputs/zotero_tpp_literature_pilot_20260828/unified_evidence_v2/unified_evidence_registry.csv
zotero_ZI5SFNAQ:pi_loading:17,already_present_exact_id,outputs/zotero_tpp_literature_pilot_20260828/unified_evidence_v2/unified_evidence_registry.csv
zotero_ZI5SFNAQ:pi_loading:19,already_present_exact_id,outputs/zotero_tpp_literature_pilot_20260828/unified_evidence_v2/unified_evidence_registry.csv
zotero_ZI5SFNAQ:pi_loading:20,already_present_exact_id,outputs/zotero_tpp_literature_pilot_20260828/unified_evidence_v2/unified_evidence_registry.csv
zotero_ZI5SFNAQ:sigma2:12,already_present_exact_id,outputs/zotero_tpp_literature_pilot_20260828/unified_evidence_v2/unified_evidence_registry.csv
zotero_ZI5SFNAQ:sigma2:3,already_present_exact_id,outputs/zotero_tpp_literature_pilot_20260828/unified_evidence_v2/unified_evidence_registry.csv
zotero_ZI5SFNAQ:sigma2:4,already_present_exact_id,outputs/zotero_tpp_literature_pilot_20260828/unified_evidence_v2/unified_evidence_registry.csv
zotero_ZI5SFNAQ:sigma2:5,already_present_exact_id,outputs/zotero_tpp_literature_pilot_20260828/unified_evidence_v2/unified_evidence_registry.csv
zotero_ZI5SFNAQ:threshold:10,already_present_exact_id,outputs/zotero_tpp_literature_pilot_20260828/unified_evidence_v2/unified_evidence_registry.csv
zotero_ZI5SFNAQ:threshold:11,already_present_exact_id,outputs/zotero_tpp_literature_pilot_20260828/unified_evidence_v2/unified_evidence_registry.csv
zotero_ZI5SFNAQ:threshold:15,already_present_exact_id,outputs/zotero_tpp_literature_pilot_20260828/unified_evidence_v2/unified_evidence_registry.csv
zotero_ZI5SFNAQ:threshold:6,already_present_exact_id,outputs/zotero_tpp_literature_pilot_20260828/unified_evidence_v2/unified_evidence_registry.csv
zotero_ZI5SFNAQ:voxel_geometry:1,already_present_exact_id,outputs/zotero_tpp_literature_pilot_20260828/unified_evidence_v2/unified_evidence_registry.csv
zotero_ZI5SFNAQ:voxel_geometry:2,already_present_exact_id,outputs/zotero_tpp_literature_pilot_20260828/unified_evidence_v2/unified_evidence_registry.csv
zotero_ZI5SFNAQ:voxel_geometry:7,already_present_exact_id,outputs/zotero_tpp_literature_pilot_20260828/unified_evidence_v2/unified_evidence_registry.csv
zotero_ZI5SFNAQ:voxel_geometry:9,already_present_exact_id,outputs/zotero_tpp_literature_pilot_20260828/unified_evidence_v2/unified_evidence_registry.csv
