entity_id,paper_id,doi,source_label,candidate_channel,structure_candidate_id,page_number,raw_recognized_smiles,canonical_smiles,inchikey,fragment_count,contains_wildcard,rdkit_parse_ok,recognition_confidence,pairing_status,expected_text_inchikey,expected_fragment_match_count,expected_matching_fragment_smiles,other_fragment_smiles,source_location,molecule_crop_path,rendered_page_path
SRCENT-1677f2583369af7b6f,ZPC-000685,10.1021/ma9514838,PI 5,numbered,PANELSTR-ba988429ad4cff91b3,2,<invalid>,,,0,false,false,0.801113,unique_panel_pair,,0,,,"PDF page 2; structure bbox (263, 528, 521, 694); label bbox (374, 719, 388, 741)",outputs\literature_kb_numbered_structure_refinement_20260906\structure_crops\ZPC-000685\page_0002_structure_003.png,outputs\literature_kb_numbered_structure_refinement_20260906\source_pages\ZPC-000685\page_0002.png
SRCENT-1677f2583369af7b6f,ZPC-000685,10.1021/ma9514838,PI 5,numbered3,PANELSTR-ba988429ad4cff91b3,2,<invalid>,,,0,false,false,0.801113,unique_panel_pair,,0,,,"PDF page 2; structure bbox (263, 528, 521, 694); label bbox (374, 719, 388, 741)",outputs\literature_kb_numbered_structure_refinement_batch3_20260906\structure_crops\ZPC-000685\page_0002_structure_003.png,outputs\literature_kb_numbered_structure_refinement_batch3_20260906\source_pages\ZPC-000685\page_0002.png
SRCENT-1677f2583369af7b6f,ZPC-000685,10.1021/ma9514838,PI 5,source2,PANELSTR-ba988429ad4cff91b3,2,<invalid>,,,0,false,false,0.801113,unique_panel_pair,,0,,,"PDF page 2; structure bbox (263, 528, 521, 694); label bbox (374, 719, 388, 741)",outputs\literature_kb_source_structure_refinement_batch2_20260906\structure_crops\ZPC-000685\page_0002_structure_003.png,outputs\literature_kb_source_structure_refinement_batch2_20260906\source_pages\ZPC-000685\page_0002.png
SRCENT-189545e4be17562b10,ZPC-002104,10.1021/acsapm.5c01802,PI 2,numbered,PANELSTR-a92b7b445e322bdab4,7,C.C.C.C.C.C.C.C.C.C.C.C.CC.CCCCCCCCCCCCCCCCCCCCCCCCCCCCCCCCCCCCCCCCCCCCCCCCC1CC2C1C1C2C2C1C1C2C2C1C1C2C2C1C1C2C2C1C1C2C2C1C1C2C2C1C1C2C2C1C1C3C4C5C6C7C8C9C%10C%11C%12C%13C%14C%15C%16C%17C(CCCCCCCCC)CC%17C%16C%15C%14C%13C%12C%11C%10C9C8C7C6C5C4C3C21,C.C.C.C.C.C.C.C.C.C.C.C.CC.CCCCCCCCCCCCCCCCCCCCCCCCCCCCCCCCCCCCCCCCCCCCCCCCC1CC2C1C1C2C2C1C1C2C2C1C1C2C2C1C1C2C2C1C1C2C2C1C1C2C2C1C1C2C2C1C1C3C4C5C6C7C8C9C%10C%11C%12C%13C%14C%15C%16C%17C(CCCCCCCCC)CC%17C%16C%15C%14C%13C%12C%11C%10C9C8C7C6C5C4C3C21,DMFJZVSOGILHQS-UHFFFAOYSA-N,14,false,true,0.0,unique_panel_pair,,0,,,"PDF page 7; structure bbox (1783, 280, 2423, 602); label bbox (1751, 338, 1765, 371)",outputs\literature_kb_numbered_structure_refinement_20260906\structure_crops\ZPC-002104\page_0007_structure_003.png,outputs\literature_kb_numbered_structure_refinement_20260906\source_pages\ZPC-002104\page_0007.png
SRCENT-189545e4be17562b10,ZPC-002104,10.1021/acsapm.5c01802,PI 2,numbered,PANELSTR-b32cae463c22f7d916,7,C.C.C.C.C.C.C.C.C.C.C.C.CC.CCCCCCCCCCCCCCCCCCCCCCCCCCCCCCCCCCCCCCCCCCCCCCCCC1CC2C1C1C2C2C1C1C2C2C1C1C2C2C1C1C2C2C1C1C2C2C1C1C2C2C1C1C2C2C1C1C3C4C5C6C7C8C9C%10C%11C%12C%13C%14C%15C%16C%17C(CCCCCCCCC)CC%17C%16C%15C%14C%13C%12C%11C%10C9C8C7C6C5C4C3C21,C.C.C.C.C.C.C.C.C.C.C.C.CC.CCCCCCCCCCCCCCCCCCCCCCCCCCCCCCCCCCCCCCCCCCCCCCCCC1CC2C1C1C2C2C1C1C2C2C1C1C2C2C1C1C2C2C1C1C2C2C1C1C2C2C1C1C2C2C1C1C3C4C5C6C7C8C9C%10C%11C%12C%13C%14C%15C%16C%17C(CCCCCCCCC)CC%17C%16C%15C%14C%13C%12C%11C%10C9C8C7C6C5C4C3C21,DMFJZVSOGILHQS-UHFFFAOYSA-N,14,false,true,0.0,unique_panel_pair,,0,,,"PDF page 7; structure bbox (1783, 280, 2423, 602); label bbox (1964, 358, 1976, 394)",outputs\literature_kb_numbered_structure_refinement_20260906\structure_crops\ZPC-002104\page_0007_structure_003.png,outputs\literature_kb_numbered_structure_refinement_20260906\source_pages\ZPC-002104\page_0007.png
SRCENT-189545e4be17562b10,ZPC-002104,10.1021/acsapm.5c01802,PI 2,numbered,PANELSTR-47268f571ed96dd6d9,7,CC.CCCCCCCCCCCCC1CC2C1C1C2C2C1C1C2C2C1C1C23C2C14C31C23C42C14C31C23C42C14C31C23C42C14C31C23C42C14C31C23C42C14C31C23C42C14C31C23C42C14C31C23C42C14C31C23C42C14C31C23C42C14C31C23C42C14C31C23C42C14C31C23C42C14C31C23C42C14C31C23C42C14C31C23C42C14C31C23C42C14C31C23C42C14C31C23C42C14C31C23C42C14C31C23C42C14C31C23C42C14C31C23C42C14C31C23C42C14C31C23C42C45C67CC489C6C35(C78)C129,,,0,false,false,0.0,unique_panel_pair,,0,,,"PDF page 7; structure bbox (1114, 857, 1713, 1268); label bbox (1474, 1272, 1485, 1283)",outputs\literature_kb_numbered_structure_refinement_20260906\structure_crops\ZPC-002104\page_0007_structure_001.png,outputs\literature_kb_numbered_structure_refinement_20260906\source_pages\ZPC-002104\page_0007.png
SRCENT-189545e4be17562b10,ZPC-002104,10.1021/acsapm.5c01802,PI 2,numbered3,PANELSTR-a92b7b445e322bdab4,7,C.C.C.C.C.C.C.C.C.C.C.C.CC.CCCCCCCCCCCCCCCCCCCCCCCCCCCCCCCCCCCCCCCCCCCCCCCCC1CC2C1C1C2C2C1C1C2C2C1C1C2C2C1C1C2C2C1C1C2C2C1C1C2C2C1C1C2C2C1C1C3C4C5C6C7C8C9C%10C%11C%12C%13C%14C%15C%16C%17C(CCCCCCCCC)CC%17C%16C%15C%14C%13C%12C%11C%10C9C8C7C6C5C4C3C21,C.C.C.C.C.C.C.C.C.C.C.C.CC.CCCCCCCCCCCCCCCCCCCCCCCCCCCCCCCCCCCCCCCCCCCCCCCCC1CC2C1C1C2C2C1C1C2C2C1C1C2C2C1C1C2C2C1C1C2C2C1C1C2C2C1C1C2C2C1C1C3C4C5C6C7C8C9C%10C%11C%12C%13C%14C%15C%16C%17C(CCCCCCCCC)CC%17C%16C%15C%14C%13C%12C%11C%10C9C8C7C6C5C4C3C21,DMFJZVSOGILHQS-UHFFFAOYSA-N,14,false,true,0.0,unique_panel_pair,,0,,,"PDF page 7; structure bbox (1783, 280, 2423, 602); label bbox (1751, 338, 1765, 371)",outputs\literature_kb_numbered_structure_refinement_batch3_20260906\structure_crops\ZPC-002104\page_0007_structure_003.png,outputs\literature_kb_numbered_structure_refinement_batch3_20260906\source_pages\ZPC-002104\page_0007.png
SRCENT-189545e4be17562b10,ZPC-002104,10.1021/acsapm.5c01802,PI 2,numbered3,PANELSTR-b32cae463c22f7d916,7,C.C.C.C.C.C.C.C.C.C.C.C.CC.CCCCCCCCCCCCCCCCCCCCCCCCCCCCCCCCCCCCCCCCCCCCCCCCC1CC2C1C1C2C2C1C1C2C2C1C1C2C2C1C1C2C2C1C1C2C2C1C1C2C2C1C1C2C2C1C1C3C4C5C6C7C8C9C%10C%11C%12C%13C%14C%15C%16C%17C(CCCCCCCCC)CC%17C%16C%15C%14C%13C%12C%11C%10C9C8C7C6C5C4C3C21,C.C.C.C.C.C.C.C.C.C.C.C.CC.CCCCCCCCCCCCCCCCCCCCCCCCCCCCCCCCCCCCCCCCCCCCCCCCC1CC2C1C1C2C2C1C1C2C2C1C1C2C2C1C1C2C2C1C1C2C2C1C1C2C2C1C1C2C2C1C1C3C4C5C6C7C8C9C%10C%11C%12C%13C%14C%15C%16C%17C(CCCCCCCCC)CC%17C%16C%15C%14C%13C%12C%11C%10C9C8C7C6C5C4C3C21,DMFJZVSOGILHQS-UHFFFAOYSA-N,14,false,true,0.0,unique_panel_pair,,0,,,"PDF page 7; structure bbox (1783, 280, 2423, 602); label bbox (1964, 358, 1976, 394)",outputs\literature_kb_numbered_structure_refinement_batch3_20260906\structure_crops\ZPC-002104\page_0007_structure_003.png,outputs\literature_kb_numbered_structure_refinement_batch3_20260906\source_pages\ZPC-002104\page_0007.png
SRCENT-189545e4be17562b10,ZPC-002104,10.1021/acsapm.5c01802,PI 2,numbered3,PANELSTR-47268f571ed96dd6d9,7,CC.CCCCCCCCCCCCC1CC2C1C1C2C2C1C1C2C2C1C1C23C2C14C31C23C42C14C31C23C42C14C31C23C42C14C31C23C42C14C31C23C42C14C31C23C42C14C31C23C42C14C31C23C42C14C31C23C42C14C31C23C42C14C31C23C42C14C31C23C42C14C31C23C42C14C31C23C42C14C31C23C42C14C31C23C42C14C31C23C42C14C31C23C42C14C31C23C42C14C31C23C42C14C31C23C42C14C31C23C42C14C31C23C42C14C31C23C42C14C31C23C42C45C67CC489C6C35(C78)C129,,,0,false,false,0.0,unique_panel_pair,,0,,,"PDF page 7; structure bbox (1114, 857, 1713, 1268); label bbox (1474, 1272, 1485, 1283)",outputs\literature_kb_numbered_structure_refinement_batch3_20260906\structure_crops\ZPC-002104\page_0007_structure_001.png,outputs\literature_kb_numbered_structure_refinement_batch3_20260906\source_pages\ZPC-002104\page_0007.png
SRCENT-189545e4be17562b10,ZPC-002104,10.1021/acsapm.5c01802,PI 2,source,PANELSTR-a92b7b445e322bdab4,7,C.C.C.C.C.C.C.C.C.C.C.C.CC.CCCCCCCCCCCCCCCCCCCCCCCCCCCCCCCCCCCCCCCCCCCCCCCCC1CC2C1C1C2C2C1C1C2C2C1C1C2C2C1C1C2C2C1C1C2C2C1C1C2C2C1C1C2C2C1C1C3C4C5C6C7C8C9C%10C%11C%12C%13C%14C%15C%16C%17C(CCCCCCCCC)CC%17C%16C%15C%14C%13C%12C%11C%10C9C8C7C6C5C4C3C21,C.C.C.C.C.C.C.C.C.C.C.C.CC.CCCCCCCCCCCCCCCCCCCCCCCCCCCCCCCCCCCCCCCCCCCCCCCCC1CC2C1C1C2C2C1C1C2C2C1C1C2C2C1C1C2C2C1C1C2C2C1C1C2C2C1C1C2C2C1C1C3C4C5C6C7C8C9C%10C%11C%12C%13C%14C%15C%16C%17C(CCCCCCCCC)CC%17C%16C%15C%14C%13C%12C%11C%10C9C8C7C6C5C4C3C21,DMFJZVSOGILHQS-UHFFFAOYSA-N,14,false,true,0.0,unique_panel_pair,,0,,,"PDF page 7; structure bbox (1783, 280, 2423, 602); label bbox (1751, 338, 1765, 371)",LOCAL_SOURCE_ROOT_REDACTED\outputs\literature_kb_source_structure_refinement_20260906\structure_crops\ZPC-002104\page_0007_structure_003.png,LOCAL_SOURCE_ROOT_REDACTED\outputs\literature_kb_source_structure_refinement_20260906\source_pages\ZPC-002104\page_0007.png
SRCENT-189545e4be17562b10,ZPC-002104,10.1021/acsapm.5c01802,PI 2,source,PANELSTR-b32cae463c22f7d916,7,C.C.C.C.C.C.C.C.C.C.C.C.CC.CCCCCCCCCCCCCCCCCCCCCCCCCCCCCCCCCCCCCCCCCCCCCCCCC1CC2C1C1C2C2C1C1C2C2C1C1C2C2C1C1C2C2C1C1C2C2C1C1C2C2C1C1C2C2C1C1C3C4C5C6C7C8C9C%10C%11C%12C%13C%14C%15C%16C%17C(CCCCCCCCC)CC%17C%16C%15C%14C%13C%12C%11C%10C9C8C7C6C5C4C3C21,C.C.C.C.C.C.C.C.C.C.C.C.CC.CCCCCCCCCCCCCCCCCCCCCCCCCCCCCCCCCCCCCCCCCCCCCCCCC1CC2C1C1C2C2C1C1C2C2C1C1C2C2C1C1C2C2C1C1C2C2C1C1C2C2C1C1C2C2C1C1C3C4C5C6C7C8C9C%10C%11C%12C%13C%14C%15C%16C%17C(CCCCCCCCC)CC%17C%16C%15C%14C%13C%12C%11C%10C9C8C7C6C5C4C3C21,DMFJZVSOGILHQS-UHFFFAOYSA-N,14,false,true,0.0,unique_panel_pair,,0,,,"PDF page 7; structure bbox (1783, 280, 2423, 602); label bbox (1964, 358, 1976, 394)",LOCAL_SOURCE_ROOT_REDACTED\outputs\literature_kb_source_structure_refinement_20260906\structure_crops\ZPC-002104\page_0007_structure_003.png,LOCAL_SOURCE_ROOT_REDACTED\outputs\literature_kb_source_structure_refinement_20260906\source_pages\ZPC-002104\page_0007.png
SRCENT-189545e4be17562b10,ZPC-002104,10.1021/acsapm.5c01802,PI 2,source,PANELSTR-47268f571ed96dd6d9,7,CC.CCCCCCCCCCCCC1CC2C1C1C2C2C1C1C2C2C1C1C23C2C14C31C23C42C14C31C23C42C14C31C23C42C14C31C23C42C14C31C23C42C14C31C23C42C14C31C23C42C14C31C23C42C14C31C23C42C14C31C23C42C14C31C23C42C14C31C23C42C14C31C23C42C14C31C23C42C14C31C23C42C14C31C23C42C14C31C23C42C14C31C23C42C14C31C23C42C14C31C23C42C14C31C23C42C14C31C23C42C14C31C23C42C14C31C23C42C14C31C23C42C45C67CC489C6C35(C78)C129,,,0,false,false,0.0,unique_panel_pair,,0,,,"PDF page 7; structure bbox (1114, 857, 1713, 1268); label bbox (1474, 1272, 1485, 1283)",LOCAL_SOURCE_ROOT_REDACTED\outputs\literature_kb_source_structure_refinement_20260906\structure_crops\ZPC-002104\page_0007_structure_001.png,LOCAL_SOURCE_ROOT_REDACTED\outputs\literature_kb_source_structure_refinement_20260906\source_pages\ZPC-002104\page_0007.png
SRCENT-1f6359af56a12920ee,zotero_87BWABRN,10.1039/c4tc00706a,compound 1,numbered,PANELSTR-fe37b0c60e53425b30,4,C=C/C(C)=C\C=C1/C=CC(SC)=CC1.COc1ccc(/C=C/c2ccc(N(c3ccc(/C=C/c4ccccc4)cc3)c3ccc(/C=C/c4ccc(SC)cc4)cc3)cc2)cc1,C=C/C(C)=C\C=C1/C=CC(SC)=CC1.COc1ccc(/C=C/c2ccc(N(c3ccc(/C=C/c4ccccc4)cc3)c3ccc(/C=C/c4ccc(SC)cc4)cc3)cc2)cc1,JDANKSYCHHZRFV-CHKDMDBASA-N,2,false,true,0.703934,unique_panel_pair,,0,,,"PDF page 4; structure bbox (370, 448, 999, 1083); label bbox (308, 1172, 321, 1191)",outputs\literature_kb_numbered_structure_refinement_20260906\structure_crops\zotero_87BWABRN\page_0004_structure_004.png,outputs\literature_kb_numbered_structure_refinement_20260906\source_pages\zotero_87BWABRN\page_0004.png
SRCENT-1f6359af56a12920ee,zotero_87BWABRN,10.1039/c4tc00706a,compound 1,numbered,PANELSTR-8511487735ea125264,5,I.O=Cc1ccc(N(c2ccccc2)c2ccccc2)cc1,I.O=Cc1ccc(N(c2ccccc2)c2ccccc2)cc1,DRCJTQZFRHCJMV-UHFFFAOYSA-N,2,false,true,0.879574,unique_panel_pair,,0,,,"PDF page 5; structure bbox (909, 337, 1132, 499); label bbox (812, 427, 847, 455)",outputs\literature_kb_numbered_structure_refinement_20260906\structure_crops\zotero_87BWABRN\page_0005_structure_006.png,outputs\literature_kb_numbered_structure_refinement_20260906\source_pages\zotero_87BWABRN\page_0005.png
SRCENT-1f6359af56a12920ee,zotero_87BWABRN,10.1039/c4tc00706a,compound 1,numbered,PANELSTR-cd65f0a4f290e2996a,5,CSc1ccc(/C=C/c2ccc(N(c3ccccc3)c3ccccc3)cc2)cc1,CSc1ccc(/C=C/c2ccc(N(c3ccccc3)c3ccccc3)cc2)cc1,XTVQGIVPSPYJPS-OUKQBFOZSA-N,1,false,true,0.86751,unique_panel_pair,,0,,,"PDF page 5; structure bbox (1683, 340, 2046, 501); label bbox (1861, 429, 1873, 460)",outputs\literature_kb_numbered_structure_refinement_20260906\structure_crops\zotero_87BWABRN\page_0005_structure_009.png,outputs\literature_kb_numbered_structure_refinement_20260906\source_pages\zotero_87BWABRN\page_0005.png
SRCENT-1f6359af56a12920ee,zotero_87BWABRN,10.1039/c4tc00706a,compound 1,numbered260,PANELSTR-72e8ceefcdbdb29721,4,<invalid>,,,0,false,false,0.898356,unique_panel_pair,,0,,,"PDF page 4; structure bbox (231, 207, 609, 392); label bbox (202, 277, 215, 307)",outputs\literature_kb_numbered_structure_refinement_dpi260_20260906\structure_crops\zotero_87BWABRN\page_0004_structure_002.png,outputs\literature_kb_numbered_structure_refinement_dpi260_20260906\source_pages\zotero_87BWABRN\page_0004.png
SRCENT-1f6359af56a12920ee,zotero_87BWABRN,10.1039/c4tc00706a,compound 1,numbered260,PANELSTR-180c91f558f7a413c0,4,C=C/C(C)=C\C=C1/C=CC(SC)=CC1.COc1ccc(/C=C/c2ccc(N(c3ccc(/C=C/c4ccccc4)cc3)c3ccc(/C=C/c4ccc(SC)cc4)cc3)cc2)cc1,C=C/C(C)=C\C=C1/C=CC(SC)=CC1.COc1ccc(/C=C/c2ccc(N(c3ccc(/C=C/c4ccccc4)cc3)c3ccc(/C=C/c4ccc(SC)cc4)cc3)cc2)cc1,JDANKSYCHHZRFV-CHKDMDBASA-N,2,false,true,0.719882,unique_panel_pair,,0,,,"PDF page 4; structure bbox (298, 364, 811, 880); label bbox (250, 952, 267, 968)",outputs\literature_kb_numbered_structure_refinement_dpi260_20260906\structure_crops\zotero_87BWABRN\page_0004_structure_004.png,outputs\literature_kb_numbered_structure_refinement_dpi260_20260906\source_pages\zotero_87BWABRN\page_0004.png
SRCENT-1f6359af56a12920ee,zotero_87BWABRN,10.1039/c4tc00706a,compound 1,numbered260,PANELSTR-70d8c5d65a01bd39db,5,O=Cc1ccc(N(c2ccccc2)c2ccccc2)cc1,O=Cc1ccc(N(c2ccccc2)c2ccccc2)cc1,UESSERYYFWCTBU-UHFFFAOYSA-N,1,false,true,0.902846,unique_panel_pair,,0,,,"PDF page 5; structure bbox (738, 273, 919, 405); label bbox (660, 346, 689, 369)",outputs\literature_kb_numbered_structure_refinement_dpi260_20260906\structure_crops\zotero_87BWABRN\page_0005_structure_005.png,outputs\literature_kb_numbered_structure_refinement_dpi260_20260906\source_pages\zotero_87BWABRN\page_0005.png
SRCENT-1f6359af56a12920ee,zotero_87BWABRN,10.1039/c4tc00706a,compound 1,numbered260,PANELSTR-84882df82105f6ce63,5,CSc1ccc(/C=C/c2ccc(N(c3ccccc3)c3ccccc3)cc2)cc1,CSc1ccc(/C=C/c2ccc(N(c3ccccc3)c3ccccc3)cc2)cc1,XTVQGIVPSPYJPS-OUKQBFOZSA-N,1,false,true,0.866324,unique_panel_pair,,0,,,"PDF page 5; structure bbox (1368, 276, 1663, 408); label bbox (1513, 348, 1522, 374)",outputs\literature_kb_numbered_structure_refinement_dpi260_20260906\structure_crops\zotero_87BWABRN\page_0005_structure_009.png,outputs\literature_kb_numbered_structure_refinement_dpi260_20260906\source_pages\zotero_87BWABRN\page_0005.png
SRCENT-1f6359af56a12920ee,zotero_87BWABRN,10.1039/c4tc00706a,compound 1,numbered400,PANELSTR-799082be67a4f35aeb,4,C=CC(=C)/C=C/c1ccc(SC)cc1.COc1ccc(/C=C/c2ccc(N(c3ccc(/C=C/c4ccc(I)cc4)cc3)c3ccc(/C=C/c4ccc(SC)cc4)cc3)cc2)cc1,C=CC(=C)/C=C/c1ccc(SC)cc1.COc1ccc(/C=C/c2ccc(N(c3ccc(/C=C/c4ccc(I)cc4)cc3)c3ccc(/C=C/c4ccc(SC)cc4)cc3)cc2)cc1,QABLYLKGHWMHBZ-GWVWDZBFSA-N,2,false,true,0.883814,unique_panel_pair,,0,,,"PDF page 4; structure bbox (489, 561, 1248, 1354); label bbox (385, 1465, 401, 1489)",outputs\literature_kb_numbered_structure_refinement_dpi400_20260906\structure_crops\zotero_87BWABRN\page_0004_structure_004.png,outputs\literature_kb_numbered_structure_refinement_dpi400_20260906\source_pages\zotero_87BWABRN\page_0004.png
SRCENT-1f6359af56a12920ee,zotero_87BWABRN,10.1039/c4tc00706a,compound 1,numbered400,PANELSTR-b44d40c682f832a6e1,5,O=Cc1ccc(N(c2ccccc2)c2ccccc2)cc1,O=Cc1ccc(N(c2ccccc2)c2ccccc2)cc1,UESSERYYFWCTBU-UHFFFAOYSA-N,1,false,true,0.885964,unique_panel_pair,,0,,,"PDF page 5; structure bbox (1137, 421, 1416, 624); label bbox (1016, 533, 1059, 569)",outputs\literature_kb_numbered_structure_refinement_dpi400_20260906\structure_crops\zotero_87BWABRN\page_0005_structure_005.png,outputs\literature_kb_numbered_structure_refinement_dpi400_20260906\source_pages\zotero_87BWABRN\page_0005.png
SRCENT-1f6359af56a12920ee,zotero_87BWABRN,10.1039/c4tc00706a,compound 1,numbered400,PANELSTR-0c932e4c7cc9ea8509,5,CSc1ccc(/C=C/c2ccc(N(c3ccccc3)c3ccccc3)cc2)cc1,CSc1ccc(/C=C/c2ccc(N(c3ccccc3)c3ccccc3)cc2)cc1,XTVQGIVPSPYJPS-OUKQBFOZSA-N,1,false,true,0.8765,unique_panel_pair,,0,,,"PDF page 5; structure bbox (2106, 426, 2561, 627); label bbox (2327, 536, 2342, 576)",outputs\literature_kb_numbered_structure_refinement_dpi400_20260906\structure_crops\zotero_87BWABRN\page_0005_structure_009.png,outputs\literature_kb_numbered_structure_refinement_dpi400_20260906\source_pages\zotero_87BWABRN\page_0005.png
SRCENT-1f6359af56a12920ee,zotero_87BWABRN,10.1039/c4tc00706a,compound 1,source2,PANELSTR-fe37b0c60e53425b30,4,C=C/C(C)=C\C=C1/C=CC(SC)=CC1.COc1ccc(/C=C/c2ccc(N(c3ccc(/C=C/c4ccccc4)cc3)c3ccc(/C=C/c4ccc(SC)cc4)cc3)cc2)cc1,C=C/C(C)=C\C=C1/C=CC(SC)=CC1.COc1ccc(/C=C/c2ccc(N(c3ccc(/C=C/c4ccccc4)cc3)c3ccc(/C=C/c4ccc(SC)cc4)cc3)cc2)cc1,JDANKSYCHHZRFV-CHKDMDBASA-N,2,false,true,0.703934,unique_panel_pair,,0,,,"PDF page 4; structure bbox (370, 448, 999, 1083); label bbox (308, 1172, 321, 1191)",outputs\literature_kb_source_structure_refinement_batch2_20260906\structure_crops\zotero_87BWABRN\page_0004_structure_004.png,outputs\literature_kb_source_structure_refinement_batch2_20260906\source_pages\zotero_87BWABRN\page_0004.png
SRCENT-1f6359af56a12920ee,zotero_87BWABRN,10.1039/c4tc00706a,compound 1,source2,PANELSTR-8511487735ea125264,5,I.O=Cc1ccc(N(c2ccccc2)c2ccccc2)cc1,I.O=Cc1ccc(N(c2ccccc2)c2ccccc2)cc1,DRCJTQZFRHCJMV-UHFFFAOYSA-N,2,false,true,0.879574,unique_panel_pair,,0,,,"PDF page 5; structure bbox (909, 337, 1132, 499); label bbox (812, 427, 847, 455)",outputs\literature_kb_source_structure_refinement_batch2_20260906\structure_crops\zotero_87BWABRN\page_0005_structure_006.png,outputs\literature_kb_source_structure_refinement_batch2_20260906\source_pages\zotero_87BWABRN\page_0005.png
SRCENT-1f6359af56a12920ee,zotero_87BWABRN,10.1039/c4tc00706a,compound 1,source2,PANELSTR-cd65f0a4f290e2996a,5,CSc1ccc(/C=C/c2ccc(N(c3ccccc3)c3ccccc3)cc2)cc1,CSc1ccc(/C=C/c2ccc(N(c3ccccc3)c3ccccc3)cc2)cc1,XTVQGIVPSPYJPS-OUKQBFOZSA-N,1,false,true,0.86751,unique_panel_pair,,0,,,"PDF page 5; structure bbox (1683, 340, 2046, 501); label bbox (1861, 429, 1873, 460)",outputs\literature_kb_source_structure_refinement_batch2_20260906\structure_crops\zotero_87BWABRN\page_0005_structure_009.png,outputs\literature_kb_source_structure_refinement_batch2_20260906\source_pages\zotero_87BWABRN\page_0005.png
SRCENT-43926d3c957ac62ca5,ZPC-004587,10.1021/acsapm.2c00316,H-Nu,numbered,PANELSTR-009003468886bace9a,3,CCOc1cccc([IH]c2ccccc2)c1,CCOc1cccc([IH]c2ccccc2)c1,NGHFOBRBHXLPIG-UHFFFAOYSA-N,1,false,true,0.875617,unique_panel_pair,,0,,,"PDF page 3; structure bbox (1427, 1164, 1659, 1361); label bbox (1656, 1163, 1779, 1185)",outputs\literature_kb_numbered_structure_refinement_20260906\structure_crops\ZPC-004587\page_0003_structure_004.png,outputs\literature_kb_numbered_structure_refinement_20260906\source_pages\ZPC-004587\page_0003.png
SRCENT-43926d3c957ac62ca5,ZPC-004587,10.1021/acsapm.2c00316,H-Nu,numbered260,PANELSTR-7a216a5cad736b7297,3,CCOc1cccc([IH]c2ccccc2)c1,CCOc1cccc([IH]c2ccccc2)c1,NGHFOBRBHXLPIG-UHFFFAOYSA-N,1,false,true,0.857135,unique_panel_pair,,0,,,"PDF page 3; structure bbox (1160, 946, 1349, 1107); label bbox (1346, 946, 1432, 963)",outputs\literature_kb_numbered_structure_refinement_dpi260_20260906\structure_crops\ZPC-004587\page_0003_structure_004.png,outputs\literature_kb_numbered_structure_refinement_dpi260_20260906\source_pages\ZPC-004587\page_0003.png
SRCENT-43926d3c957ac62ca5,ZPC-004587,10.1021/acsapm.2c00316,H-Nu,numbered400,PANELSTR-19988eae25c79e01a3,3,CCOc1cccc([IH]c2ccccc2)c1,CCOc1cccc([IH]c2ccccc2)c1,NGHFOBRBHXLPIG-UHFFFAOYSA-N,1,false,true,0.890209,unique_panel_pair,,0,,,"PDF page 3; structure bbox (1785, 1455, 2076, 1700); label bbox (2071, 1454, 2225, 1481)",outputs\literature_kb_numbered_structure_refinement_dpi400_20260906\structure_crops\ZPC-004587\page_0003_structure_004.png,outputs\literature_kb_numbered_structure_refinement_dpi400_20260906\source_pages\ZPC-004587\page_0003.png
SRCENT-43926d3c957ac62ca5,ZPC-004587,10.1021/acsapm.2c00316,H-Nu,source2,PANELSTR-009003468886bace9a,3,CCOc1cccc([IH]c2ccccc2)c1,CCOc1cccc([IH]c2ccccc2)c1,NGHFOBRBHXLPIG-UHFFFAOYSA-N,1,false,true,0.875617,unique_panel_pair,,0,,,"PDF page 3; structure bbox (1427, 1164, 1659, 1361); label bbox (1656, 1163, 1779, 1185)",outputs\literature_kb_source_structure_refinement_batch2_20260906\structure_crops\ZPC-004587\page_0003_structure_004.png,outputs\literature_kb_source_structure_refinement_batch2_20260906\source_pages\ZPC-004587\page_0003.png
SRCENT-46074ac79ecf8ea92d,OA2P-000181,10.1038/ncomms11975,PI 4,numbered,PANELSTR-0b0991663ac6943cd1,3,Cc1cc(C)c(C(=O)P(=O)(C(=O)c2c(C)cc(C)cc2C)c2ccccc2)c(C)c1,Cc1cc(C)c(C(=O)P(=O)(C(=O)c2c(C)cc(C)cc2C)c2ccccc2)c(C)c1,GUCYFKSBFREPBC-UHFFFAOYSA-N,1,false,true,0.903157,ambiguous_panel_pair,,0,,,"PDF page 3; structure bbox (1228, 2677, 1572, 2866); label bbox (1345, 2879, 1369, 2906)",outputs\literature_kb_numbered_structure_refinement_20260906\structure_crops\OA2P-000181\page_0003_structure_001.png,outputs\literature_kb_numbered_structure_refinement_20260906\source_pages\OA2P-000181\page_0003.png
SRCENT-46074ac79ecf8ea92d,OA2P-000181,10.1038/ncomms11975,PI 4,numbered260,PANELSTR-385e4575c09cdeca78,3,Cc1cc(C)c(C(=O)P(=O)(C(=O)c2c(C)cc(C)cc2C)c2ccccc2)c(C)c1,Cc1cc(C)c(C(=O)P(=O)(C(=O)c2c(C)cc(C)cc2C)c2ccccc2)c(C)c1,GUCYFKSBFREPBC-UHFFFAOYSA-N,1,false,true,0.90317,ambiguous_panel_pair,,0,,,"PDF page 3; structure bbox (998, 2176, 1278, 2328); label bbox (1093, 2339, 1112, 2361)",outputs\literature_kb_numbered_structure_refinement_dpi260_20260906\structure_crops\OA2P-000181\page_0003_structure_001.png,outputs\literature_kb_numbered_structure_refinement_dpi260_20260906\source_pages\OA2P-000181\page_0003.png
SRCENT-46074ac79ecf8ea92d,OA2P-000181,10.1038/ncomms11975,PI 4,numbered260,PANELSTR-016107b5320c2a3bcf,3,C=CC(=O)OCCCCCCOc1ccc(C(=O)Oc2ccc(OC(=O)/C(C=C)=C/C)c(C)c2)cc1,C=CC(=O)OCCCCCCOc1ccc(C(=O)Oc2ccc(OC(=O)/C(C=C)=C/C)c(C)c2)cc1,SKKMCIRVJBFPPB-GEVRCRHISA-N,1,false,true,0.895787,ambiguous_panel_pair,,0,,,"PDF page 3; structure bbox (415, 2381, 990, 2494); label bbox (779, 2396, 805, 2471)",outputs\literature_kb_numbered_structure_refinement_dpi260_20260906\structure_crops\OA2P-000181\page_0003_structure_003.png,outputs\literature_kb_numbered_structure_refinement_dpi260_20260906\source_pages\OA2P-000181\page_0003.png
SRCENT-46074ac79ecf8ea92d,OA2P-000181,10.1038/ncomms11975,PI 4,numbered400,PANELSTR-35a6d437637222ab16,3,Cc1cc(C)c(C(=O)P(=O)(C(=O)c2c(C)cc(C)cc2C)c2ccccc2)c(C)c1,Cc1cc(C)c(C(=O)P(=O)(C(=O)c2c(C)cc(C)cc2C)c2ccccc2)c(C)c1,GUCYFKSBFREPBC-UHFFFAOYSA-N,1,false,true,0.903802,ambiguous_panel_pair,,0,,,"PDF page 3; structure bbox (1536, 3346, 1967, 3581); label bbox (1682, 3598, 1702, 3626)",outputs\literature_kb_numbered_structure_refinement_dpi400_20260906\structure_crops\OA2P-000181\page_0003_structure_001.png,outputs\literature_kb_numbered_structure_refinement_dpi400_20260906\source_pages\OA2P-000181\page_0003.png
SRCENT-46074ac79ecf8ea92d,OA2P-000181,10.1038/ncomms11975,PI 4,source2,PANELSTR-0b0991663ac6943cd1,3,Cc1cc(C)c(C(=O)P(=O)(C(=O)c2c(C)cc(C)cc2C)c2ccccc2)c(C)c1,Cc1cc(C)c(C(=O)P(=O)(C(=O)c2c(C)cc(C)cc2C)c2ccccc2)c(C)c1,GUCYFKSBFREPBC-UHFFFAOYSA-N,1,false,true,0.903157,ambiguous_panel_pair,,0,,,"PDF page 3; structure bbox (1228, 2677, 1572, 2866); label bbox (1345, 2879, 1369, 2906)",outputs\literature_kb_source_structure_refinement_batch2_20260906\structure_crops\OA2P-000181\page_0003_structure_001.png,outputs\literature_kb_source_structure_refinement_batch2_20260906\source_pages\OA2P-000181\page_0003.png
SRCENT-5e2ce95f52eb9ad889,ZPC-003074,10.1016/j.saa.2007.07.064,compound 4,numbered,PANELSTR-1d75b04cefc47b0242,2,C=C(C)/C=C/c1ccc(OCc2ccc(C(=O)c3ccccc3)cc2)cc1,C=C(C)/C=C/c1ccc(OCc2ccc(C(=O)c3ccccc3)cc2)cc1,DPJDUQKXEQQKCZ-CMDGGOBGSA-N,1,false,true,0.890536,ambiguous_panel_pair,,0,,,"PDF page 2; structure bbox (1270, 2613, 2006, 2817); label bbox (1513, 2828, 1725, 2867)",outputs\literature_kb_numbered_structure_refinement_20260906\structure_crops\ZPC-003074\page_0002_structure_005.png,outputs\literature_kb_numbered_structure_refinement_20260906\source_pages\ZPC-003074\page_0002.png
SRCENT-5e2ce95f52eb9ad889,ZPC-003074,10.1016/j.saa.2007.07.064,compound 4,numbered,PANELSTR-e699f00d16e760bb6b,2,C=C(C)/C=C/c1ccc(OCc2ccc(C(=O)c3ccccc3)cc2)cc1,C=C(C)/C=C/c1ccc(OCc2ccc(C(=O)c3ccccc3)cc2)cc1,DPJDUQKXEQQKCZ-CMDGGOBGSA-N,1,false,true,0.890536,ambiguous_panel_pair,,0,,,"PDF page 2; structure bbox (1270, 2613, 2006, 2817); label bbox (1706, 2828, 1725, 2858)",outputs\literature_kb_numbered_structure_refinement_20260906\structure_crops\ZPC-003074\page_0002_structure_005.png,outputs\literature_kb_numbered_structure_refinement_20260906\source_pages\ZPC-003074\page_0002.png
SRCENT-5e2ce95f52eb9ad889,ZPC-003074,10.1016/j.saa.2007.07.064,compound 4,numbered,PANELSTR-61b88f6e9374539f94,3,C=CC(=C)COc1ccc(/C=C/c2ccc([N+](=O)[O-])cc2)cc1,C=CC(=C)COc1ccc(/C=C/c2ccc([N+](=O)[O-])cc2)cc1,WWXXTGLKUPWNCJ-SNAWJCMRSA-N,1,false,true,0.833136,unique_panel_pair,,0,,,"PDF page 3; structure bbox (1364, 458, 2093, 641); label bbox (1402, 558, 1420, 576)",outputs\literature_kb_numbered_structure_refinement_20260906\structure_crops\ZPC-003074\page_0003_structure_009.png,outputs\literature_kb_numbered_structure_refinement_20260906\source_pages\ZPC-003074\page_0003.png
SRCENT-5e2ce95f52eb9ad889,ZPC-003074,10.1016/j.saa.2007.07.064,compound 4,numbered,PANELSTR-11cd6b15bc1e0546f5,3,CCN(C)c1ccc(/C=C/c2ccc([N+](=O)[O-])cc2)cc1,CCN(C)c1ccc(/C=C/c2ccc([N+](=O)[O-])cc2)cc1,VQNWUYBYEQIZNS-SNAWJCMRSA-N,1,false,true,0.884775,unique_panel_pair,,0,,,"PDF page 3; structure bbox (1456, 1617, 2215, 1823); label bbox (1504, 1740, 1525, 1762)",outputs\literature_kb_numbered_structure_refinement_20260906\structure_crops\ZPC-003074\page_0003_structure_006.png,outputs\literature_kb_numbered_structure_refinement_20260906\source_pages\ZPC-003074\page_0003.png
SRCENT-5e2ce95f52eb9ad889,ZPC-003074,10.1016/j.saa.2007.07.064,compound 4,numbered,PANELSTR-566e0fb7d15324ddb2,3,O=C(O)Cc1ccc([N+](=O)[O-])cc1,O=C(O)Cc1ccc([N+](=O)[O-])cc1,YBADLXQNJCMBKR-UHFFFAOYSA-N,1,false,true,0.897837,unique_panel_pair,,0,,,"PDF page 3; structure bbox (228, 2262, 640, 2382); label bbox (356, 2275, 378, 2369)",outputs\literature_kb_numbered_structure_refinement_20260906\structure_crops\ZPC-003074\page_0003_structure_005.png,outputs\literature_kb_numbered_structure_refinement_20260906\source_pages\ZPC-003074\page_0003.png
SRCENT-5e2ce95f52eb9ad889,ZPC-003074,10.1016/j.saa.2007.07.064,compound 4,numbered,PANELSTR-c9213fda0398ae0a52,3,O=C(O)Cc1ccc([N+](=O)[O-])cc1,O=C(O)Cc1ccc([N+](=O)[O-])cc1,YBADLXQNJCMBKR-UHFFFAOYSA-N,1,false,true,0.897837,unique_panel_pair,,0,,,"PDF page 3; structure bbox (228, 2262, 640, 2382); label bbox (356, 2275, 440, 2369)",outputs\literature_kb_numbered_structure_refinement_20260906\structure_crops\ZPC-003074\page_0003_structure_005.png,outputs\literature_kb_numbered_structure_refinement_20260906\source_pages\ZPC-003074\page_0003.png
SRCENT-5e2ce95f52eb9ad889,ZPC-003074,10.1016/j.saa.2007.07.064,compound 4,numbered,PANELSTR-bf35c6d9eeba4013a4,3,O=[N+]([O-])c1ccc(/C=C/c2ccc(OCc3ccccc3)cc2)cc1,O=[N+]([O-])c1ccc(/C=C/c2ccc(OCc3ccccc3)cc2)cc1,PARNMRYPQGPYSI-VOTSOKGWSA-N,1,false,true,0.900172,ambiguous_panel_pair,,0,,,"PDF page 3; structure bbox (440, 3073, 1179, 3242); label bbox (855, 3277, 1036, 3309)",outputs\literature_kb_numbered_structure_refinement_20260906\structure_crops\ZPC-003074\page_0003_structure_008.png,outputs\literature_kb_numbered_structure_refinement_20260906\source_pages\ZPC-003074\page_0003.png
SRCENT-5e2ce95f52eb9ad889,ZPC-003074,10.1016/j.saa.2007.07.064,compound 4,numbered,PANELSTR-5b986bde76b6ccecaf,3,O=[N+]([O-])c1ccc(/C=C/c2ccc(OCc3ccccc3)cc2)cc1,O=[N+]([O-])c1ccc(/C=C/c2ccc(OCc3ccccc3)cc2)cc1,PARNMRYPQGPYSI-VOTSOKGWSA-N,1,false,true,0.900172,unique_panel_pair,,0,,,"PDF page 3; structure bbox (440, 3073, 1179, 3242); label bbox (1013, 3277, 1036, 3301)",outputs\literature_kb_numbered_structure_refinement_20260906\structure_crops\ZPC-003074\page_0003_structure_008.png,outputs\literature_kb_numbered_structure_refinement_20260906\source_pages\ZPC-003074\page_0003.png
SRCENT-5e2ce95f52eb9ad889,ZPC-003074,10.1016/j.saa.2007.07.064,compound 4,numbered,PANELSTR-d328b0fef1d479eb31,4,COCCN(C)c1ccc(/C=C/c2ccc([I+])cc2)cc1,COCCN(C)c1ccc(/C=C/c2ccc([I+])cc2)cc1,GEGBATKUNKOLIT-ONEGZZNKSA-N,1,false,true,0.86327,unique_panel_pair,,0,,,"PDF page 4; structure bbox (268, 1797, 1093, 2025); label bbox (226, 1912, 247, 1933)",outputs\literature_kb_numbered_structure_refinement_20260906\structure_crops\ZPC-003074\page_0004_structure_008.png,outputs\literature_kb_numbered_structure_refinement_20260906\source_pages\ZPC-003074\page_0004.png
SRCENT-5e2ce95f52eb9ad889,ZPC-003074,10.1016/j.saa.2007.07.064,compound 4,numbered260,PANELSTR-b461c058e077d5ab9c,2,C=C(C)/C=C/c1ccc(OCc2ccc(C(=O)c3ccccc3)cc2)cc1,C=C(C)/C=C/c1ccc(OCc2ccc(C(=O)c3ccccc3)cc2)cc1,DPJDUQKXEQQKCZ-CMDGGOBGSA-N,1,false,true,0.887033,ambiguous_panel_pair,,0,,,"PDF page 2; structure bbox (1032, 2124, 1630, 2289); label bbox (1229, 2298, 1402, 2331)",outputs\literature_kb_numbered_structure_refinement_dpi260_20260906\structure_crops\ZPC-003074\page_0002_structure_005.png,outputs\literature_kb_numbered_structure_refinement_dpi260_20260906\source_pages\ZPC-003074\page_0002.png
SRCENT-5e2ce95f52eb9ad889,ZPC-003074,10.1016/j.saa.2007.07.064,compound 4,numbered260,PANELSTR-1f5c9f125421959f66,2,C=C(C)/C=C/c1ccc(OCc2ccc(C(=O)c3ccccc3)cc2)cc1,C=C(C)/C=C/c1ccc(OCc2ccc(C(=O)c3ccccc3)cc2)cc1,DPJDUQKXEQQKCZ-CMDGGOBGSA-N,1,false,true,0.887033,ambiguous_panel_pair,,0,,,"PDF page 2; structure bbox (1032, 2124, 1630, 2289); label bbox (1386, 2299, 1402, 2323)",outputs\literature_kb_numbered_structure_refinement_dpi260_20260906\structure_crops\ZPC-003074\page_0002_structure_005.png,outputs\literature_kb_numbered_structure_refinement_dpi260_20260906\source_pages\ZPC-003074\page_0002.png
SRCENT-5e2ce95f52eb9ad889,ZPC-003074,10.1016/j.saa.2007.07.064,compound 4,numbered260,PANELSTR-90d29a2463d62025c4,3,C=CC(=C)COc1ccc(/C=C/c2ccc([N+](=O)[O-])cc2)cc1,C=CC(=C)COc1ccc(/C=C/c2ccc([N+](=O)[O-])cc2)cc1,WWXXTGLKUPWNCJ-SNAWJCMRSA-N,1,false,true,0.834398,unique_panel_pair,,0,,,"PDF page 3; structure bbox (1108, 372, 1701, 522); label bbox (1139, 454, 1154, 468)",outputs\literature_kb_numbered_structure_refinement_dpi260_20260906\structure_crops\ZPC-003074\page_0003_structure_010.png,outputs\literature_kb_numbered_structure_refinement_dpi260_20260906\source_pages\ZPC-003074\page_0003.png
SRCENT-5e2ce95f52eb9ad889,ZPC-003074,10.1016/j.saa.2007.07.064,compound 4,numbered260,PANELSTR-5d61dd4d621304b8ce,3,CN(CI)c1ccc(/C=C/c2ccc([N+](=O)[O-])cc2)cc1,CN(CI)c1ccc(/C=C/c2ccc([N+](=O)[O-])cc2)cc1,MEBNSVAMCCDKCD-NSCUHMNNSA-N,1,false,true,0.890665,unique_panel_pair,,0,,,"PDF page 3; structure bbox (1184, 1315, 1801, 1482); label bbox (1322, 1322, 1330, 1342)",outputs\literature_kb_numbered_structure_refinement_dpi260_20260906\structure_crops\ZPC-003074\page_0003_structure_006.png,outputs\literature_kb_numbered_structure_refinement_dpi260_20260906\source_pages\ZPC-003074\page_0003.png
SRCENT-5e2ce95f52eb9ad889,ZPC-003074,10.1016/j.saa.2007.07.064,compound 4,numbered260,PANELSTR-b3d05a5dbfe6e61716,3,CN(CI)c1ccc(/C=C/c2ccc([N+](=O)[O-])cc2)cc1,CN(CI)c1ccc(/C=C/c2ccc([N+](=O)[O-])cc2)cc1,MEBNSVAMCCDKCD-NSCUHMNNSA-N,1,false,true,0.890665,unique_panel_pair,,0,,,"PDF page 3; structure bbox (1184, 1315, 1801, 1482); label bbox (1221, 1415, 1238, 1432)",outputs\literature_kb_numbered_structure_refinement_dpi260_20260906\structure_crops\ZPC-003074\page_0003_structure_006.png,outputs\literature_kb_numbered_structure_refinement_dpi260_20260906\source_pages\ZPC-003074\page_0003.png
SRCENT-5e2ce95f52eb9ad889,ZPC-003074,10.1016/j.saa.2007.07.064,compound 4,numbered260,PANELSTR-4e16eb6ddc98f1ec3e,3,O=C(O)Cc1ccc([N+](=O)[O-])cc1,O=C(O)Cc1ccc([N+](=O)[O-])cc1,YBADLXQNJCMBKR-UHFFFAOYSA-N,1,false,true,0.888318,unique_panel_pair,,0,,,"PDF page 3; structure bbox (185, 1838, 520, 1935); label bbox (288, 1849, 307, 1925)",outputs\literature_kb_numbered_structure_refinement_dpi260_20260906\structure_crops\ZPC-003074\page_0003_structure_005.png,outputs\literature_kb_numbered_structure_refinement_dpi260_20260906\source_pages\ZPC-003074\page_0003.png
SRCENT-5e2ce95f52eb9ad889,ZPC-003074,10.1016/j.saa.2007.07.064,compound 4,numbered260,PANELSTR-0bdd08eb178915604b,3,O=C(O)Cc1ccc([N+](=O)[O-])cc1,O=C(O)Cc1ccc([N+](=O)[O-])cc1,YBADLXQNJCMBKR-UHFFFAOYSA-N,1,false,true,0.888318,unique_panel_pair,,0,,,"PDF page 3; structure bbox (185, 1838, 520, 1935); label bbox (288, 1849, 358, 1925)",outputs\literature_kb_numbered_structure_refinement_dpi260_20260906\structure_crops\ZPC-003074\page_0003_structure_005.png,outputs\literature_kb_numbered_structure_refinement_dpi260_20260906\source_pages\ZPC-003074\page_0003.png
SRCENT-5e2ce95f52eb9ad889,ZPC-003074,10.1016/j.saa.2007.07.064,compound 4,numbered260,PANELSTR-4ee4116ecfd4176b34,3,O=[N+]([O-])c1ccc(/C=C/c2ccc(OCc3ccccc3)cc2)cc1,O=[N+]([O-])c1ccc(/C=C/c2ccc(OCc3ccccc3)cc2)cc1,PARNMRYPQGPYSI-VOTSOKGWSA-N,1,false,true,0.898904,ambiguous_panel_pair,,0,,,"PDF page 3; structure bbox (358, 2496, 958, 2635); label bbox (694, 2663, 842, 2689)",outputs\literature_kb_numbered_structure_refinement_dpi260_20260906\structure_crops\ZPC-003074\page_0003_structure_008.png,outputs\literature_kb_numbered_structure_refinement_dpi260_20260906\source_pages\ZPC-003074\page_0003.png
SRCENT-5e2ce95f52eb9ad889,ZPC-003074,10.1016/j.saa.2007.07.064,compound 4,numbered260,PANELSTR-568937e8d3f2508a93,3,O=[N+]([O-])c1ccc(/C=C/c2ccc(OCc3ccccc3)cc2)cc1,O=[N+]([O-])c1ccc(/C=C/c2ccc(OCc3ccccc3)cc2)cc1,PARNMRYPQGPYSI-VOTSOKGWSA-N,1,false,true,0.898904,unique_panel_pair,,0,,,"PDF page 3; structure bbox (358, 2496, 958, 2635); label bbox (823, 2663, 842, 2683)",outputs\literature_kb_numbered_structure_refinement_dpi260_20260906\structure_crops\ZPC-003074\page_0003_structure_008.png,outputs\literature_kb_numbered_structure_refinement_dpi260_20260906\source_pages\ZPC-003074\page_0003.png
SRCENT-5e2ce95f52eb9ad889,ZPC-003074,10.1016/j.saa.2007.07.064,compound 4,numbered260,PANELSTR-f1f583d1a54cb6ba26,4,C=CC(=C)N(C)CCOCc1ccc(C(=O)c2ccccc2)cc1,C=CC(=C)N(C)CCOCc1ccc(C(=O)c2ccccc2)cc1,JPJBOHBZPVVBLO-UHFFFAOYSA-N,1,false,true,0.822099,unique_panel_pair,,0,,,"PDF page 4; structure bbox (603, 1465, 1273, 1659); label bbox (941, 1516, 949, 1537)",outputs\literature_kb_numbered_structure_refinement_dpi260_20260906\structure_crops\ZPC-003074\page_0004_structure_008.png,outputs\literature_kb_numbered_structure_refinement_dpi260_20260906\source_pages\ZPC-003074\page_0004.png
SRCENT-5e2ce95f52eb9ad889,ZPC-003074,10.1016/j.saa.2007.07.064,compound 4,numbered260,PANELSTR-5f872847a81c0d9ecd,4,*c1ccc(/C=C/c2ccc(N(C)CCOC)cc2)cc1,*c1ccc(/C=C/c2ccc(N(C)CCOC)cc2)cc1,,1,true,true,0.834946,unique_panel_pair,,0,,,"PDF page 4; structure bbox (219, 1460, 888, 1645); label bbox (183, 1553, 200, 1571)",outputs\literature_kb_numbered_structure_refinement_dpi260_20260906\structure_crops\ZPC-003074\page_0004_structure_007.png,outputs\literature_kb_numbered_structure_refinement_dpi260_20260906\source_pages\ZPC-003074\page_0004.png
SRCENT-5e2ce95f52eb9ad889,ZPC-003074,10.1016/j.saa.2007.07.064,compound 4,numbered400,PANELSTR-1ae07d09b15c68f7ca,2,C=C(C)/C=C/c1ccc(OCc2ccc(C(=O)c3ccccc3)cc2)cc1,C=C(C)/C=C/c1ccc(OCc2ccc(C(=O)c3ccccc3)cc2)cc1,DPJDUQKXEQQKCZ-CMDGGOBGSA-N,1,false,true,0.894863,ambiguous_panel_pair,,0,,,"PDF page 2; structure bbox (1589, 3267, 2508, 3521); label bbox (1891, 3535, 2156, 3585)",outputs\literature_kb_numbered_structure_refinement_dpi400_20260906\structure_crops\ZPC-003074\page_0002_structure_005.png,outputs\literature_kb_numbered_structure_refinement_dpi400_20260906\source_pages\ZPC-003074\page_0002.png
SRCENT-5e2ce95f52eb9ad889,ZPC-003074,10.1016/j.saa.2007.07.064,compound 4,numbered400,PANELSTR-1687442741a748fdfc,2,C=C(C)/C=C/c1ccc(OCc2ccc(C(=O)c3ccccc3)cc2)cc1,C=C(C)/C=C/c1ccc(OCc2ccc(C(=O)c3ccccc3)cc2)cc1,DPJDUQKXEQQKCZ-CMDGGOBGSA-N,1,false,true,0.894863,ambiguous_panel_pair,,0,,,"PDF page 2; structure bbox (1589, 3267, 2508, 3521); label bbox (2133, 3536, 2156, 3573)",outputs\literature_kb_numbered_structure_refinement_dpi400_20260906\structure_crops\ZPC-003074\page_0002_structure_005.png,outputs\literature_kb_numbered_structure_refinement_dpi400_20260906\source_pages\ZPC-003074\page_0002.png
SRCENT-5e2ce95f52eb9ad889,ZPC-003074,10.1016/j.saa.2007.07.064,compound 4,numbered400,PANELSTR-bf329041a7ec3bdfff,3,CN(CI)c1ccc(/C=C/c2ccc([N+](=O)[O-])cc2)cc1,CN(CI)c1ccc(/C=C/c2ccc([N+](=O)[O-])cc2)cc1,MEBNSVAMCCDKCD-NSCUHMNNSA-N,1,false,true,0.889859,unique_panel_pair,,0,,,"PDF page 3; structure bbox (1823, 2023, 2770, 2279); label bbox (1880, 2176, 1906, 2203)",outputs\literature_kb_numbered_structure_refinement_dpi400_20260906\structure_crops\ZPC-003074\page_0003_structure_006.png,outputs\literature_kb_numbered_structure_refinement_dpi400_20260906\source_pages\ZPC-003074\page_0003.png
SRCENT-5e2ce95f52eb9ad889,ZPC-003074,10.1016/j.saa.2007.07.064,compound 4,numbered400,PANELSTR-ba70093905a9f675f9,3,O=[N+]([O-])c1ccc(/C=C/c2ccc(OCc3ccccc3)cc2)cc1,O=[N+]([O-])c1ccc(/C=C/c2ccc(OCc3ccccc3)cc2)cc1,PARNMRYPQGPYSI-VOTSOKGWSA-N,1,false,true,0.888481,ambiguous_panel_pair,,0,,,"PDF page 3; structure bbox (551, 3840, 1474, 4054); label bbox (1068, 4096, 1296, 4137)",outputs\literature_kb_numbered_structure_refinement_dpi400_20260906\structure_crops\ZPC-003074\page_0003_structure_008.png,outputs\literature_kb_numbered_structure_refinement_dpi400_20260906\source_pages\ZPC-003074\page_0003.png
SRCENT-5e2ce95f52eb9ad889,ZPC-003074,10.1016/j.saa.2007.07.064,compound 4,numbered400,PANELSTR-59928b3ea60b67742b,3,O=[N+]([O-])c1ccc(/C=C/c2ccc(OCc3ccccc3)cc2)cc1,O=[N+]([O-])c1ccc(/C=C/c2ccc(OCc3ccccc3)cc2)cc1,PARNMRYPQGPYSI-VOTSOKGWSA-N,1,false,true,0.888481,unique_panel_pair,,0,,,"PDF page 3; structure bbox (551, 3840, 1474, 4054); label bbox (1266, 4096, 1296, 4127)",outputs\literature_kb_numbered_structure_refinement_dpi400_20260906\structure_crops\ZPC-003074\page_0003_structure_008.png,outputs\literature_kb_numbered_structure_refinement_dpi400_20260906\source_pages\ZPC-003074\page_0003.png
SRCENT-5e2ce95f52eb9ad889,ZPC-003074,10.1016/j.saa.2007.07.064,compound 4,numbered400,PANELSTR-539fc5ddaa2eaf40ab,4,O=C(O)Cc1ccc([N+](=O)[O-])cc1,O=C(O)Cc1ccc([N+](=O)[O-])cc1,YBADLXQNJCMBKR-UHFFFAOYSA-N,1,false,true,0.88289,unique_panel_pair,,0,,,"PDF page 4; structure bbox (313, 606, 852, 761); label bbox (479, 623, 508, 745)",outputs\literature_kb_numbered_structure_refinement_dpi400_20260906\structure_crops\ZPC-003074\page_0004_structure_002.png,outputs\literature_kb_numbered_structure_refinement_dpi400_20260906\source_pages\ZPC-003074\page_0004.png
SRCENT-5e2ce95f52eb9ad889,ZPC-003074,10.1016/j.saa.2007.07.064,compound 4,numbered400,PANELSTR-c667108314ea99e473,4,<invalid>,,,0,false,false,0.840107,unique_panel_pair,,0,,,"PDF page 4; structure bbox (342, 2247, 1366, 2531); label bbox (574, 2324, 597, 2356)",outputs\literature_kb_numbered_structure_refinement_dpi400_20260906\structure_crops\ZPC-003074\page_0004_structure_007.png,outputs\literature_kb_numbered_structure_refinement_dpi400_20260906\source_pages\ZPC-003074\page_0004.png
SRCENT-5e2ce95f52eb9ad889,ZPC-003074,10.1016/j.saa.2007.07.064,compound 4,numbered400,PANELSTR-08c40c4ad1301dd754,4,<invalid>,,,0,false,false,0.840107,unique_panel_pair,,0,,,"PDF page 4; structure bbox (342, 2247, 1366, 2531); label bbox (282, 2390, 308, 2417)",outputs\literature_kb_numbered_structure_refinement_dpi400_20260906\structure_crops\ZPC-003074\page_0004_structure_007.png,outputs\literature_kb_numbered_structure_refinement_dpi400_20260906\source_pages\ZPC-003074\page_0004.png
SRCENT-5e2ce95f52eb9ad889,ZPC-003074,10.1016/j.saa.2007.07.064,compound 4,source2,PANELSTR-1d75b04cefc47b0242,2,C=C(C)/C=C/c1ccc(OCc2ccc(C(=O)c3ccccc3)cc2)cc1,C=C(C)/C=C/c1ccc(OCc2ccc(C(=O)c3ccccc3)cc2)cc1,DPJDUQKXEQQKCZ-CMDGGOBGSA-N,1,false,true,0.890536,ambiguous_panel_pair,,0,,,"PDF page 2; structure bbox (1270, 2613, 2006, 2817); label bbox (1513, 2828, 1725, 2867)",outputs\literature_kb_source_structure_refinement_batch2_20260906\structure_crops\ZPC-003074\page_0002_structure_005.png,outputs\literature_kb_source_structure_refinement_batch2_20260906\source_pages\ZPC-003074\page_0002.png
SRCENT-5e2ce95f52eb9ad889,ZPC-003074,10.1016/j.saa.2007.07.064,compound 4,source2,PANELSTR-e699f00d16e760bb6b,2,C=C(C)/C=C/c1ccc(OCc2ccc(C(=O)c3ccccc3)cc2)cc1,C=C(C)/C=C/c1ccc(OCc2ccc(C(=O)c3ccccc3)cc2)cc1,DPJDUQKXEQQKCZ-CMDGGOBGSA-N,1,false,true,0.890536,ambiguous_panel_pair,,0,,,"PDF page 2; structure bbox (1270, 2613, 2006, 2817); label bbox (1706, 2828, 1725, 2858)",outputs\literature_kb_source_structure_refinement_batch2_20260906\structure_crops\ZPC-003074\page_0002_structure_005.png,outputs\literature_kb_source_structure_refinement_batch2_20260906\source_pages\ZPC-003074\page_0002.png
SRCENT-5e2ce95f52eb9ad889,ZPC-003074,10.1016/j.saa.2007.07.064,compound 4,source2,PANELSTR-61b88f6e9374539f94,3,C=CC(=C)COc1ccc(/C=C/c2ccc([N+](=O)[O-])cc2)cc1,C=CC(=C)COc1ccc(/C=C/c2ccc([N+](=O)[O-])cc2)cc1,WWXXTGLKUPWNCJ-SNAWJCMRSA-N,1,false,true,0.833136,unique_panel_pair,,0,,,"PDF page 3; structure bbox (1364, 458, 2093, 641); label bbox (1402, 558, 1420, 576)",outputs\literature_kb_source_structure_refinement_batch2_20260906\structure_crops\ZPC-003074\page_0003_structure_009.png,outputs\literature_kb_source_structure_refinement_batch2_20260906\source_pages\ZPC-003074\page_0003.png
SRCENT-5e2ce95f52eb9ad889,ZPC-003074,10.1016/j.saa.2007.07.064,compound 4,source2,PANELSTR-11cd6b15bc1e0546f5,3,CCN(C)c1ccc(/C=C/c2ccc([N+](=O)[O-])cc2)cc1,CCN(C)c1ccc(/C=C/c2ccc([N+](=O)[O-])cc2)cc1,VQNWUYBYEQIZNS-SNAWJCMRSA-N,1,false,true,0.884775,unique_panel_pair,,0,,,"PDF page 3; structure bbox (1456, 1617, 2215, 1823); label bbox (1504, 1740, 1525, 1762)",outputs\literature_kb_source_structure_refinement_batch2_20260906\structure_crops\ZPC-003074\page_0003_structure_006.png,outputs\literature_kb_source_structure_refinement_batch2_20260906\source_pages\ZPC-003074\page_0003.png
SRCENT-5e2ce95f52eb9ad889,ZPC-003074,10.1016/j.saa.2007.07.064,compound 4,source2,PANELSTR-566e0fb7d15324ddb2,3,O=C(O)Cc1ccc([N+](=O)[O-])cc1,O=C(O)Cc1ccc([N+](=O)[O-])cc1,YBADLXQNJCMBKR-UHFFFAOYSA-N,1,false,true,0.897837,unique_panel_pair,,0,,,"PDF page 3; structure bbox (228, 2262, 640, 2382); label bbox (356, 2275, 378, 2369)",outputs\literature_kb_source_structure_refinement_batch2_20260906\structure_crops\ZPC-003074\page_0003_structure_005.png,outputs\literature_kb_source_structure_refinement_batch2_20260906\source_pages\ZPC-003074\page_0003.png
SRCENT-5e2ce95f52eb9ad889,ZPC-003074,10.1016/j.saa.2007.07.064,compound 4,source2,PANELSTR-c9213fda0398ae0a52,3,O=C(O)Cc1ccc([N+](=O)[O-])cc1,O=C(O)Cc1ccc([N+](=O)[O-])cc1,YBADLXQNJCMBKR-UHFFFAOYSA-N,1,false,true,0.897837,unique_panel_pair,,0,,,"PDF page 3; structure bbox (228, 2262, 640, 2382); label bbox (356, 2275, 440, 2369)",outputs\literature_kb_source_structure_refinement_batch2_20260906\structure_crops\ZPC-003074\page_0003_structure_005.png,outputs\literature_kb_source_structure_refinement_batch2_20260906\source_pages\ZPC-003074\page_0003.png
SRCENT-5e2ce95f52eb9ad889,ZPC-003074,10.1016/j.saa.2007.07.064,compound 4,source2,PANELSTR-bf35c6d9eeba4013a4,3,O=[N+]([O-])c1ccc(/C=C/c2ccc(OCc3ccccc3)cc2)cc1,O=[N+]([O-])c1ccc(/C=C/c2ccc(OCc3ccccc3)cc2)cc1,PARNMRYPQGPYSI-VOTSOKGWSA-N,1,false,true,0.900172,ambiguous_panel_pair,,0,,,"PDF page 3; structure bbox (440, 3073, 1179, 3242); label bbox (855, 3277, 1036, 3309)",outputs\literature_kb_source_structure_refinement_batch2_20260906\structure_crops\ZPC-003074\page_0003_structure_008.png,outputs\literature_kb_source_structure_refinement_batch2_20260906\source_pages\ZPC-003074\page_0003.png
SRCENT-5e2ce95f52eb9ad889,ZPC-003074,10.1016/j.saa.2007.07.064,compound 4,source2,PANELSTR-5b986bde76b6ccecaf,3,O=[N+]([O-])c1ccc(/C=C/c2ccc(OCc3ccccc3)cc2)cc1,O=[N+]([O-])c1ccc(/C=C/c2ccc(OCc3ccccc3)cc2)cc1,PARNMRYPQGPYSI-VOTSOKGWSA-N,1,false,true,0.900172,unique_panel_pair,,0,,,"PDF page 3; structure bbox (440, 3073, 1179, 3242); label bbox (1013, 3277, 1036, 3301)",outputs\literature_kb_source_structure_refinement_batch2_20260906\structure_crops\ZPC-003074\page_0003_structure_008.png,outputs\literature_kb_source_structure_refinement_batch2_20260906\source_pages\ZPC-003074\page_0003.png
SRCENT-5e2ce95f52eb9ad889,ZPC-003074,10.1016/j.saa.2007.07.064,compound 4,source2,PANELSTR-d328b0fef1d479eb31,4,COCCN(C)c1ccc(/C=C/c2ccc([I+])cc2)cc1,COCCN(C)c1ccc(/C=C/c2ccc([I+])cc2)cc1,GEGBATKUNKOLIT-ONEGZZNKSA-N,1,false,true,0.86327,unique_panel_pair,,0,,,"PDF page 4; structure bbox (268, 1797, 1093, 2025); label bbox (226, 1912, 247, 1933)",outputs\literature_kb_source_structure_refinement_batch2_20260906\structure_crops\ZPC-003074\page_0004_structure_008.png,outputs\literature_kb_source_structure_refinement_batch2_20260906\source_pages\ZPC-003074\page_0004.png
SRCENT-6066f2aca821b037dc,ZPC-004253,10.1002/pi.1835,compound 4,named1,PANELSTR-28615e0f99430671c7,2,C1C[NH+]23CC[NH+]1C2C3.CC(=O)C1=CC=C(C2=CC=C(C(=O)C3=CC=CC=C3)C=C2)C=C1,,,0,false,false,0.720013,one_structure_matches_multiple_registered_labels,,0,,,"PDF page 2; structure bbox (1389, 2774, 2169, 2948); label bbox (1617, 3009, 1863, 3054)",outputs\literature_kb_named_structure_refinement_batch1_20260906\structure_crops\ZPC-004253\page_0002_structure_012.png,outputs\literature_kb_named_structure_refinement_batch1_20260906\source_pages\ZPC-004253\page_0002.png
SRCENT-6066f2aca821b037dc,ZPC-004253,10.1002/pi.1835,compound 4,named1,PANELSTR-a067b86cc89f5afafa,2,C[NH+]1CN2CC3CN4CC[NH+]3(C4)C21,,,0,false,false,0.458069,ambiguous_panel_pair,,0,,,"PDF page 2; structure bbox (1462, 3098, 2153, 3255); label bbox (1839, 3009, 1863, 3044)",outputs\literature_kb_named_structure_refinement_batch1_20260906\structure_crops\ZPC-004253\page_0002_structure_007.png,outputs\literature_kb_named_structure_refinement_batch1_20260906\source_pages\ZPC-004253\page_0002.png
SRCENT-6066f2aca821b037dc,ZPC-004253,10.1002/pi.1835,compound 4,numbered,PANELSTR-28615e0f99430671c7,2,C1C[NH+]23CC[NH+]1C2C3.CC(=O)C1=CC=C(C2=CC=C(C(=O)C3=CC=CC=C3)C=C2)C=C1,,,0,false,false,0.720013,one_structure_matches_multiple_registered_labels,,0,,,"PDF page 2; structure bbox (1389, 2774, 2169, 2948); label bbox (1617, 3009, 1863, 3054)",outputs\literature_kb_numbered_structure_refinement_20260906\structure_crops\ZPC-004253\page_0002_structure_012.png,outputs\literature_kb_numbered_structure_refinement_20260906\source_pages\ZPC-004253\page_0002.png
SRCENT-6066f2aca821b037dc,ZPC-004253,10.1002/pi.1835,compound 4,numbered,PANELSTR-a067b86cc89f5afafa,2,C[NH+]1CN2CC3CN4CC[NH+]3(C4)C21,,,0,false,false,0.458069,ambiguous_panel_pair,,0,,,"PDF page 2; structure bbox (1462, 3098, 2153, 3255); label bbox (1839, 3009, 1863, 3044)",outputs\literature_kb_numbered_structure_refinement_20260906\structure_crops\ZPC-004253\page_0002_structure_007.png,outputs\literature_kb_numbered_structure_refinement_20260906\source_pages\ZPC-004253\page_0002.png
SRCENT-6066f2aca821b037dc,ZPC-004253,10.1002/pi.1835,compound 4,numbered260,PANELSTR-3ddbde78be0c872f78,2,C1CN2(C3CN4CCN3CC4)CCN1CC2.CC(=O)C1=CC=C(C2=CC=C(C(=O)C3=CC=CC=C3)C=C2)C=C1,,,0,false,false,0.159962,one_structure_matches_multiple_registered_labels,,0,,,"PDF page 2; structure bbox (1098, 2254, 1739, 2395); label bbox (1313, 2444, 1513, 2481)",outputs\literature_kb_numbered_structure_refinement_dpi260_20260906\structure_crops\ZPC-004253\page_0002_structure_012.png,outputs\literature_kb_numbered_structure_refinement_dpi260_20260906\source_pages\ZPC-004253\page_0002.png
SRCENT-6066f2aca821b037dc,ZPC-004253,10.1002/pi.1835,compound 4,numbered260,PANELSTR-7b33156ccd235fdc4e,2,C[NH+]1CN2CC3CN4CC[NH+]3(C4)C21,,,0,false,false,0.287816,ambiguous_panel_pair,,0,,,"PDF page 2; structure bbox (1188, 2517, 1749, 2645); label bbox (1494, 2444, 1513, 2473)",outputs\literature_kb_numbered_structure_refinement_dpi260_20260906\structure_crops\ZPC-004253\page_0002_structure_009.png,outputs\literature_kb_numbered_structure_refinement_dpi260_20260906\source_pages\ZPC-004253\page_0002.png
SRCENT-6066f2aca821b037dc,ZPC-004253,10.1002/pi.1835,compound 4,numbered260,PANELSTR-ba4cd2b9d9902053c6,5,CC.CCCCCCCCCCCCC1CC2C1C1C2C2C3CC(CCCCCCCCCCCCCCC4CC5C4C4C5C5C4C4C56C5C47C64C56C75C47C64C56C75C47C64C56C75C47C64C56C75C47C64C56C75C47C64C56C75C47C64C56C75C47C64C56C75C47C64C56C75C47C64C56C75C78C9%10C%11%12C%13%14C%15%16C%17%18C%19%20C%21%22C%23%24C%25%26C%27%28C%29%30C%31%32C%33%34CC%35(C)C%33C%31%33C%35%34C%32%31C%33%29C%27%29C%31%30C%28%27C%29%25C%23%25C%27%26C%24%23C%25%21C%19%21C%23%22C%20%19C%21%17C%15%17C%19%18C%16%15C%17%13C%11%13C%15%14C%12%11C%139C79C%11%10C68C945)C3C21,CC.CCCCCCCCCCCCC1CC2C1C1C2C2C3CC(CCCCCCCCCCCCCCC4CC5C4C4C5C5C4C4C56C5C47C64C56C75C47C64C56C75C47C64C56C75C47C64C56C75C47C64C56C75C47C64C56C75C47C64C56C75C47C64C56C75C47C64C56C75C47C64C56C75C78C9%10C%11%12C%13%14C%15%16C%17%18C%19%20C%21%22C%23%24C%25%26C%27%28C%29%30C%31%32C%33%34CC%35(C)C%33C%31%33C%35%34C%32%31C%33%29C%27%29C%31%30C%28%27C%29%25C%23%25C%27%26C%24%23C%25%21C%19%21C%23%22C%20%19C%21%17C%15%17C%19%18C%16%15C%17%13C%11%13C%15%14C%12%11C%139C79C%11%10C68C945)C3C21,DXWRWGQKGKQROF-UHFFFAOYSA-N,2,false,true,0.0,unique_panel_pair,,0,,,"PDF page 5; structure bbox (215, 1350, 849, 1774); label bbox (313, 1329, 323, 1331)",outputs\literature_kb_numbered_structure_refinement_dpi260_20260906\structure_crops\ZPC-004253\page_0005_structure_001.png,outputs\literature_kb_numbered_structure_refinement_dpi260_20260906\source_pages\ZPC-004253\page_0005.png
SRCENT-6066f2aca821b037dc,ZPC-004253,10.1002/pi.1835,compound 4,numbered260,PANELSTR-82dd3679b0ed77e0fe,5,CC.CCCCCCCCCCCCC1CC2C1C1C2C2C3CC(CCCCCCCCCCCCCCC4CC5C4C4C5C5C4C4C56C5C47C64C56C75C47C64C56C75C47C64C56C75C47C64C56C75C47C64C56C75C47C64C56C75C47C64C56C75C47C64C56C75C47C64C56C75C47C64C56C75C78C9%10C%11%12C%13%14C%15%16C%17%18C%19%20C%21%22C%23%24C%25%26C%27%28C%29%30C%31%32C%33%34CC%35(C)C%33C%31%33C%35%34C%32%31C%33%29C%27%29C%31%30C%28%27C%29%25C%23%25C%27%26C%24%23C%25%21C%19%21C%23%22C%20%19C%21%17C%15%17C%19%18C%16%15C%17%13C%11%13C%15%14C%12%11C%139C79C%11%10C68C945)C3C21,CC.CCCCCCCCCCCCC1CC2C1C1C2C2C3CC(CCCCCCCCCCCCCCC4CC5C4C4C5C5C4C4C56C5C47C64C56C75C47C64C56C75C47C64C56C75C47C64C56C75C47C64C56C75C47C64C56C75C47C64C56C75C47C64C56C75C47C64C56C75C47C64C56C75C78C9%10C%11%12C%13%14C%15%16C%17%18C%19%20C%21%22C%23%24C%25%26C%27%28C%29%30C%31%32C%33%34CC%35(C)C%33C%31%33C%35%34C%32%31C%33%29C%27%29C%31%30C%28%27C%29%25C%23%25C%27%26C%24%23C%25%21C%19%21C%23%22C%20%19C%21%17C%15%17C%19%18C%16%15C%17%13C%11%13C%15%14C%12%11C%139C79C%11%10C68C945)C3C21,DXWRWGQKGKQROF-UHFFFAOYSA-N,2,false,true,0.0,unique_panel_pair,,0,,,"PDF page 5; structure bbox (215, 1350, 849, 1774); label bbox (313, 1384, 323, 1386)",outputs\literature_kb_numbered_structure_refinement_dpi260_20260906\structure_crops\ZPC-004253\page_0005_structure_001.png,outputs\literature_kb_numbered_structure_refinement_dpi260_20260906\source_pages\ZPC-004253\page_0005.png
SRCENT-6066f2aca821b037dc,ZPC-004253,10.1002/pi.1835,compound 4,numbered260,PANELSTR-346fc3e39866a07d5f,5,CC.CCCCCCCCCCCCC1CC2C1C1C2C2C3CC(CCCCCCCCCCCCCCC4CC5C4C4C5C5C4C4C56C5C47C64C56C75C47C64C56C75C47C64C56C75C47C64C56C75C47C64C56C75C47C64C56C75C47C64C56C75C47C64C56C75C47C64C56C75C47C64C56C75C78C9%10C%11%12C%13%14C%15%16C%17%18C%19%20C%21%22C%23%24C%25%26C%27%28C%29%30C%31%32C%33%34CC%35(C)C%33C%31%33C%35%34C%32%31C%33%29C%27%29C%31%30C%28%27C%29%25C%23%25C%27%26C%24%23C%25%21C%19%21C%23%22C%20%19C%21%17C%15%17C%19%18C%16%15C%17%13C%11%13C%15%14C%12%11C%139C79C%11%10C68C945)C3C21,CC.CCCCCCCCCCCCC1CC2C1C1C2C2C3CC(CCCCCCCCCCCCCCC4CC5C4C4C5C5C4C4C56C5C47C64C56C75C47C64C56C75C47C64C56C75C47C64C56C75C47C64C56C75C47C64C56C75C47C64C56C75C47C64C56C75C47C64C56C75C47C64C56C75C78C9%10C%11%12C%13%14C%15%16C%17%18C%19%20C%21%22C%23%24C%25%26C%27%28C%29%30C%31%32C%33%34CC%35(C)C%33C%31%33C%35%34C%32%31C%33%29C%27%29C%31%30C%28%27C%29%25C%23%25C%27%26C%24%23C%25%21C%19%21C%23%22C%20%19C%21%17C%15%17C%19%18C%16%15C%17%13C%11%13C%15%14C%12%11C%139C79C%11%10C68C945)C3C21,DXWRWGQKGKQROF-UHFFFAOYSA-N,2,false,true,0.0,unique_panel_pair,,0,,,"PDF page 5; structure bbox (215, 1350, 849, 1774); label bbox (313, 1439, 323, 1441)",outputs\literature_kb_numbered_structure_refinement_dpi260_20260906\structure_crops\ZPC-004253\page_0005_structure_001.png,outputs\literature_kb_numbered_structure_refinement_dpi260_20260906\source_pages\ZPC-004253\page_0005.png
SRCENT-6066f2aca821b037dc,ZPC-004253,10.1002/pi.1835,compound 4,numbered260,PANELSTR-8b0fae1f519cc7beba,5,CC.CCCCCCCCCCCCC1CC2C1C1C2C2C3CC(CCCCCCCCCCCCCCC4CC5C4C4C5C5C4C4C56C5C47C64C56C75C47C64C56C75C47C64C56C75C47C64C56C75C47C64C56C75C47C64C56C75C47C64C56C75C47C64C56C75C47C64C56C75C47C64C56C75C78C9%10C%11%12C%13%14C%15%16C%17%18C%19%20C%21%22C%23%24C%25%26C%27%28C%29%30C%31%32C%33%34CC%35(C)C%33C%31%33C%35%34C%32%31C%33%29C%27%29C%31%30C%28%27C%29%25C%23%25C%27%26C%24%23C%25%21C%19%21C%23%22C%20%19C%21%17C%15%17C%19%18C%16%15C%17%13C%11%13C%15%14C%12%11C%139C79C%11%10C68C945)C3C21,CC.CCCCCCCCCCCCC1CC2C1C1C2C2C3CC(CCCCCCCCCCCCCCC4CC5C4C4C5C5C4C4C56C5C47C64C56C75C47C64C56C75C47C64C56C75C47C64C56C75C47C64C56C75C47C64C56C75C47C64C56C75C47C64C56C75C47C64C56C75C47C64C56C75C78C9%10C%11%12C%13%14C%15%16C%17%18C%19%20C%21%22C%23%24C%25%26C%27%28C%29%30C%31%32C%33%34CC%35(C)C%33C%31%33C%35%34C%32%31C%33%29C%27%29C%31%30C%28%27C%29%25C%23%25C%27%26C%24%23C%25%21C%19%21C%23%22C%20%19C%21%17C%15%17C%19%18C%16%15C%17%13C%11%13C%15%14C%12%11C%139C79C%11%10C68C945)C3C21,DXWRWGQKGKQROF-UHFFFAOYSA-N,2,false,true,0.0,unique_panel_pair,,0,,,"PDF page 5; structure bbox (215, 1350, 849, 1774); label bbox (313, 1494, 323, 1496)",outputs\literature_kb_numbered_structure_refinement_dpi260_20260906\structure_crops\ZPC-004253\page_0005_structure_001.png,outputs\literature_kb_numbered_structure_refinement_dpi260_20260906\source_pages\ZPC-004253\page_0005.png
SRCENT-6066f2aca821b037dc,ZPC-004253,10.1002/pi.1835,compound 4,numbered260,PANELSTR-b779064565a1beaa03,5,CC.CCCCCCCCCCCCC1CC2C1C1C2C2C3CC(CCCCCCCCCCCCCCC4CC5C4C4C5C5C4C4C56C5C47C64C56C75C47C64C56C75C47C64C56C75C47C64C56C75C47C64C56C75C47C64C56C75C47C64C56C75C47C64C56C75C47C64C56C75C47C64C56C75C78C9%10C%11%12C%13%14C%15%16C%17%18C%19%20C%21%22C%23%24C%25%26C%27%28C%29%30C%31%32C%33%34CC%35(C)C%33C%31%33C%35%34C%32%31C%33%29C%27%29C%31%30C%28%27C%29%25C%23%25C%27%26C%24%23C%25%21C%19%21C%23%22C%20%19C%21%17C%15%17C%19%18C%16%15C%17%13C%11%13C%15%14C%12%11C%139C79C%11%10C68C945)C3C21,CC.CCCCCCCCCCCCC1CC2C1C1C2C2C3CC(CCCCCCCCCCCCCCC4CC5C4C4C5C5C4C4C56C5C47C64C56C75C47C64C56C75C47C64C56C75C47C64C56C75C47C64C56C75C47C64C56C75C47C64C56C75C47C64C56C75C47C64C56C75C47C64C56C75C78C9%10C%11%12C%13%14C%15%16C%17%18C%19%20C%21%22C%23%24C%25%26C%27%28C%29%30C%31%32C%33%34CC%35(C)C%33C%31%33C%35%34C%32%31C%33%29C%27%29C%31%30C%28%27C%29%25C%23%25C%27%26C%24%23C%25%21C%19%21C%23%22C%20%19C%21%17C%15%17C%19%18C%16%15C%17%13C%11%13C%15%14C%12%11C%139C79C%11%10C68C945)C3C21,DXWRWGQKGKQROF-UHFFFAOYSA-N,2,false,true,0.0,unique_panel_pair,,0,,,"PDF page 5; structure bbox (215, 1350, 849, 1774); label bbox (313, 1549, 323, 1551)",outputs\literature_kb_numbered_structure_refinement_dpi260_20260906\structure_crops\ZPC-004253\page_0005_structure_001.png,outputs\literature_kb_numbered_structure_refinement_dpi260_20260906\source_pages\ZPC-004253\page_0005.png
SRCENT-6066f2aca821b037dc,ZPC-004253,10.1002/pi.1835,compound 4,numbered260,PANELSTR-bd73b845c2e5b5cbbd,5,CC.CCCCCCCCCCCCC1CC2C1C1C2C2C3CC(CCCCCCCCCCCCCCC4CC5C4C4C5C5C4C4C56C5C47C64C56C75C47C64C56C75C47C64C56C75C47C64C56C75C47C64C56C75C47C64C56C75C47C64C56C75C47C64C56C75C47C64C56C75C47C64C56C75C78C9%10C%11%12C%13%14C%15%16C%17%18C%19%20C%21%22C%23%24C%25%26C%27%28C%29%30C%31%32C%33%34CC%35(C)C%33C%31%33C%35%34C%32%31C%33%29C%27%29C%31%30C%28%27C%29%25C%23%25C%27%26C%24%23C%25%21C%19%21C%23%22C%20%19C%21%17C%15%17C%19%18C%16%15C%17%13C%11%13C%15%14C%12%11C%139C79C%11%10C68C945)C3C21,CC.CCCCCCCCCCCCC1CC2C1C1C2C2C3CC(CCCCCCCCCCCCCCC4CC5C4C4C5C5C4C4C56C5C47C64C56C75C47C64C56C75C47C64C56C75C47C64C56C75C47C64C56C75C47C64C56C75C47C64C56C75C47C64C56C75C47C64C56C75C47C64C56C75C78C9%10C%11%12C%13%14C%15%16C%17%18C%19%20C%21%22C%23%24C%25%26C%27%28C%29%30C%31%32C%33%34CC%35(C)C%33C%31%33C%35%34C%32%31C%33%29C%27%29C%31%30C%28%27C%29%25C%23%25C%27%26C%24%23C%25%21C%19%21C%23%22C%20%19C%21%17C%15%17C%19%18C%16%15C%17%13C%11%13C%15%14C%12%11C%139C79C%11%10C68C945)C3C21,DXWRWGQKGKQROF-UHFFFAOYSA-N,2,false,true,0.0,unique_panel_pair,,0,,,"PDF page 5; structure bbox (215, 1350, 849, 1774); label bbox (312, 1592, 327, 1628)",outputs\literature_kb_numbered_structure_refinement_dpi260_20260906\structure_crops\ZPC-004253\page_0005_structure_001.png,outputs\literature_kb_numbered_structure_refinement_dpi260_20260906\source_pages\ZPC-004253\page_0005.png
SRCENT-6066f2aca821b037dc,ZPC-004253,10.1002/pi.1835,compound 4,numbered260,PANELSTR-128dd8c2609124f2d5,5,CC.CCCCCCCCCCCCC1CC2C1C1C2C2C3CC(CCCCCCCCCCCCCCC4CC5C4C4C5C5C4C4C56C5C47C64C56C75C47C64C56C75C47C64C56C75C47C64C56C75C47C64C56C75C47C64C56C75C47C64C56C75C47C64C56C75C47C64C56C75C47C64C56C75C78C9%10C%11%12C%13%14C%15%16C%17%18C%19%20C%21%22C%23%24C%25%26C%27%28C%29%30C%31%32C%33%34CC%35(C)C%33C%31%33C%35%34C%32%31C%33%29C%27%29C%31%30C%28%27C%29%25C%23%25C%27%26C%24%23C%25%21C%19%21C%23%22C%20%19C%21%17C%15%17C%19%18C%16%15C%17%13C%11%13C%15%14C%12%11C%139C79C%11%10C68C945)C3C21,CC.CCCCCCCCCCCCC1CC2C1C1C2C2C3CC(CCCCCCCCCCCCCCC4CC5C4C4C5C5C4C4C56C5C47C64C56C75C47C64C56C75C47C64C56C75C47C64C56C75C47C64C56C75C47C64C56C75C47C64C56C75C47C64C56C75C47C64C56C75C47C64C56C75C78C9%10C%11%12C%13%14C%15%16C%17%18C%19%20C%21%22C%23%24C%25%26C%27%28C%29%30C%31%32C%33%34CC%35(C)C%33C%31%33C%35%34C%32%31C%33%29C%27%29C%31%30C%28%27C%29%25C%23%25C%27%26C%24%23C%25%21C%19%21C%23%22C%20%19C%21%17C%15%17C%19%18C%16%15C%17%13C%11%13C%15%14C%12%11C%139C79C%11%10C68C945)C3C21,DXWRWGQKGKQROF-UHFFFAOYSA-N,2,false,true,0.0,unique_panel_pair,,0,,,"PDF page 5; structure bbox (215, 1350, 849, 1774); label bbox (313, 1769, 323, 1771)",outputs\literature_kb_numbered_structure_refinement_dpi260_20260906\structure_crops\ZPC-004253\page_0005_structure_001.png,outputs\literature_kb_numbered_structure_refinement_dpi260_20260906\source_pages\ZPC-004253\page_0005.png
SRCENT-6066f2aca821b037dc,ZPC-004253,10.1002/pi.1835,compound 4,numbered3,PANELSTR-28615e0f99430671c7,2,C1C[NH+]23CC[NH+]1C2C3.CC(=O)C1=CC=C(C2=CC=C(C(=O)C3=CC=CC=C3)C=C2)C=C1,,,0,false,false,0.720013,one_structure_matches_multiple_registered_labels,,0,,,"PDF page 2; structure bbox (1389, 2774, 2169, 2948); label bbox (1617, 3009, 1863, 3054)",outputs\literature_kb_numbered_structure_refinement_batch3_20260906\structure_crops\ZPC-004253\page_0002_structure_012.png,outputs\literature_kb_numbered_structure_refinement_batch3_20260906\source_pages\ZPC-004253\page_0002.png
SRCENT-6066f2aca821b037dc,ZPC-004253,10.1002/pi.1835,compound 4,numbered3,PANELSTR-a067b86cc89f5afafa,2,C[NH+]1CN2CC3CN4CC[NH+]3(C4)C21,,,0,false,false,0.458069,ambiguous_panel_pair,,0,,,"PDF page 2; structure bbox (1462, 3098, 2153, 3255); label bbox (1839, 3009, 1863, 3044)",outputs\literature_kb_numbered_structure_refinement_batch3_20260906\structure_crops\ZPC-004253\page_0002_structure_007.png,outputs\literature_kb_numbered_structure_refinement_batch3_20260906\source_pages\ZPC-004253\page_0002.png
SRCENT-6066f2aca821b037dc,ZPC-004253,10.1002/pi.1835,compound 4,numbered400,PANELSTR-20cff5f5b1238f0bf8,2,O=C(CN1234CCN(CC1)C2C3C4)C1=CC=C(C2=CC=C(C(=O)C3=CC=CC=C3)C=C2)C=C1,,,0,false,false,0.23994,one_structure_matches_multiple_registered_labels,,0,,,"PDF page 2; structure bbox (1690, 3468, 2683, 3684); label bbox (2021, 3760, 2329, 3816)",outputs\literature_kb_numbered_structure_refinement_dpi400_20260906\structure_crops\ZPC-004253\page_0002_structure_012.png,outputs\literature_kb_numbered_structure_refinement_dpi400_20260906\source_pages\ZPC-004253\page_0002.png
SRCENT-6066f2aca821b037dc,ZPC-004253,10.1002/pi.1835,compound 4,numbered400,PANELSTR-87e8b7e6a2e8ee6916,2,C1C[NH+]23(CCN1C2)C1CN2CC[NH+]14CC243,,,0,false,false,0.402197,ambiguous_panel_pair,,0,,,"PDF page 2; structure bbox (1828, 3872, 2691, 4068); label bbox (2299, 3760, 2329, 3804)",outputs\literature_kb_numbered_structure_refinement_dpi400_20260906\structure_crops\ZPC-004253\page_0002_structure_007.png,outputs\literature_kb_numbered_structure_refinement_dpi400_20260906\source_pages\ZPC-004253\page_0002.png
SRCENT-6066f2aca821b037dc,ZPC-004253,10.1002/pi.1835,compound 4,source2,PANELSTR-28615e0f99430671c7,2,C1C[NH+]23CC[NH+]1C2C3.CC(=O)C1=CC=C(C2=CC=C(C(=O)C3=CC=CC=C3)C=C2)C=C1,,,0,false,false,0.720013,one_structure_matches_multiple_registered_labels,,0,,,"PDF page 2; structure bbox (1389, 2774, 2169, 2948); label bbox (1617, 3009, 1863, 3054)",outputs\literature_kb_source_structure_refinement_batch2_20260906\structure_crops\ZPC-004253\page_0002_structure_012.png,outputs\literature_kb_source_structure_refinement_batch2_20260906\source_pages\ZPC-004253\page_0002.png
SRCENT-6066f2aca821b037dc,ZPC-004253,10.1002/pi.1835,compound 4,source2,PANELSTR-a067b86cc89f5afafa,2,C[NH+]1CN2CC3CN4CC[NH+]3(C4)C21,,,0,false,false,0.458069,ambiguous_panel_pair,,0,,,"PDF page 2; structure bbox (1462, 3098, 2153, 3255); label bbox (1839, 3009, 1863, 3044)",outputs\literature_kb_source_structure_refinement_batch2_20260906\structure_crops\ZPC-004253\page_0002_structure_007.png,outputs\literature_kb_source_structure_refinement_batch2_20260906\source_pages\ZPC-004253\page_0002.png
SRCENT-78bfca0b587888abb4,OA2P-000445,10.2494/photopolymer.14.657,compound 11,numbered,PANELSTR-382d31df342a034bd6,3,<invalid>,,,0,false,false,0.424998,one_structure_matches_multiple_registered_labels,,0,,,"PDF page 3; structure bbox (496, 1418, 1187, 1602); label bbox (210, 1442, 252, 1477)",outputs\literature_kb_numbered_structure_refinement_20260906\structure_crops\OA2P-000445\page_0003_structure_006.png,outputs\literature_kb_numbered_structure_refinement_20260906\source_pages\OA2P-000445\page_0003.png
SRCENT-78bfca0b587888abb4,OA2P-000445,10.2494/photopolymer.14.657,compound 11,numbered,PANELSTR-dd6b4cc54f79c3bc7f,8,*.*.*.*.*.*.*.*.*.*.*.*.*.*.*.*.*.*.*.*.*.*.*.*.*.*.*.*.*.*.*.*.*.*.*.*.*.*.*.*.*.*.*.*.*.*.*.*.*.*.*.*.*.*.*.*.*.*.*.*,*.*.*.*.*.*.*.*.*.*.*.*.*.*.*.*.*.*.*.*.*.*.*.*.*.*.*.*.*.*.*.*.*.*.*.*.*.*.*.*.*.*.*.*.*.*.*.*.*.*.*.*.*.*.*.*.*.*.*.*,,60,true,true,0.597671,one_structure_matches_multiple_registered_labels,,0,,,"PDF page 8; structure bbox (329, 1971, 1131, 2600); label bbox (256, 1807, 531, 1853)",outputs\literature_kb_numbered_structure_refinement_20260906\structure_crops\OA2P-000445\page_0008_structure_001.png,outputs\literature_kb_numbered_structure_refinement_20260906\source_pages\OA2P-000445\page_0008.png
SRCENT-78bfca0b587888abb4,OA2P-000445,10.2494/photopolymer.14.657,compound 11,numbered,PANELSTR-ba0a17692330f255c5,8,*.*.*.*.*.*.*.*.*.*.*.*.*.*.*.*.*.*.*.*.*.*.*.*.*.*.*.*.*.*.*.*.*.*.*.*.*.*.*.*.*.*.*.*.*.*.*.*.*.*.*.*.*.*.*.*.*.*.*.*,*.*.*.*.*.*.*.*.*.*.*.*.*.*.*.*.*.*.*.*.*.*.*.*.*.*.*.*.*.*.*.*.*.*.*.*.*.*.*.*.*.*.*.*.*.*.*.*.*.*.*.*.*.*.*.*.*.*.*.*,,60,true,true,0.597671,one_structure_matches_multiple_registered_labels,,0,,,"PDF page 8; structure bbox (329, 1971, 1131, 2600); label bbox (487, 1807, 531, 1842)",outputs\literature_kb_numbered_structure_refinement_20260906\structure_crops\OA2P-000445\page_0008_structure_001.png,outputs\literature_kb_numbered_structure_refinement_20260906\source_pages\OA2P-000445\page_0008.png
SRCENT-78bfca0b587888abb4,OA2P-000445,10.2494/photopolymer.14.657,compound 11,numbered3,PANELSTR-382d31df342a034bd6,3,<invalid>,,,0,false,false,0.424998,one_structure_matches_multiple_registered_labels,,0,,,"PDF page 3; structure bbox (496, 1418, 1187, 1602); label bbox (210, 1442, 252, 1477)",outputs\literature_kb_numbered_structure_refinement_batch3_20260906\structure_crops\OA2P-000445\page_0003_structure_006.png,outputs\literature_kb_numbered_structure_refinement_batch3_20260906\source_pages\OA2P-000445\page_0003.png
SRCENT-78bfca0b587888abb4,OA2P-000445,10.2494/photopolymer.14.657,compound 11,numbered3,PANELSTR-dd6b4cc54f79c3bc7f,8,*.*.*.*.*.*.*.*.*.*.*.*.*.*.*.*.*.*.*.*.*.*.*.*.*.*.*.*.*.*.*.*.*.*.*.*.*.*.*.*.*.*.*.*.*.*.*.*.*.*.*.*.*.*.*.*.*.*.*.*,*.*.*.*.*.*.*.*.*.*.*.*.*.*.*.*.*.*.*.*.*.*.*.*.*.*.*.*.*.*.*.*.*.*.*.*.*.*.*.*.*.*.*.*.*.*.*.*.*.*.*.*.*.*.*.*.*.*.*.*,,60,true,true,0.597671,one_structure_matches_multiple_registered_labels,,0,,,"PDF page 8; structure bbox (329, 1971, 1131, 2600); label bbox (256, 1807, 531, 1853)",outputs\literature_kb_numbered_structure_refinement_batch3_20260906\structure_crops\OA2P-000445\page_0008_structure_001.png,outputs\literature_kb_numbered_structure_refinement_batch3_20260906\source_pages\OA2P-000445\page_0008.png
SRCENT-78bfca0b587888abb4,OA2P-000445,10.2494/photopolymer.14.657,compound 11,numbered3,PANELSTR-ba0a17692330f255c5,8,*.*.*.*.*.*.*.*.*.*.*.*.*.*.*.*.*.*.*.*.*.*.*.*.*.*.*.*.*.*.*.*.*.*.*.*.*.*.*.*.*.*.*.*.*.*.*.*.*.*.*.*.*.*.*.*.*.*.*.*,*.*.*.*.*.*.*.*.*.*.*.*.*.*.*.*.*.*.*.*.*.*.*.*.*.*.*.*.*.*.*.*.*.*.*.*.*.*.*.*.*.*.*.*.*.*.*.*.*.*.*.*.*.*.*.*.*.*.*.*,,60,true,true,0.597671,one_structure_matches_multiple_registered_labels,,0,,,"PDF page 8; structure bbox (329, 1971, 1131, 2600); label bbox (487, 1807, 531, 1842)",outputs\literature_kb_numbered_structure_refinement_batch3_20260906\structure_crops\OA2P-000445\page_0008_structure_001.png,outputs\literature_kb_numbered_structure_refinement_batch3_20260906\source_pages\OA2P-000445\page_0008.png
SRCENT-78bfca0b587888abb4,OA2P-000445,10.2494/photopolymer.14.657,compound 11,source2,PANELSTR-382d31df342a034bd6,3,<invalid>,,,0,false,false,0.424998,one_structure_matches_multiple_registered_labels,,0,,,"PDF page 3; structure bbox (496, 1418, 1187, 1602); label bbox (210, 1442, 252, 1477)",outputs\literature_kb_source_structure_refinement_batch2_20260906\structure_crops\OA2P-000445\page_0003_structure_006.png,outputs\literature_kb_source_structure_refinement_batch2_20260906\source_pages\OA2P-000445\page_0003.png
SRCENT-78bfca0b587888abb4,OA2P-000445,10.2494/photopolymer.14.657,compound 11,source2,PANELSTR-dd6b4cc54f79c3bc7f,8,*.*.*.*.*.*.*.*.*.*.*.*.*.*.*.*.*.*.*.*.*.*.*.*.*.*.*.*.*.*.*.*.*.*.*.*.*.*.*.*.*.*.*.*.*.*.*.*.*.*.*.*.*.*.*.*.*.*.*.*,*.*.*.*.*.*.*.*.*.*.*.*.*.*.*.*.*.*.*.*.*.*.*.*.*.*.*.*.*.*.*.*.*.*.*.*.*.*.*.*.*.*.*.*.*.*.*.*.*.*.*.*.*.*.*.*.*.*.*.*,,60,true,true,0.597671,one_structure_matches_multiple_registered_labels,,0,,,"PDF page 8; structure bbox (329, 1971, 1131, 2600); label bbox (256, 1807, 531, 1853)",outputs\literature_kb_source_structure_refinement_batch2_20260906\structure_crops\OA2P-000445\page_0008_structure_001.png,outputs\literature_kb_source_structure_refinement_batch2_20260906\source_pages\OA2P-000445\page_0008.png
SRCENT-78bfca0b587888abb4,OA2P-000445,10.2494/photopolymer.14.657,compound 11,source2,PANELSTR-ba0a17692330f255c5,8,*.*.*.*.*.*.*.*.*.*.*.*.*.*.*.*.*.*.*.*.*.*.*.*.*.*.*.*.*.*.*.*.*.*.*.*.*.*.*.*.*.*.*.*.*.*.*.*.*.*.*.*.*.*.*.*.*.*.*.*,*.*.*.*.*.*.*.*.*.*.*.*.*.*.*.*.*.*.*.*.*.*.*.*.*.*.*.*.*.*.*.*.*.*.*.*.*.*.*.*.*.*.*.*.*.*.*.*.*.*.*.*.*.*.*.*.*.*.*.*,,60,true,true,0.597671,one_structure_matches_multiple_registered_labels,,0,,,"PDF page 8; structure bbox (329, 1971, 1131, 2600); label bbox (487, 1807, 531, 1842)",outputs\literature_kb_source_structure_refinement_batch2_20260906\structure_crops\OA2P-000445\page_0008_structure_001.png,outputs\literature_kb_source_structure_refinement_batch2_20260906\source_pages\OA2P-000445\page_0008.png
SRCENT-88c1b164b46ca28a6c,OA2P-000445,10.2494/photopolymer.14.657,PI 10,numbered,PANELSTR-805cf8ca6e04ff8ec5,3,*OCc1cc(/C=C/c2ccc(N(c3ccccc3)c3cccc(C)c3)cc2)c(O*)cc1/C=C/c1ccc(N(c2ccccc2)c2cccc(C)c2)cc1,*OCc1cc(/C=C/c2ccc(N(c3ccccc3)c3cccc(C)c3)cc2)c(O*)cc1/C=C/c1ccc(N(c2ccccc2)c2cccc(C)c2)cc1,,1,true,true,0.903851,unique_panel_pair,,0,,,"PDF page 3; structure bbox (530, 1189, 1149, 1418); label bbox (210, 1238, 254, 1272)",outputs\literature_kb_numbered_structure_refinement_20260906\structure_crops\OA2P-000445\page_0003_structure_003.png,outputs\literature_kb_numbered_structure_refinement_20260906\source_pages\OA2P-000445\page_0003.png
SRCENT-88c1b164b46ca28a6c,OA2P-000445,10.2494/photopolymer.14.657,PI 10,numbered3,PANELSTR-805cf8ca6e04ff8ec5,3,*OCc1cc(/C=C/c2ccc(N(c3ccccc3)c3cccc(C)c3)cc2)c(O*)cc1/C=C/c1ccc(N(c2ccccc2)c2cccc(C)c2)cc1,*OCc1cc(/C=C/c2ccc(N(c3ccccc3)c3cccc(C)c3)cc2)c(O*)cc1/C=C/c1ccc(N(c2ccccc2)c2cccc(C)c2)cc1,,1,true,true,0.903851,unique_panel_pair,,0,,,"PDF page 3; structure bbox (530, 1189, 1149, 1418); label bbox (210, 1238, 254, 1272)",outputs\literature_kb_numbered_structure_refinement_batch3_20260906\structure_crops\OA2P-000445\page_0003_structure_003.png,outputs\literature_kb_numbered_structure_refinement_batch3_20260906\source_pages\OA2P-000445\page_0003.png
SRCENT-88c1b164b46ca28a6c,OA2P-000445,10.2494/photopolymer.14.657,PI 10,source2,PANELSTR-805cf8ca6e04ff8ec5,3,*OCc1cc(/C=C/c2ccc(N(c3ccccc3)c3cccc(C)c3)cc2)c(O*)cc1/C=C/c1ccc(N(c2ccccc2)c2cccc(C)c2)cc1,*OCc1cc(/C=C/c2ccc(N(c3ccccc3)c3cccc(C)c3)cc2)c(O*)cc1/C=C/c1ccc(N(c2ccccc2)c2cccc(C)c2)cc1,,1,true,true,0.903851,unique_panel_pair,,0,,,"PDF page 3; structure bbox (530, 1189, 1149, 1418); label bbox (210, 1238, 254, 1272)",outputs\literature_kb_source_structure_refinement_batch2_20260906\structure_crops\OA2P-000445\page_0003_structure_003.png,outputs\literature_kb_source_structure_refinement_batch2_20260906\source_pages\OA2P-000445\page_0003.png
SRCENT-8e1db9d4c98a593413,ZPC-006106,10.1016/j.eurpolymj.2021.110293,ZnO-TDI-1173,named1,PANELSTR-fbafff0d2ae8b6423f,3,Cc1ccc(NC(=O)O/C(=C\O)CO)cc1NC(=O)OC(C)(C)C(=O)c1ccccc1.O*O,Cc1ccc(NC(=O)O/C(=C\O)CO)cc1NC(=O)OC(C)(C)C(=O)c1ccccc1.O*O,,2,true,true,0.775954,one_structure_matches_multiple_registered_labels,,0,,,"PDF page 3; structure bbox (1386, 531, 2132, 780); label bbox (1572, 817, 1777, 840)",outputs\literature_kb_named_structure_refinement_batch1_20260906\structure_crops\ZPC-006106\page_0003_structure_011.png,outputs\literature_kb_named_structure_refinement_batch1_20260906\source_pages\ZPC-006106\page_0003.png
SRCENT-8e1db9d4c98a593413,ZPC-006106,10.1016/j.eurpolymj.2021.110293,ZnO-TDI-1173,named1,PANELSTR-c5dc6e7c1685f54b94,3,CC1=CC=C(NC(=O)OC2C(O)C(O)C([OH-])C(O)C2O)C=C1NC(=O)OC(C)(C)C(=O)C1=CC=CC=C1,,,0,false,false,0.784131,unique_panel_pair,,0,,,"PDF page 3; structure bbox (1485, 1244, 2165, 1484); label bbox (1436, 1531, 1637, 1554)",outputs\literature_kb_named_structure_refinement_batch1_20260906\structure_crops\ZPC-006106\page_0003_structure_010.png,outputs\literature_kb_named_structure_refinement_batch1_20260906\source_pages\ZPC-006106\page_0003.png
SRCENT-8e1db9d4c98a593413,ZPC-006106,10.1016/j.eurpolymj.2021.110293,ZnO-TDI-1173,named1,PANELSTR-bf98f8b15f5e112665,8,<invalid>,,,0,false,false,0.557718,unique_panel_pair,,0,,,"PDF page 8; structure bbox (1532, 629, 1978, 778); label bbox (1496, 814, 1705, 837)",outputs\literature_kb_named_structure_refinement_batch1_20260906\structure_crops\ZPC-006106\page_0008_structure_004.png,outputs\literature_kb_named_structure_refinement_batch1_20260906\source_pages\ZPC-006106\page_0008.png
SRCENT-8e1db9d4c98a593413,ZPC-006106,10.1016/j.eurpolymj.2021.110293,ZnO-TDI-1173,source,PANELSTR-fbafff0d2ae8b6423f,3,Cc1ccc(NC(=O)O/C(=C\O)CO)cc1NC(=O)OC(C)(C)C(=O)c1ccccc1.O*O,Cc1ccc(NC(=O)O/C(=C\O)CO)cc1NC(=O)OC(C)(C)C(=O)c1ccccc1.O*O,,2,true,true,0.775954,one_structure_matches_multiple_registered_labels,,0,,,"PDF page 3; structure bbox (1386, 531, 2132, 780); label bbox (1572, 817, 1777, 840)",LOCAL_SOURCE_ROOT_REDACTED\outputs\literature_kb_source_structure_refinement_20260906\structure_crops\ZPC-006106\page_0003_structure_011.png,LOCAL_SOURCE_ROOT_REDACTED\outputs\literature_kb_source_structure_refinement_20260906\source_pages\ZPC-006106\page_0003.png
SRCENT-8e1db9d4c98a593413,ZPC-006106,10.1016/j.eurpolymj.2021.110293,ZnO-TDI-1173,source,PANELSTR-c5dc6e7c1685f54b94,3,CC1=CC=C(NC(=O)OC2C(O)C(O)C([OH-])C(O)C2O)C=C1NC(=O)OC(C)(C)C(=O)C1=CC=CC=C1,,,0,false,false,0.784131,unique_panel_pair,,0,,,"PDF page 3; structure bbox (1485, 1244, 2165, 1484); label bbox (1436, 1531, 1637, 1554)",LOCAL_SOURCE_ROOT_REDACTED\outputs\literature_kb_source_structure_refinement_20260906\structure_crops\ZPC-006106\page_0003_structure_010.png,LOCAL_SOURCE_ROOT_REDACTED\outputs\literature_kb_source_structure_refinement_20260906\source_pages\ZPC-006106\page_0003.png
SRCENT-8e1db9d4c98a593413,ZPC-006106,10.1016/j.eurpolymj.2021.110293,ZnO-TDI-1173,source,PANELSTR-bf98f8b15f5e112665,8,<invalid>,,,0,false,false,0.557718,unique_panel_pair,,0,,,"PDF page 8; structure bbox (1532, 629, 1978, 778); label bbox (1496, 814, 1705, 837)",LOCAL_SOURCE_ROOT_REDACTED\outputs\literature_kb_source_structure_refinement_20260906\structure_crops\ZPC-006106\page_0008_structure_004.png,LOCAL_SOURCE_ROOT_REDACTED\outputs\literature_kb_source_structure_refinement_20260906\source_pages\ZPC-006106\page_0008.png
SRCENT-8eb025687c20e53dbe,ZPC-004234,10.1002/cptc.202000146,compound 2,named1,PANELSTR-d6af7667a3f9c0df5d,3,CCN(CC)c1ccc2cc(C=O)c(=O)oc2c1,CCN(CC)c1ccc2cc(C=O)c(=O)oc2c1,HWQSZPUCHJKWLS-UHFFFAOYSA-N,1,false,true,0.909485,unique_panel_pair,,0,,,"PDF page 3; structure bbox (960, 2883, 1237, 3020); label bbox (994, 2976, 1024, 3014)",outputs\literature_kb_named_structure_refinement_batch1_20260906\structure_crops\ZPC-004234\page_0003_structure_004.png,outputs\literature_kb_named_structure_refinement_batch1_20260906\source_pages\ZPC-004234\page_0003.png
SRCENT-8eb025687c20e53dbe,ZPC-004234,10.1002/cptc.202000146,compound 2,named1,PANELSTR-0fb6222bb05113990d,3,CCN(CC)c1ccc2cc(C=O)c(=O)oc2c1,CCN(CC)c1ccc2cc(C=O)c(=O)oc2c1,HWQSZPUCHJKWLS-UHFFFAOYSA-N,1,false,true,0.909485,unique_panel_pair,,0,,,"PDF page 3; structure bbox (960, 2883, 1237, 3020); label bbox (1102, 3012, 1115, 3032)",outputs\literature_kb_named_structure_refinement_batch1_20260906\structure_crops\ZPC-004234\page_0003_structure_004.png,outputs\literature_kb_named_structure_refinement_batch1_20260906\source_pages\ZPC-004234\page_0003.png
SRCENT-8eb025687c20e53dbe,ZPC-004234,10.1002/cptc.202000146,compound 2,named1,PANELSTR-c98a1eb27fe674cfc5,3,CCN(CC)c1ccc2cc(/C=N/O)c(=O)oc2c1,CCN(CC)c1ccc2cc(/C=N/O)c(=O)oc2c1,NAGJAUCLWVEUFI-OQLLNIDSSA-N,1,false,true,0.909264,unique_panel_pair,,0,,,"PDF page 3; structure bbox (351, 3080, 669, 3221); label bbox (387, 3176, 418, 3215)",outputs\literature_kb_named_structure_refinement_batch1_20260906\structure_crops\ZPC-004234\page_0003_structure_002.png,outputs\literature_kb_named_structure_refinement_batch1_20260906\source_pages\ZPC-004234\page_0003.png
SRCENT-8eb025687c20e53dbe,ZPC-004234,10.1002/cptc.202000146,compound 2,numbered,PANELSTR-d6af7667a3f9c0df5d,3,CCN(CC)c1ccc2cc(C=O)c(=O)oc2c1,CCN(CC)c1ccc2cc(C=O)c(=O)oc2c1,HWQSZPUCHJKWLS-UHFFFAOYSA-N,1,false,true,0.909485,unique_panel_pair,,0,,,"PDF page 3; structure bbox (960, 2883, 1237, 3020); label bbox (994, 2976, 1024, 3014)",outputs\literature_kb_numbered_structure_refinement_20260906\structure_crops\ZPC-004234\page_0003_structure_004.png,outputs\literature_kb_numbered_structure_refinement_20260906\source_pages\ZPC-004234\page_0003.png
SRCENT-8eb025687c20e53dbe,ZPC-004234,10.1002/cptc.202000146,compound 2,numbered,PANELSTR-0fb6222bb05113990d,3,CCN(CC)c1ccc2cc(C=O)c(=O)oc2c1,CCN(CC)c1ccc2cc(C=O)c(=O)oc2c1,HWQSZPUCHJKWLS-UHFFFAOYSA-N,1,false,true,0.909485,unique_panel_pair,,0,,,"PDF page 3; structure bbox (960, 2883, 1237, 3020); label bbox (1102, 3012, 1115, 3032)",outputs\literature_kb_numbered_structure_refinement_20260906\structure_crops\ZPC-004234\page_0003_structure_004.png,outputs\literature_kb_numbered_structure_refinement_20260906\source_pages\ZPC-004234\page_0003.png
SRCENT-8eb025687c20e53dbe,ZPC-004234,10.1002/cptc.202000146,compound 2,numbered,PANELSTR-c98a1eb27fe674cfc5,3,CCN(CC)c1ccc2cc(/C=N/O)c(=O)oc2c1,CCN(CC)c1ccc2cc(/C=N/O)c(=O)oc2c1,NAGJAUCLWVEUFI-OQLLNIDSSA-N,1,false,true,0.909264,unique_panel_pair,,0,,,"PDF page 3; structure bbox (351, 3080, 669, 3221); label bbox (387, 3176, 418, 3215)",outputs\literature_kb_numbered_structure_refinement_20260906\structure_crops\ZPC-004234\page_0003_structure_002.png,outputs\literature_kb_numbered_structure_refinement_20260906\source_pages\ZPC-004234\page_0003.png
SRCENT-8eb025687c20e53dbe,ZPC-004234,10.1002/cptc.202000146,compound 2,numbered260,PANELSTR-bab02a92e450f0a073,3,CCN(CC)c1ccc2cc(C=O)c(=O)oc2c1,CCN(CC)c1ccc2cc(C=O)c(=O)oc2c1,HWQSZPUCHJKWLS-UHFFFAOYSA-N,1,false,true,0.911892,unique_panel_pair,,0,,,"PDF page 3; structure bbox (779, 2343, 1005, 2455); label bbox (807, 2418, 832, 2449)",outputs\literature_kb_numbered_structure_refinement_dpi260_20260906\structure_crops\ZPC-004234\page_0003_structure_004.png,outputs\literature_kb_numbered_structure_refinement_dpi260_20260906\source_pages\ZPC-004234\page_0003.png
SRCENT-8eb025687c20e53dbe,ZPC-004234,10.1002/cptc.202000146,compound 2,numbered260,PANELSTR-3103b6f677debf7952,3,CCN(CC)c1ccc2cc(C=O)c(=O)oc2c1,CCN(CC)c1ccc2cc(C=O)c(=O)oc2c1,HWQSZPUCHJKWLS-UHFFFAOYSA-N,1,false,true,0.911892,unique_panel_pair,,0,,,"PDF page 3; structure bbox (779, 2343, 1005, 2455); label bbox (895, 2448, 906, 2464)",outputs\literature_kb_numbered_structure_refinement_dpi260_20260906\structure_crops\ZPC-004234\page_0003_structure_004.png,outputs\literature_kb_numbered_structure_refinement_dpi260_20260906\source_pages\ZPC-004234\page_0003.png
SRCENT-8eb025687c20e53dbe,ZPC-004234,10.1002/cptc.202000146,compound 2,numbered260,PANELSTR-773155b7911b5ac27a,4,C.C.C.C.C.C.C.C.C.C.C.C.C.C.C.C.C.C.C.C.C.C.C.C.C.C.C.C.C.C.C.C.C.C.C.C.C.C.C.C.C.C.C.C.C.C.C.C.C.C.C.C.C.C.C.C.C.C.C.C.C.C.C.C.C.C.C.C.C.C.C.C.C.C.C.C.C.C.C.C.C.C.C.C.C.C.C.C.C.C.C.C.C.C.C.C.C.C.C.C.C.C.C.C.C.C.C.C.C.C.C.C.C.C.C.C.C.C.C.C,C.C.C.C.C.C.C.C.C.C.C.C.C.C.C.C.C.C.C.C.C.C.C.C.C.C.C.C.C.C.C.C.C.C.C.C.C.C.C.C.C.C.C.C.C.C.C.C.C.C.C.C.C.C.C.C.C.C.C.C.C.C.C.C.C.C.C.C.C.C.C.C.C.C.C.C.C.C.C.C.C.C.C.C.C.C.C.C.C.C.C.C.C.C.C.C.C.C.C.C.C.C.C.C.C.C.C.C.C.C.C.C.C.C.C.C.C.C.C.C,IDKSJBHDNRPNTC-UHFFFAOYSA-N,120,false,true,0.441361,ambiguous_panel_pair,,0,,,"PDF page 4; structure bbox (668, 1090, 988, 1222); label bbox (607, 1207, 615, 1216)",outputs\literature_kb_numbered_structure_refinement_dpi260_20260906\structure_crops\ZPC-004234\page_0004_structure_012.png,outputs\literature_kb_numbered_structure_refinement_dpi260_20260906\source_pages\ZPC-004234\page_0004.png
SRCENT-8eb025687c20e53dbe,ZPC-004234,10.1002/cptc.202000146,compound 2,numbered260,PANELSTR-9a44a7dcae64df19ed,4,C.C.C.C.C.C.C.C.C.C.C.C.C.C.C.C.C.C.C.C.C.C.C.C.C.C.C.C.C.C.C.C.C.C.C.C.C.C.C.C.C.C.C.C.C.C.C.C.C.C.C.C.C.C.C.C.C.C.C.C.C.C.C.C.C.C.C.C.C.C.C.C.C.C.C.C.C.C.C.C.C.C.C.C.C.C.C.C.C.C.C.C.C.C.C.C.C.C.C.C.C.C.C.C.C.C.C.C.C.C.C.C.C.C.C.C.C.C.C.C,C.C.C.C.C.C.C.C.C.C.C.C.C.C.C.C.C.C.C.C.C.C.C.C.C.C.C.C.C.C.C.C.C.C.C.C.C.C.C.C.C.C.C.C.C.C.C.C.C.C.C.C.C.C.C.C.C.C.C.C.C.C.C.C.C.C.C.C.C.C.C.C.C.C.C.C.C.C.C.C.C.C.C.C.C.C.C.C.C.C.C.C.C.C.C.C.C.C.C.C.C.C.C.C.C.C.C.C.C.C.C.C.C.C.C.C.C.C.C.C,IDKSJBHDNRPNTC-UHFFFAOYSA-N,120,false,true,0.441361,unique_panel_pair,,0,,,"PDF page 4; structure bbox (668, 1090, 988, 1222); label bbox (967, 1207, 975, 1216)",outputs\literature_kb_numbered_structure_refinement_dpi260_20260906\structure_crops\ZPC-004234\page_0004_structure_012.png,outputs\literature_kb_numbered_structure_refinement_dpi260_20260906\source_pages\ZPC-004234\page_0004.png
SRCENT-8eb025687c20e53dbe,ZPC-004234,10.1002/cptc.202000146,compound 2,numbered260,PANELSTR-e10cb7643994946f0c,4,CC1C2(C)CC34(C)CC(C)C3(C)C(C)C(C)C4(C)C12C.CC1CC(C)C(C)C1.CC1CC23(C)C(C(C)C(C)C1C)C14(C)CC(C)C(C)C(C)C215C1(C)C(C)C(C)CC52(C)C1(C)C342,,,0,false,false,0.0,unique_panel_pair,,0,,,"PDF page 4; structure bbox (306, 1281, 626, 1416); label bbox (665, 1342, 674, 1351)",outputs\literature_kb_numbered_structure_refinement_dpi260_20260906\structure_crops\ZPC-004234\page_0004_structure_019.png,outputs\literature_kb_numbered_structure_refinement_dpi260_20260906\source_pages\ZPC-004234\page_0004.png
SRCENT-8eb025687c20e53dbe,ZPC-004234,10.1002/cptc.202000146,compound 2,numbered260,PANELSTR-7a4611cfed77149b59,4,CC1C2(C)CC34(C)CC(C)C3(C)C(C)C(C)C4(C)C12C.CC1CC(C)C(C)C1.CC1CC23(C)C(C(C)C(C)C1C)C14(C)CC(C)C(C)C(C)C215C1(C)C(C)C(C)CC52(C)C1(C)C342,,,0,false,false,0.0,unique_panel_pair,,0,,,"PDF page 4; structure bbox (306, 1281, 626, 1416); label bbox (717, 1324, 741, 1347)",outputs\literature_kb_numbered_structure_refinement_dpi260_20260906\structure_crops\ZPC-004234\page_0004_structure_019.png,outputs\literature_kb_numbered_structure_refinement_dpi260_20260906\source_pages\ZPC-004234\page_0004.png
SRCENT-8eb025687c20e53dbe,ZPC-004234,10.1002/cptc.202000146,compound 2,numbered400,PANELSTR-4e1efa434c6f49d0e8,3,CCN(CC)c1ccc(C=O)c(O)c1,CCN(CC)c1ccc(C=O)c(O)c1,XFVZSRRZZNLWBW-UHFFFAOYSA-N,1,false,true,0.919466,one_structure_matches_multiple_registered_labels,,0,,,"PDF page 3; structure bbox (260, 3592, 539, 3768); label bbox (557, 3691, 578, 3714)",outputs\literature_kb_numbered_structure_refinement_dpi400_20260906\structure_crops\ZPC-004234\page_0003_structure_001.png,outputs\literature_kb_numbered_structure_refinement_dpi400_20260906\source_pages\ZPC-004234\page_0003.png
SRCENT-8eb025687c20e53dbe,ZPC-004234,10.1002/cptc.202000146,compound 2,numbered400,PANELSTR-0efc5fa9ba1eab3cc5,3,CCN(CC)c1ccc2cc(C=O)c(=O)oc2c1,CCN(CC)c1ccc2cc(C=O)c(=O)oc2c1,HWQSZPUCHJKWLS-UHFFFAOYSA-N,1,false,true,0.917309,unique_panel_pair,,0,,,"PDF page 3; structure bbox (1200, 3604, 1547, 3776); label bbox (1243, 3721, 1281, 3769)",outputs\literature_kb_numbered_structure_refinement_dpi400_20260906\structure_crops\ZPC-004234\page_0003_structure_003.png,outputs\literature_kb_numbered_structure_refinement_dpi400_20260906\source_pages\ZPC-004234\page_0003.png
SRCENT-8eb025687c20e53dbe,ZPC-004234,10.1002/cptc.202000146,compound 2,numbered400,PANELSTR-27651035e7b9a2db71,3,CCN(CC)c1ccc2cc(C=O)c(=O)oc2c1,CCN(CC)c1ccc2cc(C=O)c(=O)oc2c1,HWQSZPUCHJKWLS-UHFFFAOYSA-N,1,false,true,0.917309,unique_panel_pair,,0,,,"PDF page 3; structure bbox (1200, 3604, 1547, 3776); label bbox (1378, 3766, 1394, 3791)",outputs\literature_kb_numbered_structure_refinement_dpi400_20260906\structure_crops\ZPC-004234\page_0003_structure_003.png,outputs\literature_kb_numbered_structure_refinement_dpi400_20260906\source_pages\ZPC-004234\page_0003.png
SRCENT-8eb025687c20e53dbe,ZPC-004234,10.1002/cptc.202000146,compound 2,numbered400,PANELSTR-02b3d2438685ce01cf,3,CCN(CC)c1ccc2cc(/C=N/O)c(=O)oc2c1,CCN(CC)c1ccc2cc(/C=N/O)c(=O)oc2c1,NAGJAUCLWVEUFI-OQLLNIDSSA-N,1,false,true,0.908161,unique_panel_pair,,0,,,"PDF page 3; structure bbox (439, 3852, 835, 4027); label bbox (484, 3972, 523, 4019)",outputs\literature_kb_numbered_structure_refinement_dpi400_20260906\structure_crops\ZPC-004234\page_0003_structure_004.png,outputs\literature_kb_numbered_structure_refinement_dpi400_20260906\source_pages\ZPC-004234\page_0003.png
SRCENT-8eb025687c20e53dbe,ZPC-004234,10.1002/cptc.202000146,compound 2,numbered400,PANELSTR-432bd55c7639d50582,4,C.C.C.C.C.C.C.C.C.C.C.C.C.C.C.C.C.C.C.C.C.C.C.C.C.C.C.C.C.C.C.C.C.C.C.C.C.C.C.C.C.C.C.C.C.C.C.C.C.C.C.C.C.C.C.C.C.C.C.C.C.C.C.C.C.C.C.C.C.C.C.C.C.C.C.C.C.C.C.C.C.C.C.C.C.C.C.C.C.C.C.C.C.C.C.C.C.C.C.C.C.C.C.C.C.C.C.C.C.C.C.C.C.C.C.C.C.C.C.C,C.C.C.C.C.C.C.C.C.C.C.C.C.C.C.C.C.C.C.C.C.C.C.C.C.C.C.C.C.C.C.C.C.C.C.C.C.C.C.C.C.C.C.C.C.C.C.C.C.C.C.C.C.C.C.C.C.C.C.C.C.C.C.C.C.C.C.C.C.C.C.C.C.C.C.C.C.C.C.C.C.C.C.C.C.C.C.C.C.C.C.C.C.C.C.C.C.C.C.C.C.C.C.C.C.C.C.C.C.C.C.C.C.C.C.C.C.C.C.C,IDKSJBHDNRPNTC-UHFFFAOYSA-N,120,false,true,0.435143,unique_panel_pair,,0,,,"PDF page 4; structure bbox (1028, 1678, 1520, 1880); label bbox (1408, 1843, 1421, 1857)",outputs\literature_kb_numbered_structure_refinement_dpi400_20260906\structure_crops\ZPC-004234\page_0004_structure_010.png,outputs\literature_kb_numbered_structure_refinement_dpi400_20260906\source_pages\ZPC-004234\page_0004.png
SRCENT-8eb025687c20e53dbe,ZPC-004234,10.1002/cptc.202000146,compound 2,numbered400,PANELSTR-8dc7ff8ff0e4258222,4,C(CCC1CC(C2CCC2)C1)CC1CCC1.C1CC(CCCC2C345C6789C%10%11%12C23%13%14%15C623C4%106%16%17C7%134C5%1127%10C8%146C%1234%167C9%15%17%10)C1.C1CCC1.CC.CC.CC.CC.CC.CC.CC.CC.CC.CC.CC.CC.CC.CC.CC.CC.CC.CC.CC.CC.CC.CC.CC.CC.CC.CC.CC.CC.CCC1CC2CCC12.CCCC.CCCC.CCCCC1CCC1.CCCCCC.CCCCCC.CCCCCC,,,0,false,false,0.0,unique_panel_pair,,0,,,"PDF page 4; structure bbox (472, 1974, 960, 2177); label bbox (680, 2032, 693, 2046)",outputs\literature_kb_numbered_structure_refinement_dpi400_20260906\structure_crops\ZPC-004234\page_0004_structure_014.png,outputs\literature_kb_numbered_structure_refinement_dpi400_20260906\source_pages\ZPC-004234\page_0004.png
SRCENT-8eb025687c20e53dbe,ZPC-004234,10.1002/cptc.202000146,compound 2,numbered400,PANELSTR-5ac2db6ab504d2922c,4,C(CCC1CC(C2CCC2)C1)CC1CCC1.C1CC(CCCC2C345C6789C%10%11%12C23%13%14%15C623C4%106%16%17C7%134C5%1127%10C8%146C%1234%167C9%15%17%10)C1.C1CCC1.CC.CC.CC.CC.CC.CC.CC.CC.CC.CC.CC.CC.CC.CC.CC.CC.CC.CC.CC.CC.CC.CC.CC.CC.CC.CC.CC.CC.CCC1CC2CCC12.CCCC.CCCC.CCCCC1CCC1.CCCCCC.CCCCCC.CCCCCC,,,0,false,false,0.0,unique_panel_pair,,0,,,"PDF page 4; structure bbox (472, 1974, 960, 2177); label bbox (787, 2070, 916, 2157)",outputs\literature_kb_numbered_structure_refinement_dpi400_20260906\structure_crops\ZPC-004234\page_0004_structure_014.png,outputs\literature_kb_numbered_structure_refinement_dpi400_20260906\source_pages\ZPC-004234\page_0004.png
SRCENT-8eb025687c20e53dbe,ZPC-004234,10.1002/cptc.202000146,compound 2,numbered400,PANELSTR-0e3d5b862c58810339,7,C1C2CC1C2.C1CC2CCC12.CC.CC.CC.CC.CC.CC.CC.CC.CC.CC.CC.CC.CC.CC.CC.CC.CC.CC.CC.CC.CC.CC.CC.CC.CC.CC.CC.CC.CC.CC.CC.CC.CC.CC.CC.CC.CC.CCC1CC(C(C)CC)C1.CCC1CC2CCC12.CCCC.CCCC.CCCC.CCCC.CCCC.CCCC.CCCCCCC(C)CC,C1C2CC1C2.C1CC2CCC12.CC.CC.CC.CC.CC.CC.CC.CC.CC.CC.CC.CC.CC.CC.CC.CC.CC.CC.CC.CC.CC.CC.CC.CC.CC.CC.CC.CC.CC.CC.CC.CC.CC.CC.CC.CC.CC.CCC1CC(C(C)CC)C1.CCC1CC2CCC12.CCCC.CCCC.CCCC.CCCC.CCCC.CCCC.CCCCCCC(C)CC,ZTJVCJHXBNFPBR-UHFFFAOYSA-N,48,false,true,0.0,one_structure_matches_multiple_registered_labels,,0,,,"PDF page 7; structure bbox (1833, 960, 2150, 1204); label bbox (1861, 1077, 1875, 1091)",outputs\literature_kb_numbered_structure_refinement_dpi400_20260906\structure_crops\ZPC-004234\page_0007_structure_004.png,outputs\literature_kb_numbered_structure_refinement_dpi400_20260906\source_pages\ZPC-004234\page_0007.png
SRCENT-8eb025687c20e53dbe,ZPC-004234,10.1002/cptc.202000146,compound 2,numbered400,PANELSTR-8f8b3faf4a24f9e62c,7,C.C.C.C.C.C.C.C.C.C.C.C.C.C.C.C.C.C.C.C.C.C.C.C.C.C.C.C.C.C.C.C.C.C.C.C.C.C.C.C.C.C.C.C.C.C.C.C.C.C.C.C.C.C.C.C.C.C.C.C.C.C.C.C.C.C.C.C.C.C.C.C.C.C.C.C.C.C.C.C.C.C.C.C.C.C.C.C.C.C.C.C.C.C.C.C.C.C.C.C.C.C.C.C.C.C.C.C.C.C.C.C.C.C.C.C.C.C.C.C,C.C.C.C.C.C.C.C.C.C.C.C.C.C.C.C.C.C.C.C.C.C.C.C.C.C.C.C.C.C.C.C.C.C.C.C.C.C.C.C.C.C.C.C.C.C.C.C.C.C.C.C.C.C.C.C.C.C.C.C.C.C.C.C.C.C.C.C.C.C.C.C.C.C.C.C.C.C.C.C.C.C.C.C.C.C.C.C.C.C.C.C.C.C.C.C.C.C.C.C.C.C.C.C.C.C.C.C.C.C.C.C.C.C.C.C.C.C.C.C,IDKSJBHDNRPNTC-UHFFFAOYSA-N,120,false,true,0.40748,unique_panel_pair,,0,,,"PDF page 7; structure bbox (2574, 963, 2937, 1125); label bbox (2581, 1072, 2611, 1098)",outputs\literature_kb_numbered_structure_refinement_dpi400_20260906\structure_crops\ZPC-004234\page_0007_structure_007.png,outputs\literature_kb_numbered_structure_refinement_dpi400_20260906\source_pages\ZPC-004234\page_0007.png
SRCENT-8eb025687c20e53dbe,ZPC-004234,10.1002/cptc.202000146,compound 2,source2,PANELSTR-d6af7667a3f9c0df5d,3,CCN(CC)c1ccc2cc(C=O)c(=O)oc2c1,CCN(CC)c1ccc2cc(C=O)c(=O)oc2c1,HWQSZPUCHJKWLS-UHFFFAOYSA-N,1,false,true,0.909485,unique_panel_pair,,0,,,"PDF page 3; structure bbox (960, 2883, 1237, 3020); label bbox (994, 2976, 1024, 3014)",outputs\literature_kb_source_structure_refinement_batch2_20260906\structure_crops\ZPC-004234\page_0003_structure_004.png,outputs\literature_kb_source_structure_refinement_batch2_20260906\source_pages\ZPC-004234\page_0003.png
SRCENT-8eb025687c20e53dbe,ZPC-004234,10.1002/cptc.202000146,compound 2,source2,PANELSTR-0fb6222bb05113990d,3,CCN(CC)c1ccc2cc(C=O)c(=O)oc2c1,CCN(CC)c1ccc2cc(C=O)c(=O)oc2c1,HWQSZPUCHJKWLS-UHFFFAOYSA-N,1,false,true,0.909485,unique_panel_pair,,0,,,"PDF page 3; structure bbox (960, 2883, 1237, 3020); label bbox (1102, 3012, 1115, 3032)",outputs\literature_kb_source_structure_refinement_batch2_20260906\structure_crops\ZPC-004234\page_0003_structure_004.png,outputs\literature_kb_source_structure_refinement_batch2_20260906\source_pages\ZPC-004234\page_0003.png
SRCENT-8eb025687c20e53dbe,ZPC-004234,10.1002/cptc.202000146,compound 2,source2,PANELSTR-c98a1eb27fe674cfc5,3,CCN(CC)c1ccc2cc(/C=N/O)c(=O)oc2c1,CCN(CC)c1ccc2cc(/C=N/O)c(=O)oc2c1,NAGJAUCLWVEUFI-OQLLNIDSSA-N,1,false,true,0.909264,unique_panel_pair,,0,,,"PDF page 3; structure bbox (351, 3080, 669, 3221); label bbox (387, 3176, 418, 3215)",outputs\literature_kb_source_structure_refinement_batch2_20260906\structure_crops\ZPC-004234\page_0003_structure_002.png,outputs\literature_kb_source_structure_refinement_batch2_20260906\source_pages\ZPC-004234\page_0003.png
SRCENT-9b82a07a926bfcbc89,OA2P-000445,10.2494/photopolymer.14.657,PI 11,numbered,PANELSTR-98c6387585bf68e9f6,3,<invalid>,,,0,false,false,0.424998,one_structure_matches_multiple_registered_labels,,0,,,"PDF page 3; structure bbox (496, 1418, 1187, 1602); label bbox (210, 1442, 252, 1477)",outputs\literature_kb_numbered_structure_refinement_20260906\structure_crops\OA2P-000445\page_0003_structure_006.png,outputs\literature_kb_numbered_structure_refinement_20260906\source_pages\OA2P-000445\page_0003.png
SRCENT-9b82a07a926bfcbc89,OA2P-000445,10.2494/photopolymer.14.657,PI 11,numbered,PANELSTR-89d53836ad261c7a08,8,*.*.*.*.*.*.*.*.*.*.*.*.*.*.*.*.*.*.*.*.*.*.*.*.*.*.*.*.*.*.*.*.*.*.*.*.*.*.*.*.*.*.*.*.*.*.*.*.*.*.*.*.*.*.*.*.*.*.*.*,*.*.*.*.*.*.*.*.*.*.*.*.*.*.*.*.*.*.*.*.*.*.*.*.*.*.*.*.*.*.*.*.*.*.*.*.*.*.*.*.*.*.*.*.*.*.*.*.*.*.*.*.*.*.*.*.*.*.*.*,,60,true,true,0.597671,one_structure_matches_multiple_registered_labels,,0,,,"PDF page 8; structure bbox (329, 1971, 1131, 2600); label bbox (487, 1807, 531, 1842)",outputs\literature_kb_numbered_structure_refinement_20260906\structure_crops\OA2P-000445\page_0008_structure_001.png,outputs\literature_kb_numbered_structure_refinement_20260906\source_pages\OA2P-000445\page_0008.png
SRCENT-9b82a07a926bfcbc89,OA2P-000445,10.2494/photopolymer.14.657,PI 11,numbered3,PANELSTR-98c6387585bf68e9f6,3,<invalid>,,,0,false,false,0.424998,one_structure_matches_multiple_registered_labels,,0,,,"PDF page 3; structure bbox (496, 1418, 1187, 1602); label bbox (210, 1442, 252, 1477)",outputs\literature_kb_numbered_structure_refinement_batch3_20260906\structure_crops\OA2P-000445\page_0003_structure_006.png,outputs\literature_kb_numbered_structure_refinement_batch3_20260906\source_pages\OA2P-000445\page_0003.png
SRCENT-9b82a07a926bfcbc89,OA2P-000445,10.2494/photopolymer.14.657,PI 11,numbered3,PANELSTR-89d53836ad261c7a08,8,*.*.*.*.*.*.*.*.*.*.*.*.*.*.*.*.*.*.*.*.*.*.*.*.*.*.*.*.*.*.*.*.*.*.*.*.*.*.*.*.*.*.*.*.*.*.*.*.*.*.*.*.*.*.*.*.*.*.*.*,*.*.*.*.*.*.*.*.*.*.*.*.*.*.*.*.*.*.*.*.*.*.*.*.*.*.*.*.*.*.*.*.*.*.*.*.*.*.*.*.*.*.*.*.*.*.*.*.*.*.*.*.*.*.*.*.*.*.*.*,,60,true,true,0.597671,one_structure_matches_multiple_registered_labels,,0,,,"PDF page 8; structure bbox (329, 1971, 1131, 2600); label bbox (487, 1807, 531, 1842)",outputs\literature_kb_numbered_structure_refinement_batch3_20260906\structure_crops\OA2P-000445\page_0008_structure_001.png,outputs\literature_kb_numbered_structure_refinement_batch3_20260906\source_pages\OA2P-000445\page_0008.png
SRCENT-9b82a07a926bfcbc89,OA2P-000445,10.2494/photopolymer.14.657,PI 11,source2,PANELSTR-98c6387585bf68e9f6,3,<invalid>,,,0,false,false,0.424998,one_structure_matches_multiple_registered_labels,,0,,,"PDF page 3; structure bbox (496, 1418, 1187, 1602); label bbox (210, 1442, 252, 1477)",outputs\literature_kb_source_structure_refinement_batch2_20260906\structure_crops\OA2P-000445\page_0003_structure_006.png,outputs\literature_kb_source_structure_refinement_batch2_20260906\source_pages\OA2P-000445\page_0003.png
SRCENT-9b82a07a926bfcbc89,OA2P-000445,10.2494/photopolymer.14.657,PI 11,source2,PANELSTR-89d53836ad261c7a08,8,*.*.*.*.*.*.*.*.*.*.*.*.*.*.*.*.*.*.*.*.*.*.*.*.*.*.*.*.*.*.*.*.*.*.*.*.*.*.*.*.*.*.*.*.*.*.*.*.*.*.*.*.*.*.*.*.*.*.*.*,*.*.*.*.*.*.*.*.*.*.*.*.*.*.*.*.*.*.*.*.*.*.*.*.*.*.*.*.*.*.*.*.*.*.*.*.*.*.*.*.*.*.*.*.*.*.*.*.*.*.*.*.*.*.*.*.*.*.*.*,,60,true,true,0.597671,one_structure_matches_multiple_registered_labels,,0,,,"PDF page 8; structure bbox (329, 1971, 1131, 2600); label bbox (487, 1807, 531, 1842)",outputs\literature_kb_source_structure_refinement_batch2_20260906\structure_crops\OA2P-000445\page_0008_structure_001.png,outputs\literature_kb_source_structure_refinement_batch2_20260906\source_pages\OA2P-000445\page_0008.png
SRCENT-a4c3643d22be623181,ZPC-005453,10.1002/admi.202202352,PI 0,numbered,PANELSTR-bc3aa6b13e9b1eb3a8,5,C=CC(=O)OCC(CC)(COC(=O)C=C)COC(=O)C=C,C=CC(=O)OCC(CC)(COC(=O)C=C)COC(=O)C=C,DAKWPKUUDNSNPN-UHFFFAOYSA-N,1,false,true,0.897308,unique_panel_pair,,0,,,"PDF page 5; structure bbox (1044, 2684, 1263, 2886); label bbox (1105, 2795, 1117, 2805)",outputs\literature_kb_numbered_structure_refinement_20260906\structure_crops\ZPC-005453\page_0005_structure_012.png,outputs\literature_kb_numbered_structure_refinement_20260906\source_pages\ZPC-005453\page_0005.png
SRCENT-a4c3643d22be623181,ZPC-005453,10.1002/admi.202202352,PI 0,numbered,PANELSTR-82eed03f0f50f2fca2,5,C=CC(=O)OCC(CC)(COC(=O)C=C)COC(=O)C=C,C=CC(=O)OCC(CC)(COC(=O)C=C)COC(=O)C=C,DAKWPKUUDNSNPN-UHFFFAOYSA-N,1,false,true,0.897308,unique_panel_pair,,0,,,"PDF page 5; structure bbox (1044, 2684, 1263, 2886); label bbox (1215, 2814, 1236, 2834)",outputs\literature_kb_numbered_structure_refinement_20260906\structure_crops\ZPC-005453\page_0005_structure_012.png,outputs\literature_kb_numbered_structure_refinement_20260906\source_pages\ZPC-005453\page_0005.png
SRCENT-a4c3643d22be623181,ZPC-005453,10.1002/admi.202202352,PI 0,numbered260,PANELSTR-1eaad90c893f70c817,5,C=CC(=O)OCC(CC)(COC(=O)C=C)COC(=O)C=C,C=CC(=O)OCC(CC)(COC(=O)C=C)COC(=O)C=C,DAKWPKUUDNSNPN-UHFFFAOYSA-N,1,false,true,0.885609,unique_panel_pair,,0,,,"PDF page 5; structure bbox (847, 2181, 1027, 2345); label bbox (954, 2287, 963, 2295)",outputs\literature_kb_numbered_structure_refinement_dpi260_20260906\structure_crops\ZPC-005453\page_0005_structure_012.png,outputs\literature_kb_numbered_structure_refinement_dpi260_20260906\source_pages\ZPC-005453\page_0005.png
SRCENT-a4c3643d22be623181,ZPC-005453,10.1002/admi.202202352,PI 0,source2,PANELSTR-bc3aa6b13e9b1eb3a8,5,C=CC(=O)OCC(CC)(COC(=O)C=C)COC(=O)C=C,C=CC(=O)OCC(CC)(COC(=O)C=C)COC(=O)C=C,DAKWPKUUDNSNPN-UHFFFAOYSA-N,1,false,true,0.897308,unique_panel_pair,,0,,,"PDF page 5; structure bbox (1044, 2684, 1263, 2886); label bbox (1105, 2795, 1117, 2805)",outputs\literature_kb_source_structure_refinement_batch2_20260906\structure_crops\ZPC-005453\page_0005_structure_012.png,outputs\literature_kb_source_structure_refinement_batch2_20260906\source_pages\ZPC-005453\page_0005.png
SRCENT-a4c3643d22be623181,ZPC-005453,10.1002/admi.202202352,PI 0,source2,PANELSTR-82eed03f0f50f2fca2,5,C=CC(=O)OCC(CC)(COC(=O)C=C)COC(=O)C=C,C=CC(=O)OCC(CC)(COC(=O)C=C)COC(=O)C=C,DAKWPKUUDNSNPN-UHFFFAOYSA-N,1,false,true,0.897308,unique_panel_pair,,0,,,"PDF page 5; structure bbox (1044, 2684, 1263, 2886); label bbox (1215, 2814, 1236, 2834)",outputs\literature_kb_source_structure_refinement_batch2_20260906\structure_crops\ZPC-005453\page_0005_structure_012.png,outputs\literature_kb_source_structure_refinement_batch2_20260906\source_pages\ZPC-005453\page_0005.png
SRCENT-bfb599b991d7eddb3b,ZPC-004234,10.1002/cptc.202000146,compound 1,named1,PANELSTR-c15e7c2024ce3efa77,3,CCN(CC)c1ccc(C=O)c(O)c1,CCN(CC)c1ccc(C=O)c(O)c1,XFVZSRRZZNLWBW-UHFFFAOYSA-N,1,false,true,0.905965,unique_panel_pair,,0,,,"PDF page 3; structure bbox (208, 2874, 431, 3014); label bbox (418, 2910, 433, 2928)",outputs\literature_kb_named_structure_refinement_batch1_20260906\structure_crops\ZPC-004234\page_0003_structure_001.png,outputs\literature_kb_named_structure_refinement_batch1_20260906\source_pages\ZPC-004234\page_0003.png
SRCENT-bfb599b991d7eddb3b,ZPC-004234,10.1002/cptc.202000146,compound 1,named1,PANELSTR-bdd9f5c998d3509a14,3,CCN(CC)c1ccc2ccc(=O)oc2c1,CCN(CC)c1ccc2ccc(=O)oc2c1,QXAMGWKESXGGNV-UHFFFAOYSA-N,1,false,true,0.905552,unique_panel_pair,,0,,,"PDF page 3; structure bbox (615, 2889, 859, 3019); label bbox (749, 3007, 758, 3027)",outputs\literature_kb_named_structure_refinement_batch1_20260906\structure_crops\ZPC-004234\page_0003_structure_003.png,outputs\literature_kb_named_structure_refinement_batch1_20260906\source_pages\ZPC-004234\page_0003.png
SRCENT-bfb599b991d7eddb3b,ZPC-004234,10.1002/cptc.202000146,compound 1,named1,PANELSTR-b2f424dd596adc652a,7,C1CCC1.CC.CC.CC.CC.CC.CC.CC.CC.CC.CC.CC.CC.CC.CC.CC.CC.CC.CC.CC.CC.CC.CC.CC.CC.CC.CC.CC.CC.CC.CC.CC.CC.CC.CC.CCC(C)CC.CCC1CC2C1C1C23C2C14C31C23C25C6C78C9(C%10C7%11C97C%109C%11%10C%11%12C%13%14C%15C%16CC%15%17C%16%13C%11%13C%17%14C9%12C7%10%13)C67C82C43C751.CCCC.CCCC.CCCC.CCCC.CCCC1CCC1,C1CCC1.CC.CC.CC.CC.CC.CC.CC.CC.CC.CC.CC.CC.CC.CC.CC.CC.CC.CC.CC.CC.CC.CC.CC.CC.CC.CC.CC.CC.CC.CC.CC.CC.CC.CC.CCC(C)CC.CCC1CC2C1C1C23C2C14C31C23C25C6C78C9(C%10C7%11C97C%109C%11%10C%11%12C%13%14C%15C%16CC%15%17C%16%13C%11%13C%17%14C9%12C7%10%13)C67C82C43C751.CCCC.CCCC.CCCC.CCCC.CCCC1CCC1,HDFHPHHWHMFUKC-UHFFFAOYSA-N,42,false,true,0.0,unique_panel_pair,,0,,,"PDF page 7; structure bbox (1465, 768, 1720, 962); label bbox (1593, 735, 1616, 754)",outputs\literature_kb_named_structure_refinement_batch1_20260906\structure_crops\ZPC-004234\page_0007_structure_007.png,outputs\literature_kb_named_structure_refinement_batch1_20260906\source_pages\ZPC-004234\page_0007.png
SRCENT-bfb599b991d7eddb3b,ZPC-004234,10.1002/cptc.202000146,compound 1,numbered,PANELSTR-c15e7c2024ce3efa77,3,CCN(CC)c1ccc(C=O)c(O)c1,CCN(CC)c1ccc(C=O)c(O)c1,XFVZSRRZZNLWBW-UHFFFAOYSA-N,1,false,true,0.905965,unique_panel_pair,,0,,,"PDF page 3; structure bbox (208, 2874, 431, 3014); label bbox (418, 2910, 433, 2928)",outputs\literature_kb_numbered_structure_refinement_20260906\structure_crops\ZPC-004234\page_0003_structure_001.png,outputs\literature_kb_numbered_structure_refinement_20260906\source_pages\ZPC-004234\page_0003.png
SRCENT-bfb599b991d7eddb3b,ZPC-004234,10.1002/cptc.202000146,compound 1,numbered,PANELSTR-bdd9f5c998d3509a14,3,CCN(CC)c1ccc2ccc(=O)oc2c1,CCN(CC)c1ccc2ccc(=O)oc2c1,QXAMGWKESXGGNV-UHFFFAOYSA-N,1,false,true,0.905552,unique_panel_pair,,0,,,"PDF page 3; structure bbox (615, 2889, 859, 3019); label bbox (749, 3007, 758, 3027)",outputs\literature_kb_numbered_structure_refinement_20260906\structure_crops\ZPC-004234\page_0003_structure_003.png,outputs\literature_kb_numbered_structure_refinement_20260906\source_pages\ZPC-004234\page_0003.png
SRCENT-bfb599b991d7eddb3b,ZPC-004234,10.1002/cptc.202000146,compound 1,numbered,PANELSTR-b2f424dd596adc652a,7,C1CCC1.CC.CC.CC.CC.CC.CC.CC.CC.CC.CC.CC.CC.CC.CC.CC.CC.CC.CC.CC.CC.CC.CC.CC.CC.CC.CC.CC.CC.CC.CC.CC.CC.CC.CC.CCC(C)CC.CCC1CC2C1C1C23C2C14C31C23C25C6C78C9(C%10C7%11C97C%109C%11%10C%11%12C%13%14C%15C%16CC%15%17C%16%13C%11%13C%17%14C9%12C7%10%13)C67C82C43C751.CCCC.CCCC.CCCC.CCCC.CCCC1CCC1,C1CCC1.CC.CC.CC.CC.CC.CC.CC.CC.CC.CC.CC.CC.CC.CC.CC.CC.CC.CC.CC.CC.CC.CC.CC.CC.CC.CC.CC.CC.CC.CC.CC.CC.CC.CC.CCC(C)CC.CCC1CC2C1C1C23C2C14C31C23C25C6C78C9(C%10C7%11C97C%109C%11%10C%11%12C%13%14C%15C%16CC%15%17C%16%13C%11%13C%17%14C9%12C7%10%13)C67C82C43C751.CCCC.CCCC.CCCC.CCCC.CCCC1CCC1,HDFHPHHWHMFUKC-UHFFFAOYSA-N,42,false,true,0.0,unique_panel_pair,,0,,,"PDF page 7; structure bbox (1465, 768, 1720, 962); label bbox (1593, 735, 1616, 754)",outputs\literature_kb_numbered_structure_refinement_20260906\structure_crops\ZPC-004234\page_0007_structure_007.png,outputs\literature_kb_numbered_structure_refinement_20260906\source_pages\ZPC-004234\page_0007.png
SRCENT-bfb599b991d7eddb3b,ZPC-004234,10.1002/cptc.202000146,compound 1,numbered260,PANELSTR-52719ceae2c806a8c5,3,CCN(CC)c1ccc(C=O)c(O)c1,CCN(CC)c1ccc(C=O)c(O)c1,XFVZSRRZZNLWBW-UHFFFAOYSA-N,1,false,true,0.895722,unique_panel_pair,,0,,,"PDF page 3; structure bbox (169, 2335, 350, 2449); label bbox (340, 2365, 352, 2379)",outputs\literature_kb_numbered_structure_refinement_dpi260_20260906\structure_crops\ZPC-004234\page_0003_structure_001.png,outputs\literature_kb_numbered_structure_refinement_dpi260_20260906\source_pages\ZPC-004234\page_0003.png
SRCENT-bfb599b991d7eddb3b,ZPC-004234,10.1002/cptc.202000146,compound 1,numbered260,PANELSTR-ba4b8a097856dc2407,3,CCN(CC)c1ccc2ccc(=O)oc2c1,CCN(CC)c1ccc2ccc(=O)oc2c1,QXAMGWKESXGGNV-UHFFFAOYSA-N,1,false,true,0.906132,unique_panel_pair,,0,,,"PDF page 3; structure bbox (499, 2347, 698, 2453); label bbox (609, 2444, 616, 2460)",outputs\literature_kb_numbered_structure_refinement_dpi260_20260906\structure_crops\ZPC-004234\page_0003_structure_002.png,outputs\literature_kb_numbered_structure_refinement_dpi260_20260906\source_pages\ZPC-004234\page_0003.png
SRCENT-bfb599b991d7eddb3b,ZPC-004234,10.1002/cptc.202000146,compound 1,numbered260,PANELSTR-6320da0f5fd920939e,3,*C(=O)O/N=C/c1cc2ccc(N(CC)CC)cc2oc1=O,*C(=O)O/N=C/c1cc2ccc(N(CC)CC)cc2oc1=O,,1,true,true,0.912924,one_structure_matches_multiple_registered_labels,,0,,,"PDF page 3; structure bbox (714, 2511, 1003, 2623); label bbox (954, 2529, 983, 2556)",outputs\literature_kb_numbered_structure_refinement_dpi260_20260906\structure_crops\ZPC-004234\page_0003_structure_005.png,outputs\literature_kb_numbered_structure_refinement_dpi260_20260906\source_pages\ZPC-004234\page_0003.png
SRCENT-bfb599b991d7eddb3b,ZPC-004234,10.1002/cptc.202000146,compound 1,numbered260,PANELSTR-b57436c8dc3cd277b4,7,CC(C)C(C)C(C)C(C)C1234(C)[CH]56C[CH]78(C)[CH]9(C)C(C)C(C)[CH]1%10%11%12%13%14%15[CH](C)([CH]9(C)[CH]57C)[CH]21(C)[CH]%10257(C)[CH]9(C)[CH]%10(C)[CH]%16%17%18(C)[CH]%19(C)[CH]%20%21(C)[CH]9%11%22%23(C)[CH]9%11%24(C)[CH]%16(C)[CH]%193%16(C)C(C)[CH]2%223%19(C)C(C)[CH]45[CH]%2093%1224C[CH]%21%11%192%133(C)[CH]%10%17%24(C)[CH]7%2343%14(C)[CH]681%18%16%15C.CC(C)C(C)[CH](C)(C)[CH](C)(C(C)C)C(C)C,,,0,false,false,0.0,unique_panel_pair,,0,,,"PDF page 7; structure bbox (1191, 624, 1399, 783); label bbox (1295, 597, 1314, 613)",outputs\literature_kb_numbered_structure_refinement_dpi260_20260906\structure_crops\ZPC-004234\page_0007_structure_006.png,outputs\literature_kb_numbered_structure_refinement_dpi260_20260906\source_pages\ZPC-004234\page_0007.png
SRCENT-bfb599b991d7eddb3b,ZPC-004234,10.1002/cptc.202000146,compound 1,numbered400,PANELSTR-007cb8303f5714a2db,3,CCN(CC)c1ccc(C=O)c(O)c1,CCN(CC)c1ccc(C=O)c(O)c1,XFVZSRRZZNLWBW-UHFFFAOYSA-N,1,false,true,0.919466,one_structure_matches_multiple_registered_labels,,0,,,"PDF page 3; structure bbox (260, 3592, 539, 3768); label bbox (523, 3638, 542, 3661)",outputs\literature_kb_numbered_structure_refinement_dpi400_20260906\structure_crops\ZPC-004234\page_0003_structure_001.png,outputs\literature_kb_numbered_structure_refinement_dpi400_20260906\source_pages\ZPC-004234\page_0003.png
SRCENT-bfb599b991d7eddb3b,ZPC-004234,10.1002/cptc.202000146,compound 1,numbered400,PANELSTR-81b18682fac6dad818,3,CCN(CC)c1ccc2ccc(=O)oc2c1,CCN(CC)c1ccc2ccc(=O)oc2c1,QXAMGWKESXGGNV-UHFFFAOYSA-N,1,false,true,0.917885,unique_panel_pair,,0,,,"PDF page 3; structure bbox (769, 3611, 1074, 3774); label bbox (937, 3760, 947, 3784)",outputs\literature_kb_numbered_structure_refinement_dpi400_20260906\structure_crops\ZPC-004234\page_0003_structure_002.png,outputs\literature_kb_numbered_structure_refinement_dpi400_20260906\source_pages\ZPC-004234\page_0003.png
SRCENT-bfb599b991d7eddb3b,ZPC-004234,10.1002/cptc.202000146,compound 1,numbered400,PANELSTR-9e29e372631dad21a4,7,C1C2CC1C2.C1CC2CCC12.CC.CC.CC.CC.CC.CC.CC.CC.CC.CC.CC.CC.CC.CC.CC.CC.CC.CC.CC.CC.CC.CC.CC.CC.CC.CC.CC.CC.CC.CC.CC.CC.CC.CC.CC.CC.CC.CCC1CC(C(C)CC)C1.CCC1CC2CCC12.CCCC.CCCC.CCCC.CCCC.CCCC.CCCC.CCCCCCC(C)CC,C1C2CC1C2.C1CC2CCC12.CC.CC.CC.CC.CC.CC.CC.CC.CC.CC.CC.CC.CC.CC.CC.CC.CC.CC.CC.CC.CC.CC.CC.CC.CC.CC.CC.CC.CC.CC.CC.CC.CC.CC.CC.CC.CC.CCC1CC(C(C)CC)C1.CCC1CC2CCC12.CCCC.CCCC.CCCC.CCCC.CCCC.CCCC.CCCCCCC(C)CC,ZTJVCJHXBNFPBR-UHFFFAOYSA-N,48,false,true,0.0,one_structure_matches_multiple_registered_labels,,0,,,"PDF page 7; structure bbox (1833, 960, 2150, 1204); label bbox (1993, 919, 2021, 943)",outputs\literature_kb_numbered_structure_refinement_dpi400_20260906\structure_crops\ZPC-004234\page_0007_structure_004.png,outputs\literature_kb_numbered_structure_refinement_dpi400_20260906\source_pages\ZPC-004234\page_0007.png
SRCENT-bfb599b991d7eddb3b,ZPC-004234,10.1002/cptc.202000146,compound 1,source2,PANELSTR-c15e7c2024ce3efa77,3,CCN(CC)c1ccc(C=O)c(O)c1,CCN(CC)c1ccc(C=O)c(O)c1,XFVZSRRZZNLWBW-UHFFFAOYSA-N,1,false,true,0.905965,unique_panel_pair,,0,,,"PDF page 3; structure bbox (208, 2874, 431, 3014); label bbox (418, 2910, 433, 2928)",outputs\literature_kb_source_structure_refinement_batch2_20260906\structure_crops\ZPC-004234\page_0003_structure_001.png,outputs\literature_kb_source_structure_refinement_batch2_20260906\source_pages\ZPC-004234\page_0003.png
SRCENT-bfb599b991d7eddb3b,ZPC-004234,10.1002/cptc.202000146,compound 1,source2,PANELSTR-bdd9f5c998d3509a14,3,CCN(CC)c1ccc2ccc(=O)oc2c1,CCN(CC)c1ccc2ccc(=O)oc2c1,QXAMGWKESXGGNV-UHFFFAOYSA-N,1,false,true,0.905552,unique_panel_pair,,0,,,"PDF page 3; structure bbox (615, 2889, 859, 3019); label bbox (749, 3007, 758, 3027)",outputs\literature_kb_source_structure_refinement_batch2_20260906\structure_crops\ZPC-004234\page_0003_structure_003.png,outputs\literature_kb_source_structure_refinement_batch2_20260906\source_pages\ZPC-004234\page_0003.png
SRCENT-bfb599b991d7eddb3b,ZPC-004234,10.1002/cptc.202000146,compound 1,source2,PANELSTR-b2f424dd596adc652a,7,C1CCC1.CC.CC.CC.CC.CC.CC.CC.CC.CC.CC.CC.CC.CC.CC.CC.CC.CC.CC.CC.CC.CC.CC.CC.CC.CC.CC.CC.CC.CC.CC.CC.CC.CC.CC.CCC(C)CC.CCC1CC2C1C1C23C2C14C31C23C25C6C78C9(C%10C7%11C97C%109C%11%10C%11%12C%13%14C%15C%16CC%15%17C%16%13C%11%13C%17%14C9%12C7%10%13)C67C82C43C751.CCCC.CCCC.CCCC.CCCC.CCCC1CCC1,C1CCC1.CC.CC.CC.CC.CC.CC.CC.CC.CC.CC.CC.CC.CC.CC.CC.CC.CC.CC.CC.CC.CC.CC.CC.CC.CC.CC.CC.CC.CC.CC.CC.CC.CC.CC.CCC(C)CC.CCC1CC2C1C1C23C2C14C31C23C25C6C78C9(C%10C7%11C97C%109C%11%10C%11%12C%13%14C%15C%16CC%15%17C%16%13C%11%13C%17%14C9%12C7%10%13)C67C82C43C751.CCCC.CCCC.CCCC.CCCC.CCCC1CCC1,HDFHPHHWHMFUKC-UHFFFAOYSA-N,42,false,true,0.0,unique_panel_pair,,0,,,"PDF page 7; structure bbox (1465, 768, 1720, 962); label bbox (1593, 735, 1616, 754)",outputs\literature_kb_source_structure_refinement_batch2_20260906\structure_crops\ZPC-004234\page_0007_structure_007.png,outputs\literature_kb_source_structure_refinement_batch2_20260906\source_pages\ZPC-004234\page_0007.png
SRCENT-c21c4929d2054c5ba5,ZPC-004284,10.1039/d1py00914a,DAS,named1,PANELSTR-6073b58f97f95d1c54,8,*S(=O)(=O)/N=N/c1ccc(/C=C/c2ccc(/N=N/S(=O)(=O)[O][K])cc2S(=O)(=O)[O][K])c(S(=O)(=O)[O][K])c1,*S(=O)(=O)/N=N/c1ccc(/C=C/c2ccc(/N=N/S(=O)(=O)[O][K])cc2S(=O)(=O)[O][K])c(S(=O)(=O)[O][K])c1,,1,true,true,0.905184,unique_panel_pair,,0,,,"PDF page 8; structure bbox (1643, 1421, 2372, 1733); label bbox (1752, 1631, 1864, 1672)",outputs\literature_kb_named_structure_refinement_batch1_20260906\structure_crops\ZPC-004284\page_0008_structure_006.png,outputs\literature_kb_named_structure_refinement_batch1_20260906\source_pages\ZPC-004284\page_0008.png
SRCENT-c21c4929d2054c5ba5,ZPC-004284,10.1039/d1py00914a,DAS,numbered,PANELSTR-6073b58f97f95d1c54,8,*S(=O)(=O)/N=N/c1ccc(/C=C/c2ccc(/N=N/S(=O)(=O)[O][K])cc2S(=O)(=O)[O][K])c(S(=O)(=O)[O][K])c1,*S(=O)(=O)/N=N/c1ccc(/C=C/c2ccc(/N=N/S(=O)(=O)[O][K])cc2S(=O)(=O)[O][K])c(S(=O)(=O)[O][K])c1,,1,true,true,0.905184,unique_panel_pair,,0,,,"PDF page 8; structure bbox (1643, 1421, 2372, 1733); label bbox (1752, 1631, 1864, 1672)",outputs\literature_kb_numbered_structure_refinement_20260906\structure_crops\ZPC-004284\page_0008_structure_006.png,outputs\literature_kb_numbered_structure_refinement_20260906\source_pages\ZPC-004284\page_0008.png
SRCENT-c21c4929d2054c5ba5,ZPC-004284,10.1039/d1py00914a,DAS,numbered3,PANELSTR-6073b58f97f95d1c54,8,*S(=O)(=O)/N=N/c1ccc(/C=C/c2ccc(/N=N/S(=O)(=O)[O][K])cc2S(=O)(=O)[O][K])c(S(=O)(=O)[O][K])c1,*S(=O)(=O)/N=N/c1ccc(/C=C/c2ccc(/N=N/S(=O)(=O)[O][K])cc2S(=O)(=O)[O][K])c(S(=O)(=O)[O][K])c1,,1,true,true,0.905184,unique_panel_pair,,0,,,"PDF page 8; structure bbox (1643, 1421, 2372, 1733); label bbox (1752, 1631, 1864, 1672)",outputs\literature_kb_numbered_structure_refinement_batch3_20260906\structure_crops\ZPC-004284\page_0008_structure_006.png,outputs\literature_kb_numbered_structure_refinement_batch3_20260906\source_pages\ZPC-004284\page_0008.png
SRCENT-c21c4929d2054c5ba5,ZPC-004284,10.1039/d1py00914a,DAS,source,PANELSTR-6073b58f97f95d1c54,8,*S(=O)(=O)/N=N/c1ccc(/C=C/c2ccc(/N=N/S(=O)(=O)[O][K])cc2S(=O)(=O)[O][K])c(S(=O)(=O)[O][K])c1,*S(=O)(=O)/N=N/c1ccc(/C=C/c2ccc(/N=N/S(=O)(=O)[O][K])cc2S(=O)(=O)[O][K])c(S(=O)(=O)[O][K])c1,,1,true,true,0.905184,unique_panel_pair,,0,,,"PDF page 8; structure bbox (1643, 1421, 2372, 1733); label bbox (1752, 1631, 1864, 1672)",LOCAL_SOURCE_ROOT_REDACTED\outputs\literature_kb_source_structure_refinement_20260906\structure_crops\ZPC-004284\page_0008_structure_006.png,LOCAL_SOURCE_ROOT_REDACTED\outputs\literature_kb_source_structure_refinement_20260906\source_pages\ZPC-004284\page_0008.png
SRCENT-da54801d8f297e0812,zotero_WD4L7CWE,10.1016/j.eurpolymj.2019.109295,BA740,source,PANELSTR-e3ecc436d6e38c4f22,17,CC(=O)OCCN(CCOC(C)=O)c1ccc(/C=C2\CC/C(=C\c3ccc(N(CCOC(C)=O)CCOC(C)=O)cc3)C2=O)cc1,CC(=O)OCCN(CCOC(C)=O)c1ccc(/C=C2\CC/C(=C\c3ccc(N(CCOC(C)=O)CCOC(C)=O)cc3)C2=O)cc1,REGCUEZJIIDYKY-QBRCKEFASA-N,1,false,true,0.868878,unique_panel_pair,,0,,,"PDF page 17; structure bbox (1430, 2305, 1808, 2470); label bbox (1663, 2257, 1739, 2276)",LOCAL_SOURCE_ROOT_REDACTED\outputs\literature_kb_source_structure_refinement_20260906\structure_crops\zotero_WD4L7CWE\page_0017_structure_003.png,LOCAL_SOURCE_ROOT_REDACTED\outputs\literature_kb_source_structure_refinement_20260906\source_pages\zotero_WD4L7CWE\page_0017.png
SRCENT-da54801d8f297e0812,zotero_WD4L7CWE,10.1016/j.eurpolymj.2019.109295,BA740,source,PANELSTR-1a66cb56540305fec8,17,CC(=O)O/C=C/N(CCOC(C)=O)c1ccc(/C=C2\CC/C(=C\c3ccc(N(CCOC(C)=O)CCOC(C)=O)cc3)C2=O)cc1,CC(=O)O/C=C/N(CCOC(C)=O)c1ccc(/C=C2\CC/C(=C\c3ccc(N(CCOC(C)=O)CCOC(C)=O)cc3)C2=O)cc1,TXXRDKUJJGUEJC-RKJHYIRZSA-N,1,false,true,0.871326,unique_panel_pair,,0,,,"PDF page 17; structure bbox (1954, 2305, 2330, 2468); label bbox (2185, 2257, 2261, 2276)",LOCAL_SOURCE_ROOT_REDACTED\outputs\literature_kb_source_structure_refinement_20260906\structure_crops\zotero_WD4L7CWE\page_0017_structure_002.png,LOCAL_SOURCE_ROOT_REDACTED\outputs\literature_kb_source_structure_refinement_20260906\source_pages\zotero_WD4L7CWE\page_0017.png
SRCENT-f36457cdfca9a655df,ZPC-001187,10.1016/j.jphotochem.2007.03.002,PI 2,numbered,PANELSTR-c7ca189e65f837589b,2,*c1ccc(/C=C/c2ccc3c(c2)C(=O)c2cc(/C=C/c4ccccc4)ccc2C3=O)cc1,*c1ccc(/C=C/c2ccc3c(c2)C(=O)c2cc(/C=C/c4ccccc4)ccc2C3=O)cc1,,1,true,true,0.911031,unique_panel_pair,,0,,,"PDF page 2; structure bbox (1370, 2804, 2186, 3080); label bbox (1580, 3200, 1596, 3226)",outputs\literature_kb_numbered_structure_refinement_20260906\structure_crops\ZPC-001187\page_0002_structure_003.png,outputs\literature_kb_numbered_structure_refinement_20260906\source_pages\ZPC-001187\page_0002.png
SRCENT-f36457cdfca9a655df,ZPC-001187,10.1016/j.jphotochem.2007.03.002,PI 2,numbered3,PANELSTR-c7ca189e65f837589b,2,*c1ccc(/C=C/c2ccc3c(c2)C(=O)c2cc(/C=C/c4ccccc4)ccc2C3=O)cc1,*c1ccc(/C=C/c2ccc3c(c2)C(=O)c2cc(/C=C/c4ccccc4)ccc2C3=O)cc1,,1,true,true,0.911031,unique_panel_pair,,0,,,"PDF page 2; structure bbox (1370, 2804, 2186, 3080); label bbox (1580, 3200, 1596, 3226)",outputs\literature_kb_numbered_structure_refinement_batch3_20260906\structure_crops\ZPC-001187\page_0002_structure_003.png,outputs\literature_kb_numbered_structure_refinement_batch3_20260906\source_pages\ZPC-001187\page_0002.png
SRCENT-f36457cdfca9a655df,ZPC-001187,10.1016/j.jphotochem.2007.03.002,PI 2,source2,PANELSTR-c7ca189e65f837589b,2,*c1ccc(/C=C/c2ccc3c(c2)C(=O)c2cc(/C=C/c4ccccc4)ccc2C3=O)cc1,*c1ccc(/C=C/c2ccc3c(c2)C(=O)c2cc(/C=C/c4ccccc4)ccc2C3=O)cc1,,1,true,true,0.911031,unique_panel_pair,,0,,,"PDF page 2; structure bbox (1370, 2804, 2186, 3080); label bbox (1580, 3200, 1596, 3226)",outputs\literature_kb_source_structure_refinement_batch2_20260906\structure_crops\ZPC-001187\page_0002_structure_003.png,outputs\literature_kb_source_structure_refinement_batch2_20260906\source_pages\ZPC-001187\page_0002.png
