supplement_id,source_id,zotero_key,doi,title,field_name,raw_value,raw_unit,normalized_value,normalized_unit,page_hint,evidence_anchor,local_context,normalization_basis,extraction_mode,automatic_status,automatic_confidence,automatic_gate_decision,automatic_gate_reason,source_record_id
SUP-AUTO-000001,ZPC-000028,,10.1021/ma9007785,Structure-activity relationship in d-π-a-π-d-based photoinitiators for the two-photon-induced photopolymerization process,pi_loading,0.05,wt %,,,,"ented initiators. To conclude, the new compounds are highly efficient initiators similar to other very potential two-photon initiators from the literature. We were able to produce nicely shaped structures with PI concentrations as low as ∼0.05 wt %. Additionally, the ideal processing window for each initiator was determined by changing the laser intensity and initiator concentration at a fixed feed rate. By using optimized parameters, structures with line widths of about 250 nm were obtained. As there are presumably different mechanisms of initiation responsible, a more comprehensive study on the photophysics and theoretical and experimental cross-section values of the new PIs is currently in progress and will be the subject of a separate publication. Acknowledgment. We thank Ali A. Ajami and Wolfgang Husinsky (IAP, TU Vienna) for the help in measuring the TPA cross section with z-scan analysis. We acknowledge the financial support by the Austrian Science Fund (FWF) and the Austrian Research Agency (FFG) under Contracts N703 (STRUCMAT- ISOTEC) and P18623 N-17. Supporting Information Available: Synthesis and character- ization of the key intermediates, NMR spectra of the new initiators, and photodegradation effect at different flow rates (z-scan analysis). This material is available free of ch","ented initiators. To conclude, the new compounds are highly efficient initiators similar to other very potential two-photon initiators from the literature. We were able to produce nicely shaped structures with PI concentrations as low as ∼0.05 wt %. Additionally, the ideal processing window for each initiator was determined by changing the laser intensity and initiator concentration at a fixed feed rate. By using optimized parameters, structures with line widths of about 250 nm were",converted_from_wt_percent,converted_from_wt_percent,auto_provisional_accept,machine_high,auto_accept,loading candidate has raw value/unit; normalization basis recorded,CAND-0000001
SUP-AUTO-000002,ZPC-000028,,10.1021/ma9007785,Structure-activity relationship in d-π-a-π-d-based photoinitiators for the two-photon-induced photopolymerization process,experimental_context,wavelength_nm=250;power_measurement_plane=not_reported;threshold_definition=candidate_in_anchor,context,,,,"ented initiators. To conclude, the new compounds are highly efficient initiators similar to other very potential two-photon initiators from the literature. We were able to produce nicely shaped structures with PI concentrations as low as ∼0.05 wt %. Additionally, the ideal processing window for each initiator was determined by changing the laser intensity and initiator concentration at a fixed feed rate. By using optimized parameters, structures with line widths of about 250 nm were obtained. As there are presumably different mechanisms of initiation responsible, a more comprehensive study on the photophysics and theoretical and experimental cross-section values of the new PIs is currently in progress and will be the subject of a separate publication. Acknowledgment. We thank Ali A. Ajami and Wolfgang Husinsky (IAP, TU Vienna) for the help in measuring the TPA cross section with z-scan analysis. We acknowledge the financial support by the Austrian Science Fund (FWF) and the Austrian Research Agency (FFG) under Contracts N703 (STRUCMAT- ISOTEC) and P18623 N-17. Supporting Information Available: Synthesis and character- ization of the key intermediates, NMR spectra of the new initiators, and photodegradation effect at different flow rates (z-scan analysis). This material is available free of ch","ented initiators. To conclude, the new compounds are highly efficient initiators similar to other very potential two-photon initiators from the literature. We were able to produce nicely shaped structures with PI concentrations as low as ∼0.05 wt %. Additionally, the ideal processing window for each initiator was determined by changing the laser intensity and initiator concentration at a fixed feed rate. By using optimized parameters, structures with line widths of about 250 nm were obtained. As there are presumably different mechanisms of initiation responsible, a more comprehensive study on the photophysics and theoretical and experimental cross-section values of the new PIs is currently in progress and will be the subject of a separate publication. Acknowledgment. We thank Ali A. Ajami and Wolfgang Husinsky (IAP, TU Vienna) for the help in measuring the TPA cross section with z-sca...",not_applicable,reported_direct,auto_retained_context_candidate,machine_medium,manual_review,context_missing_resin,CAND-0000002
SUP-AUTO-000003,ZPC-000028,,10.1021/ma9007785,Structure-activity relationship in d-π-a-π-d-based photoinitiators for the two-photon-induced photopolymerization process,voxel_geometry,line_width_um=0.25,mixed,,,,"ented initiators. To conclude, the new compounds are highly efficient initiators similar to other very potential two-photon initiators from the literature. We were able to produce nicely shaped structures with PI concentrations as low as ∼0.05 wt %. Additionally, the ideal processing window for each initiator was determined by changing the laser intensity and initiator concentration at a fixed feed rate. By using optimized parameters, structures with line widths of about 250 nm were obtained. As there are presumably different mechanisms of initiation responsible, a more comprehensive study on the photophysics and theoretical and experimental cross-section values of the new PIs is currently in progress and will be the subject of a separate publication. Acknowledgment. We thank Ali A. Ajami and Wolfgang Husinsky (IAP, TU Vienna) for the help in measuring the TPA cross section with z-scan analysis. We acknowledge the financial support by the Austrian Science Fund (FWF) and the Austrian Research Agency (FFG) under Contracts N703 (STRUCMAT- ISOTEC) and P18623 N-17. Supporting Information Available: Synthesis and character- ization of the key intermediates, NMR spectra of the new initiators, and photodegradation effect at different flow rates (z-scan analysis). This material is available free of ch","ented initiators. To conclude, the new compounds are highly efficient initiators similar to other very potential two-photon initiators from the literature. We were able to produce nicely shaped structures with PI concentrations as low as ∼0.05 wt %. Additionally, the ideal processing window for each initiator was determined by changing the laser intensity and initiator concentration at a fixed feed rate. By using optimized parameters, structures with line widths of about 250 nm were obtained. As there are presumably different mechanisms of initiation responsible, a more comprehensive study on the photophysics and theoretical and experimental cross-section values of the new PIs is currently in progress and will be the subject of a separate publication. Acknowledgment. We thank Ali A. Ajami and Wolfgang Husinsky (IAP, TU Vienna) for the help in measuring the TPA cross section with z-sca...",not_applicable,reported_direct,auto_retained_context_candidate,machine_medium,manual_review,COMSOL_context_not_verified,CAND-0000003
SUP-AUTO-000004,ZPC-000028,,10.1021/ma9007785,Structure-activity relationship in d-π-a-π-d-based photoinitiators for the two-photon-induced photopolymerization process,experimental_context,repetition_rate_MHz=100;power_measurement_plane=not_reported;resin_formulation=candidate_in_anchor,context,,,,"ophysics and theoretical and experimental cross-section values of the new PIs is currently in progress and will be the subject of a separate publication. Acknowledgment. We thank Ali A. Ajami and Wolfgang Husinsky (IAP, TU Vienna) for the help in measuring the TPA cross section with z-scan analysis. We acknowledge the financial support by the Austrian Science Fund (FWF) and the Austrian Research Agency (FFG) under Contracts N703 (STRUCMAT- ISOTEC) and P18623 N-17. Supporting Information Available: Synthesis and character- ization of the key intermediates, NMR spectra of the new initiators, and photodegradation effect at different flow rates (z-scan analysis). This material is available free of charge via the Internet at http://pubs.acs.org. References and Notes (1) Maruo, S.; Nakamura, O.; Kawata, S. Opt. Lett. 1997, 22 (2), 132– 134. (2) Maruo, S.; Fourkas, J. T. Laser Photonics Rev. 2008, 2 (1-2), 100– 111. (3) Sun, H.-B.; Kawata, S. Adv. Polym. Sci. 2004, 170, 169-273. Figure 7. 3D structures (resin ETA/TTA 1:1,B3K as initiator) using different laser systems: system A (1 kHz): (a) dragonfly;55 (b) dinosaur;55 system B (100 MHz): (c) woodpile structure; (d) detailed view of the woodpile structure. --- Page 10 --- 6528 Macromolecules, Vol. 42, No. 17, 2009 Pucher et al. (4) Sun, H.-","ophysics and theoretical and experimental cross-section values of the new PIs is currently in progress and will be the subject of a separate publication. Acknowledgment. We thank Ali A. Ajami and Wolfgang Husinsky (IAP, TU Vienna) for the help in measuring the TPA cross section with z-scan analysis. We acknowledge the financial support by the Austrian Science Fund (FWF) and the Austrian Research Agency (FFG) under Contracts N703 (STRUCMAT- ISOTEC) and P18623 N-17. Supporting Information Available: Synthesis and character- ization of the key intermediates, NMR spectra of the new initiators, and photodegradation effect at different flow rates (z-scan analysis). This material is available free of charge via the Internet at http://pubs.acs.org. References and Notes (1) Maruo, S.; Nakamura, O.; Kawata, S. Opt. Lett. 1997, 22 (2), 132– 134. (2) Maruo, S.; Fourkas, J. T. Laser Photonics Rev....",not_applicable,reported_direct,auto_retained_context_candidate,machine_medium,manual_review,context_missing_wavelength,CAND-0000004
SUP-AUTO-000005,ZPC-000028,,10.1021/ma9007785,Structure-activity relationship in d-π-a-π-d-based photoinitiators for the two-photon-induced photopolymerization process,sigma_2pa,1,GM,1,GM,,"such as tailored replacement materials.13,14 TPIP is a solid free-form fabrication technique where a resin, which contains mainly a multifunctional acrylate-based monomer and a photoinitiator (PI), is cur ed inside the focal point of a femtosecond pulsed near-infrared laser beam. With this unique process it is possible to produce complex 3D structures with resolutions (∼120 nm) below the diffraction limit of the utilized wavelength.15 With advanced techniques such as the application of radical quenchers16,17 or repolymerization techniques,18 it is even possible to improve the feature resolution to 65 and 22 nm, respectively. A highly active TPA PI plays a key role in order to obtain an efficient and clean polymerization and therefore high-quality structures. In the literature, the TPA cross section (1 GM = 10-50 m4 sp h o t o n-1) is the currently used value to characterize the activity of a TPA compound. It has to be noted that this value corresponds only on the absorption behavior of the compound similar to the extinction coefficient (ε) of one-photon absorption in Lambert -Beer’s law, giving only a hint for the subsequent photoreactivity.6 At the initial stages of TPIP, research groups used typical commercially available radical PIs such as Irgacure 369. 1,8,19 Relatively high c","on techniques,18 it is even possible to improve the feature resolution to 65 and 22 nm, respectively. A highly active TPA PI plays a key role in order to obtain an efficient and clean polymerization and therefore high-quality structures. In the literature, the TPA cross section (1 GM = 10-50 m4 sp h o t o n-1) is the currently used value to characterize the activity of a TPA compound. It has to be noted that this value corresponds only on the absorption behavior of the compound similar to the extinction coefficient (ε)",wavelength_nm=120,reported_direct,auto_retained_low_context_candidate,machine_medium,manual_review,possible_C_external_sigma2,CAND-0000005
SUP-AUTO-000006,ZPC-000028,,10.1021/ma9007785,Structure-activity relationship in d-π-a-π-d-based photoinitiators for the two-photon-induced photopolymerization process,experimental_context,wavelength_nm=120;power_measurement_plane=not_reported;resin_formulation=candidate_in_anchor,context,,,,"such as tailored replacement materials.13,14 TPIP is a solid free-form fabrication technique where a resin, which contains mainly a multifunctional acrylate-based monomer and a photoinitiator (PI), is cur ed inside the focal point of a femtosecond pulsed near-infrared laser beam. With this unique process it is possible to produce complex 3D structures with resolutions (∼120 nm) below the diffraction limit of the utilized wavelength.15 With advanced techniques such as the application of radical quenchers16,17 or repolymerization techniques,18 it is even possible to improve the feature resolution to 65 and 22 nm, respectively. A highly active TPA PI plays a key role in order to obtain an efficient and clean polymerization and therefore high-quality structures. In the literature, the TPA cross section (1 GM = 10-50 m4 sp h o t o n-1) is the currently used value to characterize the activity of a TPA compound. It has to be noted that this value corresponds only on the absorption behavior of the compound similar to the extinction coefficient (ε) of one-photon absorption in Lambert -Beer’s law, giving only a hint for the subsequent photoreactivity.6 At the initial stages of TPIP, research groups used typical commercially available radical PIs such as Irgacure 369. 1,8,19 Relatively high c","such as tailored replacement materials.13,14 TPIP is a solid free-form fabrication technique where a resin, which contains mainly a multifunctional acrylate-based monomer and a photoinitiator (PI), is cur ed inside the focal point of a femtosecond pulsed near-infrared laser beam. With this unique process it is possible to produce complex 3D structures with resolutions (∼120 nm) below the diffraction limit of the utilized wavelength.15 With advanced techniques such as the application of radical quenchers16,17 or repolymerization techniques,18 it is even possible to improve the feature resolution to 65 and 22 nm, respectively. A highly active TPA PI plays a key role in order to obtain an efficient and clean polymerization and therefore high-quality structures. In the literature, the TPA cross section (1 GM = 10-50 m4 sp h o t o n-1) is the currently used value to characterize the activi...",not_applicable,reported_direct,auto_provisional_accept,machine_high,auto_accept,context candidate has wavelength and resin signal; equality across all PIs still needs audit,CAND-0000006
SUP-AUTO-000007,ZPC-000028,,10.1021/ma9007785,Structure-activity relationship in d-π-a-π-d-based photoinitiators for the two-photon-induced photopolymerization process,sigma_2pa,995,GM,995,GM,,"igh photoreactivity just like for normal one-photon initiators seems the goal to achieve. In recent literature, a large variety of TPA active compounds has been reported with;in some cases; enormous TPA cross sections.24,25 To obtain these high GM values, a planarπ-system with a long conjugation length and with different functional donor (D) and/ or acceptor (A) groups are important structural parameters.24-26 Two representative examples of high efficiency that are fre- quently reported in literature are E,E-1,4-bis[40-(N,N-di-n- butylamino)styryl]-2,5-dimethoxybenzene (R1)a n d E,E-1,4-bis- [40-(N,N-di-n-butylamino)styryl]benzene (R2), with TPA cross sections up to 995 GM at the maximum of the TPA absorption spectra (730 nm) (Figure 1). 26 These initiators are using an intramolecular charge transfer mechanism in the primary initia- tion step, followed by an intermolecular electron transfer.27 In addition to the planarity, the conjugation length of the chromophore, the type of D/A system and the type of the*Corresponding author. E-mail: robert.liska@tuwien.ac.at. Downloaded via TONGJI UNIV on March 22, 2026 at 13:06:58 (UTC). See https://pubs.acs.org/sharingguidelines for options on how to legitimately share published articles. --- Page 2 --- 6520 Macromolecules, Vol. 42, No. 17,","eters.24-26 Two representative examples of high efficiency that are fre- quently reported in literature are E,E-1,4-bis[40-(N,N-di-n- butylamino)styryl]-2,5-dimethoxybenzene (R1)a n d E,E-1,4-bis- [40-(N,N-di-n-butylamino)styryl]benzene (R2), with TPA cross sections up to 995 GM at the maximum of the TPA absorption spectra (730 nm) (Figure 1). 26 These initiators are using an intramolecular charge transfer mechanism in the primary initia- tion step, followed by an intermolecular electron transfer.27 In addition to",wavelength_nm=730,reported_direct,auto_retained_low_context_candidate,machine_medium,manual_review,possible_C_external_sigma2,CAND-0000007
SUP-AUTO-000008,ZPC-000028,,10.1021/ma9007785,Structure-activity relationship in d-π-a-π-d-based photoinitiators for the two-photon-induced photopolymerization process,experimental_context,wavelength_nm=730;power_measurement_plane=not_reported,context,,,,"igh photoreactivity just like for normal one-photon initiators seems the goal to achieve. In recent literature, a large variety of TPA active compounds has been reported with;in some cases; enormous TPA cross sections.24,25 To obtain these high GM values, a planarπ-system with a long conjugation length and with different functional donor (D) and/ or acceptor (A) groups are important structural parameters.24-26 Two representative examples of high efficiency that are fre- quently reported in literature are E,E-1,4-bis[40-(N,N-di-n- butylamino)styryl]-2,5-dimethoxybenzene (R1)a n d E,E-1,4-bis- [40-(N,N-di-n-butylamino)styryl]benzene (R2), with TPA cross sections up to 995 GM at the maximum of the TPA absorption spectra (730 nm) (Figure 1). 26 These initiators are using an intramolecular charge transfer mechanism in the primary initia- tion step, followed by an intermolecular electron transfer.27 In addition to the planarity, the conjugation length of the chromophore, the type of D/A system and the type of the*Corresponding author. E-mail: robert.liska@tuwien.ac.at. Downloaded via TONGJI UNIV on March 22, 2026 at 13:06:58 (UTC). See https://pubs.acs.org/sharingguidelines for options on how to legitimately share published articles. --- Page 2 --- 6520 Macromolecules, Vol. 42, No. 17,","igh photoreactivity just like for normal one-photon initiators seems the goal to achieve. In recent literature, a large variety of TPA active compounds has been reported with;in some cases; enormous TPA cross sections.24,25 To obtain these high GM values, a planarπ-system with a long conjugation length and with different functional donor (D) and/ or acceptor (A) groups are important structural parameters.24-26 Two representative examples of high efficiency that are fre- quently reported in literature are E,E-1,4-bis[40-(N,N-di-n- butylamino)styryl]-2,5-dimethoxybenzene (R1)a n d E,E-1,4-bis- [40-(N,N-di-n-butylamino)styryl]benzene (R2), with TPA cross sections up to 995 GM at the maximum of the TPA absorption spectra (730 nm) (Figure 1). 26 These initiators are using an intramolecular charge transfer mechanism in the primary initia- tion step, followed by an intermolecular electron tr...",not_applicable,reported_direct,auto_retained_context_candidate,machine_medium,manual_review,context_missing_resin,CAND-0000008
SUP-AUTO-000009,ZPC-000028,,10.1021/ma9007785,Structure-activity relationship in d-π-a-π-d-based photoinitiators for the two-photon-induced photopolymerization process,sigma_2pa,256,GM,256,GM,,"σ) (Figure 3a). To exclude excited-state absorption and to proof the fact that a pure σ is determined, the measurements were repeated at different peak intensities and the calculated parameter q0 scales linearly with intensity (Figure 3b).52 All calculated σ values are given in Table 1. The values for the TPA cross sections of the ketone-based initiators show an increase with enhanced donor strength of the substituents in the para position of the aromatic ring. No signal could be detected for H3K, and only a very low signal was measured in case of O3K at the given wavelength. Among the amino-based derivatives P3K had the highest value of 256 GM. Surprisingly, there is a significant differ- ence between the methyl and butyl derivative M3K and B3K, maybe due to a shift of the TPA spectra between these two initiators, similar to the differences also observed in the one-photon spectra (Table 1). The value for M2K is on the same order of magnitude as the other amino-ketone-based PI. A comparison with litera- ture data 53 revealed that similar double-bond-containing derivatives are in the same range and also showing broader signals than the triple bond analogues that allows less accurate fitting of the data. The low value for M3P might be explained by the weak acceptor capability of the","enhanced donor strength of the substituents in the para position of the aromatic ring. No signal could be detected for H3K, and only a very low signal was measured in case of O3K at the given wavelength. Among the amino-based derivatives P3K had the highest value of 256 GM. Surprisingly, there is a significant differ- ence between the methyl and butyl derivative M3K and B3K, maybe due to a shift of the TPA spectra between these two initiators, similar to the differences also observed in the one-photon spectr",wavelength_nm=,reported_direct,auto_provisional_accept,machine_high,auto_accept,"sigma2 candidate has value, unit, and wavelength anchor; A/B quality still needs audit",CAND-0000009
SUP-AUTO-000010,ZPC-000028,,10.1021/ma9007785,Structure-activity relationship in d-π-a-π-d-based photoinitiators for the two-photon-induced photopolymerization process,sigma_2pa,40,GM,40,GM,,"ed value to characterize the activity of a TPA compound. It has to be noted that this value corresponds only on the absorption behavior of the compound similar to the extinction coefficient (ε) of one-photon absorption in Lambert -Beer’s law, giving only a hint for the subsequent photoreactivity.6 At the initial stages of TPIP, research groups used typical commercially available radical PIs such as Irgacure 369. 1,8,19 Relatively high concentrations and laser intensities as well as long exposure times are required when structuring with these one- photon initiators. 5,20,21 The limited efficiency of these PIs can be ascribed to the rather low TPA cross section, normally less than 40 GM, 22 while higher radical formation quantum yields and initiation efficiency tend to compensate the low TPA cross- section values. 23 Under practical conditions, several research groups still prefer these initiators, but in the past few years there has been a growing need for special PIs optimized for the TPIP process with a high photoinitiating or sensitizing quantum yield under TPIP conditions.6 Up to now, a full understanding of the relationship of the molecular structure and the two-photon properties has still remained a big challenge. A high GM value combined with a high photoreactivity just like f","re 369. 1,8,19 Relatively high concentrations and laser intensities as well as long exposure times are required when structuring with these one- photon initiators. 5,20,21 The limited efficiency of these PIs can be ascribed to the rather low TPA cross section, normally less than 40 GM, 22 while higher radical formation quantum yields and initiation efficiency tend to compensate the low TPA cross- section values. 23 Under practical conditions, several research groups still prefer these initiators, but in the past few yea",wavelength_nm=,reported_direct,auto_provisional_accept,machine_high,auto_accept,"sigma2 candidate has value, unit, and wavelength anchor; A/B quality still needs audit",CAND-0000010
SUP-AUTO-000011,ZPC-000028,,10.1021/ma9007785,Structure-activity relationship in d-π-a-π-d-based photoinitiators for the two-photon-induced photopolymerization process,sigma_2pa,1,GM,1,GM,,"h as tailored replacement materials.13,14 TPIP is a solid free-form fabrication technique where a resin, which contains mainly a multifunctional acrylate-based monomer and a photoinitiator (PI), is cur ed inside the focal point of a femtosecond pulsed near-infrared laser beam. With this unique process it is possible to produce complex 3D structures with resolutions (∼120 nm) below the diffraction limit of the utilized wavelength.15 With advanced techniques such as the application of radical quenchers16,17 or repolymerization techniques,18 it is even possible to improve the feature resolution to 65 and 22 nm, respectively. A highly active TPA PI plays a key role in order to obtain an efficient and clean polymerization and therefore high-quality structures. In the literature, the TPA cross section (1 GM = 10-50 m4 sp h o t o n-1) is the currently used value to characterize the activity of a TPA compound. It has to be noted that this value corresponds only on the absorption behavior of the compound similar to the extinction coefficient (ε) of one-photon absorption in Lambert -Beer’s law, giving only a hint for the subsequent photoreactivity.6 At the initial stages of TPIP, research groups used typical commercially available radical PIs such as Irgacure 369. 1,8,19 Relatively high conc","on techniques,18 it is even possible to improve the feature resolution to 65 and 22 nm, respectively. A highly active TPA PI plays a key role in order to obtain an efficient and clean polymerization and therefore high-quality structures. In the literature, the TPA cross section (1 GM = 10-50 m4 sp h o t o n-1) is the currently used value to characterize the activity of a TPA compound. It has to be noted that this value corresponds only on the absorption behavior of the compound similar to the extinction coefficient (ε)",wavelength_nm=120,reported_direct,auto_retained_low_context_candidate,machine_medium,manual_review,possible_C_external_sigma2,CAND-0000011
SUP-AUTO-000012,ZPC-000028,,10.1021/ma9007785,Structure-activity relationship in d-π-a-π-d-based photoinitiators for the two-photon-induced photopolymerization process,experimental_context,wavelength_nm=120;power_measurement_plane=not_reported;resin_formulation=candidate_in_anchor,context,,,,"h as tailored replacement materials.13,14 TPIP is a solid free-form fabrication technique where a resin, which contains mainly a multifunctional acrylate-based monomer and a photoinitiator (PI), is cur ed inside the focal point of a femtosecond pulsed near-infrared laser beam. With this unique process it is possible to produce complex 3D structures with resolutions (∼120 nm) below the diffraction limit of the utilized wavelength.15 With advanced techniques such as the application of radical quenchers16,17 or repolymerization techniques,18 it is even possible to improve the feature resolution to 65 and 22 nm, respectively. A highly active TPA PI plays a key role in order to obtain an efficient and clean polymerization and therefore high-quality structures. In the literature, the TPA cross section (1 GM = 10-50 m4 sp h o t o n-1) is the currently used value to characterize the activity of a TPA compound. It has to be noted that this value corresponds only on the absorption behavior of the compound similar to the extinction coefficient (ε) of one-photon absorption in Lambert -Beer’s law, giving only a hint for the subsequent photoreactivity.6 At the initial stages of TPIP, research groups used typical commercially available radical PIs such as Irgacure 369. 1,8,19 Relatively high conc","h as tailored replacement materials.13,14 TPIP is a solid free-form fabrication technique where a resin, which contains mainly a multifunctional acrylate-based monomer and a photoinitiator (PI), is cur ed inside the focal point of a femtosecond pulsed near-infrared laser beam. With this unique process it is possible to produce complex 3D structures with resolutions (∼120 nm) below the diffraction limit of the utilized wavelength.15 With advanced techniques such as the application of radical quenchers16,17 or repolymerization techniques,18 it is even possible to improve the feature resolution to 65 and 22 nm, respectively. A highly active TPA PI plays a key role in order to obtain an efficient and clean polymerization and therefore high-quality structures. In the literature, the TPA cross section (1 GM = 10-50 m4 sp h o t o n-1) is the currently used value to characterize the activity...",not_applicable,reported_direct,auto_provisional_accept,machine_high,auto_accept,context candidate has wavelength and resin signal; equality across all PIs still needs audit,CAND-0000012
SUP-AUTO-000013,ZPC-000028,,10.1021/ma9007785,Structure-activity relationship in d-π-a-π-d-based photoinitiators for the two-photon-induced photopolymerization process,experimental_context,wavelength_nm=800;power_measurement_plane=not_reported;resin_formulation=candidate_in_anchor,context,,,,"ving quality 4 no longer showed acceptable results. The walls had several imperfections such as holes or no well- defined structures due to overexposure. In the case of quality 5 the shapes are no longer identifiable because of several defects such as complete missing walls and vast holes (Figure 6y) or due to massive over exposure effects, which could be recognized by “exploded shapes” (Figure 6x). Figure 3. (a) Experimental z-scan data (dots) and fitting curves (full lines) forB3K at different pulse energies. (b)q0 plotted vs intensity for investigated PIs and an example for standard measurement and fitting data. Figure 4. (a) Screening of PI B3K (range 5-30 μW). (b) Detailed view. --- Page 8 --- 6526 Macromolecules, Vol. 42, No. 17, 2009 Pucher et al. In our measurements, the initiators (6.3 /C2 10-6 mol PI/g resin) well-known from the literature ( R1, R2) are both able to build up nicely shaped structures at low laser in- tensities. The commercially available PI Irgacure 369 showed no good results at 800 nm at the given low PI concentration, which is well in agreement with the low TPA cross section. 22 Because of the TPA spectrum of Irgacure 369 ( λmax = 324 nm),22 the laser wavelength was adjusted to 600 nm. At this wavelength, only a small processing window of less than 10","ving quality 4 no longer showed acceptable results. The walls had several imperfections such as holes or no well- defined structures due to overexposure. In the case of quality 5 the shapes are no longer identifiable because of several defects such as complete missing walls and vast holes (Figure 6y) or due to massive over exposure effects, which could be recognized by “exploded shapes” (Figure 6x). Figure 3. (a) Experimental z-scan data (dots) and fitting curves (full lines) forB3K at different pulse energies. (b)q0 plotted vs intensity for investigated PIs and an example for standard measurement and fitting data. Figure 4. (a) Screening of PI B3K (range 5-30 μW). (b) Detailed view. --- Page 8 --- 6526 Macromolecules, Vol. 42, No. 17, 2009 Pucher et al. In our measurements, the initiators (6.3 /C2 10-6 mol PI/g resin) well-known from the literature ( R1, R2) are both able to build up...",not_applicable,reported_direct,auto_provisional_accept,machine_high,auto_accept,context candidate has wavelength and resin signal; equality across all PIs still needs audit,CAND-0000013
SUP-AUTO-000014,ZPC-000028,,10.1021/ma9007785,Structure-activity relationship in d-π-a-π-d-based photoinitiators for the two-photon-induced photopolymerization process,pi_loading,1,wt %,,,,"t al. In our measurements, the initiators (6.3 /C2 10-6 mol PI/g resin) well-known from the literature ( R1, R2) are both able to build up nicely shaped structures at low laser in- tensities. The commercially available PI Irgacure 369 showed no good results at 800 nm at the given low PI concentration, which is well in agreement with the low TPA cross section. 22 Because of the TPA spectrum of Irgacure 369 ( λmax = 324 nm),22 the laser wavelength was adjusted to 600 nm. At this wavelength, only a small processing window of less than 10 μW was found, where sufficiently good results can be obtained. It has to be mentioned that by increasing the concentration of Irgacure 369 to 1 wt %, which is a com- mon concentration found in the literature, nicely expo- sured structures between 4 and 7 μW could be obtained at 600 nm. The same effect could also be observed when using the presented initiators. The starting point for our investigations was M3K that gave good results in preliminary tests. By changing the acceptor group in M3K from a carbonyl group to a pyridine moiety as in PI M3P, the solubility was dramatically de- creased. In the structuring tests we were not able to obtain any good results with the pyridine-based compound M3P (data not shown). Explanation might be given by the low TPA cross se","length was adjusted to 600 nm. At this wavelength, only a small processing window of less than 10 μW was found, where sufficiently good results can be obtained. It has to be mentioned that by increasing the concentration of Irgacure 369 to 1 wt %, which is a com- mon concentration found in the literature, nicely expo- sured structures between 4 and 7 μW could be obtained at 600 nm. The same effect could also be observed when using the presented initiators. The starting point for ou",converted_from_wt_percent,converted_from_wt_percent,auto_provisional_accept,machine_high,auto_accept,loading candidate has raw value/unit; normalization basis recorded,CAND-0000014
SUP-AUTO-000015,ZPC-000028,,10.1021/ma9007785,Structure-activity relationship in d-π-a-π-d-based photoinitiators for the two-photon-induced photopolymerization process,experimental_context,wavelength_nm=800;power_measurement_plane=not_reported;resin_formulation=candidate_in_anchor,context,,,,"t al. In our measurements, the initiators (6.3 /C2 10-6 mol PI/g resin) well-known from the literature ( R1, R2) are both able to build up nicely shaped structures at low laser in- tensities. The commercially available PI Irgacure 369 showed no good results at 800 nm at the given low PI concentration, which is well in agreement with the low TPA cross section. 22 Because of the TPA spectrum of Irgacure 369 ( λmax = 324 nm),22 the laser wavelength was adjusted to 600 nm. At this wavelength, only a small processing window of less than 10 μW was found, where sufficiently good results can be obtained. It has to be mentioned that by increasing the concentration of Irgacure 369 to 1 wt %, which is a com- mon concentration found in the literature, nicely expo- sured structures between 4 and 7 μW could be obtained at 600 nm. The same effect could also be observed when using the presented initiators. The starting point for our investigations was M3K that gave good results in preliminary tests. By changing the acceptor group in M3K from a carbonyl group to a pyridine moiety as in PI M3P, the solubility was dramatically de- creased. In the structuring tests we were not able to obtain any good results with the pyridine-based compound M3P (data not shown). Explanation might be given by the low TPA cross se","t al. In our measurements, the initiators (6.3 /C2 10-6 mol PI/g resin) well-known from the literature ( R1, R2) are both able to build up nicely shaped structures at low laser in- tensities. The commercially available PI Irgacure 369 showed no good results at 800 nm at the given low PI concentration, which is well in agreement with the low TPA cross section. 22 Because of the TPA spectrum of Irgacure 369 ( λmax = 324 nm),22 the laser wavelength was adjusted to 600 nm. At this wavelength, only a small processing window of less than 10 μW was found, where sufficiently good results can be obtained. It has to be mentioned that by increasing the concentration of Irgacure 369 to 1 wt %, which is a com- mon concentration found in the literature, nicely expo- sured structures between 4 and 7 μW could be obtained at 600 nm. The same effect could also be observed when using the presented initi...",not_applicable,reported_direct,auto_provisional_accept,machine_high,auto_accept,context candidate has wavelength and resin signal; equality across all PIs still needs audit,CAND-0000015
SUP-AUTO-000016,ZPC-000028,,10.1021/ma9007785,Structure-activity relationship in d-π-a-π-d-based photoinitiators for the two-photon-induced photopolymerization process,pi_loading,1,mM,,,,"ect on the activity compared to M3K, but in this case the solubility in the resin was significantly lowered. The butyl side chains ofB3K have the best influence on the activity. As described in the literature, 3 the increased solubility seems to be the reason for that. So B3K turned out to be the best performing initiator in our tests having the broadest ideal structuring process window at laser intensities as low as 5 μW and a very good solubility in the resin. The tests were repeated also with lower molar PI concen- trations in order to determine the lowest possible PI con- centration under these conditions (data not shown). For the medium concentration (1.6 /C2 10-6 mol PI/g resin) the results for all initiators are very similar to the higher concentration; only the ideal processing window is slightly shifted to higher laser intensities. At the lowest concentration (1.6 /C2 10-7 mol PI/g resin), only H3K could produce well-defined structures within a very small process window at 600 nm. Additionally, more complex 3D structures were inscribed into the material volume using B3K (6.3 /C2 10-6 mol PI/g resin) as initiator. A laser power of 11 μW at a given feedrate of 1 mm/min allowed the structuring of a dragonfly and a dinosaur sculpture using laser system A (Figure 7a,b). These shapes are s","d structures within a very small process window at 600 nm. Additionally, more complex 3D structures were inscribed into the material volume using B3K (6.3 /C2 10-6 mol PI/g resin) as initiator. A laser power of 11 μW at a given feedrate of 1 mm/min allowed the structuring of a dragonfly and a dinosaur sculpture using laser system A (Figure 7a,b). These shapes are s",reported_mM,reported_direct,auto_provisional_accept,machine_high,auto_accept,loading candidate has raw value/unit; normalization basis recorded,CAND-0000016
SUP-AUTO-000017,ZPC-000028,,10.1021/ma9007785,Structure-activity relationship in d-π-a-π-d-based photoinitiators for the two-photon-induced photopolymerization process,experimental_context,wavelength_nm=600;power_measurement_plane=not_reported;resin_formulation=candidate_in_anchor,context,,,,"ect on the activity compared to M3K, but in this case the solubility in the resin was significantly lowered. The butyl side chains ofB3K have the best influence on the activity. As described in the literature, 3 the increased solubility seems to be the reason for that. So B3K turned out to be the best performing initiator in our tests having the broadest ideal structuring process window at laser intensities as low as 5 μW and a very good solubility in the resin. The tests were repeated also with lower molar PI concen- trations in order to determine the lowest possible PI con- centration under these conditions (data not shown). For the medium concentration (1.6 /C2 10-6 mol PI/g resin) the results for all initiators are very similar to the higher concentration; only the ideal processing window is slightly shifted to higher laser intensities. At the lowest concentration (1.6 /C2 10-7 mol PI/g resin), only H3K could produce well-defined structures within a very small process window at 600 nm. Additionally, more complex 3D structures were inscribed into the material volume using B3K (6.3 /C2 10-6 mol PI/g resin) as initiator. A laser power of 11 μW at a given feedrate of 1 mm/min allowed the structuring of a dragonfly and a dinosaur sculpture using laser system A (Figure 7a,b). These shapes are s","ect on the activity compared to M3K, but in this case the solubility in the resin was significantly lowered. The butyl side chains ofB3K have the best influence on the activity. As described in the literature, 3 the increased solubility seems to be the reason for that. So B3K turned out to be the best performing initiator in our tests having the broadest ideal structuring process window at laser intensities as low as 5 μW and a very good solubility in the resin. The tests were repeated also with lower molar PI concen- trations in order to determine the lowest possible PI con- centration under these conditions (data not shown). For the medium concentration (1.6 /C2 10-6 mol PI/g resin) the results for all initiators are very similar to the higher concentration; only the ideal processing window is slightly shifted to higher laser intensities. At the lowest concentration (1.6 /C2 10-7 mo...",not_applicable,reported_direct,auto_provisional_accept,machine_high,auto_accept,context candidate has wavelength and resin signal; equality across all PIs still needs audit,CAND-0000017
SUP-AUTO-000018,ZPC-000028,,10.1021/ma9007785,Structure-activity relationship in d-π-a-π-d-based photoinitiators for the two-photon-induced photopolymerization process,pi_loading,1,mM,,,,"der to determine the lowest possible PI con- centration under these conditions (data not shown). For the medium concentration (1.6 /C2 10-6 mol PI/g resin) the results for all initiators are very similar to the higher concentration; only the ideal processing window is slightly shifted to higher laser intensities. At the lowest concentration (1.6 /C2 10-7 mol PI/g resin), only H3K could produce well-defined structures within a very small process window at 600 nm. Additionally, more complex 3D structures were inscribed into the material volume using B3K (6.3 /C2 10-6 mol PI/g resin) as initiator. A laser power of 11 μW at a given feedrate of 1 mm/min allowed the structuring of a dragonfly and a dinosaur sculpture using laser system A (Figure 7a,b). These shapes are showing perfectly the advantages of TPIP com- pared to other rapid prototyping techniques. High resolu- tions, which are otherwise inaccessible, and complex 3D structures with massive overhangs such as the wings of the dragonfly sculpture (Figure 7a) can be obtained easily. Furthermore, a different laser system with a repetition rate of 100 MHz (system B) was also tested in order to achieve higher resolutions than obtained by system A. In a power range of 1.5-2.8 mW at a feed rate of 10 -25 μm/s perfectly Figure 5. PI TPIP","d structures within a very small process window at 600 nm. Additionally, more complex 3D structures were inscribed into the material volume using B3K (6.3 /C2 10-6 mol PI/g resin) as initiator. A laser power of 11 μW at a given feedrate of 1 mm/min allowed the structuring of a dragonfly and a dinosaur sculpture using laser system A (Figure 7a,b). These shapes are showing perfectly the advantages of TPIP com- pared to other rapid prototyping techniques. High resolu- tions, which a",reported_mM,reported_direct,auto_provisional_accept,machine_high,auto_accept,loading candidate has raw value/unit; normalization basis recorded,CAND-0000018
SUP-AUTO-000019,ZPC-000028,,10.1021/ma9007785,Structure-activity relationship in d-π-a-π-d-based photoinitiators for the two-photon-induced photopolymerization process,pi_loading,-25,µM,,,,"der to determine the lowest possible PI con- centration under these conditions (data not shown). For the medium concentration (1.6 /C2 10-6 mol PI/g resin) the results for all initiators are very similar to the higher concentration; only the ideal processing window is slightly shifted to higher laser intensities. At the lowest concentration (1.6 /C2 10-7 mol PI/g resin), only H3K could produce well-defined structures within a very small process window at 600 nm. Additionally, more complex 3D structures were inscribed into the material volume using B3K (6.3 /C2 10-6 mol PI/g resin) as initiator. A laser power of 11 μW at a given feedrate of 1 mm/min allowed the structuring of a dragonfly and a dinosaur sculpture using laser system A (Figure 7a,b). These shapes are showing perfectly the advantages of TPIP com- pared to other rapid prototyping techniques. High resolu- tions, which are otherwise inaccessible, and complex 3D structures with massive overhangs such as the wings of the dragonfly sculpture (Figure 7a) can be obtained easily. Furthermore, a different laser system with a repetition rate of 100 MHz (system B) was also tested in order to achieve higher resolutions than obtained by system A. In a power range of 1.5-2.8 mW at a feed rate of 10 -25 μm/s perfectly Figure 5. PI TPIP","an be obtained easily. Furthermore, a different laser system with a repetition rate of 100 MHz (system B) was also tested in order to achieve higher resolutions than obtained by system A. In a power range of 1.5-2.8 mW at a feed rate of 10 -25 μm/s perfectly Figure 5. PI TPIP",reported_mM,reported_direct,auto_provisional_accept,machine_high,auto_accept,loading candidate has raw value/unit; normalization basis recorded,CAND-0000019
SUP-AUTO-000020,ZPC-000028,,10.1021/ma9007785,Structure-activity relationship in d-π-a-π-d-based photoinitiators for the two-photon-induced photopolymerization process,experimental_context,wavelength_nm=600;repetition_rate_MHz=100;power_measurement_plane=not_reported;resin_formulation=candidate_in_anchor,context,,,,"der to determine the lowest possible PI con- centration under these conditions (data not shown). For the medium concentration (1.6 /C2 10-6 mol PI/g resin) the results for all initiators are very similar to the higher concentration; only the ideal processing window is slightly shifted to higher laser intensities. At the lowest concentration (1.6 /C2 10-7 mol PI/g resin), only H3K could produce well-defined structures within a very small process window at 600 nm. Additionally, more complex 3D structures were inscribed into the material volume using B3K (6.3 /C2 10-6 mol PI/g resin) as initiator. A laser power of 11 μW at a given feedrate of 1 mm/min allowed the structuring of a dragonfly and a dinosaur sculpture using laser system A (Figure 7a,b). These shapes are showing perfectly the advantages of TPIP com- pared to other rapid prototyping techniques. High resolu- tions, which are otherwise inaccessible, and complex 3D structures with massive overhangs such as the wings of the dragonfly sculpture (Figure 7a) can be obtained easily. Furthermore, a different laser system with a repetition rate of 100 MHz (system B) was also tested in order to achieve higher resolutions than obtained by system A. In a power range of 1.5-2.8 mW at a feed rate of 10 -25 μm/s perfectly Figure 5. PI TPIP","der to determine the lowest possible PI con- centration under these conditions (data not shown). For the medium concentration (1.6 /C2 10-6 mol PI/g resin) the results for all initiators are very similar to the higher concentration; only the ideal processing window is slightly shifted to higher laser intensities. At the lowest concentration (1.6 /C2 10-7 mol PI/g resin), only H3K could produce well-defined structures within a very small process window at 600 nm. Additionally, more complex 3D structures were inscribed into the material volume using B3K (6.3 /C2 10-6 mol PI/g resin) as initiator. A laser power of 11 μW at a given feedrate of 1 mm/min allowed the structuring of a dragonfly and a dinosaur sculpture using laser system A (Figure 7a,b). These shapes are showing perfectly the advantages of TPIP com- pared to other rapid prototyping techniques. High resolu- tions, which are ot...",not_applicable,reported_direct,auto_provisional_accept,machine_high,auto_accept,context candidate has wavelength and resin signal; equality across all PIs still needs audit,CAND-0000020
SUP-AUTO-000021,ZPC-000028,,10.1021/ma9007785,Structure-activity relationship in d-π-a-π-d-based photoinitiators for the two-photon-induced photopolymerization process,pi_loading,0.05,wt %,,,,"order to study the structure-activity relation- ship. Generally, structuring tests are well in accordance with the values for the TPA cross section; only in the case of double-bond- containing derivatives such as M2K significantly lower activity has to be accepted presumably due to cis -trans isomerization reactions. A carbonyl group as electron withdrawing function- ality showed by far better results than pyridinyl and pyridiniumyl moieties. A dibutylamino functionality increased the activity of the PIs under TPIP conditions compared to dimethylamino and diphenylamino electron-donating groups most likely due to an improved solubility in the resin. Therefore, B3K turned out to contain the optimum set of functional groups at the given lead structure, having the highest activity of all presented initiators. To conclude, the new compounds are highly efficient initiators similar to other very potential two-photon initiators from the literature. We were able to produce nicely shaped structures with PI concentrations as low as ∼0.05 wt %. Additionally, the ideal processing window for each initiator was determined by changing the laser intensity and initiator concentration at a fixed feed rate. By using optimized parameters, structures with line widths of about 250 nm were obtained. As there","sented initiators. To conclude, the new compounds are highly efficient initiators similar to other very potential two-photon initiators from the literature. We were able to produce nicely shaped structures with PI concentrations as low as ∼0.05 wt %. Additionally, the ideal processing window for each initiator was determined by changing the laser intensity and initiator concentration at a fixed feed rate. By using optimized parameters, structures with line widths of about 250 nm were",converted_from_wt_percent,converted_from_wt_percent,auto_provisional_accept,machine_high,auto_accept,loading candidate has raw value/unit; normalization basis recorded,CAND-0000021
SUP-AUTO-000022,ZPC-000028,,10.1021/ma9007785,Structure-activity relationship in d-π-a-π-d-based photoinitiators for the two-photon-induced photopolymerization process,experimental_context,wavelength_nm=250;power_measurement_plane=not_reported;threshold_definition=candidate_in_anchor;resin_formulation=candidate_in_anchor,context,,,,"order to study the structure-activity relation- ship. Generally, structuring tests are well in accordance with the values for the TPA cross section; only in the case of double-bond- containing derivatives such as M2K significantly lower activity has to be accepted presumably due to cis -trans isomerization reactions. A carbonyl group as electron withdrawing function- ality showed by far better results than pyridinyl and pyridiniumyl moieties. A dibutylamino functionality increased the activity of the PIs under TPIP conditions compared to dimethylamino and diphenylamino electron-donating groups most likely due to an improved solubility in the resin. Therefore, B3K turned out to contain the optimum set of functional groups at the given lead structure, having the highest activity of all presented initiators. To conclude, the new compounds are highly efficient initiators similar to other very potential two-photon initiators from the literature. We were able to produce nicely shaped structures with PI concentrations as low as ∼0.05 wt %. Additionally, the ideal processing window for each initiator was determined by changing the laser intensity and initiator concentration at a fixed feed rate. By using optimized parameters, structures with line widths of about 250 nm were obtained. As there","order to study the structure-activity relation- ship. Generally, structuring tests are well in accordance with the values for the TPA cross section; only in the case of double-bond- containing derivatives such as M2K significantly lower activity has to be accepted presumably due to cis -trans isomerization reactions. A carbonyl group as electron withdrawing function- ality showed by far better results than pyridinyl and pyridiniumyl moieties. A dibutylamino functionality increased the activity of the PIs under TPIP conditions compared to dimethylamino and diphenylamino electron-donating groups most likely due to an improved solubility in the resin. Therefore, B3K turned out to contain the optimum set of functional groups at the given lead structure, having the highest activity of all presented initiators. To conclude, the new compounds are highly efficient initiators similar to other...",not_applicable,reported_direct,auto_provisional_accept,machine_high,auto_accept,context candidate has wavelength and resin signal; equality across all PIs still needs audit,CAND-0000022
SUP-AUTO-000023,ZPC-000028,,10.1021/ma9007785,Structure-activity relationship in d-π-a-π-d-based photoinitiators for the two-photon-induced photopolymerization process,voxel_geometry,line_width_um=0.25,mixed,,,,"order to study the structure-activity relation- ship. Generally, structuring tests are well in accordance with the values for the TPA cross section; only in the case of double-bond- containing derivatives such as M2K significantly lower activity has to be accepted presumably due to cis -trans isomerization reactions. A carbonyl group as electron withdrawing function- ality showed by far better results than pyridinyl and pyridiniumyl moieties. A dibutylamino functionality increased the activity of the PIs under TPIP conditions compared to dimethylamino and diphenylamino electron-donating groups most likely due to an improved solubility in the resin. Therefore, B3K turned out to contain the optimum set of functional groups at the given lead structure, having the highest activity of all presented initiators. To conclude, the new compounds are highly efficient initiators similar to other very potential two-photon initiators from the literature. We were able to produce nicely shaped structures with PI concentrations as low as ∼0.05 wt %. Additionally, the ideal processing window for each initiator was determined by changing the laser intensity and initiator concentration at a fixed feed rate. By using optimized parameters, structures with line widths of about 250 nm were obtained. As there","order to study the structure-activity relation- ship. Generally, structuring tests are well in accordance with the values for the TPA cross section; only in the case of double-bond- containing derivatives such as M2K significantly lower activity has to be accepted presumably due to cis -trans isomerization reactions. A carbonyl group as electron withdrawing function- ality showed by far better results than pyridinyl and pyridiniumyl moieties. A dibutylamino functionality increased the activity of the PIs under TPIP conditions compared to dimethylamino and diphenylamino electron-donating groups most likely due to an improved solubility in the resin. Therefore, B3K turned out to contain the optimum set of functional groups at the given lead structure, having the highest activity of all presented initiators. To conclude, the new compounds are highly efficient initiators similar to other...",not_applicable,reported_direct,auto_retained_context_candidate,machine_medium,manual_review,COMSOL_context_not_verified,CAND-0000023
SUP-AUTO-000024,ZPC-000028,,10.1021/ma9007785,Structure-activity relationship in d-π-a-π-d-based photoinitiators for the two-photon-induced photopolymerization process,pi_loading,1,mM,,,,"nitiator. A laser power of 11 μW at a given feedrate of 1 mm/min allowed the structuring of a dragonfly and a dinosaur sculpture using laser system A (Figure 7a,b). These shapes are showing perfectly the advantages of TPIP com- pared to other rapid prototyping techniques. High resolu- tions, which are otherwise inaccessible, and complex 3D structures with massive overhangs such as the wings of the dragonfly sculpture (Figure 7a) can be obtained easily. Furthermore, a different laser system with a repetition rate of 100 MHz (system B) was also tested in order to achieve higher resolutions than obtained by system A. In a power range of 1.5-2.8 mW at a feed rate of 10 -25 μm/s perfectly Figure 5. PI TPIP screening tests (PI concentration: 6.3/C2 10-6 mol PI/ g resin). Figure 6. (a) Typical qualities of the shapes from very good (1) to average (3) (4 and 5 are not shown). (b) Typical imperfections of the structures at higher laser intensities such as over exposure (x) and holes (y). --- Page 9 --- Article Macromolecules, Vol. 42, No. 17, 2009 6527 developed woodpile structures with and without support- ing wall were prepared (Figure 7c,d). Line widths of about 250 nm were obtained and could be further improved by an optimal laser system setup such as optimized laser power- feed rate","nitiator. A laser power of 11 μW at a given feedrate of 1 mm/min allowed the structuring of a dragonfly and a dinosaur sculpture using laser system A (Figure 7a,b). These shapes are showing perfectly the advantages of TPIP com- pared to other rapid prototyping techniques. High resolu- tions, which a",reported_mM,reported_direct,auto_provisional_accept,machine_high,auto_accept,loading candidate has raw value/unit; normalization basis recorded,CAND-0000024
SUP-AUTO-000025,ZPC-000028,,10.1021/ma9007785,Structure-activity relationship in d-π-a-π-d-based photoinitiators for the two-photon-induced photopolymerization process,pi_loading,-25,µM,,,,"nitiator. A laser power of 11 μW at a given feedrate of 1 mm/min allowed the structuring of a dragonfly and a dinosaur sculpture using laser system A (Figure 7a,b). These shapes are showing perfectly the advantages of TPIP com- pared to other rapid prototyping techniques. High resolu- tions, which are otherwise inaccessible, and complex 3D structures with massive overhangs such as the wings of the dragonfly sculpture (Figure 7a) can be obtained easily. Furthermore, a different laser system with a repetition rate of 100 MHz (system B) was also tested in order to achieve higher resolutions than obtained by system A. In a power range of 1.5-2.8 mW at a feed rate of 10 -25 μm/s perfectly Figure 5. PI TPIP screening tests (PI concentration: 6.3/C2 10-6 mol PI/ g resin). Figure 6. (a) Typical qualities of the shapes from very good (1) to average (3) (4 and 5 are not shown). (b) Typical imperfections of the structures at higher laser intensities such as over exposure (x) and holes (y). --- Page 9 --- Article Macromolecules, Vol. 42, No. 17, 2009 6527 developed woodpile structures with and without support- ing wall were prepared (Figure 7c,d). Line widths of about 250 nm were obtained and could be further improved by an optimal laser system setup such as optimized laser power- feed rate","an be obtained easily. Furthermore, a different laser system with a repetition rate of 100 MHz (system B) was also tested in order to achieve higher resolutions than obtained by system A. In a power range of 1.5-2.8 mW at a feed rate of 10 -25 μm/s perfectly Figure 5. PI TPIP screening tests (PI concentration: 6.3/C2 10-6 mol PI/ g resin). Figure 6. (a) Typical qualities of the shapes from very good (1) to average (3) (4 and 5 are not shown). (b) Typical imperfections of the struct",reported_mM,reported_direct,auto_provisional_accept,machine_high,auto_accept,loading candidate has raw value/unit; normalization basis recorded,CAND-0000025
SUP-AUTO-000026,ZPC-000028,,10.1021/ma9007785,Structure-activity relationship in d-π-a-π-d-based photoinitiators for the two-photon-induced photopolymerization process,experimental_context,wavelength_nm=250;repetition_rate_MHz=100;power_measurement_plane=not_reported;development_protocol=reported;threshold_definition=candidate_in_anchor;resin_formulation=candidate_in_anchor,context,,,,"nitiator. A laser power of 11 μW at a given feedrate of 1 mm/min allowed the structuring of a dragonfly and a dinosaur sculpture using laser system A (Figure 7a,b). These shapes are showing perfectly the advantages of TPIP com- pared to other rapid prototyping techniques. High resolu- tions, which are otherwise inaccessible, and complex 3D structures with massive overhangs such as the wings of the dragonfly sculpture (Figure 7a) can be obtained easily. Furthermore, a different laser system with a repetition rate of 100 MHz (system B) was also tested in order to achieve higher resolutions than obtained by system A. In a power range of 1.5-2.8 mW at a feed rate of 10 -25 μm/s perfectly Figure 5. PI TPIP screening tests (PI concentration: 6.3/C2 10-6 mol PI/ g resin). Figure 6. (a) Typical qualities of the shapes from very good (1) to average (3) (4 and 5 are not shown). (b) Typical imperfections of the structures at higher laser intensities such as over exposure (x) and holes (y). --- Page 9 --- Article Macromolecules, Vol. 42, No. 17, 2009 6527 developed woodpile structures with and without support- ing wall were prepared (Figure 7c,d). Line widths of about 250 nm were obtained and could be further improved by an optimal laser system setup such as optimized laser power- feed rate","nitiator. A laser power of 11 μW at a given feedrate of 1 mm/min allowed the structuring of a dragonfly and a dinosaur sculpture using laser system A (Figure 7a,b). These shapes are showing perfectly the advantages of TPIP com- pared to other rapid prototyping techniques. High resolu- tions, which are otherwise inaccessible, and complex 3D structures with massive overhangs such as the wings of the dragonfly sculpture (Figure 7a) can be obtained easily. Furthermore, a different laser system with a repetition rate of 100 MHz (system B) was also tested in order to achieve higher resolutions than obtained by system A. In a power range of 1.5-2.8 mW at a feed rate of 10 -25 μm/s perfectly Figure 5. PI TPIP screening tests (PI concentration: 6.3/C2 10-6 mol PI/ g resin). Figure 6. (a) Typical qualities of the shapes from very good (1) to average (3) (4 and 5 are not shown). (b) Typical impe...",not_applicable,reported_direct,auto_provisional_accept,machine_high,auto_accept,context candidate has wavelength and resin signal; equality across all PIs still needs audit,CAND-0000026
SUP-AUTO-000027,ZPC-000028,,10.1021/ma9007785,Structure-activity relationship in d-π-a-π-d-based photoinitiators for the two-photon-induced photopolymerization process,voxel_geometry,line_width_um=0.25;power_mW=0.011,mixed,,,,"nitiator. A laser power of 11 μW at a given feedrate of 1 mm/min allowed the structuring of a dragonfly and a dinosaur sculpture using laser system A (Figure 7a,b). These shapes are showing perfectly the advantages of TPIP com- pared to other rapid prototyping techniques. High resolu- tions, which are otherwise inaccessible, and complex 3D structures with massive overhangs such as the wings of the dragonfly sculpture (Figure 7a) can be obtained easily. Furthermore, a different laser system with a repetition rate of 100 MHz (system B) was also tested in order to achieve higher resolutions than obtained by system A. In a power range of 1.5-2.8 mW at a feed rate of 10 -25 μm/s perfectly Figure 5. PI TPIP screening tests (PI concentration: 6.3/C2 10-6 mol PI/ g resin). Figure 6. (a) Typical qualities of the shapes from very good (1) to average (3) (4 and 5 are not shown). (b) Typical imperfections of the structures at higher laser intensities such as over exposure (x) and holes (y). --- Page 9 --- Article Macromolecules, Vol. 42, No. 17, 2009 6527 developed woodpile structures with and without support- ing wall were prepared (Figure 7c,d). Line widths of about 250 nm were obtained and could be further improved by an optimal laser system setup such as optimized laser power- feed rate","nitiator. A laser power of 11 μW at a given feedrate of 1 mm/min allowed the structuring of a dragonfly and a dinosaur sculpture using laser system A (Figure 7a,b). These shapes are showing perfectly the advantages of TPIP com- pared to other rapid prototyping techniques. High resolu- tions, which are otherwise inaccessible, and complex 3D structures with massive overhangs such as the wings of the dragonfly sculpture (Figure 7a) can be obtained easily. Furthermore, a different laser system with a repetition rate of 100 MHz (system B) was also tested in order to achieve higher resolutions than obtained by system A. In a power range of 1.5-2.8 mW at a feed rate of 10 -25 μm/s perfectly Figure 5. PI TPIP screening tests (PI concentration: 6.3/C2 10-6 mol PI/ g resin). Figure 6. (a) Typical qualities of the shapes from very good (1) to average (3) (4 and 5 are not shown). (b) Typical impe...",not_applicable,reported_direct,auto_retained_context_candidate,machine_medium,manual_review,COMSOL_context_not_verified,CAND-0000027
SUP-AUTO-000028,ZPC-000028,,10.1021/ma9007785,Structure-activity relationship in d-π-a-π-d-based photoinitiators for the two-photon-induced photopolymerization process,pi_loading,-25,µM,,,,"wer range of 1.5-2.8 mW at a feed rate of 10 -25 μm/s perfectly Figure 5. PI TPIP screening tests (PI concentration: 6.3/C2 10-6 mol PI/ g resin). Figure 6. (a) Typical qualities of the shapes from very good (1) to average (3) (4 and 5 are not shown). (b) Typical imperfections of the structures at higher laser intensities such as over exposure (x) and holes (y). --- Page 9 --- Article Macromolecules, Vol. 42, No. 17, 2009 6527 developed woodpile structures with and without support- ing wall were prepared (Figure 7c,d). Line widths of about 250 nm were obtained and could be further improved by an optimal laser system setup such as optimized laser power- feed rate ratio, a shaded ring filter, and the like. Conclusion In summary, we report on the successful syntheses and evaluation of a series of radical PIs optimized for the usage in TPIP processes containing different donor and acceptor func- tionalities as well as double and triple bonds in the conjugated-π- backbone. On the basis of the recently published triple-bond- containing Michler’s ketone derivative M3K, several other PIs were synthesized in order to study the structure-activity relation- ship. Generally, structuring tests are well in accordance with the values for the TPA cross section; only in the case of double-bond- containing",wer range of 1.5-2.8 mW at a feed rate of 10 -25 μm/s perfectly Figure 5. PI TPIP screening tests (PI concentration: 6.3/C2 10-6 mol PI/ g resin). Figure 6. (a) Typical qualities of the shapes from very good (1) to average (3) (4 and 5 are not shown). (b) Typical imperfections of the struct,reported_mM,reported_direct,auto_provisional_accept,machine_high,auto_accept,loading candidate has raw value/unit; normalization basis recorded,CAND-0000028
SUP-AUTO-000029,ZPC-000028,,10.1021/ma9007785,Structure-activity relationship in d-π-a-π-d-based photoinitiators for the two-photon-induced photopolymerization process,experimental_context,wavelength_nm=250;power_measurement_plane=not_reported;development_protocol=reported;threshold_definition=candidate_in_anchor;resin_formulation=candidate_in_anchor,context,,,,"wer range of 1.5-2.8 mW at a feed rate of 10 -25 μm/s perfectly Figure 5. PI TPIP screening tests (PI concentration: 6.3/C2 10-6 mol PI/ g resin). Figure 6. (a) Typical qualities of the shapes from very good (1) to average (3) (4 and 5 are not shown). (b) Typical imperfections of the structures at higher laser intensities such as over exposure (x) and holes (y). --- Page 9 --- Article Macromolecules, Vol. 42, No. 17, 2009 6527 developed woodpile structures with and without support- ing wall were prepared (Figure 7c,d). Line widths of about 250 nm were obtained and could be further improved by an optimal laser system setup such as optimized laser power- feed rate ratio, a shaded ring filter, and the like. Conclusion In summary, we report on the successful syntheses and evaluation of a series of radical PIs optimized for the usage in TPIP processes containing different donor and acceptor func- tionalities as well as double and triple bonds in the conjugated-π- backbone. On the basis of the recently published triple-bond- containing Michler’s ketone derivative M3K, several other PIs were synthesized in order to study the structure-activity relation- ship. Generally, structuring tests are well in accordance with the values for the TPA cross section; only in the case of double-bond- containing","wer range of 1.5-2.8 mW at a feed rate of 10 -25 μm/s perfectly Figure 5. PI TPIP screening tests (PI concentration: 6.3/C2 10-6 mol PI/ g resin). Figure 6. (a) Typical qualities of the shapes from very good (1) to average (3) (4 and 5 are not shown). (b) Typical imperfections of the structures at higher laser intensities such as over exposure (x) and holes (y). --- Page 9 --- Article Macromolecules, Vol. 42, No. 17, 2009 6527 developed woodpile structures with and without support- ing wall were prepared (Figure 7c,d). Line widths of about 250 nm were obtained and could be further improved by an optimal laser system setup such as optimized laser power- feed rate ratio, a shaded ring filter, and the like. Conclusion In summary, we report on the successful syntheses and evaluation of a series of radical PIs optimized for the usage in TPIP processes containing different donor and accepto...",not_applicable,reported_direct,auto_provisional_accept,machine_high,auto_accept,context candidate has wavelength and resin signal; equality across all PIs still needs audit,CAND-0000029
SUP-AUTO-000030,ZPC-000028,,10.1021/ma9007785,Structure-activity relationship in d-π-a-π-d-based photoinitiators for the two-photon-induced photopolymerization process,voxel_geometry,line_width_um=0.25;power_mW=-2.8,mixed,,,,"wer range of 1.5-2.8 mW at a feed rate of 10 -25 μm/s perfectly Figure 5. PI TPIP screening tests (PI concentration: 6.3/C2 10-6 mol PI/ g resin). Figure 6. (a) Typical qualities of the shapes from very good (1) to average (3) (4 and 5 are not shown). (b) Typical imperfections of the structures at higher laser intensities such as over exposure (x) and holes (y). --- Page 9 --- Article Macromolecules, Vol. 42, No. 17, 2009 6527 developed woodpile structures with and without support- ing wall were prepared (Figure 7c,d). Line widths of about 250 nm were obtained and could be further improved by an optimal laser system setup such as optimized laser power- feed rate ratio, a shaded ring filter, and the like. Conclusion In summary, we report on the successful syntheses and evaluation of a series of radical PIs optimized for the usage in TPIP processes containing different donor and acceptor func- tionalities as well as double and triple bonds in the conjugated-π- backbone. On the basis of the recently published triple-bond- containing Michler’s ketone derivative M3K, several other PIs were synthesized in order to study the structure-activity relation- ship. Generally, structuring tests are well in accordance with the values for the TPA cross section; only in the case of double-bond- containing","wer range of 1.5-2.8 mW at a feed rate of 10 -25 μm/s perfectly Figure 5. PI TPIP screening tests (PI concentration: 6.3/C2 10-6 mol PI/ g resin). Figure 6. (a) Typical qualities of the shapes from very good (1) to average (3) (4 and 5 are not shown). (b) Typical imperfections of the structures at higher laser intensities such as over exposure (x) and holes (y). --- Page 9 --- Article Macromolecules, Vol. 42, No. 17, 2009 6527 developed woodpile structures with and without support- ing wall were prepared (Figure 7c,d). Line widths of about 250 nm were obtained and could be further improved by an optimal laser system setup such as optimized laser power- feed rate ratio, a shaded ring filter, and the like. Conclusion In summary, we report on the successful syntheses and evaluation of a series of radical PIs optimized for the usage in TPIP processes containing different donor and accepto...",not_applicable,reported_direct,auto_retained_context_candidate,machine_medium,manual_review,COMSOL_context_not_verified,CAND-0000030
SUP-AUTO-000031,ZPC-000028,,10.1021/ma9007785,Structure-activity relationship in d-π-a-π-d-based photoinitiators for the two-photon-induced photopolymerization process,experimental_context,NA=1.4;power_measurement_plane=not_reported;development_protocol=reported,context,,,,"7 mW (measured directly in front of the microscope objective). The laser is focused by a 100 /C2 oil immersion microscope objective (NA = 1.4), and the sample is mounted on a high- precision piezoelectric XYZ scanning stage with a 1 nm posi- tioning accuracy. General Procedure. For all samples the same fabrication process was implemented: The optical material was drop-cast onto a glass substrate. Subsequently, the samples were exposed to the laser beam, and the focus was scanned across the photo- sensitive material, which leads to an embedded 3D structure inside the material volume. After laser writing, the unexposed material was removed by development of the structure in methanol (rinsing). In a final step the samples were subjected to UV flood exposure to finally cure the optical material. The resulting structures, particularly their structural dimensions, integrity, and surface quality, were studied by means of SEM (JEOL JSM-5600). Results and Discussion Syntheses. Generally, the new amine-donor-containing derivatives B3K and P3K were prepared in a similar way to the synthesis of M3K (Scheme 2). The key intermediates were the terminal aryl acetylenes 2a and 2b (Scheme 1). There are several synthetic routes in the literature to obtain theses precursors. The most common is the reaction of","7 mW (measured directly in front of the microscope objective). The laser is focused by a 100 /C2 oil immersion microscope objective (NA = 1.4), and the sample is mounted on a high- precision piezoelectric XYZ scanning stage with a 1 nm posi- tioning accuracy. General Procedure. For all samples the same fabrication process was implemented: The optical material was drop-cast onto a glass substrate. Subsequently, the samples were exposed to the laser beam, and the focus was scanned across the photo- sensitive material, which leads to an embedded 3D structure inside the material volume. After laser writing, the unexposed material was removed by development of the structure in methanol (rinsing). In a final step the samples were subjected to UV flood exposure to finally cure the optical material. The resulting structures, particularly their structural dimensions, integrity, and surface qua...",not_applicable,reported_direct,auto_retained_context_candidate,machine_medium,manual_review,context_missing_wavelength,CAND-0000031
SUP-AUTO-000032,ZPC-000028,,10.1021/ma9007785,Structure-activity relationship in d-π-a-π-d-based photoinitiators for the two-photon-induced photopolymerization process,pi_loading,25,µM,,,,"IP structuring. TPIP Structuring Tests. In order to estimate the activity of the PIs, defined test structures (lateral dimension: 10 /C2 10 and 25 μm in height) were written into the material by means of TPIP. The laser intensity was screened in a range of 1-100 μW with laser system A (Figure 4). A 1:1 mixture of ETA/TTA was used as an acrylate-based test resin as good results had been achieved in previous studies. 20 For all studies the same molar PI concentration of 6.3 /C2 10-6 mol PI/g resin (which corresponds to 0.2 wt % of M3K) was employed in order to have the option to compare directly the TPIP activities of the PIs. To determine the threshold of the photoinitiating ability, the tests were repeated with lower molar PI concentrations (1.6 /C2 10-6 and 1.6 /C2 10-7 mol PI/g resin, which corresponds to 0.05 and 0.005 wt % of M3K, respectively). A first broad screening test at different laser intensities revealed the possible processing window, which was studied in detail in a second test. The different shades of gray of the bars and their corre- sponding numbers in Figure 5 indicate the quality of the structures. At the lower end of each ideal processing window in the diagram, no well-connected structures could be ob- tained after the standard post processing procedure as the thresho","IP structuring. TPIP Structuring Tests. In order to estimate the activity of the PIs, defined test structures (lateral dimension: 10 /C2 10 and 25 μm in height) were written into the material by means of TPIP. The laser intensity was screened in a range of 1-100 μW with laser system A (Figure 4). A 1:1 mixture of ETA/TTA was used as an acrylate-based test resin as good results had been",reported_mM,reported_direct,auto_provisional_accept,machine_high,auto_accept,loading candidate has raw value/unit; normalization basis recorded,CAND-0000032
SUP-AUTO-000033,ZPC-000028,,10.1021/ma9007785,Structure-activity relationship in d-π-a-π-d-based photoinitiators for the two-photon-induced photopolymerization process,pi_loading,0.2,wt %,,,,"IP structuring. TPIP Structuring Tests. In order to estimate the activity of the PIs, defined test structures (lateral dimension: 10 /C2 10 and 25 μm in height) were written into the material by means of TPIP. The laser intensity was screened in a range of 1-100 μW with laser system A (Figure 4). A 1:1 mixture of ETA/TTA was used as an acrylate-based test resin as good results had been achieved in previous studies. 20 For all studies the same molar PI concentration of 6.3 /C2 10-6 mol PI/g resin (which corresponds to 0.2 wt % of M3K) was employed in order to have the option to compare directly the TPIP activities of the PIs. To determine the threshold of the photoinitiating ability, the tests were repeated with lower molar PI concentrations (1.6 /C2 10-6 and 1.6 /C2 10-7 mol PI/g resin, which corresponds to 0.05 and 0.005 wt % of M3K, respectively). A first broad screening test at different laser intensities revealed the possible processing window, which was studied in detail in a second test. The different shades of gray of the bars and their corre- sponding numbers in Figure 5 indicate the quality of the structures. At the lower end of each ideal processing window in the diagram, no well-connected structures could be ob- tained after the standard post processing procedure as the thresho","A (Figure 4). A 1:1 mixture of ETA/TTA was used as an acrylate-based test resin as good results had been achieved in previous studies. 20 For all studies the same molar PI concentration of 6.3 /C2 10-6 mol PI/g resin (which corresponds to 0.2 wt % of M3K) was employed in order to have the option to compare directly the TPIP activities of the PIs. To determine the threshold of the photoinitiating ability, the tests were repeated with lower molar PI concentrations (1.6 /C2 10-6 and 1.",converted_from_wt_percent,converted_from_wt_percent,auto_provisional_accept,machine_high,auto_accept,loading candidate has raw value/unit; normalization basis recorded,CAND-0000033
SUP-AUTO-000034,ZPC-000028,,10.1021/ma9007785,Structure-activity relationship in d-π-a-π-d-based photoinitiators for the two-photon-induced photopolymerization process,pi_loading,0.005,wt %,,,,"IP structuring. TPIP Structuring Tests. In order to estimate the activity of the PIs, defined test structures (lateral dimension: 10 /C2 10 and 25 μm in height) were written into the material by means of TPIP. The laser intensity was screened in a range of 1-100 μW with laser system A (Figure 4). A 1:1 mixture of ETA/TTA was used as an acrylate-based test resin as good results had been achieved in previous studies. 20 For all studies the same molar PI concentration of 6.3 /C2 10-6 mol PI/g resin (which corresponds to 0.2 wt % of M3K) was employed in order to have the option to compare directly the TPIP activities of the PIs. To determine the threshold of the photoinitiating ability, the tests were repeated with lower molar PI concentrations (1.6 /C2 10-6 and 1.6 /C2 10-7 mol PI/g resin, which corresponds to 0.05 and 0.005 wt % of M3K, respectively). A first broad screening test at different laser intensities revealed the possible processing window, which was studied in detail in a second test. The different shades of gray of the bars and their corre- sponding numbers in Figure 5 indicate the quality of the structures. At the lower end of each ideal processing window in the diagram, no well-connected structures could be ob- tained after the standard post processing procedure as the thresho","are directly the TPIP activities of the PIs. To determine the threshold of the photoinitiating ability, the tests were repeated with lower molar PI concentrations (1.6 /C2 10-6 and 1.6 /C2 10-7 mol PI/g resin, which corresponds to 0.05 and 0.005 wt % of M3K, respectively). A first broad screening test at different laser intensities revealed the possible processing window, which was studied in detail in a second test. The different shades of gray of the bars and their corre- sponding nu",converted_from_wt_percent,converted_from_wt_percent,auto_provisional_accept,machine_high,auto_accept,loading candidate has raw value/unit; normalization basis recorded,CAND-0000034
SUP-AUTO-000035,ZPC-000028,,10.1021/ma9007785,Structure-activity relationship in d-π-a-π-d-based photoinitiators for the two-photon-induced photopolymerization process,polymerization_threshold,-100,µW,-0.1,mW,,"IP structuring. TPIP Structuring Tests. In order to estimate the activity of the PIs, defined test structures (lateral dimension: 10 /C2 10 and 25 μm in height) were written into the material by means of TPIP. The laser intensity was screened in a range of 1-100 μW with laser system A (Figure 4). A 1:1 mixture of ETA/TTA was used as an acrylate-based test resin as good results had been achieved in previous studies. 20 For all studies the same molar PI concentration of 6.3 /C2 10-6 mol PI/g resin (which corresponds to 0.2 wt % of M3K) was employed in order to have the option to compare directly the TPIP activities of the PIs. To determine the threshold of the photoinitiating ability, the tests were repeated with lower molar PI concentrations (1.6 /C2 10-6 and 1.6 /C2 10-7 mol PI/g resin, which corresponds to 0.05 and 0.005 wt % of M3K, respectively). A first broad screening test at different laser intensities revealed the possible processing window, which was studied in detail in a second test. The different shades of gray of the bars and their corre- sponding numbers in Figure 5 indicate the quality of the structures. At the lower end of each ideal processing window in the diagram, no well-connected structures could be ob- tained after the standard post processing procedure as the thresho","IP Structuring Tests. In order to estimate the activity of the PIs, defined test structures (lateral dimension: 10 /C2 10 and 25 μm in height) were written into the material by means of TPIP. The laser intensity was screened in a range of 1-100 μW with laser system A (Figure 4). A 1:1 mixture of ETA/TTA was used as an acrylate-based test resin as good results had been achieved in previous studies. 20 For all studies the same molar PI concentration of 6.3 /C2 10-6 mol PI/g resin (whi",power_mW,reported_direct,auto_provisional_accept,machine_high,auto_accept,threshold candidate passes writing/polymerization local context gate,CAND-0000035
SUP-AUTO-000036,ZPC-000028,,10.1021/ma9007785,Structure-activity relationship in d-π-a-π-d-based photoinitiators for the two-photon-induced photopolymerization process,experimental_context,power_measurement_plane=not_reported;threshold_definition=candidate_in_anchor;resin_formulation=candidate_in_anchor,context,,,,"IP structuring. TPIP Structuring Tests. In order to estimate the activity of the PIs, defined test structures (lateral dimension: 10 /C2 10 and 25 μm in height) were written into the material by means of TPIP. The laser intensity was screened in a range of 1-100 μW with laser system A (Figure 4). A 1:1 mixture of ETA/TTA was used as an acrylate-based test resin as good results had been achieved in previous studies. 20 For all studies the same molar PI concentration of 6.3 /C2 10-6 mol PI/g resin (which corresponds to 0.2 wt % of M3K) was employed in order to have the option to compare directly the TPIP activities of the PIs. To determine the threshold of the photoinitiating ability, the tests were repeated with lower molar PI concentrations (1.6 /C2 10-6 and 1.6 /C2 10-7 mol PI/g resin, which corresponds to 0.05 and 0.005 wt % of M3K, respectively). A first broad screening test at different laser intensities revealed the possible processing window, which was studied in detail in a second test. The different shades of gray of the bars and their corre- sponding numbers in Figure 5 indicate the quality of the structures. At the lower end of each ideal processing window in the diagram, no well-connected structures could be ob- tained after the standard post processing procedure as the thresho","IP structuring. TPIP Structuring Tests. In order to estimate the activity of the PIs, defined test structures (lateral dimension: 10 /C2 10 and 25 μm in height) were written into the material by means of TPIP. The laser intensity was screened in a range of 1-100 μW with laser system A (Figure 4). A 1:1 mixture of ETA/TTA was used as an acrylate-based test resin as good results had been achieved in previous studies. 20 For all studies the same molar PI concentration of 6.3 /C2 10-6 mol PI/g resin (which corresponds to 0.2 wt % of M3K) was employed in order to have the option to compare directly the TPIP activities of the PIs. To determine the threshold of the photoinitiating ability, the tests were repeated with lower molar PI concentrations (1.6 /C2 10-6 and 1.6 /C2 10-7 mol PI/g resin, which corresponds to 0.05 and 0.005 wt % of M3K, respectively). A first broad screening test at dif...",not_applicable,reported_direct,auto_retained_context_candidate,machine_medium,manual_review,context_missing_wavelength,CAND-0000036
SUP-AUTO-000037,ZPC-000028,,10.1021/ma9007785,Structure-activity relationship in d-π-a-π-d-based photoinitiators for the two-photon-induced photopolymerization process,voxel_geometry,power_mW=-0.1,mixed,,,,"IP structuring. TPIP Structuring Tests. In order to estimate the activity of the PIs, defined test structures (lateral dimension: 10 /C2 10 and 25 μm in height) were written into the material by means of TPIP. The laser intensity was screened in a range of 1-100 μW with laser system A (Figure 4). A 1:1 mixture of ETA/TTA was used as an acrylate-based test resin as good results had been achieved in previous studies. 20 For all studies the same molar PI concentration of 6.3 /C2 10-6 mol PI/g resin (which corresponds to 0.2 wt % of M3K) was employed in order to have the option to compare directly the TPIP activities of the PIs. To determine the threshold of the photoinitiating ability, the tests were repeated with lower molar PI concentrations (1.6 /C2 10-6 and 1.6 /C2 10-7 mol PI/g resin, which corresponds to 0.05 and 0.005 wt % of M3K, respectively). A first broad screening test at different laser intensities revealed the possible processing window, which was studied in detail in a second test. The different shades of gray of the bars and their corre- sponding numbers in Figure 5 indicate the quality of the structures. At the lower end of each ideal processing window in the diagram, no well-connected structures could be ob- tained after the standard post processing procedure as the thresho","IP structuring. TPIP Structuring Tests. In order to estimate the activity of the PIs, defined test structures (lateral dimension: 10 /C2 10 and 25 μm in height) were written into the material by means of TPIP. The laser intensity was screened in a range of 1-100 μW with laser system A (Figure 4). A 1:1 mixture of ETA/TTA was used as an acrylate-based test resin as good results had been achieved in previous studies. 20 For all studies the same molar PI concentration of 6.3 /C2 10-6 mol PI/g resin (which corresponds to 0.2 wt % of M3K) was employed in order to have the option to compare directly the TPIP activities of the PIs. To determine the threshold of the photoinitiating ability, the tests were repeated with lower molar PI concentrations (1.6 /C2 10-6 and 1.6 /C2 10-7 mol PI/g resin, which corresponds to 0.05 and 0.005 wt % of M3K, respectively). A first broad screening test at dif...",not_applicable,reported_direct,auto_retained_context_candidate,machine_medium,manual_review,voxel_dimension_missing,CAND-0000037
SUP-AUTO-000038,ZPC-000028,,10.1021/ma9007785,Structure-activity relationship in d-π-a-π-d-based photoinitiators for the two-photon-induced photopolymerization process,pi_loading,0.005,wt %,,,,"reshold of the photoinitiating ability, the tests were repeated with lower molar PI concentrations (1.6 /C2 10-6 and 1.6 /C2 10-7 mol PI/g resin, which corresponds to 0.05 and 0.005 wt % of M3K, respectively). A first broad screening test at different laser intensities revealed the possible processing window, which was studied in detail in a second test. The different shades of gray of the bars and their corre- sponding numbers in Figure 5 indicate the quality of the structures. At the lower end of each ideal processing window in the diagram, no well-connected structures could be ob- tained after the standard post processing procedure as the threshold of initiation is reached. Above that, the numbers 1 and 2 define nicely structured shapes with a high resolution and a smooth surface quality (Figure 6). Generally, broader “perfect” processing windows (1, 2) and lower laser intensities are desired in terms of high throughput in mass production because this enables a splitting of the initial laser beam for parallel processing with multiple laser heads at high feed rates. Additionally, decomposition of the material by thermal ef- fects can be avoided. With structure quality 3, the shapes tend to lose their resolution and their smooth surfaces. So these laser intensities are still useful for l","reshold of the photoinitiating ability, the tests were repeated with lower molar PI concentrations (1.6 /C2 10-6 and 1.6 /C2 10-7 mol PI/g resin, which corresponds to 0.05 and 0.005 wt % of M3K, respectively). A first broad screening test at different laser intensities revealed the possible processing window, which was studied in detail in a second test. The different shades of gray of the bars and their corre- sponding nu",converted_from_wt_percent,converted_from_wt_percent,auto_provisional_accept,machine_high,auto_accept,loading candidate has raw value/unit; normalization basis recorded,CAND-0000038
SUP-AUTO-000039,ZPC-000028,,10.1021/ma9007785,Structure-activity relationship in d-π-a-π-d-based photoinitiators for the two-photon-induced photopolymerization process,experimental_context,power_measurement_plane=not_reported;threshold_definition=candidate_in_anchor;resin_formulation=candidate_in_anchor,context,,,,"reshold of the photoinitiating ability, the tests were repeated with lower molar PI concentrations (1.6 /C2 10-6 and 1.6 /C2 10-7 mol PI/g resin, which corresponds to 0.05 and 0.005 wt % of M3K, respectively). A first broad screening test at different laser intensities revealed the possible processing window, which was studied in detail in a second test. The different shades of gray of the bars and their corre- sponding numbers in Figure 5 indicate the quality of the structures. At the lower end of each ideal processing window in the diagram, no well-connected structures could be ob- tained after the standard post processing procedure as the threshold of initiation is reached. Above that, the numbers 1 and 2 define nicely structured shapes with a high resolution and a smooth surface quality (Figure 6). Generally, broader “perfect” processing windows (1, 2) and lower laser intensities are desired in terms of high throughput in mass production because this enables a splitting of the initial laser beam for parallel processing with multiple laser heads at high feed rates. Additionally, decomposition of the material by thermal ef- fects can be avoided. With structure quality 3, the shapes tend to lose their resolution and their smooth surfaces. So these laser intensities are still useful for l","reshold of the photoinitiating ability, the tests were repeated with lower molar PI concentrations (1.6 /C2 10-6 and 1.6 /C2 10-7 mol PI/g resin, which corresponds to 0.05 and 0.005 wt % of M3K, respectively). A first broad screening test at different laser intensities revealed the possible processing window, which was studied in detail in a second test. The different shades of gray of the bars and their corre- sponding numbers in Figure 5 indicate the quality of the structures. At the lower end of each ideal processing window in the diagram, no well-connected structures could be ob- tained after the standard post processing procedure as the threshold of initiation is reached. Above that, the numbers 1 and 2 define nicely structured shapes with a high resolution and a smooth surface quality (Figure 6). Generally, broader “perfect” processing windows (1, 2) and lower laser intensities...",not_applicable,reported_direct,auto_retained_context_candidate,machine_medium,manual_review,context_missing_wavelength,CAND-0000039
SUP-AUTO-000040,ZPC-000028,,10.1021/ma9007785,Structure-activity relationship in d-π-a-π-d-based photoinitiators for the two-photon-induced photopolymerization process,experimental_context,wavelength_nm=780;NA=1.4;pulse_width_fs=150;repetition_rate_MHz=100;power_measurement_plane=not_reported,context,,,,"which permits the measurement of the sample’s surface position and depth. The sample is moved by an Aerotech three axes stage relative to the laser focus in order to form a 3D structure (design of photonic structures by means of CAD modeling). Additionally, to achieve higher resolutions of 3-dimensional structures, a different laser lithography system (Nanoscribe Photonic Standard, system B) was used. This system is equipped with a fiber laser, which provides NIR pulses at 780 nm wavelength with a pulse duration of ∼150 fs. The system operates at a repetition rate of 100 MHz. Direct laser writing with this system is usually carried out at a laser power below 7 mW (measured directly in front of the microscope objective). The laser is focused by a 100 /C2 oil immersion microscope objective (NA = 1.4), and the sample is mounted on a high- precision piezoelectric XYZ scanning stage with a 1 nm posi- tioning accuracy. General Procedure. For all samples the same fabrication process was implemented: The optical material was drop-cast onto a glass substrate. Subsequently, the samples were exposed to the laser beam, and the focus was scanned across the photo- sensitive material, which leads to an embedded 3D structure inside the material volume. After laser writing, the unexposed material was remov","which permits the measurement of the sample’s surface position and depth. The sample is moved by an Aerotech three axes stage relative to the laser focus in order to form a 3D structure (design of photonic structures by means of CAD modeling). Additionally, to achieve higher resolutions of 3-dimensional structures, a different laser lithography system (Nanoscribe Photonic Standard, system B) was used. This system is equipped with a fiber laser, which provides NIR pulses at 780 nm wavelength with a pulse duration of ∼150 fs. The system operates at a repetition rate of 100 MHz. Direct laser writing with this system is usually carried out at a laser power below 7 mW (measured directly in front of the microscope objective). The laser is focused by a 100 /C2 oil immersion microscope objective (NA = 1.4), and the sample is mounted on a high- precision piezoelectric XYZ scanning stage with a...",not_applicable,reported_direct,auto_retained_context_candidate,machine_medium,manual_review,context_missing_resin,CAND-0000040
SUP-AUTO-000041,ZPC-000028,,10.1021/ma9007785,Structure-activity relationship in d-π-a-π-d-based photoinitiators for the two-photon-induced photopolymerization process,voxel_geometry,power_mW=7,mixed,,,,"which permits the measurement of the sample’s surface position and depth. The sample is moved by an Aerotech three axes stage relative to the laser focus in order to form a 3D structure (design of photonic structures by means of CAD modeling). Additionally, to achieve higher resolutions of 3-dimensional structures, a different laser lithography system (Nanoscribe Photonic Standard, system B) was used. This system is equipped with a fiber laser, which provides NIR pulses at 780 nm wavelength with a pulse duration of ∼150 fs. The system operates at a repetition rate of 100 MHz. Direct laser writing with this system is usually carried out at a laser power below 7 mW (measured directly in front of the microscope objective). The laser is focused by a 100 /C2 oil immersion microscope objective (NA = 1.4), and the sample is mounted on a high- precision piezoelectric XYZ scanning stage with a 1 nm posi- tioning accuracy. General Procedure. For all samples the same fabrication process was implemented: The optical material was drop-cast onto a glass substrate. Subsequently, the samples were exposed to the laser beam, and the focus was scanned across the photo- sensitive material, which leads to an embedded 3D structure inside the material volume. After laser writing, the unexposed material was remov","which permits the measurement of the sample’s surface position and depth. The sample is moved by an Aerotech three axes stage relative to the laser focus in order to form a 3D structure (design of photonic structures by means of CAD modeling). Additionally, to achieve higher resolutions of 3-dimensional structures, a different laser lithography system (Nanoscribe Photonic Standard, system B) was used. This system is equipped with a fiber laser, which provides NIR pulses at 780 nm wavelength with a pulse duration of ∼150 fs. The system operates at a repetition rate of 100 MHz. Direct laser writing with this system is usually carried out at a laser power below 7 mW (measured directly in front of the microscope objective). The laser is focused by a 100 /C2 oil immersion microscope objective (NA = 1.4), and the sample is mounted on a high- precision piezoelectric XYZ scanning stage with a...",not_applicable,reported_direct,auto_retained_context_candidate,machine_medium,manual_review,voxel_dimension_missing,CAND-0000041
SUP-AUTO-000042,ZPC-000028,,10.1021/ma9007785,Structure-activity relationship in d-π-a-π-d-based photoinitiators for the two-photon-induced photopolymerization process,experimental_context,wavelength_nm=800;NA=0.95;pulse_width_fs=150;repetition_rate_MHz=100;power_measurement_plane=not_reported,context,,,,"less than 25 μJ, when pumped with 1 mJ pulses from the Spitfire. In case of 800 nm structuring the laser pulses are guided through an electro-optical switch that works also as laser attenuator by remote control of the crystal high voltage of the Pockels cell. Furthermore, a spatial filter im- proves fundamental spatial Gaussian beam distribution. The laser is focused into the sample by a 100 /C2 microscope objective (NA = 0.95). A He-Ne laser is collinearly guided to the sample, and the back-reflected light of the He -Ne laser is detected by a photodiode in a confocal setup, which permits the measurement of the sample’s surface position and depth. The sample is moved by an Aerotech three axes stage relative to the laser focus in order to form a 3D structure (design of photonic structures by means of CAD modeling). Additionally, to achieve higher resolutions of 3-dimensional structures, a different laser lithography system (Nanoscribe Photonic Standard, system B) was used. This system is equipped with a fiber laser, which provides NIR pulses at 780 nm wavelength with a pulse duration of ∼150 fs. The system operates at a repetition rate of 100 MHz. Direct laser writing with this system is usually carried out at a laser power below 7 mW (measured directly in front of the microscope obje","less than 25 μJ, when pumped with 1 mJ pulses from the Spitfire. In case of 800 nm structuring the laser pulses are guided through an electro-optical switch that works also as laser attenuator by remote control of the crystal high voltage of the Pockels cell. Furthermore, a spatial filter im- proves fundamental spatial Gaussian beam distribution. The laser is focused into the sample by a 100 /C2 microscope objective (NA = 0.95). A He-Ne laser is collinearly guided to the sample, and the back-reflected light of the He -Ne laser is detected by a photodiode in a confocal setup, which permits the measurement of the sample’s surface position and depth. The sample is moved by an Aerotech three axes stage relative to the laser focus in order to form a 3D structure (design of photonic structures by means of CAD modeling). Additionally, to achieve higher resolutions of 3-dimensional structures...",not_applicable,reported_direct,auto_retained_context_candidate,machine_medium,manual_review,context_missing_resin,CAND-0000042
SUP-AUTO-000043,ZPC-000028,,10.1021/ma9007785,Structure-activity relationship in d-π-a-π-d-based photoinitiators for the two-photon-induced photopolymerization process,voxel_geometry,power_mW=7,mixed,,,,"less than 25 μJ, when pumped with 1 mJ pulses from the Spitfire. In case of 800 nm structuring the laser pulses are guided through an electro-optical switch that works also as laser attenuator by remote control of the crystal high voltage of the Pockels cell. Furthermore, a spatial filter im- proves fundamental spatial Gaussian beam distribution. The laser is focused into the sample by a 100 /C2 microscope objective (NA = 0.95). A He-Ne laser is collinearly guided to the sample, and the back-reflected light of the He -Ne laser is detected by a photodiode in a confocal setup, which permits the measurement of the sample’s surface position and depth. The sample is moved by an Aerotech three axes stage relative to the laser focus in order to form a 3D structure (design of photonic structures by means of CAD modeling). Additionally, to achieve higher resolutions of 3-dimensional structures, a different laser lithography system (Nanoscribe Photonic Standard, system B) was used. This system is equipped with a fiber laser, which provides NIR pulses at 780 nm wavelength with a pulse duration of ∼150 fs. The system operates at a repetition rate of 100 MHz. Direct laser writing with this system is usually carried out at a laser power below 7 mW (measured directly in front of the microscope obje","less than 25 μJ, when pumped with 1 mJ pulses from the Spitfire. In case of 800 nm structuring the laser pulses are guided through an electro-optical switch that works also as laser attenuator by remote control of the crystal high voltage of the Pockels cell. Furthermore, a spatial filter im- proves fundamental spatial Gaussian beam distribution. The laser is focused into the sample by a 100 /C2 microscope objective (NA = 0.95). A He-Ne laser is collinearly guided to the sample, and the back-reflected light of the He -Ne laser is detected by a photodiode in a confocal setup, which permits the measurement of the sample’s surface position and depth. The sample is moved by an Aerotech three axes stage relative to the laser focus in order to form a 3D structure (design of photonic structures by means of CAD modeling). Additionally, to achieve higher resolutions of 3-dimensional structures...",not_applicable,reported_direct,auto_retained_context_candidate,machine_medium,manual_review,voxel_dimension_missing,CAND-0000043
SUP-AUTO-000044,ZPC-000028,,10.1021/ma9007785,Structure-activity relationship in d-π-a-π-d-based photoinitiators for the two-photon-induced photopolymerization process,experimental_context,wavelength_nm=780;NA=1.4;pulse_width_fs=150;repetition_rate_MHz=100;power_measurement_plane=not_reported,context,,,,"ht of the He -Ne laser is detected by a photodiode in a confocal setup, which permits the measurement of the sample’s surface position and depth. The sample is moved by an Aerotech three axes stage relative to the laser focus in order to form a 3D structure (design of photonic structures by means of CAD modeling). Additionally, to achieve higher resolutions of 3-dimensional structures, a different laser lithography system (Nanoscribe Photonic Standard, system B) was used. This system is equipped with a fiber laser, which provides NIR pulses at 780 nm wavelength with a pulse duration of ∼150 fs. The system operates at a repetition rate of 100 MHz. Direct laser writing with this system is usually carried out at a laser power below 7 mW (measured directly in front of the microscope objective). The laser is focused by a 100 /C2 oil immersion microscope objective (NA = 1.4), and the sample is mounted on a high- precision piezoelectric XYZ scanning stage with a 1 nm posi- tioning accuracy. General Procedure. For all samples the same fabrication process was implemented: The optical material was drop-cast onto a glass substrate. Subsequently, the samples were exposed to the laser beam, and the focus was scanned across the photo- sensitive material, which leads to an embedded 3D structure in","ht of the He -Ne laser is detected by a photodiode in a confocal setup, which permits the measurement of the sample’s surface position and depth. The sample is moved by an Aerotech three axes stage relative to the laser focus in order to form a 3D structure (design of photonic structures by means of CAD modeling). Additionally, to achieve higher resolutions of 3-dimensional structures, a different laser lithography system (Nanoscribe Photonic Standard, system B) was used. This system is equipped with a fiber laser, which provides NIR pulses at 780 nm wavelength with a pulse duration of ∼150 fs. The system operates at a repetition rate of 100 MHz. Direct laser writing with this system is usually carried out at a laser power below 7 mW (measured directly in front of the microscope objective). The laser is focused by a 100 /C2 oil immersion microscope objective (NA = 1.4), and the sample...",not_applicable,reported_direct,auto_retained_context_candidate,machine_medium,manual_review,context_missing_resin,CAND-0000044
SUP-AUTO-000045,ZPC-000028,,10.1021/ma9007785,Structure-activity relationship in d-π-a-π-d-based photoinitiators for the two-photon-induced photopolymerization process,voxel_geometry,power_mW=7,mixed,,,,"ht of the He -Ne laser is detected by a photodiode in a confocal setup, which permits the measurement of the sample’s surface position and depth. The sample is moved by an Aerotech three axes stage relative to the laser focus in order to form a 3D structure (design of photonic structures by means of CAD modeling). Additionally, to achieve higher resolutions of 3-dimensional structures, a different laser lithography system (Nanoscribe Photonic Standard, system B) was used. This system is equipped with a fiber laser, which provides NIR pulses at 780 nm wavelength with a pulse duration of ∼150 fs. The system operates at a repetition rate of 100 MHz. Direct laser writing with this system is usually carried out at a laser power below 7 mW (measured directly in front of the microscope objective). The laser is focused by a 100 /C2 oil immersion microscope objective (NA = 1.4), and the sample is mounted on a high- precision piezoelectric XYZ scanning stage with a 1 nm posi- tioning accuracy. General Procedure. For all samples the same fabrication process was implemented: The optical material was drop-cast onto a glass substrate. Subsequently, the samples were exposed to the laser beam, and the focus was scanned across the photo- sensitive material, which leads to an embedded 3D structure in","ht of the He -Ne laser is detected by a photodiode in a confocal setup, which permits the measurement of the sample’s surface position and depth. The sample is moved by an Aerotech three axes stage relative to the laser focus in order to form a 3D structure (design of photonic structures by means of CAD modeling). Additionally, to achieve higher resolutions of 3-dimensional structures, a different laser lithography system (Nanoscribe Photonic Standard, system B) was used. This system is equipped with a fiber laser, which provides NIR pulses at 780 nm wavelength with a pulse duration of ∼150 fs. The system operates at a repetition rate of 100 MHz. Direct laser writing with this system is usually carried out at a laser power below 7 mW (measured directly in front of the microscope objective). The laser is focused by a 100 /C2 oil immersion microscope objective (NA = 1.4), and the sample...",not_applicable,reported_direct,auto_retained_context_candidate,machine_medium,manual_review,voxel_dimension_missing,CAND-0000045
SUP-AUTO-000046,ZPC-000028,,10.1021/ma9007785,Structure-activity relationship in d-π-a-π-d-based photoinitiators for the two-photon-induced photopolymerization process,pi_loading,10,µM,,,,"Spec- tra Physics. The laser system operates at a repetition rate of 1 kHz and provides NIR pulses at 800 nm wavelength with a pulse duration of ∼130 fs. This amplified system achieves a maximum pulse energy of ∼1 mJ. An optical parametrical amplifier (OPA-800C) is used for structuring tests at 600 nm. The OPA extends the wavelength range of the laser system by means of harmonic generation and frequency mixing from 235 nm to 10 μm. The ultrafast OPA-800C is seeded by the amplified ultrafast laser pulses from the Spitfire, and the wavelength is ;in this specific case;shifted by parametric conversion (second harmonic of the OPA signal) to 600 nm. Because of the conversion, the max- imum pulse energy is less than 25 μJ, when pumped with 1 mJ pulses from the Spitfire. In case of 800 nm structuring the laser pulses are guided through an electro-optical switch that works also as laser attenuator by remote control of the crystal high voltage of the Pockels cell. Furthermore, a spatial filter im- proves fundamental spatial Gaussian beam distribution. The laser is focused into the sample by a 100 /C2 microscope objective (NA = 0.95). A He-Ne laser is collinearly guided to the sample, and the back-reflected light of the He -Ne laser is detected by a photodiode in a confocal setup, which per","ximum pulse energy of ∼1 mJ. An optical parametrical amplifier (OPA-800C) is used for structuring tests at 600 nm. The OPA extends the wavelength range of the laser system by means of harmonic generation and frequency mixing from 235 nm to 10 μm. The ultrafast OPA-800C is seeded by the amplified ultrafast laser pulses from the Spitfire, and the wavelength is ;in this specific case;shifted by parametric conversion (second harmonic of the OPA signal) to 600 nm. Because of the conver",reported_mM,reported_direct,auto_provisional_accept,machine_high,auto_accept,loading candidate has raw value/unit; normalization basis recorded,CAND-0000046
SUP-AUTO-000047,ZPC-000028,,10.1021/ma9007785,Structure-activity relationship in d-π-a-π-d-based photoinitiators for the two-photon-induced photopolymerization process,experimental_context,wavelength_nm=800;NA=0.95;pulse_width_fs=130;repetition_rate_MHz=1;power_measurement_plane=not_reported,context,,,,"Spec- tra Physics. The laser system operates at a repetition rate of 1 kHz and provides NIR pulses at 800 nm wavelength with a pulse duration of ∼130 fs. This amplified system achieves a maximum pulse energy of ∼1 mJ. An optical parametrical amplifier (OPA-800C) is used for structuring tests at 600 nm. The OPA extends the wavelength range of the laser system by means of harmonic generation and frequency mixing from 235 nm to 10 μm. The ultrafast OPA-800C is seeded by the amplified ultrafast laser pulses from the Spitfire, and the wavelength is ;in this specific case;shifted by parametric conversion (second harmonic of the OPA signal) to 600 nm. Because of the conversion, the max- imum pulse energy is less than 25 μJ, when pumped with 1 mJ pulses from the Spitfire. In case of 800 nm structuring the laser pulses are guided through an electro-optical switch that works also as laser attenuator by remote control of the crystal high voltage of the Pockels cell. Furthermore, a spatial filter im- proves fundamental spatial Gaussian beam distribution. The laser is focused into the sample by a 100 /C2 microscope objective (NA = 0.95). A He-Ne laser is collinearly guided to the sample, and the back-reflected light of the He -Ne laser is detected by a photodiode in a confocal setup, which per","Spec- tra Physics. The laser system operates at a repetition rate of 1 kHz and provides NIR pulses at 800 nm wavelength with a pulse duration of ∼130 fs. This amplified system achieves a maximum pulse energy of ∼1 mJ. An optical parametrical amplifier (OPA-800C) is used for structuring tests at 600 nm. The OPA extends the wavelength range of the laser system by means of harmonic generation and frequency mixing from 235 nm to 10 μm. The ultrafast OPA-800C is seeded by the amplified ultrafast laser pulses from the Spitfire, and the wavelength is ;in this specific case;shifted by parametric conversion (second harmonic of the OPA signal) to 600 nm. Because of the conversion, the max- imum pulse energy is less than 25 μJ, when pumped with 1 mJ pulses from the Spitfire. In case of 800 nm structuring the laser pulses are guided through an electro-optical switch that works also as laser atten...",not_applicable,reported_direct,auto_retained_context_candidate,machine_medium,manual_review,context_missing_resin,CAND-0000047
SUP-AUTO-000048,ZPC-000028,,10.1021/ma9007785,Structure-activity relationship in d-π-a-π-d-based photoinitiators for the two-photon-induced photopolymerization process,pi_loading,10,µM,,,,"-C4), 138.63 (py-C2,6), 134.32 (ar -C2,20 ,6,60 ), 128.14 (py -C3,5), 111.89 (ar -C3,30 ,5,50 ), 109.89 (py -C/C17 -ar), 103.67 (ar -C1,10 ), 81.73 (py -/C17 C-ar), 44.48 ( -N-CH3), 39.61 (py -CH3). Elemental Anal. Calcd for C 26H26IN3: C, 61.54; H, 5.16; N, 8.28. Found: C, 61.28; H, 5.47; N, 8.31. TPIP Structuring Tests. Laser Device. Two different laser systems (system A and system B) were used for the direct laser writing of 3D structures. System A, which was used for the PI screening tests, is an amplified ultrafast Ti:sapphire laser system consisting of a Maitai-Spitfire combination from Spec- tra Physics. The laser system operates at a repetition rate of 1 kHz and provides NIR pulses at 800 nm wavelength with a pulse duration of ∼130 fs. This amplified system achieves a maximum pulse energy of ∼1 mJ. An optical parametrical amplifier (OPA-800C) is used for structuring tests at 600 nm. The OPA extends the wavelength range of the laser system by means of harmonic generation and frequency mixing from 235 nm to 10 μm. The ultrafast OPA-800C is seeded by the amplified ultrafast laser pulses from the Spitfire, and the wavelength is ;in this specific case;shifted by parametric conversion (second harmonic of the OPA signal) to 600 nm. Because of the conversion, the max- imum pulse energy is less","ximum pulse energy of ∼1 mJ. An optical parametrical amplifier (OPA-800C) is used for structuring tests at 600 nm. The OPA extends the wavelength range of the laser system by means of harmonic generation and frequency mixing from 235 nm to 10 μm. The ultrafast OPA-800C is seeded by the amplified ultrafast laser pulses from the Spitfire, and the wavelength is ;in this specific case;shifted by parametric conversion (second harmonic of the OPA signal) to 600 nm. Because of the conver",reported_mM,reported_direct,auto_provisional_accept,machine_high,auto_accept,loading candidate has raw value/unit; normalization basis recorded,CAND-0000048
SUP-AUTO-000049,ZPC-000028,,10.1021/ma9007785,Structure-activity relationship in d-π-a-π-d-based photoinitiators for the two-photon-induced photopolymerization process,experimental_context,wavelength_nm=800;pulse_width_fs=130;repetition_rate_MHz=1;power_measurement_plane=not_reported,context,,,,"-C4), 138.63 (py-C2,6), 134.32 (ar -C2,20 ,6,60 ), 128.14 (py -C3,5), 111.89 (ar -C3,30 ,5,50 ), 109.89 (py -C/C17 -ar), 103.67 (ar -C1,10 ), 81.73 (py -/C17 C-ar), 44.48 ( -N-CH3), 39.61 (py -CH3). Elemental Anal. Calcd for C 26H26IN3: C, 61.54; H, 5.16; N, 8.28. Found: C, 61.28; H, 5.47; N, 8.31. TPIP Structuring Tests. Laser Device. Two different laser systems (system A and system B) were used for the direct laser writing of 3D structures. System A, which was used for the PI screening tests, is an amplified ultrafast Ti:sapphire laser system consisting of a Maitai-Spitfire combination from Spec- tra Physics. The laser system operates at a repetition rate of 1 kHz and provides NIR pulses at 800 nm wavelength with a pulse duration of ∼130 fs. This amplified system achieves a maximum pulse energy of ∼1 mJ. An optical parametrical amplifier (OPA-800C) is used for structuring tests at 600 nm. The OPA extends the wavelength range of the laser system by means of harmonic generation and frequency mixing from 235 nm to 10 μm. The ultrafast OPA-800C is seeded by the amplified ultrafast laser pulses from the Spitfire, and the wavelength is ;in this specific case;shifted by parametric conversion (second harmonic of the OPA signal) to 600 nm. Because of the conversion, the max- imum pulse energy is less","-C4), 138.63 (py-C2,6), 134.32 (ar -C2,20 ,6,60 ), 128.14 (py -C3,5), 111.89 (ar -C3,30 ,5,50 ), 109.89 (py -C/C17 -ar), 103.67 (ar -C1,10 ), 81.73 (py -/C17 C-ar), 44.48 ( -N-CH3), 39.61 (py -CH3). Elemental Anal. Calcd for C 26H26IN3: C, 61.54; H, 5.16; N, 8.28. Found: C, 61.28; H, 5.47; N, 8.31. TPIP Structuring Tests. Laser Device. Two different laser systems (system A and system B) were used for the direct laser writing of 3D structures. System A, which was used for the PI screening tests, is an amplified ultrafast Ti:sapphire laser system consisting of a Maitai-Spitfire combination from Spec- tra Physics. The laser system operates at a repetition rate of 1 kHz and provides NIR pulses at 800 nm wavelength with a pulse duration of ∼130 fs. This amplified system achieves a maximum pulse energy of ∼1 mJ. An optical parametrical amplifier (OPA-800C) is used for structuring tests at 6...",not_applicable,reported_direct,auto_retained_context_candidate,machine_medium,manual_review,context_missing_resin,CAND-0000049
SUP-AUTO-000050,ZPC-000028,,10.1021/ma9007785,Structure-activity relationship in d-π-a-π-d-based photoinitiators for the two-photon-induced photopolymerization process,pi_loading,1,mM,,,,"cess window at 600 nm. Additionally, more complex 3D structures were inscribed into the material volume using B3K (6.3 /C2 10-6 mol PI/g resin) as initiator. A laser power of 11 μW at a given feedrate of 1 mm/min allowed the structuring of a dragonfly and a dinosaur sculpture using laser system A (Figure 7a,b). These shapes are showing perfectly the advantages of TPIP com- pared to other rapid prototyping techniques. High resolu- tions, which are otherwise inaccessible, and complex 3D structures with massive overhangs such as the wings of the dragonfly sculpture (Figure 7a) can be obtained easily. Furthermore, a different laser system with a repetition rate of 100 MHz (system B) was also tested in order to achieve higher resolutions than obtained by system A. In a power range of 1.5-2.8 mW at a feed rate of 10 -25 μm/s perfectly Figure 5. PI TPIP screening tests (PI concentration: 6.3/C2 10-6 mol PI/ g resin). Figure 6. (a) Typical qualities of the shapes from very good (1) to average (3) (4 and 5 are not shown). (b) Typical imperfections of the structures at higher laser intensities such as over exposure (x) and holes (y). --- Page 9 --- Article Macromolecules, Vol. 42, No. 17, 2009 6527 developed woodpile structures with and without support- ing wall were prepared (Figure 7c,d). Line widths","cess window at 600 nm. Additionally, more complex 3D structures were inscribed into the material volume using B3K (6.3 /C2 10-6 mol PI/g resin) as initiator. A laser power of 11 μW at a given feedrate of 1 mm/min allowed the structuring of a dragonfly and a dinosaur sculpture using laser system A (Figure 7a,b). These shapes are showing perfectly the advantages of TPIP com- pared to other rapid prototyping techniques. High resolu- tions, which a",reported_mM,reported_direct,auto_provisional_accept,machine_high,auto_accept,loading candidate has raw value/unit; normalization basis recorded,CAND-0000050
SUP-AUTO-000051,ZPC-000028,,10.1021/ma9007785,Structure-activity relationship in d-π-a-π-d-based photoinitiators for the two-photon-induced photopolymerization process,pi_loading,-25,µM,,,,"cess window at 600 nm. Additionally, more complex 3D structures were inscribed into the material volume using B3K (6.3 /C2 10-6 mol PI/g resin) as initiator. A laser power of 11 μW at a given feedrate of 1 mm/min allowed the structuring of a dragonfly and a dinosaur sculpture using laser system A (Figure 7a,b). These shapes are showing perfectly the advantages of TPIP com- pared to other rapid prototyping techniques. High resolu- tions, which are otherwise inaccessible, and complex 3D structures with massive overhangs such as the wings of the dragonfly sculpture (Figure 7a) can be obtained easily. Furthermore, a different laser system with a repetition rate of 100 MHz (system B) was also tested in order to achieve higher resolutions than obtained by system A. In a power range of 1.5-2.8 mW at a feed rate of 10 -25 μm/s perfectly Figure 5. PI TPIP screening tests (PI concentration: 6.3/C2 10-6 mol PI/ g resin). Figure 6. (a) Typical qualities of the shapes from very good (1) to average (3) (4 and 5 are not shown). (b) Typical imperfections of the structures at higher laser intensities such as over exposure (x) and holes (y). --- Page 9 --- Article Macromolecules, Vol. 42, No. 17, 2009 6527 developed woodpile structures with and without support- ing wall were prepared (Figure 7c,d). Line widths","an be obtained easily. Furthermore, a different laser system with a repetition rate of 100 MHz (system B) was also tested in order to achieve higher resolutions than obtained by system A. In a power range of 1.5-2.8 mW at a feed rate of 10 -25 μm/s perfectly Figure 5. PI TPIP screening tests (PI concentration: 6.3/C2 10-6 mol PI/ g resin). Figure 6. (a) Typical qualities of the shapes from very good (1) to average (3) (4 and 5 are not shown). (b) Typical imperfections of the struct",reported_mM,reported_direct,auto_provisional_accept,machine_high,auto_accept,loading candidate has raw value/unit; normalization basis recorded,CAND-0000051
SUP-AUTO-000052,ZPC-000028,,10.1021/ma9007785,Structure-activity relationship in d-π-a-π-d-based photoinitiators for the two-photon-induced photopolymerization process,experimental_context,wavelength_nm=600;repetition_rate_MHz=100;power_measurement_plane=not_reported;development_protocol=reported;threshold_definition=candidate_in_anchor;resin_formulation=candidate_in_anchor,context,,,,"cess window at 600 nm. Additionally, more complex 3D structures were inscribed into the material volume using B3K (6.3 /C2 10-6 mol PI/g resin) as initiator. A laser power of 11 μW at a given feedrate of 1 mm/min allowed the structuring of a dragonfly and a dinosaur sculpture using laser system A (Figure 7a,b). These shapes are showing perfectly the advantages of TPIP com- pared to other rapid prototyping techniques. High resolu- tions, which are otherwise inaccessible, and complex 3D structures with massive overhangs such as the wings of the dragonfly sculpture (Figure 7a) can be obtained easily. Furthermore, a different laser system with a repetition rate of 100 MHz (system B) was also tested in order to achieve higher resolutions than obtained by system A. In a power range of 1.5-2.8 mW at a feed rate of 10 -25 μm/s perfectly Figure 5. PI TPIP screening tests (PI concentration: 6.3/C2 10-6 mol PI/ g resin). Figure 6. (a) Typical qualities of the shapes from very good (1) to average (3) (4 and 5 are not shown). (b) Typical imperfections of the structures at higher laser intensities such as over exposure (x) and holes (y). --- Page 9 --- Article Macromolecules, Vol. 42, No. 17, 2009 6527 developed woodpile structures with and without support- ing wall were prepared (Figure 7c,d). Line widths","cess window at 600 nm. Additionally, more complex 3D structures were inscribed into the material volume using B3K (6.3 /C2 10-6 mol PI/g resin) as initiator. A laser power of 11 μW at a given feedrate of 1 mm/min allowed the structuring of a dragonfly and a dinosaur sculpture using laser system A (Figure 7a,b). These shapes are showing perfectly the advantages of TPIP com- pared to other rapid prototyping techniques. High resolu- tions, which are otherwise inaccessible, and complex 3D structures with massive overhangs such as the wings of the dragonfly sculpture (Figure 7a) can be obtained easily. Furthermore, a different laser system with a repetition rate of 100 MHz (system B) was also tested in order to achieve higher resolutions than obtained by system A. In a power range of 1.5-2.8 mW at a feed rate of 10 -25 μm/s perfectly Figure 5. PI TPIP screening tests (PI concentration: 6.3...",not_applicable,reported_direct,auto_provisional_accept,machine_high,auto_accept,context candidate has wavelength and resin signal; equality across all PIs still needs audit,CAND-0000052
SUP-AUTO-000053,ZPC-000028,,10.1021/ma9007785,Structure-activity relationship in d-π-a-π-d-based photoinitiators for the two-photon-induced photopolymerization process,voxel_geometry,power_mW=0.011,mixed,,,,"cess window at 600 nm. Additionally, more complex 3D structures were inscribed into the material volume using B3K (6.3 /C2 10-6 mol PI/g resin) as initiator. A laser power of 11 μW at a given feedrate of 1 mm/min allowed the structuring of a dragonfly and a dinosaur sculpture using laser system A (Figure 7a,b). These shapes are showing perfectly the advantages of TPIP com- pared to other rapid prototyping techniques. High resolu- tions, which are otherwise inaccessible, and complex 3D structures with massive overhangs such as the wings of the dragonfly sculpture (Figure 7a) can be obtained easily. Furthermore, a different laser system with a repetition rate of 100 MHz (system B) was also tested in order to achieve higher resolutions than obtained by system A. In a power range of 1.5-2.8 mW at a feed rate of 10 -25 μm/s perfectly Figure 5. PI TPIP screening tests (PI concentration: 6.3/C2 10-6 mol PI/ g resin). Figure 6. (a) Typical qualities of the shapes from very good (1) to average (3) (4 and 5 are not shown). (b) Typical imperfections of the structures at higher laser intensities such as over exposure (x) and holes (y). --- Page 9 --- Article Macromolecules, Vol. 42, No. 17, 2009 6527 developed woodpile structures with and without support- ing wall were prepared (Figure 7c,d). Line widths","cess window at 600 nm. Additionally, more complex 3D structures were inscribed into the material volume using B3K (6.3 /C2 10-6 mol PI/g resin) as initiator. A laser power of 11 μW at a given feedrate of 1 mm/min allowed the structuring of a dragonfly and a dinosaur sculpture using laser system A (Figure 7a,b). These shapes are showing perfectly the advantages of TPIP com- pared to other rapid prototyping techniques. High resolu- tions, which are otherwise inaccessible, and complex 3D structures with massive overhangs such as the wings of the dragonfly sculpture (Figure 7a) can be obtained easily. Furthermore, a different laser system with a repetition rate of 100 MHz (system B) was also tested in order to achieve higher resolutions than obtained by system A. In a power range of 1.5-2.8 mW at a feed rate of 10 -25 μm/s perfectly Figure 5. PI TPIP screening tests (PI concentration: 6.3...",not_applicable,reported_direct,auto_retained_context_candidate,machine_medium,manual_review,voxel_dimension_missing,CAND-0000053
SUP-AUTO-000054,ZPC-000028,,10.1021/ma9007785,Structure-activity relationship in d-π-a-π-d-based photoinitiators for the two-photon-induced photopolymerization process,sigma_2pa,1,GM,1,GM,,"dimensional (3D) structures with resolutions in the (sub)- micrometer range, such as different mechanical, electronic and optical microdevices, 1 high-density 3D optical data storage, 7 photonic crystals,8 polymer-based optical waveguides on inte- grated circuit boards, 9-12 and the like. Furthermore, the high resolution and the versatility in the building process offer new routes for biomedical applications, such as tailored replacement materials.13,14 TPIP is a solid free-form fabrication technique where a resin, which contains mainly a multifunctional acrylate-based monomer and a photoinitiator (PI), is cur ed inside the focal point of a femtosecond pulsed near-infrared laser beam. With this unique process it is possible to produce complex 3D structures with resolutions (∼120 nm) below the diffraction limit of the utilized wavelength.15 With advanced techniques such as the application of radical quenchers16,17 or repolymerization techniques,18 it is even possible to improve the feature resolution to 65 and 22 nm, respectively. A highly active TPA PI plays a key role in order to obtain an efficient and clean polymerization and therefore high-quality structures. In the literature, the TPA cross section (1 GM = 10-50 m4 sp h o t o n-1) is the currently used value to characterize the activi","on techniques,18 it is even possible to improve the feature resolution to 65 and 22 nm, respectively. A highly active TPA PI plays a key role in order to obtain an efficient and clean polymerization and therefore high-quality structures. In the literature, the TPA cross section (1 GM = 10-50 m4 sp h o t o n-1) is the currently used value to characterize the activi",wavelength_nm=120,reported_direct,auto_retained_low_context_candidate,machine_medium,manual_review,possible_C_external_sigma2,CAND-0000054
SUP-AUTO-000055,ZPC-000028,,10.1021/ma9007785,Structure-activity relationship in d-π-a-π-d-based photoinitiators for the two-photon-induced photopolymerization process,experimental_context,wavelength_nm=120;power_measurement_plane=not_reported;resin_formulation=candidate_in_anchor,context,,,,"dimensional (3D) structures with resolutions in the (sub)- micrometer range, such as different mechanical, electronic and optical microdevices, 1 high-density 3D optical data storage, 7 photonic crystals,8 polymer-based optical waveguides on inte- grated circuit boards, 9-12 and the like. Furthermore, the high resolution and the versatility in the building process offer new routes for biomedical applications, such as tailored replacement materials.13,14 TPIP is a solid free-form fabrication technique where a resin, which contains mainly a multifunctional acrylate-based monomer and a photoinitiator (PI), is cur ed inside the focal point of a femtosecond pulsed near-infrared laser beam. With this unique process it is possible to produce complex 3D structures with resolutions (∼120 nm) below the diffraction limit of the utilized wavelength.15 With advanced techniques such as the application of radical quenchers16,17 or repolymerization techniques,18 it is even possible to improve the feature resolution to 65 and 22 nm, respectively. A highly active TPA PI plays a key role in order to obtain an efficient and clean polymerization and therefore high-quality structures. In the literature, the TPA cross section (1 GM = 10-50 m4 sp h o t o n-1) is the currently used value to characterize the activi","dimensional (3D) structures with resolutions in the (sub)- micrometer range, such as different mechanical, electronic and optical microdevices, 1 high-density 3D optical data storage, 7 photonic crystals,8 polymer-based optical waveguides on inte- grated circuit boards, 9-12 and the like. Furthermore, the high resolution and the versatility in the building process offer new routes for biomedical applications, such as tailored replacement materials.13,14 TPIP is a solid free-form fabrication technique where a resin, which contains mainly a multifunctional acrylate-based monomer and a photoinitiator (PI), is cur ed inside the focal point of a femtosecond pulsed near-infrared laser beam. With this unique process it is possible to produce complex 3D structures with resolutions (∼120 nm) below the diffraction limit of the utilized wavelength.15 With advanced techniques such as the applicat...",not_applicable,reported_direct,auto_provisional_accept,machine_high,auto_accept,context candidate has wavelength and resin signal; equality across all PIs still needs audit,CAND-0000055
SUP-AUTO-000056,ZPC-000028,,10.1021/ma9007785,Structure-activity relationship in d-π-a-π-d-based photoinitiators for the two-photon-induced photopolymerization process,experimental_context,wavelength_nm=600;NA=0.95;pulse_width_fs=150;repetition_rate_MHz=100;power_measurement_plane=not_reported,context,,,,"the OPA signal) to 600 nm. Because of the conversion, the max- imum pulse energy is less than 25 μJ, when pumped with 1 mJ pulses from the Spitfire. In case of 800 nm structuring the laser pulses are guided through an electro-optical switch that works also as laser attenuator by remote control of the crystal high voltage of the Pockels cell. Furthermore, a spatial filter im- proves fundamental spatial Gaussian beam distribution. The laser is focused into the sample by a 100 /C2 microscope objective (NA = 0.95). A He-Ne laser is collinearly guided to the sample, and the back-reflected light of the He -Ne laser is detected by a photodiode in a confocal setup, which permits the measurement of the sample’s surface position and depth. The sample is moved by an Aerotech three axes stage relative to the laser focus in order to form a 3D structure (design of photonic structures by means of CAD modeling). Additionally, to achieve higher resolutions of 3-dimensional structures, a different laser lithography system (Nanoscribe Photonic Standard, system B) was used. This system is equipped with a fiber laser, which provides NIR pulses at 780 nm wavelength with a pulse duration of ∼150 fs. The system operates at a repetition rate of 100 MHz. Direct laser writing with this system is usually carried ou","the OPA signal) to 600 nm. Because of the conversion, the max- imum pulse energy is less than 25 μJ, when pumped with 1 mJ pulses from the Spitfire. In case of 800 nm structuring the laser pulses are guided through an electro-optical switch that works also as laser attenuator by remote control of the crystal high voltage of the Pockels cell. Furthermore, a spatial filter im- proves fundamental spatial Gaussian beam distribution. The laser is focused into the sample by a 100 /C2 microscope objective (NA = 0.95). A He-Ne laser is collinearly guided to the sample, and the back-reflected light of the He -Ne laser is detected by a photodiode in a confocal setup, which permits the measurement of the sample’s surface position and depth. The sample is moved by an Aerotech three axes stage relative to the laser focus in order to form a 3D structure (design of photonic structures by means of CA...",not_applicable,reported_direct,auto_retained_context_candidate,machine_medium,manual_review,context_missing_resin,CAND-0000056
SUP-AUTO-000057,ZPC-000028,,10.1021/ma9007785,Structure-activity relationship in d-π-a-π-d-based photoinitiators for the two-photon-induced photopolymerization process,experimental_context,power_measurement_plane=not_reported;development_protocol=reported,context,,,,"For all samples the same fabrication process was implemented: The optical material was drop-cast onto a glass substrate. Subsequently, the samples were exposed to the laser beam, and the focus was scanned across the photo- sensitive material, which leads to an embedded 3D structure inside the material volume. After laser writing, the unexposed material was removed by development of the structure in methanol (rinsing). In a final step the samples were subjected to UV flood exposure to finally cure the optical material. The resulting structures, particularly their structural dimensions, integrity, and surface quality, were studied by means of SEM (JEOL JSM-5600). Results and Discussion Syntheses. Generally, the new amine-donor-containing derivatives B3K and P3K were prepared in a similar way to the synthesis of M3K (Scheme 2). The key intermediates were the terminal aryl acetylenes 2a and 2b (Scheme 1). There are several synthetic routes in the literature to obtain theses precursors. The most common is the reaction of a corre- sponding 4-iodobenzeneamine derivative under Sonogashira coupling conditions with either (trimethylsilyl)acetylene or 2-methyl-3-butyn-2-ol followed by a subsequent cleavage of the protection group in a second step (method A). 45,46 Furthermore, Michel et al. 4","For all samples the same fabrication process was implemented: The optical material was drop-cast onto a glass substrate. Subsequently, the samples were exposed to the laser beam, and the focus was scanned across the photo- sensitive material, which leads to an embedded 3D structure inside the material volume. After laser writing, the unexposed material was removed by development of the structure in methanol (rinsing). In a final step the samples were subjected to UV flood exposure to finally cure the optical material. The resulting structures, particularly their structural dimensions, integrity, and surface quality, were studied by means of SEM (JEOL JSM-5600). Results and Discussion Syntheses. Generally, the new amine-donor-containing derivatives B3K and P3K were prepared in a similar way to the synthesis of M3K (Scheme 2). The key intermediates were the terminal aryl acetylenes 2a a...",not_applicable,reported_direct,auto_retained_context_candidate,machine_medium,manual_review,context_missing_wavelength,CAND-0000057
SUP-AUTO-000058,ZPC-000049,,10.1039/d4sc03527e,Two- and three-photon processes during photopolymerization in 3D laser printing,sigma_2pa,40,GM,40,GM,,"40 GM) 66 at 780 nm and 800 nm, respectively. The calculated 2PA using the implicit representation of these solvents is reported in Fig. S8. † Considering spectral shi s in the 1PA spectra, they still demonstrate good correlations. 2–5,30,31 Here, we note that the direct comparison of 2PA cross-sections between experiment and theory is challenging due to the high sensitivity of cross- section values to the variety of experimental parameters and referencing methods, as well as the selection of parameters for the calculation of theoretical spectra 51 and consideration of environmental, i.e., solvent, e ﬀects. Moreover, experimentally reported 2PA cross-sections of DETC di ﬀer between 82 GM and 40 GM, depending on the solvent and measurement technique (two-photon induced uorescence and z-scan, respectively). 16,66 Several factors contribute to the discrepancy in these values. Firstly, the determination of 2PA absorption cross-sections using two-photon uorescence has an accuracy limited to 8 – 10%.67 Secondly, it is known that z-scan data typically under- estimates 2PA cross-section by up to a factor of 2.5 –5,68 bringing the true value measured via z-scan closer to 100 –200 GM. Finally, it is important to keep in mind that neither of the mentioned experimental studies of DETC consid","40 GM) 66 at 780 nm and 800 nm, respectively. The calculated 2PA using the implicit representation of these solvents is reported in Fig. S8. † Considering spectral shi s in the 1PA spectra, they still demonstrate good correlations. 2–5,30,31 He",wavelength_nm=780,reported_direct,auto_provisional_accept,machine_high,auto_accept,"sigma2 candidate has value, unit, and wavelength anchor; A/B quality still needs audit",CAND-0000058
SUP-AUTO-000059,ZPC-000049,,10.1039/d4sc03527e,Two- and three-photon processes during photopolymerization in 3D laser printing,sigma_2pa,82,GM,82,GM,,"40 GM) 66 at 780 nm and 800 nm, respectively. The calculated 2PA using the implicit representation of these solvents is reported in Fig. S8. † Considering spectral shi s in the 1PA spectra, they still demonstrate good correlations. 2–5,30,31 Here, we note that the direct comparison of 2PA cross-sections between experiment and theory is challenging due to the high sensitivity of cross- section values to the variety of experimental parameters and referencing methods, as well as the selection of parameters for the calculation of theoretical spectra 51 and consideration of environmental, i.e., solvent, e ﬀects. Moreover, experimentally reported 2PA cross-sections of DETC di ﬀer between 82 GM and 40 GM, depending on the solvent and measurement technique (two-photon induced uorescence and z-scan, respectively). 16,66 Several factors contribute to the discrepancy in these values. Firstly, the determination of 2PA absorption cross-sections using two-photon uorescence has an accuracy limited to 8 – 10%.67 Secondly, it is known that z-scan data typically under- estimates 2PA cross-section by up to a factor of 2.5 –5,68 bringing the true value measured via z-scan closer to 100 –200 GM. Finally, it is important to keep in mind that neither of the mentioned experimental studies of DETC consid","ariety of experimental parameters and referencing methods, as well as the selection of parameters for the calculation of theoretical spectra 51 and consideration of environmental, i.e., solvent, e ﬀects. Moreover, experimentally reported 2PA cross-sections of DETC di ﬀer between 82 GM and 40 GM, depending on the solvent and measurement technique (two-photon induced uorescence and z-scan, respectively). 16,66 Several factors contribute to the discrepancy in these values. Firstly, the determination of 2PA absorption cros",wavelength_nm=780,reported_direct,auto_provisional_accept,machine_high,auto_accept,"sigma2 candidate has value, unit, and wavelength anchor; A/B quality still needs audit",CAND-0000059
SUP-AUTO-000060,ZPC-000049,,10.1039/d4sc03527e,Two- and three-photon processes during photopolymerization in 3D laser printing,sigma_2pa,40,GM,40,GM,,"40 GM) 66 at 780 nm and 800 nm, respectively. The calculated 2PA using the implicit representation of these solvents is reported in Fig. S8. † Considering spectral shi s in the 1PA spectra, they still demonstrate good correlations. 2–5,30,31 Here, we note that the direct comparison of 2PA cross-sections between experiment and theory is challenging due to the high sensitivity of cross- section values to the variety of experimental parameters and referencing methods, as well as the selection of parameters for the calculation of theoretical spectra 51 and consideration of environmental, i.e., solvent, e ﬀects. Moreover, experimentally reported 2PA cross-sections of DETC di ﬀer between 82 GM and 40 GM, depending on the solvent and measurement technique (two-photon induced uorescence and z-scan, respectively). 16,66 Several factors contribute to the discrepancy in these values. Firstly, the determination of 2PA absorption cross-sections using two-photon uorescence has an accuracy limited to 8 – 10%.67 Secondly, it is known that z-scan data typically under- estimates 2PA cross-section by up to a factor of 2.5 –5,68 bringing the true value measured via z-scan closer to 100 –200 GM. Finally, it is important to keep in mind that neither of the mentioned experimental studies of DETC consid","cing methods, as well as the selection of parameters for the calculation of theoretical spectra 51 and consideration of environmental, i.e., solvent, e ﬀects. Moreover, experimentally reported 2PA cross-sections of DETC di ﬀer between 82 GM and 40 GM, depending on the solvent and measurement technique (two-photon induced uorescence and z-scan, respectively). 16,66 Several factors contribute to the discrepancy in these values. Firstly, the determination of 2PA absorption cross-sections",wavelength_nm=780,reported_direct,auto_provisional_accept,machine_high,auto_accept,"sigma2 candidate has value, unit, and wavelength anchor; A/B quality still needs audit",CAND-0000060
SUP-AUTO-000061,ZPC-000049,,10.1039/d4sc03527e,Two- and three-photon processes during photopolymerization in 3D laser printing,sigma_2pa,200,GM,200,GM,,"40 GM) 66 at 780 nm and 800 nm, respectively. The calculated 2PA using the implicit representation of these solvents is reported in Fig. S8. † Considering spectral shi s in the 1PA spectra, they still demonstrate good correlations. 2–5,30,31 Here, we note that the direct comparison of 2PA cross-sections between experiment and theory is challenging due to the high sensitivity of cross- section values to the variety of experimental parameters and referencing methods, as well as the selection of parameters for the calculation of theoretical spectra 51 and consideration of environmental, i.e., solvent, e ﬀects. Moreover, experimentally reported 2PA cross-sections of DETC di ﬀer between 82 GM and 40 GM, depending on the solvent and measurement technique (two-photon induced uorescence and z-scan, respectively). 16,66 Several factors contribute to the discrepancy in these values. Firstly, the determination of 2PA absorption cross-sections using two-photon uorescence has an accuracy limited to 8 – 10%.67 Secondly, it is known that z-scan data typically under- estimates 2PA cross-section by up to a factor of 2.5 –5,68 bringing the true value measured via z-scan closer to 100 –200 GM. Finally, it is important to keep in mind that neither of the mentioned experimental studies of DETC consid","using two-photon uorescence has an accuracy limited to 8 – 10%.67 Secondly, it is known that z-scan data typically under- estimates 2PA cross-section by up to a factor of 2.5 –5,68 bringing the true value measured via z-scan closer to 100 –200 GM. Finally, it is important to keep in mind that neither of the mentioned experimental studies of DETC consid",wavelength_nm=780,reported_direct,auto_provisional_accept,machine_high,auto_accept,"sigma2 candidate has value, unit, and wavelength anchor; A/B quality still needs audit",CAND-0000061
SUP-AUTO-000062,ZPC-000049,,10.1039/d4sc03527e,Two- and three-photon processes during photopolymerization in 3D laser printing,pi_loading,10,%,,,,"40 GM) 66 at 780 nm and 800 nm, respectively. The calculated 2PA using the implicit representation of these solvents is reported in Fig. S8. † Considering spectral shi s in the 1PA spectra, they still demonstrate good correlations. 2–5,30,31 Here, we note that the direct comparison of 2PA cross-sections between experiment and theory is challenging due to the high sensitivity of cross- section values to the variety of experimental parameters and referencing methods, as well as the selection of parameters for the calculation of theoretical spectra 51 and consideration of environmental, i.e., solvent, e ﬀects. Moreover, experimentally reported 2PA cross-sections of DETC di ﬀer between 82 GM and 40 GM, depending on the solvent and measurement technique (two-photon induced uorescence and z-scan, respectively). 16,66 Several factors contribute to the discrepancy in these values. Firstly, the determination of 2PA absorption cross-sections using two-photon uorescence has an accuracy limited to 8 – 10%.67 Secondly, it is known that z-scan data typically under- estimates 2PA cross-section by up to a factor of 2.5 –5,68 bringing the true value measured via z-scan closer to 100 –200 GM. Finally, it is important to keep in mind that neither of the mentioned experimental studies of DETC consid","ton induced uorescence and z-scan, respectively). 16,66 Several factors contribute to the discrepancy in these values. Firstly, the determination of 2PA absorption cross-sections using two-photon uorescence has an accuracy limited to 8 – 10%.67 Secondly, it is known that z-scan data typically under- estimates 2PA cross-section by up to a factor of 2.5 –5,68 bringing the true value measured via z-scan closer to 100 –200 GM. Finally, it is important to keep in mind that neither",not_normalizable,candidate_only,auto_retained_low_context_candidate,machine_medium,manual_review,loading_not_normalizable,CAND-0000062
SUP-AUTO-000063,ZPC-000049,,10.1039/d4sc03527e,Two- and three-photon processes during photopolymerization in 3D laser printing,experimental_context,wavelength_nm=780;power_measurement_plane=not_reported,context,,,,"40 GM) 66 at 780 nm and 800 nm, respectively. The calculated 2PA using the implicit representation of these solvents is reported in Fig. S8. † Considering spectral shi s in the 1PA spectra, they still demonstrate good correlations. 2–5,30,31 Here, we note that the direct comparison of 2PA cross-sections between experiment and theory is challenging due to the high sensitivity of cross- section values to the variety of experimental parameters and referencing methods, as well as the selection of parameters for the calculation of theoretical spectra 51 and consideration of environmental, i.e., solvent, e ﬀects. Moreover, experimentally reported 2PA cross-sections of DETC di ﬀer between 82 GM and 40 GM, depending on the solvent and measurement technique (two-photon induced uorescence and z-scan, respectively). 16,66 Several factors contribute to the discrepancy in these values. Firstly, the determination of 2PA absorption cross-sections using two-photon uorescence has an accuracy limited to 8 – 10%.67 Secondly, it is known that z-scan data typically under- estimates 2PA cross-section by up to a factor of 2.5 –5,68 bringing the true value measured via z-scan closer to 100 –200 GM. Finally, it is important to keep in mind that neither of the mentioned experimental studies of DETC consid","40 GM) 66 at 780 nm and 800 nm, respectively. The calculated 2PA using the implicit representation of these solvents is reported in Fig. S8. † Considering spectral shi s in the 1PA spectra, they still demonstrate good correlations. 2–5,30,31 Here, we note that the direct comparison of 2PA cross-sections between experiment and theory is challenging due to the high sensitivity of cross- section values to the variety of experimental parameters and referencing methods, as well as the selection of parameters for the calculation of theoretical spectra 51 and consideration of environmental, i.e., solvent, e ﬀects. Moreover, experimentally reported 2PA cross-sections of DETC di ﬀer between 82 GM and 40 GM, depending on the solvent and measurement technique (two-photon induced uorescence and z-scan, respectively). 16,66 Several factors contribute to the discrepancy in these values. Firstly,...",not_applicable,reported_direct,auto_retained_context_candidate,machine_medium,manual_review,context_missing_resin,CAND-0000063
SUP-AUTO-000064,ZPC-000049,,10.1039/d4sc03527e,Two- and three-photon processes during photopolymerization in 3D laser printing,sigma_2pa,82,GM,82,GM,,"calculation of theoretical spectra 51 and consideration of environmental, i.e., solvent, e ﬀects. Moreover, experimentally reported 2PA cross-sections of DETC di ﬀer between 82 GM and 40 GM, depending on the solvent and measurement technique (two-photon induced uorescence and z-scan, respectively). 16,66 Several factors contribute to the discrepancy in these values. Firstly, the determination of 2PA absorption cross-sections using two-photon uorescence has an accuracy limited to 8 – 10%.67 Secondly, it is known that z-scan data typically under- estimates 2PA cross-section by up to a factor of 2.5 –5,68 bringing the true value measured via z-scan closer to 100 –200 GM. Finally, it is important to keep in mind that neither of the mentioned experimental studies of DETC considered the potential for higher-order absorption processes. To evaluate the possibility for DETC to simultaneously absorb three photons during singlet –singlet 3PA, the respective spectrum in the gas phase was calculated (Fig. 2c, and Table S14†). A peak related to S 0 / S1 transition was found to be at 1010.74 nm with a 3PA cross-section of 5.6 × 10−78 cm6 s2 photon−1. The cross-section values related to transitions between S0 and higher excited states using the laser wavelength of 819 –778 nm ( i.e.,S 0 / S3,S 0 /","calculation of theoretical spectra 51 and consideration of environmental, i.e., solvent, e ﬀects. Moreover, experimentally reported 2PA cross-sections of DETC di ﬀer between 82 GM and 40 GM, depending on the solvent and measurement technique (two-photon induced uorescence and z-scan, respectively). 16,66 Several factors contribute to the discrepancy in these values. Firstly, the determination of 2PA absorption cros",wavelength_nm=778,reported_direct,auto_provisional_accept,machine_high,auto_accept,"sigma2 candidate has value, unit, and wavelength anchor; A/B quality still needs audit",CAND-0000064
SUP-AUTO-000065,ZPC-000049,,10.1039/d4sc03527e,Two- and three-photon processes during photopolymerization in 3D laser printing,sigma_2pa,40,GM,40,GM,,"calculation of theoretical spectra 51 and consideration of environmental, i.e., solvent, e ﬀects. Moreover, experimentally reported 2PA cross-sections of DETC di ﬀer between 82 GM and 40 GM, depending on the solvent and measurement technique (two-photon induced uorescence and z-scan, respectively). 16,66 Several factors contribute to the discrepancy in these values. Firstly, the determination of 2PA absorption cross-sections using two-photon uorescence has an accuracy limited to 8 – 10%.67 Secondly, it is known that z-scan data typically under- estimates 2PA cross-section by up to a factor of 2.5 –5,68 bringing the true value measured via z-scan closer to 100 –200 GM. Finally, it is important to keep in mind that neither of the mentioned experimental studies of DETC considered the potential for higher-order absorption processes. To evaluate the possibility for DETC to simultaneously absorb three photons during singlet –singlet 3PA, the respective spectrum in the gas phase was calculated (Fig. 2c, and Table S14†). A peak related to S 0 / S1 transition was found to be at 1010.74 nm with a 3PA cross-section of 5.6 × 10−78 cm6 s2 photon−1. The cross-section values related to transitions between S0 and higher excited states using the laser wavelength of 819 –778 nm ( i.e.,S 0 / S3,S 0 /","calculation of theoretical spectra 51 and consideration of environmental, i.e., solvent, e ﬀects. Moreover, experimentally reported 2PA cross-sections of DETC di ﬀer between 82 GM and 40 GM, depending on the solvent and measurement technique (two-photon induced uorescence and z-scan, respectively). 16,66 Several factors contribute to the discrepancy in these values. Firstly, the determination of 2PA absorption cross-sections",wavelength_nm=778,reported_direct,auto_provisional_accept,machine_high,auto_accept,"sigma2 candidate has value, unit, and wavelength anchor; A/B quality still needs audit",CAND-0000065
SUP-AUTO-000066,ZPC-000049,,10.1039/d4sc03527e,Two- and three-photon processes during photopolymerization in 3D laser printing,sigma_2pa,200,GM,200,GM,,"calculation of theoretical spectra 51 and consideration of environmental, i.e., solvent, e ﬀects. Moreover, experimentally reported 2PA cross-sections of DETC di ﬀer between 82 GM and 40 GM, depending on the solvent and measurement technique (two-photon induced uorescence and z-scan, respectively). 16,66 Several factors contribute to the discrepancy in these values. Firstly, the determination of 2PA absorption cross-sections using two-photon uorescence has an accuracy limited to 8 – 10%.67 Secondly, it is known that z-scan data typically under- estimates 2PA cross-section by up to a factor of 2.5 –5,68 bringing the true value measured via z-scan closer to 100 –200 GM. Finally, it is important to keep in mind that neither of the mentioned experimental studies of DETC considered the potential for higher-order absorption processes. To evaluate the possibility for DETC to simultaneously absorb three photons during singlet –singlet 3PA, the respective spectrum in the gas phase was calculated (Fig. 2c, and Table S14†). A peak related to S 0 / S1 transition was found to be at 1010.74 nm with a 3PA cross-section of 5.6 × 10−78 cm6 s2 photon−1. The cross-section values related to transitions between S0 and higher excited states using the laser wavelength of 819 –778 nm ( i.e.,S 0 / S3,S 0 /","using two-photon uorescence has an accuracy limited to 8 – 10%.67 Secondly, it is known that z-scan data typically under- estimates 2PA cross-section by up to a factor of 2.5 –5,68 bringing the true value measured via z-scan closer to 100 –200 GM. Finally, it is important to keep in mind that neither of the mentioned experimental studies of DETC considered the potential for higher-order absorption processes. To evaluate the possibility for DETC to simultaneously absorb three photon",wavelength_nm=778,reported_direct,auto_provisional_accept,machine_high,auto_accept,"sigma2 candidate has value, unit, and wavelength anchor; A/B quality still needs audit",CAND-0000066
SUP-AUTO-000067,ZPC-000049,,10.1039/d4sc03527e,Two- and three-photon processes during photopolymerization in 3D laser printing,pi_loading,10,%,,,,"calculation of theoretical spectra 51 and consideration of environmental, i.e., solvent, e ﬀects. Moreover, experimentally reported 2PA cross-sections of DETC di ﬀer between 82 GM and 40 GM, depending on the solvent and measurement technique (two-photon induced uorescence and z-scan, respectively). 16,66 Several factors contribute to the discrepancy in these values. Firstly, the determination of 2PA absorption cross-sections using two-photon uorescence has an accuracy limited to 8 – 10%.67 Secondly, it is known that z-scan data typically under- estimates 2PA cross-section by up to a factor of 2.5 –5,68 bringing the true value measured via z-scan closer to 100 –200 GM. Finally, it is important to keep in mind that neither of the mentioned experimental studies of DETC considered the potential for higher-order absorption processes. To evaluate the possibility for DETC to simultaneously absorb three photons during singlet –singlet 3PA, the respective spectrum in the gas phase was calculated (Fig. 2c, and Table S14†). A peak related to S 0 / S1 transition was found to be at 1010.74 nm with a 3PA cross-section of 5.6 × 10−78 cm6 s2 photon−1. The cross-section values related to transitions between S0 and higher excited states using the laser wavelength of 819 –778 nm ( i.e.,S 0 / S3,S 0 /","ton induced uorescence and z-scan, respectively). 16,66 Several factors contribute to the discrepancy in these values. Firstly, the determination of 2PA absorption cross-sections using two-photon uorescence has an accuracy limited to 8 – 10%.67 Secondly, it is known that z-scan data typically under- estimates 2PA cross-section by up to a factor of 2.5 –5,68 bringing the true value measured via z-scan closer to 100 –200 GM. Finally, it is important to keep in mind that neither",not_normalizable,candidate_only,auto_retained_low_context_candidate,machine_medium,manual_review,loading_not_normalizable,CAND-0000067
SUP-AUTO-000068,ZPC-000049,,10.1039/d4sc03527e,Two- and three-photon processes during photopolymerization in 3D laser printing,experimental_context,wavelength_nm=778;power_measurement_plane=not_reported,context,,,,"calculation of theoretical spectra 51 and consideration of environmental, i.e., solvent, e ﬀects. Moreover, experimentally reported 2PA cross-sections of DETC di ﬀer between 82 GM and 40 GM, depending on the solvent and measurement technique (two-photon induced uorescence and z-scan, respectively). 16,66 Several factors contribute to the discrepancy in these values. Firstly, the determination of 2PA absorption cross-sections using two-photon uorescence has an accuracy limited to 8 – 10%.67 Secondly, it is known that z-scan data typically under- estimates 2PA cross-section by up to a factor of 2.5 –5,68 bringing the true value measured via z-scan closer to 100 –200 GM. Finally, it is important to keep in mind that neither of the mentioned experimental studies of DETC considered the potential for higher-order absorption processes. To evaluate the possibility for DETC to simultaneously absorb three photons during singlet –singlet 3PA, the respective spectrum in the gas phase was calculated (Fig. 2c, and Table S14†). A peak related to S 0 / S1 transition was found to be at 1010.74 nm with a 3PA cross-section of 5.6 × 10−78 cm6 s2 photon−1. The cross-section values related to transitions between S0 and higher excited states using the laser wavelength of 819 –778 nm ( i.e.,S 0 / S3,S 0 /","calculation of theoretical spectra 51 and consideration of environmental, i.e., solvent, e ﬀects. Moreover, experimentally reported 2PA cross-sections of DETC di ﬀer between 82 GM and 40 GM, depending on the solvent and measurement technique (two-photon induced uorescence and z-scan, respectively). 16,66 Several factors contribute to the discrepancy in these values. Firstly, the determination of 2PA absorption cross-sections using two-photon uorescence has an accuracy limited to 8 – 10%.67 Secondly, it is known that z-scan data typically under- estimates 2PA cross-section by up to a factor of 2.5 –5,68 bringing the true value measured via z-scan closer to 100 –200 GM. Finally, it is important to keep in mind that neither of the mentioned experimental studies of DETC considered the potential for higher-order absorption processes. To evaluate the possibility for DETC to simultaneously...",not_applicable,reported_direct,auto_retained_context_candidate,machine_medium,manual_review,context_missing_resin,CAND-0000068
SUP-AUTO-000069,ZPC-000049,,10.1039/d4sc03527e,Two- and three-photon processes during photopolymerization in 3D laser printing,sigma_2pa,200,GM,200,GM,,"is known that z-scan data typically under- estimates 2PA cross-section by up to a factor of 2.5 –5,68 bringing the true value measured via z-scan closer to 100 –200 GM. Finally, it is important to keep in mind that neither of the mentioned experimental studies of DETC considered the potential for higher-order absorption processes. To evaluate the possibility for DETC to simultaneously absorb three photons during singlet –singlet 3PA, the respective spectrum in the gas phase was calculated (Fig. 2c, and Table S14†). A peak related to S 0 / S1 transition was found to be at 1010.74 nm with a 3PA cross-section of 5.6 × 10−78 cm6 s2 photon−1. The cross-section values related to transitions between S0 and higher excited states using the laser wavelength of 819 –778 nm ( i.e.,S 0 / S3,S 0 / S4 and S 0 / S5) are in the range of 1 –42 × 10−78 cm6 s2 photon−1. Therefore, theoretical calculations indicate that DETC might be prone to instanta- neously absorb three photons, leading to very high singlet excited states. Since such highly excited states tend to relax rapidly via conical intersections (typical vibrational frequencies of modes coupled to the electronic transition have been calcu- lated to be on the order 20 THz, i.e., 50 fs), 69 which are unstable, they will decay to the lowest singlet excited","is known that z-scan data typically under- estimates 2PA cross-section by up to a factor of 2.5 –5,68 bringing the true value measured via z-scan closer to 100 –200 GM. Finally, it is important to keep in mind that neither of the mentioned experimental studies of DETC considered the potential for higher-order absorption processes. To evaluate the possibility for DETC to simultaneously absorb three photon",wavelength_nm=778,reported_direct,auto_provisional_accept,machine_high,auto_accept,"sigma2 candidate has value, unit, and wavelength anchor; A/B quality still needs audit",CAND-0000069
SUP-AUTO-000070,ZPC-000049,,10.1039/d4sc03527e,Two- and three-photon processes during photopolymerization in 3D laser printing,experimental_context,wavelength_nm=778;pulse_width_fs=50;power_measurement_plane=not_reported;threshold_definition=candidate_in_anchor,context,,,,"is known that z-scan data typically under- estimates 2PA cross-section by up to a factor of 2.5 –5,68 bringing the true value measured via z-scan closer to 100 –200 GM. Finally, it is important to keep in mind that neither of the mentioned experimental studies of DETC considered the potential for higher-order absorption processes. To evaluate the possibility for DETC to simultaneously absorb three photons during singlet –singlet 3PA, the respective spectrum in the gas phase was calculated (Fig. 2c, and Table S14†). A peak related to S 0 / S1 transition was found to be at 1010.74 nm with a 3PA cross-section of 5.6 × 10−78 cm6 s2 photon−1. The cross-section values related to transitions between S0 and higher excited states using the laser wavelength of 819 –778 nm ( i.e.,S 0 / S3,S 0 / S4 and S 0 / S5) are in the range of 1 –42 × 10−78 cm6 s2 photon−1. Therefore, theoretical calculations indicate that DETC might be prone to instanta- neously absorb three photons, leading to very high singlet excited states. Since such highly excited states tend to relax rapidly via conical intersections (typical vibrational frequencies of modes coupled to the electronic transition have been calcu- lated to be on the order 20 THz, i.e., 50 fs), 69 which are unstable, they will decay to the lowest singlet excited","is known that z-scan data typically under- estimates 2PA cross-section by up to a factor of 2.5 –5,68 bringing the true value measured via z-scan closer to 100 –200 GM. Finally, it is important to keep in mind that neither of the mentioned experimental studies of DETC considered the potential for higher-order absorption processes. To evaluate the possibility for DETC to simultaneously absorb three photons during singlet –singlet 3PA, the respective spectrum in the gas phase was calculated (Fig. 2c, and Table S14†). A peak related to S 0 / S1 transition was found to be at 1010.74 nm with a 3PA cross-section of 5.6 × 10−78 cm6 s2 photon−1. The cross-section values related to transitions between S0 and higher excited states using the laser wavelength of 819 –778 nm ( i.e.,S 0 / S3,S 0 / S4 and S 0 / S5) are in the range of 1 –42 × 10−78 cm6 s2 photon−1. Therefore, theoretical calculation...",not_applicable,reported_direct,auto_retained_context_candidate,machine_medium,manual_review,context_missing_resin,CAND-0000070
SUP-AUTO-000071,ZPC-000049,,10.1039/d4sc03527e,Two- and three-photon processes during photopolymerization in 3D laser printing,sigma_2pa,119.0,GM,119.0,GM,,"ms of symmetry of the state and the electric dipole transitions. Therefore, not all molecules are both 1PA and 2PA active, however, the calculated 2PA spectrum of DETC (Fig. 2b) reveals its 2PA activity. The 2PA spectrum of DETC in ACN shows maximum absorption at 12698 | Chem. Sci.,2 0 2 4 ,15, 12695–12709 © 2024 The Author(s). Published by the Royal Society of Chemistry Chemical Science Edge Article Open Access Article. Published on 15 July 2024. Downloaded on 6/25/2026 11:42:48 AM. This article is licensed under a Creative Commons Attribution 3.0 Unported Licence. View Article Online --- Page 6 --- 720.84 nm with the highest calculated cross-section at this wavelength of 119.0 GM (Fig. 2b, and Table S13 †). The spectrum possesses a blue-shi  in comparison to experiments 16,66 which is a repercussion of the blue-shi  in the 1PA spectrum (Fig. 2a), where the calculated and measured absorption maximum are located at 359.30 nm and 421.00 nm, respectively (see Table S1 and Fig. S3 †). The calculated 2PA cross-section is higher than the recently reported 2PA cross-sections of DETC in dichloro- methane (82 GM) 16 and dimethyl sulfoxide (40 GM) 66 at 780 nm and 800 nm, respectively. The calculated 2PA using the implicit representation of these solvents is reported in Fig. S8. † Considering sp","e Open Access Article. Published on 15 July 2024. Downloaded on 6/25/2026 11:42:48 AM. This article is licensed under a Creative Commons Attribution 3.0 Unported Licence. View Article Online --- Page 6 --- 720.84 nm with the highest calculated cross-section at this wavelength of 119.0 GM (Fig. 2b, and Table S13 †). The spectrum possesses a blue-shi  in comparison to experiments 16,66 which is a repercussion of the blue-shi  in the 1PA spectrum (Fig. 2a), where the calculated and measured absorption maximum are located at",wavelength_nm=780,reported_direct,auto_provisional_accept,machine_high,auto_accept,"sigma2 candidate has value, unit, and wavelength anchor; A/B quality still needs audit",CAND-0000071
SUP-AUTO-000072,ZPC-000049,,10.1039/d4sc03527e,Two- and three-photon processes during photopolymerization in 3D laser printing,sigma_2pa,82,GM,82,GM,,"ms of symmetry of the state and the electric dipole transitions. Therefore, not all molecules are both 1PA and 2PA active, however, the calculated 2PA spectrum of DETC (Fig. 2b) reveals its 2PA activity. The 2PA spectrum of DETC in ACN shows maximum absorption at 12698 | Chem. Sci.,2 0 2 4 ,15, 12695–12709 © 2024 The Author(s). Published by the Royal Society of Chemistry Chemical Science Edge Article Open Access Article. Published on 15 July 2024. Downloaded on 6/25/2026 11:42:48 AM. This article is licensed under a Creative Commons Attribution 3.0 Unported Licence. View Article Online --- Page 6 --- 720.84 nm with the highest calculated cross-section at this wavelength of 119.0 GM (Fig. 2b, and Table S13 †). The spectrum possesses a blue-shi  in comparison to experiments 16,66 which is a repercussion of the blue-shi  in the 1PA spectrum (Fig. 2a), where the calculated and measured absorption maximum are located at 359.30 nm and 421.00 nm, respectively (see Table S1 and Fig. S3 †). The calculated 2PA cross-section is higher than the recently reported 2PA cross-sections of DETC in dichloro- methane (82 GM) 16 and dimethyl sulfoxide (40 GM) 66 at 780 nm and 800 nm, respectively. The calculated 2PA using the implicit representation of these solvents is reported in Fig. S8. † Considering sp","n the 1PA spectrum (Fig. 2a), where the calculated and measured absorption maximum are located at 359.30 nm and 421.00 nm, respectively (see Table S1 and Fig. S3 †). The calculated 2PA cross-section is higher than the recently reported 2PA cross-sections of DETC in dichloro- methane (82 GM) 16 and dimethyl sulfoxide (40 GM) 66 at 780 nm and 800 nm, respectively. The calculated 2PA using the implicit representation of these solvents is reported in Fig. S8. † Considering sp",wavelength_nm=780,reported_direct,auto_provisional_accept,machine_high,auto_accept,"sigma2 candidate has value, unit, and wavelength anchor; A/B quality still needs audit",CAND-0000072
SUP-AUTO-000073,ZPC-000049,,10.1039/d4sc03527e,Two- and three-photon processes during photopolymerization in 3D laser printing,sigma_2pa,40,GM,40,GM,,"ms of symmetry of the state and the electric dipole transitions. Therefore, not all molecules are both 1PA and 2PA active, however, the calculated 2PA spectrum of DETC (Fig. 2b) reveals its 2PA activity. The 2PA spectrum of DETC in ACN shows maximum absorption at 12698 | Chem. Sci.,2 0 2 4 ,15, 12695–12709 © 2024 The Author(s). Published by the Royal Society of Chemistry Chemical Science Edge Article Open Access Article. Published on 15 July 2024. Downloaded on 6/25/2026 11:42:48 AM. This article is licensed under a Creative Commons Attribution 3.0 Unported Licence. View Article Online --- Page 6 --- 720.84 nm with the highest calculated cross-section at this wavelength of 119.0 GM (Fig. 2b, and Table S13 †). The spectrum possesses a blue-shi  in comparison to experiments 16,66 which is a repercussion of the blue-shi  in the 1PA spectrum (Fig. 2a), where the calculated and measured absorption maximum are located at 359.30 nm and 421.00 nm, respectively (see Table S1 and Fig. S3 †). The calculated 2PA cross-section is higher than the recently reported 2PA cross-sections of DETC in dichloro- methane (82 GM) 16 and dimethyl sulfoxide (40 GM) 66 at 780 nm and 800 nm, respectively. The calculated 2PA using the implicit representation of these solvents is reported in Fig. S8. † Considering sp","measured absorption maximum are located at 359.30 nm and 421.00 nm, respectively (see Table S1 and Fig. S3 †). The calculated 2PA cross-section is higher than the recently reported 2PA cross-sections of DETC in dichloro- methane (82 GM) 16 and dimethyl sulfoxide (40 GM) 66 at 780 nm and 800 nm, respectively. The calculated 2PA using the implicit representation of these solvents is reported in Fig. S8. † Considering sp",wavelength_nm=780,reported_direct,auto_provisional_accept,machine_high,auto_accept,"sigma2 candidate has value, unit, and wavelength anchor; A/B quality still needs audit",CAND-0000073
SUP-AUTO-000074,ZPC-000049,,10.1039/d4sc03527e,Two- and three-photon processes during photopolymerization in 3D laser printing,experimental_context,wavelength_nm=780;power_measurement_plane=not_reported,context,,,,"ms of symmetry of the state and the electric dipole transitions. Therefore, not all molecules are both 1PA and 2PA active, however, the calculated 2PA spectrum of DETC (Fig. 2b) reveals its 2PA activity. The 2PA spectrum of DETC in ACN shows maximum absorption at 12698 | Chem. Sci.,2 0 2 4 ,15, 12695–12709 © 2024 The Author(s). Published by the Royal Society of Chemistry Chemical Science Edge Article Open Access Article. Published on 15 July 2024. Downloaded on 6/25/2026 11:42:48 AM. This article is licensed under a Creative Commons Attribution 3.0 Unported Licence. View Article Online --- Page 6 --- 720.84 nm with the highest calculated cross-section at this wavelength of 119.0 GM (Fig. 2b, and Table S13 †). The spectrum possesses a blue-shi  in comparison to experiments 16,66 which is a repercussion of the blue-shi  in the 1PA spectrum (Fig. 2a), where the calculated and measured absorption maximum are located at 359.30 nm and 421.00 nm, respectively (see Table S1 and Fig. S3 †). The calculated 2PA cross-section is higher than the recently reported 2PA cross-sections of DETC in dichloro- methane (82 GM) 16 and dimethyl sulfoxide (40 GM) 66 at 780 nm and 800 nm, respectively. The calculated 2PA using the implicit representation of these solvents is reported in Fig. S8. † Considering sp","ms of symmetry of the state and the electric dipole transitions. Therefore, not all molecules are both 1PA and 2PA active, however, the calculated 2PA spectrum of DETC (Fig. 2b) reveals its 2PA activity. The 2PA spectrum of DETC in ACN shows maximum absorption at 12698 | Chem. Sci.,2 0 2 4 ,15, 12695–12709 © 2024 The Author(s). Published by the Royal Society of Chemistry Chemical Science Edge Article Open Access Article. Published on 15 July 2024. Downloaded on 6/25/2026 11:42:48 AM. This article is licensed under a Creative Commons Attribution 3.0 Unported Licence. View Article Online --- Page 6 --- 720.84 nm with the highest calculated cross-section at this wavelength of 119.0 GM (Fig. 2b, and Table S13 †). The spectrum possesses a blue-shi  in comparison to experiments 16,66 which is a repercussion of the blue-shi  in the 1PA spectrum (Fig. 2a), where the calculated and measured...",not_applicable,reported_direct,auto_retained_context_candidate,machine_medium,manual_review,context_missing_resin,CAND-0000074
SUP-AUTO-000075,ZPC-000049,,10.1039/d4sc03527e,Two- and three-photon processes during photopolymerization in 3D laser printing,sigma_2pa,119.0,GM,119.0,GM,,"censed under a Creative Commons Attribution 3.0 Unported Licence. View Article Online --- Page 6 --- 720.84 nm with the highest calculated cross-section at this wavelength of 119.0 GM (Fig. 2b, and Table S13 †). The spectrum possesses a blue-shi  in comparison to experiments 16,66 which is a repercussion of the blue-shi  in the 1PA spectrum (Fig. 2a), where the calculated and measured absorption maximum are located at 359.30 nm and 421.00 nm, respectively (see Table S1 and Fig. S3 †). The calculated 2PA cross-section is higher than the recently reported 2PA cross-sections of DETC in dichloro- methane (82 GM) 16 and dimethyl sulfoxide (40 GM) 66 at 780 nm and 800 nm, respectively. The calculated 2PA using the implicit representation of these solvents is reported in Fig. S8. † Considering spectral shi s in the 1PA spectra, they still demonstrate good correlations. 2–5,30,31 Here, we note that the direct comparison of 2PA cross-sections between experiment and theory is challenging due to the high sensitivity of cross- section values to the variety of experimental parameters and referencing methods, as well as the selection of parameters for the calculation of theoretical spectra 51 and consideration of environmental, i.e., solvent, e ﬀects. Moreover, experimentally reported 2PA c","censed under a Creative Commons Attribution 3.0 Unported Licence. View Article Online --- Page 6 --- 720.84 nm with the highest calculated cross-section at this wavelength of 119.0 GM (Fig. 2b, and Table S13 †). The spectrum possesses a blue-shi  in comparison to experiments 16,66 which is a repercussion of the blue-shi  in the 1PA spectrum (Fig. 2a), where the calculated and measured absorption maximum are located at",wavelength_nm=780,reported_direct,auto_provisional_accept,machine_high,auto_accept,"sigma2 candidate has value, unit, and wavelength anchor; A/B quality still needs audit",CAND-0000075
SUP-AUTO-000076,ZPC-000049,,10.1039/d4sc03527e,Two- and three-photon processes during photopolymerization in 3D laser printing,sigma_2pa,82,GM,82,GM,,"censed under a Creative Commons Attribution 3.0 Unported Licence. View Article Online --- Page 6 --- 720.84 nm with the highest calculated cross-section at this wavelength of 119.0 GM (Fig. 2b, and Table S13 †). The spectrum possesses a blue-shi  in comparison to experiments 16,66 which is a repercussion of the blue-shi  in the 1PA spectrum (Fig. 2a), where the calculated and measured absorption maximum are located at 359.30 nm and 421.00 nm, respectively (see Table S1 and Fig. S3 †). The calculated 2PA cross-section is higher than the recently reported 2PA cross-sections of DETC in dichloro- methane (82 GM) 16 and dimethyl sulfoxide (40 GM) 66 at 780 nm and 800 nm, respectively. The calculated 2PA using the implicit representation of these solvents is reported in Fig. S8. † Considering spectral shi s in the 1PA spectra, they still demonstrate good correlations. 2–5,30,31 Here, we note that the direct comparison of 2PA cross-sections between experiment and theory is challenging due to the high sensitivity of cross- section values to the variety of experimental parameters and referencing methods, as well as the selection of parameters for the calculation of theoretical spectra 51 and consideration of environmental, i.e., solvent, e ﬀects. Moreover, experimentally reported 2PA c","n the 1PA spectrum (Fig. 2a), where the calculated and measured absorption maximum are located at 359.30 nm and 421.00 nm, respectively (see Table S1 and Fig. S3 †). The calculated 2PA cross-section is higher than the recently reported 2PA cross-sections of DETC in dichloro- methane (82 GM) 16 and dimethyl sulfoxide (40 GM) 66 at 780 nm and 800 nm, respectively. The calculated 2PA using the implicit representation of these solvents is reported in Fig. S8. † Considering spectral shi s in the 1PA spectra, they still demonstra",wavelength_nm=780,reported_direct,auto_provisional_accept,machine_high,auto_accept,"sigma2 candidate has value, unit, and wavelength anchor; A/B quality still needs audit",CAND-0000076
SUP-AUTO-000077,ZPC-000049,,10.1039/d4sc03527e,Two- and three-photon processes during photopolymerization in 3D laser printing,sigma_2pa,40,GM,40,GM,,"censed under a Creative Commons Attribution 3.0 Unported Licence. View Article Online --- Page 6 --- 720.84 nm with the highest calculated cross-section at this wavelength of 119.0 GM (Fig. 2b, and Table S13 †). The spectrum possesses a blue-shi  in comparison to experiments 16,66 which is a repercussion of the blue-shi  in the 1PA spectrum (Fig. 2a), where the calculated and measured absorption maximum are located at 359.30 nm and 421.00 nm, respectively (see Table S1 and Fig. S3 †). The calculated 2PA cross-section is higher than the recently reported 2PA cross-sections of DETC in dichloro- methane (82 GM) 16 and dimethyl sulfoxide (40 GM) 66 at 780 nm and 800 nm, respectively. The calculated 2PA using the implicit representation of these solvents is reported in Fig. S8. † Considering spectral shi s in the 1PA spectra, they still demonstrate good correlations. 2–5,30,31 Here, we note that the direct comparison of 2PA cross-sections between experiment and theory is challenging due to the high sensitivity of cross- section values to the variety of experimental parameters and referencing methods, as well as the selection of parameters for the calculation of theoretical spectra 51 and consideration of environmental, i.e., solvent, e ﬀects. Moreover, experimentally reported 2PA c","measured absorption maximum are located at 359.30 nm and 421.00 nm, respectively (see Table S1 and Fig. S3 †). The calculated 2PA cross-section is higher than the recently reported 2PA cross-sections of DETC in dichloro- methane (82 GM) 16 and dimethyl sulfoxide (40 GM) 66 at 780 nm and 800 nm, respectively. The calculated 2PA using the implicit representation of these solvents is reported in Fig. S8. † Considering spectral shi s in the 1PA spectra, they still demonstrate good correlations. 2–5,30,31 He",wavelength_nm=780,reported_direct,auto_provisional_accept,machine_high,auto_accept,"sigma2 candidate has value, unit, and wavelength anchor; A/B quality still needs audit",CAND-0000077
SUP-AUTO-000078,ZPC-000049,,10.1039/d4sc03527e,Two- and three-photon processes during photopolymerization in 3D laser printing,experimental_context,wavelength_nm=780;power_measurement_plane=not_reported,context,,,,"censed under a Creative Commons Attribution 3.0 Unported Licence. View Article Online --- Page 6 --- 720.84 nm with the highest calculated cross-section at this wavelength of 119.0 GM (Fig. 2b, and Table S13 †). The spectrum possesses a blue-shi  in comparison to experiments 16,66 which is a repercussion of the blue-shi  in the 1PA spectrum (Fig. 2a), where the calculated and measured absorption maximum are located at 359.30 nm and 421.00 nm, respectively (see Table S1 and Fig. S3 †). The calculated 2PA cross-section is higher than the recently reported 2PA cross-sections of DETC in dichloro- methane (82 GM) 16 and dimethyl sulfoxide (40 GM) 66 at 780 nm and 800 nm, respectively. The calculated 2PA using the implicit representation of these solvents is reported in Fig. S8. † Considering spectral shi s in the 1PA spectra, they still demonstrate good correlations. 2–5,30,31 Here, we note that the direct comparison of 2PA cross-sections between experiment and theory is challenging due to the high sensitivity of cross- section values to the variety of experimental parameters and referencing methods, as well as the selection of parameters for the calculation of theoretical spectra 51 and consideration of environmental, i.e., solvent, e ﬀects. Moreover, experimentally reported 2PA c","censed under a Creative Commons Attribution 3.0 Unported Licence. View Article Online --- Page 6 --- 720.84 nm with the highest calculated cross-section at this wavelength of 119.0 GM (Fig. 2b, and Table S13 †). The spectrum possesses a blue-shi  in comparison to experiments 16,66 which is a repercussion of the blue-shi  in the 1PA spectrum (Fig. 2a), where the calculated and measured absorption maximum are located at 359.30 nm and 421.00 nm, respectively (see Table S1 and Fig. S3 †). The calculated 2PA cross-section is higher than the recently reported 2PA cross-sections of DETC in dichloro- methane (82 GM) 16 and dimethyl sulfoxide (40 GM) 66 at 780 nm and 800 nm, respectively. The calculated 2PA using the implicit representation of these solvents is reported in Fig. S8. † Considering spectral shi s in the 1PA spectra, they still demonstrate good correlations. 2–5,30,31 Here, we...",not_applicable,reported_direct,auto_retained_context_candidate,machine_medium,manual_review,context_missing_resin,CAND-0000078
SUP-AUTO-000079,ZPC-000049,,10.1039/d4sc03527e,Two- and three-photon processes during photopolymerization in 3D laser printing,pi_loading,0.50,wt%,,,,"vity of the radical formed, as well as the e ﬀectiveness of the S 0 / S1 transition, which controls the light absorbance charac- teristics of photoinitiator molecules. As depicted in Fig. 1, it is modulated by the intersystem crossing (ISC) between singlet and triplet states that depends on the spin –orbit coupling (SOC); it competes with internal conversion (IC) and radiative decay either from a singlet or a triplet state. Therefore, su ﬃ - ciently fast ISC and long-living triplet states (in the case of Norrish type II PIs) are also required for the radical generation process. In addition, for two-photon based 3D printing of materials, high 2PA cross sections are important. 28 Among the most sensitive photoresist systems that have successfully been applied in 3D laser nanoprinting, the combination of pentaerythritol triacrylate (PETA) monomer, that is cross-linking upon FRP, with 7-diethylamino-3- thenoylcoumarin (DETC) photoinitiator, 1,4,5,11,29,30 is broadly used. DETC has shown high printing e ﬃ ciency even in formu- lations with 0.25 and 0.50 wt% 2,4,11,17,29 of the initiator. Higher DETC concentrations are di ﬃ cult to achieve due to limited solubility in PETA. 2,11 It should be noted that other PIs, specif- ically Norrish type I, may show similar e ﬃ ciency in 3D laser nanop","ythritol triacrylate (PETA) monomer, that is cross-linking upon FRP, with 7-diethylamino-3- thenoylcoumarin (DETC) photoinitiator, 1,4,5,11,29,30 is broadly used. DETC has shown high printing e ﬃ ciency even in formu- lations with 0.25 and 0.50 wt% 2,4,11,17,29 of the initiator. Higher DETC concentrations are di ﬃ cult to achieve due to limited solubility in PETA. 2,11 It should be noted that other PIs, specif- ically Norrish type I, may show similar e ﬃ ciency in 3D laser nanop",converted_from_wt_percent,converted_from_wt_percent,auto_provisional_accept,machine_high,auto_accept,loading candidate has raw value/unit; normalization basis recorded,CAND-0000079
SUP-AUTO-000080,ZPC-000049,,10.1039/d4sc03527e,Two- and three-photon processes during photopolymerization in 3D laser printing,experimental_context,power_measurement_plane=not_reported;resin_formulation=candidate_in_anchor,context,,,,"vity of the radical formed, as well as the e ﬀectiveness of the S 0 / S1 transition, which controls the light absorbance charac- teristics of photoinitiator molecules. As depicted in Fig. 1, it is modulated by the intersystem crossing (ISC) between singlet and triplet states that depends on the spin –orbit coupling (SOC); it competes with internal conversion (IC) and radiative decay either from a singlet or a triplet state. Therefore, su ﬃ - ciently fast ISC and long-living triplet states (in the case of Norrish type II PIs) are also required for the radical generation process. In addition, for two-photon based 3D printing of materials, high 2PA cross sections are important. 28 Among the most sensitive photoresist systems that have successfully been applied in 3D laser nanoprinting, the combination of pentaerythritol triacrylate (PETA) monomer, that is cross-linking upon FRP, with 7-diethylamino-3- thenoylcoumarin (DETC) photoinitiator, 1,4,5,11,29,30 is broadly used. DETC has shown high printing e ﬃ ciency even in formu- lations with 0.25 and 0.50 wt% 2,4,11,17,29 of the initiator. Higher DETC concentrations are di ﬃ cult to achieve due to limited solubility in PETA. 2,11 It should be noted that other PIs, specif- ically Norrish type I, may show similar e ﬃ ciency in 3D laser nanop","vity of the radical formed, as well as the e ﬀectiveness of the S 0 / S1 transition, which controls the light absorbance charac- teristics of photoinitiator molecules. As depicted in Fig. 1, it is modulated by the intersystem crossing (ISC) between singlet and triplet states that depends on the spin –orbit coupling (SOC); it competes with internal conversion (IC) and radiative decay either from a singlet or a triplet state. Therefore, su ﬃ - ciently fast ISC and long-living triplet states (in the case of Norrish type II PIs) are also required for the radical generation process. In addition, for two-photon based 3D printing of materials, high 2PA cross sections are important. 28 Among the most sensitive photoresist systems that have successfully been applied in 3D laser nanoprinting, the combination of pentaerythritol triacrylate (PETA) monomer, that is cross-linking upon FRP, with 7-d...",not_applicable,reported_direct,auto_retained_context_candidate,machine_medium,manual_review,context_missing_wavelength,CAND-0000080
SUP-AUTO-000081,ZPC-000049,,10.1039/d4sc03527e,Two- and three-photon processes during photopolymerization in 3D laser printing,pi_loading,0.50,wt%,,,,"odulated by the intersystem crossing (ISC) between singlet and triplet states that depends on the spin –orbit coupling (SOC); it competes with internal conversion (IC) and radiative decay either from a singlet or a triplet state. Therefore, su ﬃ - ciently fast ISC and long-living triplet states (in the case of Norrish type II PIs) are also required for the radical generation process. In addition, for two-photon based 3D printing of materials, high 2PA cross sections are important. 28 Among the most sensitive photoresist systems that have successfully been applied in 3D laser nanoprinting, the combination of pentaerythritol triacrylate (PETA) monomer, that is cross-linking upon FRP, with 7-diethylamino-3- thenoylcoumarin (DETC) photoinitiator, 1,4,5,11,29,30 is broadly used. DETC has shown high printing e ﬃ ciency even in formu- lations with 0.25 and 0.50 wt% 2,4,11,17,29 of the initiator. Higher DETC concentrations are di ﬃ cult to achieve due to limited solubility in PETA. 2,11 It should be noted that other PIs, specif- ically Norrish type I, may show similar e ﬃ ciency in 3D laser nanoprinting as DETC, but for much higher concentrations. 2,4,11 Owing to its chemical structure (depicted in Fig. 1e), DETC behaves as Norrish type II PI 23 and, for photoresists with co- initiators, shows","ythritol triacrylate (PETA) monomer, that is cross-linking upon FRP, with 7-diethylamino-3- thenoylcoumarin (DETC) photoinitiator, 1,4,5,11,29,30 is broadly used. DETC has shown high printing e ﬃ ciency even in formu- lations with 0.25 and 0.50 wt% 2,4,11,17,29 of the initiator. Higher DETC concentrations are di ﬃ cult to achieve due to limited solubility in PETA. 2,11 It should be noted that other PIs, specif- ically Norrish type I, may show similar e ﬃ ciency in 3D laser nanoprinti",converted_from_wt_percent,converted_from_wt_percent,auto_provisional_accept,machine_high,auto_accept,loading candidate has raw value/unit; normalization basis recorded,CAND-0000081
SUP-AUTO-000082,ZPC-000049,,10.1039/d4sc03527e,Two- and three-photon processes during photopolymerization in 3D laser printing,experimental_context,power_measurement_plane=not_reported;resin_formulation=candidate_in_anchor,context,,,,"odulated by the intersystem crossing (ISC) between singlet and triplet states that depends on the spin –orbit coupling (SOC); it competes with internal conversion (IC) and radiative decay either from a singlet or a triplet state. Therefore, su ﬃ - ciently fast ISC and long-living triplet states (in the case of Norrish type II PIs) are also required for the radical generation process. In addition, for two-photon based 3D printing of materials, high 2PA cross sections are important. 28 Among the most sensitive photoresist systems that have successfully been applied in 3D laser nanoprinting, the combination of pentaerythritol triacrylate (PETA) monomer, that is cross-linking upon FRP, with 7-diethylamino-3- thenoylcoumarin (DETC) photoinitiator, 1,4,5,11,29,30 is broadly used. DETC has shown high printing e ﬃ ciency even in formu- lations with 0.25 and 0.50 wt% 2,4,11,17,29 of the initiator. Higher DETC concentrations are di ﬃ cult to achieve due to limited solubility in PETA. 2,11 It should be noted that other PIs, specif- ically Norrish type I, may show similar e ﬃ ciency in 3D laser nanoprinting as DETC, but for much higher concentrations. 2,4,11 Owing to its chemical structure (depicted in Fig. 1e), DETC behaves as Norrish type II PI 23 and, for photoresists with co- initiators, shows","odulated by the intersystem crossing (ISC) between singlet and triplet states that depends on the spin –orbit coupling (SOC); it competes with internal conversion (IC) and radiative decay either from a singlet or a triplet state. Therefore, su ﬃ - ciently fast ISC and long-living triplet states (in the case of Norrish type II PIs) are also required for the radical generation process. In addition, for two-photon based 3D printing of materials, high 2PA cross sections are important. 28 Among the most sensitive photoresist systems that have successfully been applied in 3D laser nanoprinting, the combination of pentaerythritol triacrylate (PETA) monomer, that is cross-linking upon FRP, with 7-diethylamino-3- thenoylcoumarin (DETC) photoinitiator, 1,4,5,11,29,30 is broadly used. DETC has shown high printing e ﬃ ciency even in formu- lations with 0.25 and 0.50 wt% 2,4,11,17,29 of the initia...",not_applicable,reported_direct,auto_retained_context_candidate,machine_medium,manual_review,context_missing_wavelength,CAND-0000082
SUP-AUTO-000083,ZPC-000049,,10.1039/d4sc03527e,Two- and three-photon processes during photopolymerization in 3D laser printing,pi_loading,0.50,wt%,,,,"mbination of pentaerythritol triacrylate (PETA) monomer, that is cross-linking upon FRP, with 7-diethylamino-3- thenoylcoumarin (DETC) photoinitiator, 1,4,5,11,29,30 is broadly used. DETC has shown high printing e ﬃ ciency even in formu- lations with 0.25 and 0.50 wt% 2,4,11,17,29 of the initiator. Higher DETC concentrations are di ﬃ cult to achieve due to limited solubility in PETA. 2,11 It should be noted that other PIs, specif- ically Norrish type I, may show similar e ﬃ ciency in 3D laser nanoprinting as DETC, but for much higher concentrations. 2,4,11 Owing to its chemical structure (depicted in Fig. 1e), DETC behaves as Norrish type II PI 23 and, for photoresists with co- initiators, shows N = 2 photon absorption dependence (using femtosecond lasers with around 800 nm). 4 It was also reported Fig. 1 Schematic representation of the radical formation mechanisms in 3D laser nanoprinting. (a) Norrish type I PIs: photoinduced transition from the ground to the singlet excited state followed by intersystem crossing (ISC) to the lowest triplet state and the formation of radicals. (b) Radical formation via bond cleavage in Norrish type I photoinitiators. (c) Radical formation via hydrogen abstraction from a co-initiator in the presence of Norrish type II PIs. (d) Multiphoton activatio","ythritol triacrylate (PETA) monomer, that is cross-linking upon FRP, with 7-diethylamino-3- thenoylcoumarin (DETC) photoinitiator, 1,4,5,11,29,30 is broadly used. DETC has shown high printing e ﬃ ciency even in formu- lations with 0.25 and 0.50 wt% 2,4,11,17,29 of the initiator. Higher DETC concentrations are di ﬃ cult to achieve due to limited solubility in PETA. 2,11 It should be noted that other PIs, specif- ically Norrish type I, may show similar e ﬃ ciency in 3D laser nanoprinti",converted_from_wt_percent,converted_from_wt_percent,auto_provisional_accept,machine_high,auto_accept,loading candidate has raw value/unit; normalization basis recorded,CAND-0000083
SUP-AUTO-000084,ZPC-000049,,10.1039/d4sc03527e,Two- and three-photon processes during photopolymerization in 3D laser printing,experimental_context,wavelength_nm=800;power_measurement_plane=not_reported;resin_formulation=candidate_in_anchor,context,,,,"mbination of pentaerythritol triacrylate (PETA) monomer, that is cross-linking upon FRP, with 7-diethylamino-3- thenoylcoumarin (DETC) photoinitiator, 1,4,5,11,29,30 is broadly used. DETC has shown high printing e ﬃ ciency even in formu- lations with 0.25 and 0.50 wt% 2,4,11,17,29 of the initiator. Higher DETC concentrations are di ﬃ cult to achieve due to limited solubility in PETA. 2,11 It should be noted that other PIs, specif- ically Norrish type I, may show similar e ﬃ ciency in 3D laser nanoprinting as DETC, but for much higher concentrations. 2,4,11 Owing to its chemical structure (depicted in Fig. 1e), DETC behaves as Norrish type II PI 23 and, for photoresists with co- initiators, shows N = 2 photon absorption dependence (using femtosecond lasers with around 800 nm). 4 It was also reported Fig. 1 Schematic representation of the radical formation mechanisms in 3D laser nanoprinting. (a) Norrish type I PIs: photoinduced transition from the ground to the singlet excited state followed by intersystem crossing (ISC) to the lowest triplet state and the formation of radicals. (b) Radical formation via bond cleavage in Norrish type I photoinitiators. (c) Radical formation via hydrogen abstraction from a co-initiator in the presence of Norrish type II PIs. (d) Multiphoton activatio","mbination of pentaerythritol triacrylate (PETA) monomer, that is cross-linking upon FRP, with 7-diethylamino-3- thenoylcoumarin (DETC) photoinitiator, 1,4,5,11,29,30 is broadly used. DETC has shown high printing e ﬃ ciency even in formu- lations with 0.25 and 0.50 wt% 2,4,11,17,29 of the initiator. Higher DETC concentrations are di ﬃ cult to achieve due to limited solubility in PETA. 2,11 It should be noted that other PIs, specif- ically Norrish type I, may show similar e ﬃ ciency in 3D laser nanoprinting as DETC, but for much higher concentrations. 2,4,11 Owing to its chemical structure (depicted in Fig. 1e), DETC behaves as Norrish type II PI 23 and, for photoresists with co- initiators, shows N = 2 photon absorption dependence (using femtosecond lasers with around 800 nm). 4 It was also reported Fig. 1 Schematic representation of the radical formation mechanisms in 3D laser nanopri...",not_applicable,reported_direct,auto_provisional_accept,machine_high,auto_accept,context candidate has wavelength and resin signal; equality across all PIs still needs audit,CAND-0000084
SUP-AUTO-000085,ZPC-000049,,10.1039/d4sc03527e,Two- and three-photon processes during photopolymerization in 3D laser printing,experimental_context,wavelength_nm=800;power_measurement_plane=not_reported;resin_formulation=candidate_in_anchor,context,,,,"transi- tion states involving PETA and DETC in high triplet states, we cannot provide rates of such reactions, however, the radical formation pathway mentioned helps in rationalizing experi- mental observations. It should be noted that the calculated rates and Gibbs free energies represent values in equilibrium conditions without population distribution of excited states, various decay pathways, light intensity etc. They were aimed to reveal molecular bases of the complex processes during TPP with DETC. From all reaction pathways examined, we conclude that DETC may be susceptible to radical generation through the inter-HAT involving the PETA monomer or photolysis, which are both spontaneous even in the absence of a co-initiator. Experimental con rmation of an exact radical species by, e.g., the in-depth analysis of the chemical composition of the 3D laser printed materials is still necessary. Since these processes are more spontaneous with the participation of DETC in higher triplet states, reached upon TA, the third-order dependency and exceptional e ﬃ ciency of this PI in FRP are experimentally observed. In Fig. 7, we summarize pathways of the multiphoton acti- vation of DETC in 3D printing with fs lasers of the wavelength of ∼800 nm, as well as the radical generation mechanisms cons","transi- tion states involving PETA and DETC in high triplet states, we cannot provide rates of such reactions, however, the radical formation pathway mentioned helps in rationalizing experi- mental observations. It should be noted that the calculated rates and Gibbs free energies represent values in equilibrium conditions without population distribution of excited states, various decay pathways, light intensity etc. They were aimed to reveal molecular bases of the complex processes during TPP with DETC. From all reaction pathways examined, we conclude that DETC may be susceptible to radical generation through the inter-HAT involving the PETA monomer or photolysis, which are both spontaneous even in the absence of a co-initiator. Experimental con rmation of an exact radical species by, e.g., the in-depth analysis of the chemical composition of the 3D laser printed materials is still n...",not_applicable,reported_direct,auto_provisional_accept,machine_high,auto_accept,context candidate has wavelength and resin signal; equality across all PIs still needs audit,CAND-0000085
SUP-AUTO-000086,ZPC-000049,,10.1039/d4sc03527e,Two- and three-photon processes during photopolymerization in 3D laser printing,experimental_context,power_measurement_plane=not_reported;threshold_definition=candidate_in_anchor;resin_formulation=candidate_in_anchor,context,,,,"al connement of the exposed region in two-photon polymerization (TPP) enables resolutions that cannot be achieved using traditional one-step one-photon absorption (1PA) processes. 2,4,5 Despite the tremendous progress in recent years, 6 3D laser nanoprinting using TPP still faces di ﬀerent limitations 7–10 in resolution and speed that correlates strongly with the threshold laser power. This, in part, results from the limitations of the available pho- toinitiators (PIs) and resins: Kiefer et al. 11 have reported a strong dependence of the printing sensitivity on the TPP initiation and, therefore, on the photochemical properties of the photo- initiator. Unfortunately, the photoinduced properties of common PIs cannot be deduced straightforwardly from their chemical composition and the electronic structure in the ground state or the lowest triplet state. Moreover, despite signicant progress in 3D laser nanoprinting and the design of new two-photon PIs, 12–16 a deep understanding of the photo- physical and photochemical processes occurring upon multi- photon absorption is still scarce.17,18 Molecular-based structure– activity relationships for the dependencies observed experi- mentally, as well as the virtual design of new PIs towards higher 3D laser nanoprinting sensitivity should be improv","al connement of the exposed region in two-photon polymerization (TPP) enables resolutions that cannot be achieved using traditional one-step one-photon absorption (1PA) processes. 2,4,5 Despite the tremendous progress in recent years, 6 3D laser nanoprinting using TPP still faces di ﬀerent limitations 7–10 in resolution and speed that correlates strongly with the threshold laser power. This, in part, results from the limitations of the available pho- toinitiators (PIs) and resins: Kiefer et al. 11 have reported a strong dependence of the printing sensitivity on the TPP initiation and, therefore, on the photochemical properties of the photo- initiator. Unfortunately, the photoinduced properties of common PIs cannot be deduced straightforwardly from their chemical composition and the electronic structure in the ground state or the lowest triplet state. Moreover, despite signicant prog...",not_applicable,reported_direct,auto_retained_context_candidate,machine_medium,manual_review,context_missing_wavelength,CAND-0000086
SUP-AUTO-000087,ZPC-000049,,10.1039/d4sc03527e,Two- and three-photon processes during photopolymerization in 3D laser printing,pi_loading,97.5,%,,,,"non-Condon simulations based on linear coupling model (LCM) model, 60,61 have not improved the output. Experiments To investigate the polymerization laser threshold of various DETC-containing resists, the previously reported setup 11 was applied. Herein, a mode-locked femtosecond laser oscillator (Mai Tai HP, Spectra-Physics), working at R p = 80 MHz repeti- tion rate and l = 820 nm center wavelength, a microscope lens (Leica HCX PL APO 100x/1.4-0.7 Oil CS) for beam focussing in oil-immersion mode, and an acousto-optic modulator (AA MT80-A1.5-IR) were utilized. The resists were prepared by add- ing 7-diethylamino-3-thenoylcoumarin (DETC; 30 mmol), dibu- tylamine (DBA; 7.5 mmol, 15 mmol, 30 mmol, 60 mmol, and 120 mmol), or diphenyliodonium hexa uorophosphate (DPIHFP, 15.6 mmol, 31.2 mmol, and 62.4 mmol), respectively, to pentaer- ythritol triacrylate (PETA; 2 g) in a vial under constant stirring. DETC was purchased from Exciton. DPIHFP (>97.5% purity) was purchased from TCI. PETA (technical grade) and DBA (99.5% purity) were purchased from Sigma-Aldrich. To measure the laser polymerization threshold for a given exposure time t exp, separated points of the photoresist were illuminated with di ﬀerent laser powers P. The lowest laser power, which still forms a visible polymer dot 29 a",", and 120 mmol), or diphenyliodonium hexa uorophosphate (DPIHFP, 15.6 mmol, 31.2 mmol, and 62.4 mmol), respectively, to pentaer- ythritol triacrylate (PETA; 2 g) in a vial under constant stirring. DETC was purchased from Exciton. DPIHFP (>97.5% purity) was purchased from TCI. PETA (technical grade) and DBA (99.5% purity) were purchased from Sigma-Aldrich. To measure the laser polymerization threshold for a given exposure time t exp, separated points of the photoresist were illumi",not_normalizable,candidate_only,auto_retained_low_context_candidate,machine_medium,manual_review,loading_not_normalizable,CAND-0000087
SUP-AUTO-000088,ZPC-000049,,10.1039/d4sc03527e,Two- and three-photon processes during photopolymerization in 3D laser printing,pi_loading,99.5,%,,,,"non-Condon simulations based on linear coupling model (LCM) model, 60,61 have not improved the output. Experiments To investigate the polymerization laser threshold of various DETC-containing resists, the previously reported setup 11 was applied. Herein, a mode-locked femtosecond laser oscillator (Mai Tai HP, Spectra-Physics), working at R p = 80 MHz repeti- tion rate and l = 820 nm center wavelength, a microscope lens (Leica HCX PL APO 100x/1.4-0.7 Oil CS) for beam focussing in oil-immersion mode, and an acousto-optic modulator (AA MT80-A1.5-IR) were utilized. The resists were prepared by add- ing 7-diethylamino-3-thenoylcoumarin (DETC; 30 mmol), dibu- tylamine (DBA; 7.5 mmol, 15 mmol, 30 mmol, 60 mmol, and 120 mmol), or diphenyliodonium hexa uorophosphate (DPIHFP, 15.6 mmol, 31.2 mmol, and 62.4 mmol), respectively, to pentaer- ythritol triacrylate (PETA; 2 g) in a vial under constant stirring. DETC was purchased from Exciton. DPIHFP (>97.5% purity) was purchased from TCI. PETA (technical grade) and DBA (99.5% purity) were purchased from Sigma-Aldrich. To measure the laser polymerization threshold for a given exposure time t exp, separated points of the photoresist were illuminated with di ﬀerent laser powers P. The lowest laser power, which still forms a visible polymer dot 29 a","mmol, 31.2 mmol, and 62.4 mmol), respectively, to pentaer- ythritol triacrylate (PETA; 2 g) in a vial under constant stirring. DETC was purchased from Exciton. DPIHFP (>97.5% purity) was purchased from TCI. PETA (technical grade) and DBA (99.5% purity) were purchased from Sigma-Aldrich. To measure the laser polymerization threshold for a given exposure time t exp, separated points of the photoresist were illuminated with di ﬀerent laser powers P. The lowest laser power, which sti",not_normalizable,candidate_only,auto_retained_low_context_candidate,machine_medium,manual_review,loading_not_normalizable,CAND-0000088
SUP-AUTO-000089,ZPC-000049,,10.1039/d4sc03527e,Two- and three-photon processes during photopolymerization in 3D laser printing,experimental_context,wavelength_nm=820;repetition_rate_MHz=80;power_measurement_plane=not_reported;threshold_definition=candidate_in_anchor;resin_formulation=candidate_in_anchor,context,,,,"non-Condon simulations based on linear coupling model (LCM) model, 60,61 have not improved the output. Experiments To investigate the polymerization laser threshold of various DETC-containing resists, the previously reported setup 11 was applied. Herein, a mode-locked femtosecond laser oscillator (Mai Tai HP, Spectra-Physics), working at R p = 80 MHz repeti- tion rate and l = 820 nm center wavelength, a microscope lens (Leica HCX PL APO 100x/1.4-0.7 Oil CS) for beam focussing in oil-immersion mode, and an acousto-optic modulator (AA MT80-A1.5-IR) were utilized. The resists were prepared by add- ing 7-diethylamino-3-thenoylcoumarin (DETC; 30 mmol), dibu- tylamine (DBA; 7.5 mmol, 15 mmol, 30 mmol, 60 mmol, and 120 mmol), or diphenyliodonium hexa uorophosphate (DPIHFP, 15.6 mmol, 31.2 mmol, and 62.4 mmol), respectively, to pentaer- ythritol triacrylate (PETA; 2 g) in a vial under constant stirring. DETC was purchased from Exciton. DPIHFP (>97.5% purity) was purchased from TCI. PETA (technical grade) and DBA (99.5% purity) were purchased from Sigma-Aldrich. To measure the laser polymerization threshold for a given exposure time t exp, separated points of the photoresist were illuminated with di ﬀerent laser powers P. The lowest laser power, which still forms a visible polymer dot 29 a","non-Condon simulations based on linear coupling model (LCM) model, 60,61 have not improved the output. Experiments To investigate the polymerization laser threshold of various DETC-containing resists, the previously reported setup 11 was applied. Herein, a mode-locked femtosecond laser oscillator (Mai Tai HP, Spectra-Physics), working at R p = 80 MHz repeti- tion rate and l = 820 nm center wavelength, a microscope lens (Leica HCX PL APO 100x/1.4-0.7 Oil CS) for beam focussing in oil-immersion mode, and an acousto-optic modulator (AA MT80-A1.5-IR) were utilized. The resists were prepared by add- ing 7-diethylamino-3-thenoylcoumarin (DETC; 30 mmol), dibu- tylamine (DBA; 7.5 mmol, 15 mmol, 30 mmol, 60 mmol, and 120 mmol), or diphenyliodonium hexa uorophosphate (DPIHFP, 15.6 mmol, 31.2 mmol, and 62.4 mmol), respectively, to pentaer- ythritol triacrylate (PETA; 2 g) in a vial under consta...",not_applicable,reported_direct,auto_provisional_accept,machine_high,auto_accept,context candidate has wavelength and resin signal; equality across all PIs still needs audit,CAND-0000089
SUP-AUTO-000090,ZPC-000049,,10.1039/d4sc03527e,Two- and three-photon processes during photopolymerization in 3D laser printing,pi_loading,97.5,%,,,,"00x/1.4-0.7 Oil CS) for beam focussing in oil-immersion mode, and an acousto-optic modulator (AA MT80-A1.5-IR) were utilized. The resists were prepared by add- ing 7-diethylamino-3-thenoylcoumarin (DETC; 30 mmol), dibu- tylamine (DBA; 7.5 mmol, 15 mmol, 30 mmol, 60 mmol, and 120 mmol), or diphenyliodonium hexa uorophosphate (DPIHFP, 15.6 mmol, 31.2 mmol, and 62.4 mmol), respectively, to pentaer- ythritol triacrylate (PETA; 2 g) in a vial under constant stirring. DETC was purchased from Exciton. DPIHFP (>97.5% purity) was purchased from TCI. PETA (technical grade) and DBA (99.5% purity) were purchased from Sigma-Aldrich. To measure the laser polymerization threshold for a given exposure time t exp, separated points of the photoresist were illuminated with di ﬀerent laser powers P. The lowest laser power, which still forms a visible polymer dot 29 aer develop- ment with acetone is then de ned as the laser polymerization threshold power Pth. Results and discussion One-photon and multiphoton absorption Quantum mechanical calculations of photochemical processes and photoreactivity of molecules are either computationally very expensive or not accurate enough, i.e. via the use of multi- reference based post-Hartree–Fock methods or DFT formalism, respectively. To calibrate the accuracy of the computational p",", and 120 mmol), or diphenyliodonium hexa uorophosphate (DPIHFP, 15.6 mmol, 31.2 mmol, and 62.4 mmol), respectively, to pentaer- ythritol triacrylate (PETA; 2 g) in a vial under constant stirring. DETC was purchased from Exciton. DPIHFP (>97.5% purity) was purchased from TCI. PETA (technical grade) and DBA (99.5% purity) were purchased from Sigma-Aldrich. To measure the laser polymerization threshold for a given exposure time t exp, separated points of the photoresist were illumi",not_normalizable,candidate_only,auto_retained_low_context_candidate,machine_medium,manual_review,loading_not_normalizable,CAND-0000090
SUP-AUTO-000091,ZPC-000049,,10.1039/d4sc03527e,Two- and three-photon processes during photopolymerization in 3D laser printing,pi_loading,99.5,%,,,,"00x/1.4-0.7 Oil CS) for beam focussing in oil-immersion mode, and an acousto-optic modulator (AA MT80-A1.5-IR) were utilized. The resists were prepared by add- ing 7-diethylamino-3-thenoylcoumarin (DETC; 30 mmol), dibu- tylamine (DBA; 7.5 mmol, 15 mmol, 30 mmol, 60 mmol, and 120 mmol), or diphenyliodonium hexa uorophosphate (DPIHFP, 15.6 mmol, 31.2 mmol, and 62.4 mmol), respectively, to pentaer- ythritol triacrylate (PETA; 2 g) in a vial under constant stirring. DETC was purchased from Exciton. DPIHFP (>97.5% purity) was purchased from TCI. PETA (technical grade) and DBA (99.5% purity) were purchased from Sigma-Aldrich. To measure the laser polymerization threshold for a given exposure time t exp, separated points of the photoresist were illuminated with di ﬀerent laser powers P. The lowest laser power, which still forms a visible polymer dot 29 aer develop- ment with acetone is then de ned as the laser polymerization threshold power Pth. Results and discussion One-photon and multiphoton absorption Quantum mechanical calculations of photochemical processes and photoreactivity of molecules are either computationally very expensive or not accurate enough, i.e. via the use of multi- reference based post-Hartree–Fock methods or DFT formalism, respectively. To calibrate the accuracy of the computational p","mmol, 31.2 mmol, and 62.4 mmol), respectively, to pentaer- ythritol triacrylate (PETA; 2 g) in a vial under constant stirring. DETC was purchased from Exciton. DPIHFP (>97.5% purity) was purchased from TCI. PETA (technical grade) and DBA (99.5% purity) were purchased from Sigma-Aldrich. To measure the laser polymerization threshold for a given exposure time t exp, separated points of the photoresist were illuminated with di ﬀerent laser powers P. The lowest laser power, which sti",not_normalizable,candidate_only,auto_retained_low_context_candidate,machine_medium,manual_review,loading_not_normalizable,CAND-0000091
SUP-AUTO-000092,ZPC-000049,,10.1039/d4sc03527e,Two- and three-photon processes during photopolymerization in 3D laser printing,experimental_context,power_measurement_plane=not_reported;development_protocol=reported;threshold_definition=candidate_in_anchor;resin_formulation=candidate_in_anchor,context,,,,"00x/1.4-0.7 Oil CS) for beam focussing in oil-immersion mode, and an acousto-optic modulator (AA MT80-A1.5-IR) were utilized. The resists were prepared by add- ing 7-diethylamino-3-thenoylcoumarin (DETC; 30 mmol), dibu- tylamine (DBA; 7.5 mmol, 15 mmol, 30 mmol, 60 mmol, and 120 mmol), or diphenyliodonium hexa uorophosphate (DPIHFP, 15.6 mmol, 31.2 mmol, and 62.4 mmol), respectively, to pentaer- ythritol triacrylate (PETA; 2 g) in a vial under constant stirring. DETC was purchased from Exciton. DPIHFP (>97.5% purity) was purchased from TCI. PETA (technical grade) and DBA (99.5% purity) were purchased from Sigma-Aldrich. To measure the laser polymerization threshold for a given exposure time t exp, separated points of the photoresist were illuminated with di ﬀerent laser powers P. The lowest laser power, which still forms a visible polymer dot 29 aer develop- ment with acetone is then de ned as the laser polymerization threshold power Pth. Results and discussion One-photon and multiphoton absorption Quantum mechanical calculations of photochemical processes and photoreactivity of molecules are either computationally very expensive or not accurate enough, i.e. via the use of multi- reference based post-Hartree–Fock methods or DFT formalism, respectively. To calibrate the accuracy of the computational p","00x/1.4-0.7 Oil CS) for beam focussing in oil-immersion mode, and an acousto-optic modulator (AA MT80-A1.5-IR) were utilized. The resists were prepared by add- ing 7-diethylamino-3-thenoylcoumarin (DETC; 30 mmol), dibu- tylamine (DBA; 7.5 mmol, 15 mmol, 30 mmol, 60 mmol, and 120 mmol), or diphenyliodonium hexa uorophosphate (DPIHFP, 15.6 mmol, 31.2 mmol, and 62.4 mmol), respectively, to pentaer- ythritol triacrylate (PETA; 2 g) in a vial under constant stirring. DETC was purchased from Exciton. DPIHFP (>97.5% purity) was purchased from TCI. PETA (technical grade) and DBA (99.5% purity) were purchased from Sigma-Aldrich. To measure the laser polymerization threshold for a given exposure time t exp, separated points of the photoresist were illuminated with di ﬀerent laser powers P. The lowest laser power, which still forms a visible polymer dot 29 aer develop- ment with acetone is the...",not_applicable,reported_direct,auto_retained_context_candidate,machine_medium,manual_review,context_missing_wavelength,CAND-0000092
SUP-AUTO-000093,ZPC-000049,,10.1039/d4sc03527e,Two- and three-photon processes during photopolymerization in 3D laser printing,experimental_context,pulse_width_fs=50;power_measurement_plane=not_reported;threshold_definition=candidate_in_anchor,context,,,,"× 10−78 cm6 s2 photon−1. Therefore, theoretical calculations indicate that DETC might be prone to instanta- neously absorb three photons, leading to very high singlet excited states. Since such highly excited states tend to relax rapidly via conical intersections (typical vibrational frequencies of modes coupled to the electronic transition have been calcu- lated to be on the order 20 THz, i.e., 50 fs), 69 which are unstable, they will decay to the lowest singlet excited state. Since the S 1 state is typically reached via 2PA using femtosecond lasers, no additional photons ( i.e., more than 2) would be detected in the nonlinearity ts of the threshold laser power versus exposure time in the TPP (discussed further). Due to the same reason, 3PA processes may not be observed at all using uorescence as the detection system, since two- and three-photon induced uorescence quantum yields can signi cantly vary due to channel branching in the excited state manifold (singlet and/or triplet in nature) of dye molecules. It has been shown for uo- rene derivatives that shiing the excitation wavelength from the UV to the near-infrared region signi cantly increases the contribution of three-order processes compared to rst and second order. 70 3PA processes were not considered in the ts to the z-s","× 10−78 cm6 s2 photon−1. Therefore, theoretical calculations indicate that DETC might be prone to instanta- neously absorb three photons, leading to very high singlet excited states. Since such highly excited states tend to relax rapidly via conical intersections (typical vibrational frequencies of modes coupled to the electronic transition have been calcu- lated to be on the order 20 THz, i.e., 50 fs), 69 which are unstable, they will decay to the lowest singlet excited state. Since the S 1 state is typically reached via 2PA using femtosecond lasers, no additional photons ( i.e., more than 2) would be detected in the nonlinearity ts of the threshold laser power versus exposure time in the TPP (discussed further). Due to the same reason, 3PA processes may not be observed at all using uorescence as the detection system, since two- and three-photon induced uorescence quantum yields c...",not_applicable,reported_direct,auto_retained_context_candidate,machine_medium,manual_review,context_missing_wavelength,CAND-0000093
SUP-AUTO-000094,ZPC-000049,,10.1039/d4sc03527e,Two- and three-photon processes during photopolymerization in 3D laser printing,experimental_context,wavelength_nm=850;power_measurement_plane=not_reported;threshold_definition=candidate_in_anchor;resin_formulation=candidate_in_anchor,context,,,,"wo- and three order processes. 71 To the best of our knowledge, no such analysis has been performed on DETC, likely due to experimental challenges such as contributions from self-phase modulation, impulsive stimu- lated Raman scattering, wavelength-dependence of higher- order processes etc. Multiphoton 3D laser nanoprinting using DETC To analyze the various aspects of DETC performance in 3D laser nanoprinting, we investigate di ﬀerent photoresist composi- tions, i.e., with pure DETC as the photoinitiator and a er the addition of the co-initiators: DBA or DPIHFP. Both co-initiators were considered since they were demonstrated to decrease the threshold laser power for rapid 3D laser nanoprinting. 11 Here, DBA was found to be more eﬃ cient than triethylamine, which is a more typical amine-based co-initiator than DBA. Moreover, no Fig. 2 Theoretically calculated spectra of DETC using TD-CAM-B3LYP/def2-TZVP: (a) one-photon absorption spectrum and (b) two-photon absorption spectrum in acetonitrile (PCM implicit solvent model) (c) three-photon absorption spectrum in the gas phase with the insertion of the zoomed spectrum in the region 700–850 nm. All spectra were obtained starting from the optimized ground state geometry of DETC using CAM- B3LYP-D3(BJ)/def2-TZVP level of theory. Spectra were pl","wo- and three order processes. 71 To the best of our knowledge, no such analysis has been performed on DETC, likely due to experimental challenges such as contributions from self-phase modulation, impulsive stimu- lated Raman scattering, wavelength-dependence of higher- order processes etc. Multiphoton 3D laser nanoprinting using DETC To analyze the various aspects of DETC performance in 3D laser nanoprinting, we investigate di ﬀerent photoresist composi- tions, i.e., with pure DETC as the photoinitiator and a er the addition of the co-initiators: DBA or DPIHFP. Both co-initiators were considered since they were demonstrated to decrease the threshold laser power for rapid 3D laser nanoprinting. 11 Here, DBA was found to be more eﬃ cient than triethylamine, which is a more typical amine-based co-initiator than DBA. Moreover, no Fig. 2 Theoretically calculated spectra of DETC using TD-...",not_applicable,reported_direct,auto_provisional_accept,machine_high,auto_accept,context candidate has wavelength and resin signal; equality across all PIs still needs audit,CAND-0000094
SUP-AUTO-000095,ZPC-000049,,10.1039/d4sc03527e,Two- and three-photon processes during photopolymerization in 3D laser printing,experimental_context,power_measurement_plane=not_reported;threshold_definition=candidate_in_anchor;resin_formulation=candidate_in_anchor,context,,,,"l design of e ﬃ cient photoinitiators to increase the speed and sensitivity of 3D laser nanoprinting. Introduction 3D laser nanolithography is intensely investigated 1,2 to enable manufacturing of devices with increasing speed and resolu- tion. 2,3 The strong three-dimensional spatial connement of the exposed region in two-photon polymerization (TPP) enables resolutions that cannot be achieved using traditional one-step one-photon absorption (1PA) processes. 2,4,5 Despite the tremendous progress in recent years, 6 3D laser nanoprinting using TPP still faces di ﬀerent limitations 7–10 in resolution and speed that correlates strongly with the threshold laser power. This, in part, results from the limitations of the available pho- toinitiators (PIs) and resins: Kiefer et al. 11 have reported a strong dependence of the printing sensitivity on the TPP initiation and, therefore, on the photochemical properties of the photo- initiator. Unfortunately, the photoinduced properties of common PIs cannot be deduced straightforwardly from their chemical composition and the electronic structure in the ground state or the lowest triplet state. Moreover, despite signicant progress in 3D laser nanoprinting and the design of new two-photon PIs, 12–16 a deep understanding of the photo- physical and photoch","l design of e ﬃ cient photoinitiators to increase the speed and sensitivity of 3D laser nanoprinting. Introduction 3D laser nanolithography is intensely investigated 1,2 to enable manufacturing of devices with increasing speed and resolu- tion. 2,3 The strong three-dimensional spatial connement of the exposed region in two-photon polymerization (TPP) enables resolutions that cannot be achieved using traditional one-step one-photon absorption (1PA) processes. 2,4,5 Despite the tremendous progress in recent years, 6 3D laser nanoprinting using TPP still faces di ﬀerent limitations 7–10 in resolution and speed that correlates strongly with the threshold laser power. This, in part, results from the limitations of the available pho- toinitiators (PIs) and resins: Kiefer et al. 11 have reported a strong dependence of the printing sensitivity on the TPP initiation and, therefore, on the pho...",not_applicable,reported_direct,auto_retained_context_candidate,machine_medium,manual_review,context_missing_wavelength,CAND-0000095
SUP-AUTO-000096,ZPC-000049,,10.1039/d4sc03527e,Two- and three-photon processes during photopolymerization in 3D laser printing,experimental_context,power_measurement_plane=not_reported;threshold_definition=candidate_in_anchor,context,,,,"is licensed under a Creative Commons Attribution 3.0 Unported Licence. View Article Online --- Page 4 --- to e ﬃ ciently initiate polymerization in 3D laser nanoprinting without any co-initiator. 4,29 In such a case, absorption of three photons of the same energy was required. 29 Similar N = 3 photon absorption dependence of DETC was reported in other 3D printing studies, which suggested the singlet –singlet tran- sition by 2PA and triplet –triplet transition by 1PA ( i.e. triplet absorption, TA) to higher triplets 4,31 (schematically depicted in Fig. 1d). N-photon absorption in both cases was estimated using the “reciprocity law ” of the laser power at the polymerization threshold with exposure time. 29 Presently, there is a lack of understanding of the di ﬀerent N-photon absorption of DETC and the radical formation mechanism with the use of this and similar PIs. This limits the further optimization of initiators for rapid 3D laser nanoprinting. Here, we report quantum mechanical (QM) calculations of DETC in the ground and excited states to fully elucidate the relevant photophysical processes and photochemical reactions of DETC in the presence and absence of co-initiators such as dibutylamine (DBA) and diphenyliodonium hexa- uorophosphate (DPIHFP). On this basis, we reveal the radical","is licensed under a Creative Commons Attribution 3.0 Unported Licence. View Article Online --- Page 4 --- to e ﬃ ciently initiate polymerization in 3D laser nanoprinting without any co-initiator. 4,29 In such a case, absorption of three photons of the same energy was required. 29 Similar N = 3 photon absorption dependence of DETC was reported in other 3D printing studies, which suggested the singlet –singlet tran- sition by 2PA and triplet –triplet transition by 1PA ( i.e. triplet absorption, TA) to higher triplets 4,31 (schematically depicted in Fig. 1d). N-photon absorption in both cases was estimated using the “reciprocity law ” of the laser power at the polymerization threshold with exposure time. 29 Presently, there is a lack of understanding of the di ﬀerent N-photon absorption of DETC and the radical formation mechanism with the use of this and similar PIs. This limits the furt...",not_applicable,reported_direct,auto_retained_context_candidate,machine_medium,manual_review,context_missing_wavelength,CAND-0000096
SUP-AUTO-000097,ZPC-000049,,10.1039/d4sc03527e,Two- and three-photon processes during photopolymerization in 3D laser printing,experimental_context,wavelength_nm=820;repetition_rate_MHz=80;power_measurement_plane=not_reported;threshold_definition=candidate_in_anchor,context,,,,"level of theory, starting from the lowest triplet excited state and higher triplet excited states. Due to signi cant geometry di ﬀerences between T 1 and T 3 states in ACN (see Fig. S11 †), which go beyond the harmonic vibrational potentials within FC approximation, the corresponding spectrum could not be generated. Several diﬀerent models, employed for the computation of the PES, i.e. time-independent and -dependent FC and non-Condon simu- lation including Duschinsky e ﬀect 59 and FC and non-Condon simulations based on linear coupling model (LCM) model, 60,61 have not improved the output. Experiments To investigate the polymerization laser threshold of various DETC-containing resists, the previously reported setup 11 was applied. Herein, a mode-locked femtosecond laser oscillator (Mai Tai HP, Spectra-Physics), working at R p = 80 MHz repeti- tion rate and l = 820 nm center wavelength, a microscope lens (Leica HCX PL APO 100x/1.4-0.7 Oil CS) for beam focussing in oil-immersion mode, and an acousto-optic modulator (AA MT80-A1.5-IR) were utilized. The resists were prepared by add- ing 7-diethylamino-3-thenoylcoumarin (DETC; 30 mmol), dibu- tylamine (DBA; 7.5 mmol, 15 mmol, 30 mmol, 60 mmol, and 120 mmol), or diphenyliodonium hexa uorophosphate (DPIHFP, 15.6 mmol, 31.2 mmol, and 62.4 mmol)","level of theory, starting from the lowest triplet excited state and higher triplet excited states. Due to signi cant geometry di ﬀerences between T 1 and T 3 states in ACN (see Fig. S11 †), which go beyond the harmonic vibrational potentials within FC approximation, the corresponding spectrum could not be generated. Several diﬀerent models, employed for the computation of the PES, i.e. time-independent and -dependent FC and non-Condon simu- lation including Duschinsky e ﬀect 59 and FC and non-Condon simulations based on linear coupling model (LCM) model, 60,61 have not improved the output. Experiments To investigate the polymerization laser threshold of various DETC-containing resists, the previously reported setup 11 was applied. Herein, a mode-locked femtosecond laser oscillator (Mai Tai HP, Spectra-Physics), working at R p = 80 MHz repeti- tion rate and l = 820 nm center wavelengt...",not_applicable,reported_direct,auto_retained_context_candidate,machine_medium,manual_review,context_missing_resin,CAND-0000097
SUP-AUTO-000098,ZPC-000049,,10.1039/d4sc03527e,Two- and three-photon processes during photopolymerization in 3D laser printing,experimental_context,wavelength_nm=820;repetition_rate_MHz=80;power_measurement_plane=not_reported;threshold_definition=candidate_in_anchor;resin_formulation=candidate_in_anchor,context,,,,"ant geometry di ﬀerences between T 1 and T 3 states in ACN (see Fig. S11 †), which go beyond the harmonic vibrational potentials within FC approximation, the corresponding spectrum could not be generated. Several diﬀerent models, employed for the computation of the PES, i.e. time-independent and -dependent FC and non-Condon simu- lation including Duschinsky e ﬀect 59 and FC and non-Condon simulations based on linear coupling model (LCM) model, 60,61 have not improved the output. Experiments To investigate the polymerization laser threshold of various DETC-containing resists, the previously reported setup 11 was applied. Herein, a mode-locked femtosecond laser oscillator (Mai Tai HP, Spectra-Physics), working at R p = 80 MHz repeti- tion rate and l = 820 nm center wavelength, a microscope lens (Leica HCX PL APO 100x/1.4-0.7 Oil CS) for beam focussing in oil-immersion mode, and an acousto-optic modulator (AA MT80-A1.5-IR) were utilized. The resists were prepared by add- ing 7-diethylamino-3-thenoylcoumarin (DETC; 30 mmol), dibu- tylamine (DBA; 7.5 mmol, 15 mmol, 30 mmol, 60 mmol, and 120 mmol), or diphenyliodonium hexa uorophosphate (DPIHFP, 15.6 mmol, 31.2 mmol, and 62.4 mmol), respectively, to pentaer- ythritol triacrylate (PETA; 2 g) in a vial under constant stirring. DETC was purchased f","ant geometry di ﬀerences between T 1 and T 3 states in ACN (see Fig. S11 †), which go beyond the harmonic vibrational potentials within FC approximation, the corresponding spectrum could not be generated. Several diﬀerent models, employed for the computation of the PES, i.e. time-independent and -dependent FC and non-Condon simu- lation including Duschinsky e ﬀect 59 and FC and non-Condon simulations based on linear coupling model (LCM) model, 60,61 have not improved the output. Experiments To investigate the polymerization laser threshold of various DETC-containing resists, the previously reported setup 11 was applied. Herein, a mode-locked femtosecond laser oscillator (Mai Tai HP, Spectra-Physics), working at R p = 80 MHz repeti- tion rate and l = 820 nm center wavelength, a microscope lens (Leica HCX PL APO 100x/1.4-0.7 Oil CS) for beam focussing in oil-immersion mode, and an acous...",not_applicable,reported_direct,auto_provisional_accept,machine_high,auto_accept,context candidate has wavelength and resin signal; equality across all PIs still needs audit,CAND-0000098
SUP-AUTO-000099,ZPC-000049,,10.1039/d4sc03527e,Two- and three-photon processes during photopolymerization in 3D laser printing,experimental_context,wavelength_nm=1050;power_measurement_plane=not_reported,context,,,,"Tuning Excited-State Properties of [2.2] Paracyclophane-Based Antennas to Ensure E ﬃ cient Sensitization of Lanthanide Ions or Singlet Oxygen Generation, Inorg. Chem. , 2021, 60(21), 16194 –16203. 66 Y. Zhang, Y. Su, Y. Zhao, Z. Wang and C. Wang, Two-Photon 3D Printing in Metal –Organic Framework Single Crystals, Small, 2022, 18(18), 2200514. 67 S. De Reguardati, J. Pahapill, A. Mikhailov, Y. Stepanenko and A. Rebane, High-accuracy reference standards for two- photon absorption in the 680 –1050 nm wavelength range, Opt. Express , 2016, 24(8), 9053. 68 N. S. Makarov, M. Drobizhev and A. Rebane, Two-photon absorption standards in the 550-1600 nm excitation wavelength range, Opt. Express , 2008, 16(6), 4029. 69 C. A. Farfan and D. B. Turner, A systematic model study quantifying how conical intersection topography modulates photochemical reactions, Phys. Chem. Chem. Phys., 2020, 22(36), 20265 –20283. 70 I. Cohanoschi, K. D. Bel eld and F. E. Hern ´andez, Three- photon absorption enhancement in symmetrical charge transfer pull –pull  uorene derivatives, Chem. Phys. Lett. , 2005, 406(4–6), 462 –466. 71 M. P. Shortell, E. A. Jaatinen, J. Chang and E. R. Waclawik, Using pulse transit delay in Z-scan to discriminate between excited-state absorption and other nonlinear processes in ZnO na","Tuning Excited-State Properties of [2.2] Paracyclophane-Based Antennas to Ensure E ﬃ cient Sensitization of Lanthanide Ions or Singlet Oxygen Generation, Inorg. Chem. , 2021, 60(21), 16194 –16203. 66 Y. Zhang, Y. Su, Y. Zhao, Z. Wang and C. Wang, Two-Photon 3D Printing in Metal –Organic Framework Single Crystals, Small, 2022, 18(18), 2200514. 67 S. De Reguardati, J. Pahapill, A. Mikhailov, Y. Stepanenko and A. Rebane, High-accuracy reference standards for two- photon absorption in the 680 –1050 nm wavelength range, Opt. Express , 2016, 24(8), 9053. 68 N. S. Makarov, M. Drobizhev and A. Rebane, Two-photon absorption standards in the 550-1600 nm excitation wavelength range, Opt. Express , 2008, 16(6), 4029. 69 C. A. Farfan and D. B. Turner, A systematic model study quantifying how conical intersection topography modulates photochemical reactions, Phys. Chem. Chem. Phys., 2020, 22(36), 2...",not_applicable,reported_direct,auto_retained_context_candidate,machine_medium,manual_review,context_missing_resin,CAND-0000099
SUP-AUTO-000100,ZPC-000049,,10.1039/d4sc03527e,Two- and three-photon processes during photopolymerization in 3D laser printing,pi_loading,0.50,wt%,,,,"iethylamino-3- thenoylcoumarin (DETC) photoinitiator, 1,4,5,11,29,30 is broadly used. DETC has shown high printing e ﬃ ciency even in formu- lations with 0.25 and 0.50 wt% 2,4,11,17,29 of the initiator. Higher DETC concentrations are di ﬃ cult to achieve due to limited solubility in PETA. 2,11 It should be noted that other PIs, specif- ically Norrish type I, may show similar e ﬃ ciency in 3D laser nanoprinting as DETC, but for much higher concentrations. 2,4,11 Owing to its chemical structure (depicted in Fig. 1e), DETC behaves as Norrish type II PI 23 and, for photoresists with co- initiators, shows N = 2 photon absorption dependence (using femtosecond lasers with around 800 nm). 4 It was also reported Fig. 1 Schematic representation of the radical formation mechanisms in 3D laser nanoprinting. (a) Norrish type I PIs: photoinduced transition from the ground to the singlet excited state followed by intersystem crossing (ISC) to the lowest triplet state and the formation of radicals. (b) Radical formation via bond cleavage in Norrish type I photoinitiators. (c) Radical formation via hydrogen abstraction from a co-initiator in the presence of Norrish type II PIs. (d) Multiphoton activation of Norrish type II PIs with the formation of radicals either from T 1 (in most cases based on electron t","iethylamino-3- thenoylcoumarin (DETC) photoinitiator, 1,4,5,11,29,30 is broadly used. DETC has shown high printing e ﬃ ciency even in formu- lations with 0.25 and 0.50 wt% 2,4,11,17,29 of the initiator. Higher DETC concentrations are di ﬃ cult to achieve due to limited solubility in PETA. 2,11 It should be noted that other PIs, specif- ically Norrish type I, may show similar e ﬃ ciency in 3D laser nanoprinti",converted_from_wt_percent,converted_from_wt_percent,auto_provisional_accept,machine_high,auto_accept,loading candidate has raw value/unit; normalization basis recorded,CAND-0000100
SUP-AUTO-000101,ZPC-000049,,10.1039/d4sc03527e,Two- and three-photon processes during photopolymerization in 3D laser printing,experimental_context,wavelength_nm=800;power_measurement_plane=not_reported;resin_formulation=candidate_in_anchor,context,,,,"iethylamino-3- thenoylcoumarin (DETC) photoinitiator, 1,4,5,11,29,30 is broadly used. DETC has shown high printing e ﬃ ciency even in formu- lations with 0.25 and 0.50 wt% 2,4,11,17,29 of the initiator. Higher DETC concentrations are di ﬃ cult to achieve due to limited solubility in PETA. 2,11 It should be noted that other PIs, specif- ically Norrish type I, may show similar e ﬃ ciency in 3D laser nanoprinting as DETC, but for much higher concentrations. 2,4,11 Owing to its chemical structure (depicted in Fig. 1e), DETC behaves as Norrish type II PI 23 and, for photoresists with co- initiators, shows N = 2 photon absorption dependence (using femtosecond lasers with around 800 nm). 4 It was also reported Fig. 1 Schematic representation of the radical formation mechanisms in 3D laser nanoprinting. (a) Norrish type I PIs: photoinduced transition from the ground to the singlet excited state followed by intersystem crossing (ISC) to the lowest triplet state and the formation of radicals. (b) Radical formation via bond cleavage in Norrish type I photoinitiators. (c) Radical formation via hydrogen abstraction from a co-initiator in the presence of Norrish type II PIs. (d) Multiphoton activation of Norrish type II PIs with the formation of radicals either from T 1 (in most cases based on electron t","iethylamino-3- thenoylcoumarin (DETC) photoinitiator, 1,4,5,11,29,30 is broadly used. DETC has shown high printing e ﬃ ciency even in formu- lations with 0.25 and 0.50 wt% 2,4,11,17,29 of the initiator. Higher DETC concentrations are di ﬃ cult to achieve due to limited solubility in PETA. 2,11 It should be noted that other PIs, specif- ically Norrish type I, may show similar e ﬃ ciency in 3D laser nanoprinting as DETC, but for much higher concentrations. 2,4,11 Owing to its chemical structure (depicted in Fig. 1e), DETC behaves as Norrish type II PI 23 and, for photoresists with co- initiators, shows N = 2 photon absorption dependence (using femtosecond lasers with around 800 nm). 4 It was also reported Fig. 1 Schematic representation of the radical formation mechanisms in 3D laser nanoprinting. (a) Norrish type I PIs: photoinduced transition from the ground to the singlet excited sta...",not_applicable,reported_direct,auto_provisional_accept,machine_high,auto_accept,context candidate has wavelength and resin signal; equality across all PIs still needs audit,CAND-0000101
SUP-AUTO-000102,ZPC-000049,,10.1039/d4sc03527e,Two- and three-photon processes during photopolymerization in 3D laser printing,experimental_context,wavelength_nm=778;pulse_width_fs=50;power_measurement_plane=not_reported;threshold_definition=candidate_in_anchor,context,,,,"ith a 3PA cross-section of 5.6 × 10−78 cm6 s2 photon−1. The cross-section values related to transitions between S0 and higher excited states using the laser wavelength of 819 –778 nm ( i.e.,S 0 / S3,S 0 / S4 and S 0 / S5) are in the range of 1 –42 × 10−78 cm6 s2 photon−1. Therefore, theoretical calculations indicate that DETC might be prone to instanta- neously absorb three photons, leading to very high singlet excited states. Since such highly excited states tend to relax rapidly via conical intersections (typical vibrational frequencies of modes coupled to the electronic transition have been calcu- lated to be on the order 20 THz, i.e., 50 fs), 69 which are unstable, they will decay to the lowest singlet excited state. Since the S 1 state is typically reached via 2PA using femtosecond lasers, no additional photons ( i.e., more than 2) would be detected in the nonlinearity ts of the threshold laser power versus exposure time in the TPP (discussed further). Due to the same reason, 3PA processes may not be observed at all using uorescence as the detection system, since two- and three-photon induced uorescence quantum yields can signi cantly vary due to channel branching in the excited state manifold (singlet and/or triplet in nature) of dye molecules. It has been shown for uo-","ith a 3PA cross-section of 5.6 × 10−78 cm6 s2 photon−1. The cross-section values related to transitions between S0 and higher excited states using the laser wavelength of 819 –778 nm ( i.e.,S 0 / S3,S 0 / S4 and S 0 / S5) are in the range of 1 –42 × 10−78 cm6 s2 photon−1. Therefore, theoretical calculations indicate that DETC might be prone to instanta- neously absorb three photons, leading to very high singlet excited states. Since such highly excited states tend to relax rapidly via conical intersections (typical vibrational frequencies of modes coupled to the electronic transition have been calcu- lated to be on the order 20 THz, i.e., 50 fs), 69 which are unstable, they will decay to the lowest singlet excited state. Since the S 1 state is typically reached via 2PA using femtosecond lasers, no additional photons ( i.e., more than 2) would be detected in the nonlinearity ts of the...",not_applicable,reported_direct,auto_retained_context_candidate,machine_medium,manual_review,context_missing_resin,CAND-0000102
SUP-AUTO-000103,ZPC-000049,,10.1039/d4sc03527e,Two- and three-photon processes during photopolymerization in 3D laser printing,experimental_context,wavelength_nm=800;power_measurement_plane=not_reported,context,,,,",31 Fast TA may also be the reason why the HAT reaction with DBA (from T 1 of DETC) is hindered, indicating a high probability of the DETC photoreactivity from higher triplet states. Note that in such states DETC may also decay to the lowest triplet state (calculated IC T4−T1 is 4.50 × 1010 s−1, see Table 1) or return to singlet states via reverse inter- system crossing (RISC). RISC rates of DETC from the T 3–T4 states (e.g. rate of 5.39 × 109 s−1 for T3 / S1, 2.44 × 109 s−1 for T4 / S1), might compete with IC permitting deactivation of DETC, i.e. its depletion, which was also reported to occur using the second inhibition laser source of 800 nm (femtosecond) 4 and 808 nm (continuous). 24 Mechanisms of radical formation To further estimate the radical formation of DETC in high triplet states, initiating FRP, several mechanisms were Fig. 4 Jablonski diagram of DETC. Excited states were optimized in acetonitrile (PCM model) using TD-CAM-B3LYP-D3(BJ)/def2-TZVP level of theory. Adiabatic energy values, including zero-point-energy (ZPE) correction, are reported in eV. Rates of transitions between diﬀerent states, calculated using electronic structure parameters, obtained with TD-DFT approach, are listed in Table 1. Note: besides phosphorescence, nonradiative decay from the lowest triplet",",31 Fast TA may also be the reason why the HAT reaction with DBA (from T 1 of DETC) is hindered, indicating a high probability of the DETC photoreactivity from higher triplet states. Note that in such states DETC may also decay to the lowest triplet state (calculated IC T4−T1 is 4.50 × 1010 s−1, see Table 1) or return to singlet states via reverse inter- system crossing (RISC). RISC rates of DETC from the T 3–T4 states (e.g. rate of 5.39 × 109 s−1 for T3 / S1, 2.44 × 109 s−1 for T4 / S1), might compete with IC permitting deactivation of DETC, i.e. its depletion, which was also reported to occur using the second inhibition laser source of 800 nm (femtosecond) 4 and 808 nm (continuous). 24 Mechanisms of radical formation To further estimate the radical formation of DETC in high triplet states, initiating FRP, several mechanisms were Fig. 4 Jablonski diagram of DETC. Excited states were...",not_applicable,reported_direct,auto_retained_context_candidate,machine_medium,manual_review,context_missing_resin,CAND-0000103
SUP-AUTO-000104,ZPC-000049,,10.1039/d4sc03527e,Two- and three-photon processes during photopolymerization in 3D laser printing,experimental_context,wavelength_nm=800;power_measurement_plane=not_reported;resin_formulation=candidate_in_anchor,context,,,,"helps in rationalizing experi- mental observations. It should be noted that the calculated rates and Gibbs free energies represent values in equilibrium conditions without population distribution of excited states, various decay pathways, light intensity etc. They were aimed to reveal molecular bases of the complex processes during TPP with DETC. From all reaction pathways examined, we conclude that DETC may be susceptible to radical generation through the inter-HAT involving the PETA monomer or photolysis, which are both spontaneous even in the absence of a co-initiator. Experimental con rmation of an exact radical species by, e.g., the in-depth analysis of the chemical composition of the 3D laser printed materials is still necessary. Since these processes are more spontaneous with the participation of DETC in higher triplet states, reached upon TA, the third-order dependency and exceptional e ﬃ ciency of this PI in FRP are experimentally observed. In Fig. 7, we summarize pathways of the multiphoton acti- vation of DETC in 3D printing with fs lasers of the wavelength of ∼800 nm, as well as the radical generation mechanisms considered in this work. Pathways, resulting in possibly the most active radical formation, are marked with the lled green arrows, whereas pathways that are hind","helps in rationalizing experi- mental observations. It should be noted that the calculated rates and Gibbs free energies represent values in equilibrium conditions without population distribution of excited states, various decay pathways, light intensity etc. They were aimed to reveal molecular bases of the complex processes during TPP with DETC. From all reaction pathways examined, we conclude that DETC may be susceptible to radical generation through the inter-HAT involving the PETA monomer or photolysis, which are both spontaneous even in the absence of a co-initiator. Experimental con rmation of an exact radical species by, e.g., the in-depth analysis of the chemical composition of the 3D laser printed materials is still necessary. Since these processes are more spontaneous with the participation of DETC in higher triplet states, reached upon TA, the third-order dependency and ex...",not_applicable,reported_direct,auto_provisional_accept,machine_high,auto_accept,context candidate has wavelength and resin signal; equality across all PIs still needs audit,CAND-0000104
SUP-AUTO-000105,ZPC-000385,,10.1166/jnn.2013.6011,Two-photon induced photopolymerization using photoinitiator with an intramolecular radical quenching moiety for nanolithography,pi_loading,0.02,%,,,,"13, 1343–1346, 2013Two-Photon Induced Photopolymerization Using Photoinitiator with an Intramolecular Radical Quenching Moiety for Nanolithography Wei-Er Lu1/commaori2, Wei-Qiang Chen 1, Mei-Ling Zheng 1, Xian-Zi Dong 1, Zhen-Sheng Zhao1, and Xuan-Ming Duan 1/commaori∗ 1Laboratory of Organic NanoPhotonics and Key Laboratory of Functional Crystals and Laser Technology, Technical Institute of Physics and Chemistry, Chinese Academy of Sciences, No. 29, Zhongguancun East Road, Beijing, 100190, P . R. China 2Graduate University of Chinese Academy of Sciences, Beijing, 100190, P . R. China We have investigated the photoinitiating properties of the photoinitiator 3,6-bis[2-(4-nitrophenyl)- ethynyl]-9-(4-methoxy-benzyl)-carbazole (BNMBC), which has an intramolecular radical quenching group “p-methoxybenzyl, ” in the substrate lines fabrication of two-photon induced photopolymer- ization (TPIP). Another photoinitiator 3,6-bis[2-(4-nitrophenyl)-ethynyl]-9-benzyl-carbazole (BNBC) with similar chemical structure but not radical quenching group was studied for comparison. Their photopolymerization properties were studied with resins in which BNBC and BNMBC were used as photoinitiators with a molar ratio of 0.02%, respectively . The linewidth of polymer lines fabricated by TPIP of the photoresist that conta","ole (BNBC) with similar chemical structure but not radical quenching group was studied for comparison. Their photopolymerization properties were studied with resins in which BNBC and BNMBC were used as photoinitiators with a molar ratio of 0.02%, respectively . The linewidth of polymer lines fabricated by TPIP of the photoresist that conta",not_normalizable,candidate_only,auto_retained_low_context_candidate,machine_medium,manual_review,loading_not_normalizable,CAND-0000105
SUP-AUTO-000106,ZPC-000385,,10.1166/jnn.2013.6011,Two-photon induced photopolymerization using photoinitiator with an intramolecular radical quenching moiety for nanolithography,experimental_context,NA=2;power_measurement_plane=not_reported;resin_formulation=candidate_in_anchor,context,,,,"13, 1343–1346, 2013Two-Photon Induced Photopolymerization Using Photoinitiator with an Intramolecular Radical Quenching Moiety for Nanolithography Wei-Er Lu1/commaori2, Wei-Qiang Chen 1, Mei-Ling Zheng 1, Xian-Zi Dong 1, Zhen-Sheng Zhao1, and Xuan-Ming Duan 1/commaori∗ 1Laboratory of Organic NanoPhotonics and Key Laboratory of Functional Crystals and Laser Technology, Technical Institute of Physics and Chemistry, Chinese Academy of Sciences, No. 29, Zhongguancun East Road, Beijing, 100190, P . R. China 2Graduate University of Chinese Academy of Sciences, Beijing, 100190, P . R. China We have investigated the photoinitiating properties of the photoinitiator 3,6-bis[2-(4-nitrophenyl)- ethynyl]-9-(4-methoxy-benzyl)-carbazole (BNMBC), which has an intramolecular radical quenching group “p-methoxybenzyl, ” in the substrate lines fabrication of two-photon induced photopolymer- ization (TPIP). Another photoinitiator 3,6-bis[2-(4-nitrophenyl)-ethynyl]-9-benzyl-carbazole (BNBC) with similar chemical structure but not radical quenching group was studied for comparison. Their photopolymerization properties were studied with resins in which BNBC and BNMBC were used as photoinitiators with a molar ratio of 0.02%, respectively . The linewidth of polymer lines fabricated by TPIP of the photoresist that conta","13, 1343–1346, 2013Two-Photon Induced Photopolymerization Using Photoinitiator with an Intramolecular Radical Quenching Moiety for Nanolithography Wei-Er Lu1/commaori2, Wei-Qiang Chen 1, Mei-Ling Zheng 1, Xian-Zi Dong 1, Zhen-Sheng Zhao1, and Xuan-Ming Duan 1/commaori∗ 1Laboratory of Organic NanoPhotonics and Key Laboratory of Functional Crystals and Laser Technology, Technical Institute of Physics and Chemistry, Chinese Academy of Sciences, No. 29, Zhongguancun East Road, Beijing, 100190, P . R. China 2Graduate University of Chinese Academy of Sciences, Beijing, 100190, P . R. China We have investigated the photoinitiating properties of the photoinitiator 3,6-bis[2-(4-nitrophenyl)- ethynyl]-9-(4-methoxy-benzyl)-carbazole (BNMBC), which has an intramolecular radical quenching group “p-methoxybenzyl, ” in the substrate lines fabrication of two-photon induced photopolymer- ization (TPIP...",not_applicable,reported_direct,auto_retained_context_candidate,machine_medium,manual_review,context_missing_wavelength,CAND-0000106
SUP-AUTO-000107,ZPC-000385,,10.1166/jnn.2013.6011,Two-photon induced photopolymerization using photoinitiator with an intramolecular radical quenching moiety for nanolithography,pi_loading,0.1,%,,,,"ermore, the molar ratio of photoinitiators BNBC, BNBC/PhOCH 3 (molar ratio 1:1) and BNMBC were increased to 0.1% and the corresponding photoresists R 3, R4 and R5 were prepared to verify the radical quench- ing effect, in which the molar ratio of MMA, PE-3A were 92.35 and 7.55%, respectively. In the TPIP experiment, a mode-locked Ti:Sapphire laser system (Tsunami, Spectra-Physics) with a center wave- length of 780 nm, a pulse width of 100 fs, and a repe- tition rate of 82 MHz was employed as the laser source. The laser beam was tightly focused by a 100 × oil- immersion objective lens with a high numerical aperture (N.A. = 1.45, Olympus). The resin was drop-casted onto a cover glass substrate for 30 minutes before the fabri- cation. The laser beam was tightly focused into the liq- uid photopolymerisable resin on the cover glass. The ﬁnal structures were fabricated by a preprogrammed soft- ware controlled by computer. Then the unpolymerized resins were removed by ethanol. The fabricated structures were observed by a scanning electron microscope (SEM, S-4300, Hitachi, Japan). 3. RESULTS AND DISCUSSION The TPIP properties of BNBC and BNMBC were eval- uated by fabricating lines with deigned photoresists R 1 and R2. The polymerization threshold power ( Pth/rparenorifor pho- toresists were i","ermore, the molar ratio of photoinitiators BNBC, BNBC/PhOCH 3 (molar ratio 1:1) and BNMBC were increased to 0.1% and the corresponding photoresists R 3, R4 and R5 were prepared to verify the radical quench- ing effect, in which the molar ratio of MMA, PE-3A were 92.35 and 7.55%, respectively. In the TPIP experiment, a mode-locked Ti:Sapphire laser sy",not_normalizable,candidate_only,auto_retained_low_context_candidate,machine_medium,manual_review,loading_not_normalizable,CAND-0000107
SUP-AUTO-000108,ZPC-000385,,10.1166/jnn.2013.6011,Two-photon induced photopolymerization using photoinitiator with an intramolecular radical quenching moiety for nanolithography,pi_loading,7.55,%,,,,"ermore, the molar ratio of photoinitiators BNBC, BNBC/PhOCH 3 (molar ratio 1:1) and BNMBC were increased to 0.1% and the corresponding photoresists R 3, R4 and R5 were prepared to verify the radical quench- ing effect, in which the molar ratio of MMA, PE-3A were 92.35 and 7.55%, respectively. In the TPIP experiment, a mode-locked Ti:Sapphire laser system (Tsunami, Spectra-Physics) with a center wave- length of 780 nm, a pulse width of 100 fs, and a repe- tition rate of 82 MHz was employed as the laser source. The laser beam was tightly focused by a 100 × oil- immersion objective lens with a high numerical aperture (N.A. = 1.45, Olympus). The resin was drop-casted onto a cover glass substrate for 30 minutes before the fabri- cation. The laser beam was tightly focused into the liq- uid photopolymerisable resin on the cover glass. The ﬁnal structures were fabricated by a preprogrammed soft- ware controlled by computer. Then the unpolymerized resins were removed by ethanol. The fabricated structures were observed by a scanning electron microscope (SEM, S-4300, Hitachi, Japan). 3. RESULTS AND DISCUSSION The TPIP properties of BNBC and BNMBC were eval- uated by fabricating lines with deigned photoresists R 1 and R2. The polymerization threshold power ( Pth/rparenorifor pho- toresists were i","nitiators BNBC, BNBC/PhOCH 3 (molar ratio 1:1) and BNMBC were increased to 0.1% and the corresponding photoresists R 3, R4 and R5 were prepared to verify the radical quench- ing effect, in which the molar ratio of MMA, PE-3A were 92.35 and 7.55%, respectively. In the TPIP experiment, a mode-locked Ti:Sapphire laser system (Tsunami, Spectra-Physics) with a center wave- length of 780 nm, a pulse width of 100 fs, and a repe- tition rate of 82 MHz was employed as the laser source. The",not_normalizable,candidate_only,auto_retained_low_context_candidate,machine_medium,manual_review,loading_not_normalizable,CAND-0000108
SUP-AUTO-000109,ZPC-000385,,10.1166/jnn.2013.6011,Two-photon induced photopolymerization using photoinitiator with an intramolecular radical quenching moiety for nanolithography,experimental_context,wavelength_nm=780;pulse_width_fs=100;repetition_rate_MHz=82;power_measurement_plane=not_reported;threshold_definition=candidate_in_anchor;resin_formulation=candidate_in_anchor,context,,,,"ermore, the molar ratio of photoinitiators BNBC, BNBC/PhOCH 3 (molar ratio 1:1) and BNMBC were increased to 0.1% and the corresponding photoresists R 3, R4 and R5 were prepared to verify the radical quench- ing effect, in which the molar ratio of MMA, PE-3A were 92.35 and 7.55%, respectively. In the TPIP experiment, a mode-locked Ti:Sapphire laser system (Tsunami, Spectra-Physics) with a center wave- length of 780 nm, a pulse width of 100 fs, and a repe- tition rate of 82 MHz was employed as the laser source. The laser beam was tightly focused by a 100 × oil- immersion objective lens with a high numerical aperture (N.A. = 1.45, Olympus). The resin was drop-casted onto a cover glass substrate for 30 minutes before the fabri- cation. The laser beam was tightly focused into the liq- uid photopolymerisable resin on the cover glass. The ﬁnal structures were fabricated by a preprogrammed soft- ware controlled by computer. Then the unpolymerized resins were removed by ethanol. The fabricated structures were observed by a scanning electron microscope (SEM, S-4300, Hitachi, Japan). 3. RESULTS AND DISCUSSION The TPIP properties of BNBC and BNMBC were eval- uated by fabricating lines with deigned photoresists R 1 and R2. The polymerization threshold power ( Pth/rparenorifor pho- toresists were i","ermore, the molar ratio of photoinitiators BNBC, BNBC/PhOCH 3 (molar ratio 1:1) and BNMBC were increased to 0.1% and the corresponding photoresists R 3, R4 and R5 were prepared to verify the radical quench- ing effect, in which the molar ratio of MMA, PE-3A were 92.35 and 7.55%, respectively. In the TPIP experiment, a mode-locked Ti:Sapphire laser system (Tsunami, Spectra-Physics) with a center wave- length of 780 nm, a pulse width of 100 fs, and a repe- tition rate of 82 MHz was employed as the laser source. The laser beam was tightly focused by a 100 × oil- immersion objective lens with a high numerical aperture (N.A. = 1.45, Olympus). The resin was drop-casted onto a cover glass substrate for 30 minutes before the fabri- cation. The laser beam was tightly focused into the liq- uid photopolymerisable resin on the cover glass. The ﬁnal structures were fabricated by a preprogrammed so...",not_applicable,reported_direct,auto_provisional_accept,machine_high,auto_accept,context candidate has wavelength and resin signal; equality across all PIs still needs audit,CAND-0000109
SUP-AUTO-000110,ZPC-000385,,10.1166/jnn.2013.6011,Two-photon induced photopolymerization using photoinitiator with an intramolecular radical quenching moiety for nanolithography,pi_loading,65,%,,,,"resulted in the decrease of the weakly-polymerized region, thus the resolution of TPIP was improved. Furthermore, when the photoinitiator had quenching moiety, like BNMBC, was introduced into photoresist, high efﬁciencies of rad- icals quenching and chain terminating could be achieved due to the more collision chances between intramolecu- lar quenching group and radicals in a short time than that of BNBC/PhOCH 3 system, which also led to the higher TPIP resolution. As a result, the narrowest linewidth was obtained from the resin with BNMBC as photoinitiator compared to other photoinitiating systems studied here. 4. CONCLUSIONS In summary, a photoinitiator BNMBC with an intramolec- ular radical quenching group “ p-methoxybenzyl” was investigated in TPIP by comparing with a similar photoini- tiator BNBC without radical quenching group. The TPIP fabrication experiments exhibited that the BNMBC pos- sessed high TPIP initiating efﬁciency and effective radical quenching effect. The linewidth of polymer lines fabri- cated by TPIP of the photoresist using BNMBC as the photoinitiator could be decreased to 65% of those using BNBC. Moreover, this intramolecular radical quenching reaction exhibited more effective conﬁning effect of radi- cal diffusion compared to intermolecular radical quencher with the","ents exhibited that the BNMBC pos- sessed high TPIP initiating efﬁciency and effective radical quenching effect. The linewidth of polymer lines fabri- cated by TPIP of the photoresist using BNMBC as the photoinitiator could be decreased to 65% of those using BNBC. Moreover, this intramolecular radical quenching reaction exhibited more effective conﬁning effect of radi- cal diffusion compared to intermolecular radical quencher with the",not_normalizable,candidate_only,auto_retained_low_context_candidate,machine_medium,manual_review,loading_not_normalizable,CAND-0000110
SUP-AUTO-000111,ZPC-000385,,10.1166/jnn.2013.6011,Two-photon induced photopolymerization using photoinitiator with an intramolecular radical quenching moiety for nanolithography,experimental_context,power_measurement_plane=not_reported;resin_formulation=candidate_in_anchor,context,,,,"resulted in the decrease of the weakly-polymerized region, thus the resolution of TPIP was improved. Furthermore, when the photoinitiator had quenching moiety, like BNMBC, was introduced into photoresist, high efﬁciencies of rad- icals quenching and chain terminating could be achieved due to the more collision chances between intramolecu- lar quenching group and radicals in a short time than that of BNBC/PhOCH 3 system, which also led to the higher TPIP resolution. As a result, the narrowest linewidth was obtained from the resin with BNMBC as photoinitiator compared to other photoinitiating systems studied here. 4. CONCLUSIONS In summary, a photoinitiator BNMBC with an intramolec- ular radical quenching group “ p-methoxybenzyl” was investigated in TPIP by comparing with a similar photoini- tiator BNBC without radical quenching group. The TPIP fabrication experiments exhibited that the BNMBC pos- sessed high TPIP initiating efﬁciency and effective radical quenching effect. The linewidth of polymer lines fabri- cated by TPIP of the photoresist using BNMBC as the photoinitiator could be decreased to 65% of those using BNBC. Moreover, this intramolecular radical quenching reaction exhibited more effective conﬁning effect of radi- cal diffusion compared to intermolecular radical quencher with the","resulted in the decrease of the weakly-polymerized region, thus the resolution of TPIP was improved. Furthermore, when the photoinitiator had quenching moiety, like BNMBC, was introduced into photoresist, high efﬁciencies of rad- icals quenching and chain terminating could be achieved due to the more collision chances between intramolecu- lar quenching group and radicals in a short time than that of BNBC/PhOCH 3 system, which also led to the higher TPIP resolution. As a result, the narrowest linewidth was obtained from the resin with BNMBC as photoinitiator compared to other photoinitiating systems studied here. 4. CONCLUSIONS In summary, a photoinitiator BNMBC with an intramolec- ular radical quenching group “ p-methoxybenzyl” was investigated in TPIP by comparing with a similar photoini- tiator BNBC without radical quenching group. The TPIP fabrication experiments exhibited that the...",not_applicable,reported_direct,auto_retained_context_candidate,machine_medium,manual_review,context_missing_wavelength,CAND-0000111
SUP-AUTO-000112,ZPC-000385,,10.1166/jnn.2013.6011,Two-photon induced photopolymerization using photoinitiator with an intramolecular radical quenching moiety for nanolithography,experimental_context,NA=2;power_measurement_plane=not_reported,context,,,,"--- Page 1 --- Delivered by Ingenta to: Nanyang Technological University IP: 46.161.63.210 On: Wed, 15 Jun 2016 23:56:11 Copyright: American Scientific Publishers RESEARCH ARTICLE Copyright © 2013 American Scientiﬁc Publishers All rights reserved Printed in the United States of America Journal of Nanoscience and Nanotechnology V ol. 13, 1343–1346, 2013Two-Photon Induced Photopolymerization Using Photoinitiator with an Intramolecular Radical Quenching Moiety for Nanolithography Wei-Er Lu1/commaori2, Wei-Qiang Chen 1, Mei-Ling Zheng 1, Xian-Zi Dong 1, Zhen-Sheng Zhao1, and Xuan-Ming Duan 1/commaori∗ 1Laboratory of Organic NanoPhotonics and Key Laboratory of Functional Crystals and Laser Technology, Technical Institute of Physics and Chemistry, Chinese Academy of Sciences, No. 29, Zhongguancun East Road, Beijing, 100190, P . R. China 2Graduate University of Chinese Academy of Sciences, Beijing, 100190, P . R. China We have investigated the photoinitiating properties of the photoinitiator 3,6-bis[2-(4-nitrophenyl)- ethynyl]-9-(4-methoxy-benzyl)-carbaz","--- Page 1 --- Delivered by Ingenta to: Nanyang Technological University IP: 46.161.63.210 On: Wed, 15 Jun 2016 23:56:11 Copyright: American Scientific Publishers RESEARCH ARTICLE Copyright © 2013 American Scientiﬁc Publishers All rights reserved Printed in the United States of America Journal of Nanoscience and Nanotechnology V ol. 13, 1343–1346, 2013Two-Photon Induced Photopolymerization Using Photoinitiator with an Intramolecular Radical Quenching Moiety for Nanolithography Wei-Er Lu1/commaori2, Wei-Qiang Chen 1, Mei-Ling Zheng 1, Xian-Zi Dong 1, Zhen-Sheng Zhao1, and Xuan-Ming Duan 1/commaori∗ 1Laboratory of Organic NanoPhotonics and Key Laboratory of Functional Crystals and Laser Technology, Technical Institute of Physics and Chemistry, Chinese Academy of Sciences, No. 29, Zhongguancun East Road, Beijing, 100190, P . R. China 2Graduate University of Chinese Academy of Sciences, B...",not_applicable,reported_direct,auto_retained_context_candidate,machine_medium,manual_review,context_missing_wavelength,CAND-0000112
SUP-AUTO-000113,ZPC-000385,,10.1166/jnn.2013.6011,Two-photon induced photopolymerization using photoinitiator with an intramolecular radical quenching moiety for nanolithography,pi_loading,0.1,%,,,,"e introduced a radical quencher, phenyl methyl ether (PhOCH 3/rparenori, to BNBC and further studied the photopolymerization properties by using BNBC, BNBC/PhOCH 3 and BNMBC as pho- toinitiators with a molar ratio of 0.1%. The results further indicated that BNMBC was effective to conﬁne the radical diffusion in polymerization due to the radical quenching effect of moiety . This intramolecular radical quenching moiety exhibited more effective conﬁning effect of radical diffusion compared to the intermolecular radical quencher PhOCH 3. Furthermore, arbitrary complex three- dimensional (3D) microstructure was achieved using the photoresist with photoinitiator BNMBC. The approach could open up broad prospect for improving the resolution in TPIP . Keywords: T wo-Photon Induced Photopolymerization, Photoinitiator, Radical Quenching Moiety , Nanolithography , Intramolecular Radical Quenching Effect. 1. INTRODUCTION The micro/nanofabrication based on two-photon induced photopolymerization (TPIP) has been extensively studied and established as a powerful and unique tool in the past decade 1/commaori2 due to its particular advantageous for making structures of almost any complexity at the micro/nano scale which was difﬁcult to be achieved using other meth- ods. Recent efforts have been made to improve t","e introduced a radical quencher, phenyl methyl ether (PhOCH 3/rparenori, to BNBC and further studied the photopolymerization properties by using BNBC, BNBC/PhOCH 3 and BNMBC as pho- toinitiators with a molar ratio of 0.1%. The results further indicated that BNMBC was effective to conﬁne the radical diffusion in polymerization due to the radical quenching effect of moiety . This intramolecular radical quenching moiety exhibited more effective conﬁning effect",not_normalizable,candidate_only,auto_retained_low_context_candidate,machine_medium,manual_review,loading_not_normalizable,CAND-0000113
SUP-AUTO-000114,ZPC-000385,,10.1166/jnn.2013.6011,Two-photon induced photopolymerization using photoinitiator with an intramolecular radical quenching moiety for nanolithography,experimental_context,power_measurement_plane=not_reported;resin_formulation=candidate_in_anchor,context,,,,"e introduced a radical quencher, phenyl methyl ether (PhOCH 3/rparenori, to BNBC and further studied the photopolymerization properties by using BNBC, BNBC/PhOCH 3 and BNMBC as pho- toinitiators with a molar ratio of 0.1%. The results further indicated that BNMBC was effective to conﬁne the radical diffusion in polymerization due to the radical quenching effect of moiety . This intramolecular radical quenching moiety exhibited more effective conﬁning effect of radical diffusion compared to the intermolecular radical quencher PhOCH 3. Furthermore, arbitrary complex three- dimensional (3D) microstructure was achieved using the photoresist with photoinitiator BNMBC. The approach could open up broad prospect for improving the resolution in TPIP . Keywords: T wo-Photon Induced Photopolymerization, Photoinitiator, Radical Quenching Moiety , Nanolithography , Intramolecular Radical Quenching Effect. 1. INTRODUCTION The micro/nanofabrication based on two-photon induced photopolymerization (TPIP) has been extensively studied and established as a powerful and unique tool in the past decade 1/commaori2 due to its particular advantageous for making structures of almost any complexity at the micro/nano scale which was difﬁcult to be achieved using other meth- ods. Recent efforts have been made to improve t","e introduced a radical quencher, phenyl methyl ether (PhOCH 3/rparenori, to BNBC and further studied the photopolymerization properties by using BNBC, BNBC/PhOCH 3 and BNMBC as pho- toinitiators with a molar ratio of 0.1%. The results further indicated that BNMBC was effective to conﬁne the radical diffusion in polymerization due to the radical quenching effect of moiety . This intramolecular radical quenching moiety exhibited more effective conﬁning effect of radical diffusion compared to the intermolecular radical quencher PhOCH 3. Furthermore, arbitrary complex three- dimensional (3D) microstructure was achieved using the photoresist with photoinitiator BNMBC. The approach could open up broad prospect for improving the resolution in TPIP . Keywords: T wo-Photon Induced Photopolymerization, Photoinitiator, Radical Quenching Moiety , Nanolithography , Intramolecular Radical Quenching...",not_applicable,reported_direct,auto_retained_context_candidate,machine_medium,manual_review,context_missing_wavelength,CAND-0000114
SUP-AUTO-000115,ZPC-000385,,10.1166/jnn.2013.6011,Two-photon induced photopolymerization using photoinitiator with an intramolecular radical quenching moiety for nanolithography,polymerization_threshold,2.2,mW,2.2,mW,,"e lens with a high numerical aperture (N.A. = 1.45, Olympus). The resin was drop-casted onto a cover glass substrate for 30 minutes before the fabri- cation. The laser beam was tightly focused into the liq- uid photopolymerisable resin on the cover glass. The ﬁnal structures were fabricated by a preprogrammed soft- ware controlled by computer. Then the unpolymerized resins were removed by ethanol. The fabricated structures were observed by a scanning electron microscope (SEM, S-4300, Hitachi, Japan). 3. RESULTS AND DISCUSSION The TPIP properties of BNBC and BNMBC were eval- uated by fabricating lines with deigned photoresists R 1 and R2. The polymerization threshold power ( Pth/rparenorifor pho- toresists were investigated to compare the photosensitivity properties of BNBC and BNMBC. P th was deﬁned as the lowest laser power before the objective lens to achieve polymer line at a scanning speed of 10 /SLmums −1. The laser power used to fabricate lines were shown in the SEM images (Figs. 1(a) and (b)). The P th of R1 and R2 were determined to be 2.5 and 2.2 mW, respectively. It indicated that BNMBC with an extra methoxy group presented a very similar effect on the photoinitiating process in com- parison to BNBC. Fig. 1. SEM images of R1 (a) and R2 (b) after TPIP . The laser powers used to fabricate lines","er power before the objective lens to achieve polymer line at a scanning speed of 10 /SLmums −1. The laser power used to fabricate lines were shown in the SEM images (Figs. 1(a) and (b)). The P th of R1 and R2 were determined to be 2.5 and 2.2 mW, respectively. It indicated that BNMBC with an extra methoxy group presented a very similar effect on the photoinitiating process in com- parison to BNBC. Fig. 1. SEM images of R1 (a) and R2 (b) after TPIP . The laser powers used to fabric",power_mW,reported_direct,auto_provisional_accept,machine_high,auto_accept,threshold candidate passes writing/polymerization local context gate,CAND-0000115
SUP-AUTO-000116,ZPC-000385,,10.1166/jnn.2013.6011,Two-photon induced photopolymerization using photoinitiator with an intramolecular radical quenching moiety for nanolithography,experimental_context,power_measurement_plane=objective_entrance;threshold_definition=candidate_in_anchor;resin_formulation=candidate_in_anchor,context,,,,"e lens with a high numerical aperture (N.A. = 1.45, Olympus). The resin was drop-casted onto a cover glass substrate for 30 minutes before the fabri- cation. The laser beam was tightly focused into the liq- uid photopolymerisable resin on the cover glass. The ﬁnal structures were fabricated by a preprogrammed soft- ware controlled by computer. Then the unpolymerized resins were removed by ethanol. The fabricated structures were observed by a scanning electron microscope (SEM, S-4300, Hitachi, Japan). 3. RESULTS AND DISCUSSION The TPIP properties of BNBC and BNMBC were eval- uated by fabricating lines with deigned photoresists R 1 and R2. The polymerization threshold power ( Pth/rparenorifor pho- toresists were investigated to compare the photosensitivity properties of BNBC and BNMBC. P th was deﬁned as the lowest laser power before the objective lens to achieve polymer line at a scanning speed of 10 /SLmums −1. The laser power used to fabricate lines were shown in the SEM images (Figs. 1(a) and (b)). The P th of R1 and R2 were determined to be 2.5 and 2.2 mW, respectively. It indicated that BNMBC with an extra methoxy group presented a very similar effect on the photoinitiating process in com- parison to BNBC. Fig. 1. SEM images of R1 (a) and R2 (b) after TPIP . The laser powers used to fabricate lines","e lens with a high numerical aperture (N.A. = 1.45, Olympus). The resin was drop-casted onto a cover glass substrate for 30 minutes before the fabri- cation. The laser beam was tightly focused into the liq- uid photopolymerisable resin on the cover glass. The ﬁnal structures were fabricated by a preprogrammed soft- ware controlled by computer. Then the unpolymerized resins were removed by ethanol. The fabricated structures were observed by a scanning electron microscope (SEM, S-4300, Hitachi, Japan). 3. RESULTS AND DISCUSSION The TPIP properties of BNBC and BNMBC were eval- uated by fabricating lines with deigned photoresists R 1 and R2. The polymerization threshold power ( Pth/rparenorifor pho- toresists were investigated to compare the photosensitivity properties of BNBC and BNMBC. P th was deﬁned as the lowest laser power before the objective lens to achieve polymer line at a scann...",not_applicable,reported_direct,auto_retained_context_candidate,machine_medium,manual_review,context_missing_wavelength,CAND-0000116
SUP-AUTO-000117,ZPC-000385,,10.1166/jnn.2013.6011,Two-photon induced photopolymerization using photoinitiator with an intramolecular radical quenching moiety for nanolithography,pi_loading,0.1,%,,,,"obtained from the top and 45 /compBview, respectively. High resolution and the complex 3D structure with massive overhangs such as the crossed columns of the bird’s nest can be observed clearly. J. Nanosci. Nanotechnol. 13, 1343–1346, 2013 1345 --- Page 4 --- Delivered by Ingenta to: Nanyang Technological University IP: 46.161.63.210 On: Wed, 15 Jun 2016 23:56:11 Copyright: American Scientific Publishers RESEARCH ARTICLE TPIP Using Photoinitiator with an Intramolecular Radical Quenching Moiety for Nanolithography Lu et al. Fig. 4. SEM images of a bird’s nest fabricated from photoresist R5 con- taining 0.1% BNMBC as the photoinitiator with a laser power of 8.1 mW at the scanning speed of 66 /SLmums −1 . Based on the experimental results, we have proposed a possible mechanism on conﬁning radical diffusion in TPIP using different photoinitiating systems. The density of two- photon induced radicals was distributed depending on the intensity of the laser focused beam when the photoresist was exposed to the laser. The center of the laser spot was a molecular weight densely-polymerized region that formed following the laser irradiation, which turned into solid state. Closing to the solid state was a weakly-polymerized region with low molecular weight which determined the resolution after developi","yright: American Scientific Publishers RESEARCH ARTICLE TPIP Using Photoinitiator with an Intramolecular Radical Quenching Moiety for Nanolithography Lu et al. Fig. 4. SEM images of a bird’s nest fabricated from photoresist R5 con- taining 0.1% BNMBC as the photoinitiator with a laser power of 8.1 mW at the scanning speed of 66 /SLmums −1 . Based on the experimental results, we have proposed a possible mechanism on conﬁning radical diffusion in TPIP using different photoinitiatin",not_normalizable,candidate_only,auto_retained_low_context_candidate,machine_medium,manual_review,loading_not_normalizable,CAND-0000117
SUP-AUTO-000118,ZPC-000385,,10.1166/jnn.2013.6011,Two-photon induced photopolymerization using photoinitiator with an intramolecular radical quenching moiety for nanolithography,experimental_context,power_measurement_plane=not_reported;development_protocol=reported;resin_formulation=candidate_in_anchor,context,,,,"obtained from the top and 45 /compBview, respectively. High resolution and the complex 3D structure with massive overhangs such as the crossed columns of the bird’s nest can be observed clearly. J. Nanosci. Nanotechnol. 13, 1343–1346, 2013 1345 --- Page 4 --- Delivered by Ingenta to: Nanyang Technological University IP: 46.161.63.210 On: Wed, 15 Jun 2016 23:56:11 Copyright: American Scientific Publishers RESEARCH ARTICLE TPIP Using Photoinitiator with an Intramolecular Radical Quenching Moiety for Nanolithography Lu et al. Fig. 4. SEM images of a bird’s nest fabricated from photoresist R5 con- taining 0.1% BNMBC as the photoinitiator with a laser power of 8.1 mW at the scanning speed of 66 /SLmums −1 . Based on the experimental results, we have proposed a possible mechanism on conﬁning radical diffusion in TPIP using different photoinitiating systems. The density of two- photon induced radicals was distributed depending on the intensity of the laser focused beam when the photoresist was exposed to the laser. The center of the laser spot was a molecular weight densely-polymerized region that formed following the laser irradiation, which turned into solid state. Closing to the solid state was a weakly-polymerized region with low molecular weight which determined the resolution after developi","obtained from the top and 45 /compBview, respectively. High resolution and the complex 3D structure with massive overhangs such as the crossed columns of the bird’s nest can be observed clearly. J. Nanosci. Nanotechnol. 13, 1343–1346, 2013 1345 --- Page 4 --- Delivered by Ingenta to: Nanyang Technological University IP: 46.161.63.210 On: Wed, 15 Jun 2016 23:56:11 Copyright: American Scientific Publishers RESEARCH ARTICLE TPIP Using Photoinitiator with an Intramolecular Radical Quenching Moiety for Nanolithography Lu et al. Fig. 4. SEM images of a bird’s nest fabricated from photoresist R5 con- taining 0.1% BNMBC as the photoinitiator with a laser power of 8.1 mW at the scanning speed of 66 /SLmums −1 . Based on the experimental results, we have proposed a possible mechanism on conﬁning radical diffusion in TPIP using different photoinitiating systems. The density of two- photon induce...",not_applicable,reported_direct,auto_retained_context_candidate,machine_medium,manual_review,context_missing_wavelength,CAND-0000118
SUP-AUTO-000119,ZPC-000385,,10.1166/jnn.2013.6011,Two-photon induced photopolymerization using photoinitiator with an intramolecular radical quenching moiety for nanolithography,experimental_context,wavelength_nm=221;power_measurement_plane=not_reported;resin_formulation=candidate_in_anchor,context,,,,"C with an extra methoxy group presented a very similar effect on the photoinitiating process in com- parison to BNBC. Fig. 1. SEM images of R1 (a) and R2 (b) after TPIP . The laser powers used to fabricate lines are shown on the SEM images. The scanning speed is 10 /SLmums −1 . 1344 J. Nanosci. Nanotechnol. 13, 1343–1346 , 2013 --- Page 3 --- Delivered by Ingenta to: Nanyang Technological University IP: 46.161.63.210 On: Wed, 15 Jun 2016 23:56:11 Copyright: American Scientific Publishers RESEARCH ARTICLE Lu et al. TPIP Using Photoinitiator with an Intramolecular Radical Quenching Moiety for Nanolithography The dependence of linewidth on the laser power for the two photoresists was shown in Figure 2(a). All the linewidth of the substrate lines were obtained as the aver- age linewidth of ﬁve different regions. R 2 had narrower linewidth than R1 at the same laser power. The linewidth of R1 fabricated at 2.5 mW increased from 221 nm to 703 nm at 9.4 mW. When BNMBC was used as photoini- tiator, the linewidth for R 2 decreased to 154 nm at 2.5 mW and 462 nm at 9.4 mW, respectively. In order to give a clear comparison, we calculated the relative linewidth of R 2 to R1, the values are approximate to 0.67 (Fig. 2(b)) and could be decreased to 0.65 of those using BNBC. The results revealed that the","C with an extra methoxy group presented a very similar effect on the photoinitiating process in com- parison to BNBC. Fig. 1. SEM images of R1 (a) and R2 (b) after TPIP . The laser powers used to fabricate lines are shown on the SEM images. The scanning speed is 10 /SLmums −1 . 1344 J. Nanosci. Nanotechnol. 13, 1343–1346 , 2013 --- Page 3 --- Delivered by Ingenta to: Nanyang Technological University IP: 46.161.63.210 On: Wed, 15 Jun 2016 23:56:11 Copyright: American Scientific Publishers RESEARCH ARTICLE Lu et al. TPIP Using Photoinitiator with an Intramolecular Radical Quenching Moiety for Nanolithography The dependence of linewidth on the laser power for the two photoresists was shown in Figure 2(a). All the linewidth of the substrate lines were obtained as the aver- age linewidth of ﬁve different regions. R 2 had narrower linewidth than R1 at the same laser power. The linewidth of...",not_applicable,reported_direct,auto_provisional_accept,machine_high,auto_accept,context candidate has wavelength and resin signal; equality across all PIs still needs audit,CAND-0000119
SUP-AUTO-000120,ZPC-000385,,10.1166/jnn.2013.6011,Two-photon induced photopolymerization using photoinitiator with an intramolecular radical quenching moiety for nanolithography,pi_loading,0.1,%,,,,"rison, we calculated the relative linewidth of R 2 to R1, the values are approximate to 0.67 (Fig. 2(b)) and could be decreased to 0.65 of those using BNBC. The results revealed that the photoresist R 2 containing photoinitiator BNMBC which had a radical quenching group increased the radical termination reaction, thus the linewidth was conﬁned to a smaller range. In order to verify the radical quenching effect of BNMBC from the molecule structure, a radical quencher PhOCH 3 was introduced into BNBC. In addition, we increased the molar ratio of photoinitiator to 0.1% in the resinsR 3,R4 andR5. The polymer lines of R3–R5 were fab- ricated at a laser power of 5.5 mW with the increasing of the laser scanning speed. Their corresponding linewidth as a function of scanning speed was shown in Figure 3(a). The linewidth ofR 5 decreased from 290 to 158 nm with increas- ing the scanning speed from 10 to 560 /SLmums −1, which was much narrower than those of R3 and R4. The linewidth ratio of R5/R3 was almost as a constant 0.73, while it 23456789 1 0 100 200 300 400 500 600 700 800 R1 R2 Linewidth (nm) Laser power (mW) (a) 23456789 1 0 0.55 0.60 0.65 0.70 0.75 0.80 R2 to R1 Relative linewidth Laser power (mW) (b) Fig. 2. (a) The dependence of the linewidth upon laser power for R1 and R2 under same scanni","width was conﬁned to a smaller range. In order to verify the radical quenching effect of BNMBC from the molecule structure, a radical quencher PhOCH 3 was introduced into BNBC. In addition, we increased the molar ratio of photoinitiator to 0.1% in the resinsR 3,R4 andR5. The polymer lines of R3–R5 were fab- ricated at a laser power of 5.5 mW with the increasing of the laser scanning speed. Their corresponding linewidth as a function of scanning speed was shown in Figure 3(a). The",not_normalizable,candidate_only,auto_retained_low_context_candidate,machine_medium,manual_review,loading_not_normalizable,CAND-0000120
SUP-AUTO-000121,ZPC-000385,,10.1166/jnn.2013.6011,Two-photon induced photopolymerization using photoinitiator with an intramolecular radical quenching moiety for nanolithography,experimental_context,wavelength_nm=158;power_measurement_plane=not_reported;resin_formulation=candidate_in_anchor,context,,,,"rison, we calculated the relative linewidth of R 2 to R1, the values are approximate to 0.67 (Fig. 2(b)) and could be decreased to 0.65 of those using BNBC. The results revealed that the photoresist R 2 containing photoinitiator BNMBC which had a radical quenching group increased the radical termination reaction, thus the linewidth was conﬁned to a smaller range. In order to verify the radical quenching effect of BNMBC from the molecule structure, a radical quencher PhOCH 3 was introduced into BNBC. In addition, we increased the molar ratio of photoinitiator to 0.1% in the resinsR 3,R4 andR5. The polymer lines of R3–R5 were fab- ricated at a laser power of 5.5 mW with the increasing of the laser scanning speed. Their corresponding linewidth as a function of scanning speed was shown in Figure 3(a). The linewidth ofR 5 decreased from 290 to 158 nm with increas- ing the scanning speed from 10 to 560 /SLmums −1, which was much narrower than those of R3 and R4. The linewidth ratio of R5/R3 was almost as a constant 0.73, while it 23456789 1 0 100 200 300 400 500 600 700 800 R1 R2 Linewidth (nm) Laser power (mW) (a) 23456789 1 0 0.55 0.60 0.65 0.70 0.75 0.80 R2 to R1 Relative linewidth Laser power (mW) (b) Fig. 2. (a) The dependence of the linewidth upon laser power for R1 and R2 under same scanni","rison, we calculated the relative linewidth of R 2 to R1, the values are approximate to 0.67 (Fig. 2(b)) and could be decreased to 0.65 of those using BNBC. The results revealed that the photoresist R 2 containing photoinitiator BNMBC which had a radical quenching group increased the radical termination reaction, thus the linewidth was conﬁned to a smaller range. In order to verify the radical quenching effect of BNMBC from the molecule structure, a radical quencher PhOCH 3 was introduced into BNBC. In addition, we increased the molar ratio of photoinitiator to 0.1% in the resinsR 3,R4 andR5. The polymer lines of R3–R5 were fab- ricated at a laser power of 5.5 mW with the increasing of the laser scanning speed. Their corresponding linewidth as a function of scanning speed was shown in Figure 3(a). The linewidth ofR 5 decreased from 290 to 158 nm with increas- ing the scanning speed fr...",not_applicable,reported_direct,auto_provisional_accept,machine_high,auto_accept,context candidate has wavelength and resin signal; equality across all PIs still needs audit,CAND-0000121
SUP-AUTO-000122,ZPC-000385,,10.1166/jnn.2013.6011,Two-photon induced photopolymerization using photoinitiator with an intramolecular radical quenching moiety for nanolithography,pi_loading,0.1,%,,,,"f photoinitiator to 0.1% in the resinsR 3,R4 andR5. The polymer lines of R3–R5 were fab- ricated at a laser power of 5.5 mW with the increasing of the laser scanning speed. Their corresponding linewidth as a function of scanning speed was shown in Figure 3(a). The linewidth ofR 5 decreased from 290 to 158 nm with increas- ing the scanning speed from 10 to 560 /SLmums −1, which was much narrower than those of R3 and R4. The linewidth ratio of R5/R3 was almost as a constant 0.73, while it 23456789 1 0 100 200 300 400 500 600 700 800 R1 R2 Linewidth (nm) Laser power (mW) (a) 23456789 1 0 0.55 0.60 0.65 0.70 0.75 0.80 R2 to R1 Relative linewidth Laser power (mW) (b) Fig. 2. (a) The dependence of the linewidth upon laser power for R1 and R2 under same scanning speed of 10 /SLmums −1 . (b) Relative linewidth of R2 /R1 on different laser powers. 0 100 200 300 400 500 600 150 200 250 300 350 400 R 3 R 4 R 5 Linewidth (nm) Scanning speed (µm/s) (a) 0 100 200 300 400 500 600 0.4 0.5 0.6 0.7 0.8 0.9 1.0 1.1 1.2 R4 to R3 R5 to R3 Relative Linewidth Scanning speed (µm/s) (b) Fig. 3. (a) The dependence of the linewidth upon laser scanningning speed for R3 , R4 and R5 , at the same laser power of 5.5 mW. (b) Relative linewidth of R4 /R3 and R5 /R3 at the laser scanning speed. varied from 0.65 to 1 for R","f photoinitiator to 0.1% in the resinsR 3,R4 andR5. The polymer lines of R3–R5 were fab- ricated at a laser power of 5.5 mW with the increasing of the laser scanning speed. Their corresponding linewidth as a function of scanning speed was shown in Figure 3(a). The",not_normalizable,candidate_only,auto_retained_low_context_candidate,machine_medium,manual_review,loading_not_normalizable,CAND-0000122
SUP-AUTO-000123,ZPC-000385,,10.1166/jnn.2013.6011,Two-photon induced photopolymerization using photoinitiator with an intramolecular radical quenching moiety for nanolithography,experimental_context,wavelength_nm=158;power_measurement_plane=not_reported;resin_formulation=candidate_in_anchor,context,,,,"f photoinitiator to 0.1% in the resinsR 3,R4 andR5. The polymer lines of R3–R5 were fab- ricated at a laser power of 5.5 mW with the increasing of the laser scanning speed. Their corresponding linewidth as a function of scanning speed was shown in Figure 3(a). The linewidth ofR 5 decreased from 290 to 158 nm with increas- ing the scanning speed from 10 to 560 /SLmums −1, which was much narrower than those of R3 and R4. The linewidth ratio of R5/R3 was almost as a constant 0.73, while it 23456789 1 0 100 200 300 400 500 600 700 800 R1 R2 Linewidth (nm) Laser power (mW) (a) 23456789 1 0 0.55 0.60 0.65 0.70 0.75 0.80 R2 to R1 Relative linewidth Laser power (mW) (b) Fig. 2. (a) The dependence of the linewidth upon laser power for R1 and R2 under same scanning speed of 10 /SLmums −1 . (b) Relative linewidth of R2 /R1 on different laser powers. 0 100 200 300 400 500 600 150 200 250 300 350 400 R 3 R 4 R 5 Linewidth (nm) Scanning speed (µm/s) (a) 0 100 200 300 400 500 600 0.4 0.5 0.6 0.7 0.8 0.9 1.0 1.1 1.2 R4 to R3 R5 to R3 Relative Linewidth Scanning speed (µm/s) (b) Fig. 3. (a) The dependence of the linewidth upon laser scanningning speed for R3 , R4 and R5 , at the same laser power of 5.5 mW. (b) Relative linewidth of R4 /R3 and R5 /R3 at the laser scanning speed. varied from 0.65 to 1 for R","f photoinitiator to 0.1% in the resinsR 3,R4 andR5. The polymer lines of R3–R5 were fab- ricated at a laser power of 5.5 mW with the increasing of the laser scanning speed. Their corresponding linewidth as a function of scanning speed was shown in Figure 3(a). The linewidth ofR 5 decreased from 290 to 158 nm with increas- ing the scanning speed from 10 to 560 /SLmums −1, which was much narrower than those of R3 and R4. The linewidth ratio of R5/R3 was almost as a constant 0.73, while it 23456789 1 0 100 200 300 400 500 600 700 800 R1 R2 Linewidth (nm) Laser power (mW) (a) 23456789 1 0 0.55 0.60 0.65 0.70 0.75 0.80 R2 to R1 Relative linewidth Laser power (mW) (b) Fig. 2. (a) The dependence of the linewidth upon laser power for R1 and R2 under same scanning speed of 10 /SLmums −1 . (b) Relative linewidth of R2 /R1 on different laser powers. 0 100 200 300 400 500 600 150 200 250 300 350...",not_applicable,reported_direct,auto_provisional_accept,machine_high,auto_accept,context candidate has wavelength and resin signal; equality across all PIs still needs audit,CAND-0000123
SUP-AUTO-000124,ZPC-000385,,10.1166/jnn.2013.6011,Two-photon induced photopolymerization using photoinitiator with an intramolecular radical quenching moiety for nanolithography,pi_loading,0.02,%,,,,"Firstly, we prepared the photoresists R1 (initia- tor BNBC) and R2 (initiator BNMBC) in which MMA, PE-3A and photoinitiator with molar ratio of 92.24, 7.74 and 0.02% to study the photosensitivity of the two pho- toinitiators. Furthermore, the molar ratio of photoinitiators BNBC, BNBC/PhOCH 3 (molar ratio 1:1) and BNMBC were increased to 0.1% and the corresponding photoresists R 3, R4 and R5 were prepared to verify the radical quench- ing effect, in which the molar ratio of MMA, PE-3A were 92.35 and 7.55%, respectively. In the TPIP experiment, a mode-locked Ti:Sapphire laser system (Tsunami, Spectra-Physics) with a center wave- length of 780 nm, a pulse width of 100 fs, and a repe- tition rate of 82 MHz was employed as the laser source. The laser beam was tightly focused by a 100 × oil- immersion objective lens with a high numerical aperture (N.A. = 1.45, Olympus). The resin was drop-casted onto a cover glass substrate for 30 minutes before the fabri- cation. The laser beam was tightly focused into the liq- uid photopolymerisable resin on the cover glass. The ﬁnal structures were fabricated by a preprogrammed soft- ware controlled by computer. Then the unpolymerized resins were removed by ethanol. The fabricated structures were observed by a scanning electron microscope (SEM, S-430","Firstly, we prepared the photoresists R1 (initia- tor BNBC) and R2 (initiator BNMBC) in which MMA, PE-3A and photoinitiator with molar ratio of 92.24, 7.74 and 0.02% to study the photosensitivity of the two pho- toinitiators. Furthermore, the molar ratio of photoinitiators BNBC, BNBC/PhOCH 3 (molar ratio 1:1) and BNMBC were increased to 0.1% and the corresponding photoresists R 3, R4 and R5 were prepar",not_normalizable,candidate_only,auto_retained_low_context_candidate,machine_medium,manual_review,loading_not_normalizable,CAND-0000124
SUP-AUTO-000125,ZPC-000385,,10.1166/jnn.2013.6011,Two-photon induced photopolymerization using photoinitiator with an intramolecular radical quenching moiety for nanolithography,pi_loading,0.1,%,,,,"Firstly, we prepared the photoresists R1 (initia- tor BNBC) and R2 (initiator BNMBC) in which MMA, PE-3A and photoinitiator with molar ratio of 92.24, 7.74 and 0.02% to study the photosensitivity of the two pho- toinitiators. Furthermore, the molar ratio of photoinitiators BNBC, BNBC/PhOCH 3 (molar ratio 1:1) and BNMBC were increased to 0.1% and the corresponding photoresists R 3, R4 and R5 were prepared to verify the radical quench- ing effect, in which the molar ratio of MMA, PE-3A were 92.35 and 7.55%, respectively. In the TPIP experiment, a mode-locked Ti:Sapphire laser system (Tsunami, Spectra-Physics) with a center wave- length of 780 nm, a pulse width of 100 fs, and a repe- tition rate of 82 MHz was employed as the laser source. The laser beam was tightly focused by a 100 × oil- immersion objective lens with a high numerical aperture (N.A. = 1.45, Olympus). The resin was drop-casted onto a cover glass substrate for 30 minutes before the fabri- cation. The laser beam was tightly focused into the liq- uid photopolymerisable resin on the cover glass. The ﬁnal structures were fabricated by a preprogrammed soft- ware controlled by computer. Then the unpolymerized resins were removed by ethanol. The fabricated structures were observed by a scanning electron microscope (SEM, S-430","PE-3A and photoinitiator with molar ratio of 92.24, 7.74 and 0.02% to study the photosensitivity of the two pho- toinitiators. Furthermore, the molar ratio of photoinitiators BNBC, BNBC/PhOCH 3 (molar ratio 1:1) and BNMBC were increased to 0.1% and the corresponding photoresists R 3, R4 and R5 were prepared to verify the radical quench- ing effect, in which the molar ratio of MMA, PE-3A were 92.35 and 7.55%, respectively. In the TPIP experiment, a mode-locked Ti:Sapphire laser sy",not_normalizable,candidate_only,auto_retained_low_context_candidate,machine_medium,manual_review,loading_not_normalizable,CAND-0000125
SUP-AUTO-000126,ZPC-000385,,10.1166/jnn.2013.6011,Two-photon induced photopolymerization using photoinitiator with an intramolecular radical quenching moiety for nanolithography,pi_loading,7.55,%,,,,"Firstly, we prepared the photoresists R1 (initia- tor BNBC) and R2 (initiator BNMBC) in which MMA, PE-3A and photoinitiator with molar ratio of 92.24, 7.74 and 0.02% to study the photosensitivity of the two pho- toinitiators. Furthermore, the molar ratio of photoinitiators BNBC, BNBC/PhOCH 3 (molar ratio 1:1) and BNMBC were increased to 0.1% and the corresponding photoresists R 3, R4 and R5 were prepared to verify the radical quench- ing effect, in which the molar ratio of MMA, PE-3A were 92.35 and 7.55%, respectively. In the TPIP experiment, a mode-locked Ti:Sapphire laser system (Tsunami, Spectra-Physics) with a center wave- length of 780 nm, a pulse width of 100 fs, and a repe- tition rate of 82 MHz was employed as the laser source. The laser beam was tightly focused by a 100 × oil- immersion objective lens with a high numerical aperture (N.A. = 1.45, Olympus). The resin was drop-casted onto a cover glass substrate for 30 minutes before the fabri- cation. The laser beam was tightly focused into the liq- uid photopolymerisable resin on the cover glass. The ﬁnal structures were fabricated by a preprogrammed soft- ware controlled by computer. Then the unpolymerized resins were removed by ethanol. The fabricated structures were observed by a scanning electron microscope (SEM, S-430","nitiators BNBC, BNBC/PhOCH 3 (molar ratio 1:1) and BNMBC were increased to 0.1% and the corresponding photoresists R 3, R4 and R5 were prepared to verify the radical quench- ing effect, in which the molar ratio of MMA, PE-3A were 92.35 and 7.55%, respectively. In the TPIP experiment, a mode-locked Ti:Sapphire laser system (Tsunami, Spectra-Physics) with a center wave- length of 780 nm, a pulse width of 100 fs, and a repe- tition rate of 82 MHz was employed as the laser source. The",not_normalizable,candidate_only,auto_retained_low_context_candidate,machine_medium,manual_review,loading_not_normalizable,CAND-0000126
SUP-AUTO-000127,ZPC-000385,,10.1166/jnn.2013.6011,Two-photon induced photopolymerization using photoinitiator with an intramolecular radical quenching moiety for nanolithography,experimental_context,wavelength_nm=780;pulse_width_fs=100;repetition_rate_MHz=82;power_measurement_plane=not_reported;resin_formulation=candidate_in_anchor,context,,,,"Firstly, we prepared the photoresists R1 (initia- tor BNBC) and R2 (initiator BNMBC) in which MMA, PE-3A and photoinitiator with molar ratio of 92.24, 7.74 and 0.02% to study the photosensitivity of the two pho- toinitiators. Furthermore, the molar ratio of photoinitiators BNBC, BNBC/PhOCH 3 (molar ratio 1:1) and BNMBC were increased to 0.1% and the corresponding photoresists R 3, R4 and R5 were prepared to verify the radical quench- ing effect, in which the molar ratio of MMA, PE-3A were 92.35 and 7.55%, respectively. In the TPIP experiment, a mode-locked Ti:Sapphire laser system (Tsunami, Spectra-Physics) with a center wave- length of 780 nm, a pulse width of 100 fs, and a repe- tition rate of 82 MHz was employed as the laser source. The laser beam was tightly focused by a 100 × oil- immersion objective lens with a high numerical aperture (N.A. = 1.45, Olympus). The resin was drop-casted onto a cover glass substrate for 30 minutes before the fabri- cation. The laser beam was tightly focused into the liq- uid photopolymerisable resin on the cover glass. The ﬁnal structures were fabricated by a preprogrammed soft- ware controlled by computer. Then the unpolymerized resins were removed by ethanol. The fabricated structures were observed by a scanning electron microscope (SEM, S-430","Firstly, we prepared the photoresists R1 (initia- tor BNBC) and R2 (initiator BNMBC) in which MMA, PE-3A and photoinitiator with molar ratio of 92.24, 7.74 and 0.02% to study the photosensitivity of the two pho- toinitiators. Furthermore, the molar ratio of photoinitiators BNBC, BNBC/PhOCH 3 (molar ratio 1:1) and BNMBC were increased to 0.1% and the corresponding photoresists R 3, R4 and R5 were prepared to verify the radical quench- ing effect, in which the molar ratio of MMA, PE-3A were 92.35 and 7.55%, respectively. In the TPIP experiment, a mode-locked Ti:Sapphire laser system (Tsunami, Spectra-Physics) with a center wave- length of 780 nm, a pulse width of 100 fs, and a repe- tition rate of 82 MHz was employed as the laser source. The laser beam was tightly focused by a 100 × oil- immersion objective lens with a high numerical aperture (N.A. = 1.45, Olympus). The resin was drop-c...",not_applicable,reported_direct,auto_provisional_accept,machine_high,auto_accept,context candidate has wavelength and resin signal; equality across all PIs still needs audit,CAND-0000127
SUP-AUTO-000128,ZPC-000385,,10.1166/jnn.2013.6011,Two-photon induced photopolymerization using photoinitiator with an intramolecular radical quenching moiety for nanolithography,polymerization_threshold,2.2,mW,2.2,mW,,"cused into the liq- uid photopolymerisable resin on the cover glass. The ﬁnal structures were fabricated by a preprogrammed soft- ware controlled by computer. Then the unpolymerized resins were removed by ethanol. The fabricated structures were observed by a scanning electron microscope (SEM, S-4300, Hitachi, Japan). 3. RESULTS AND DISCUSSION The TPIP properties of BNBC and BNMBC were eval- uated by fabricating lines with deigned photoresists R 1 and R2. The polymerization threshold power ( Pth/rparenorifor pho- toresists were investigated to compare the photosensitivity properties of BNBC and BNMBC. P th was deﬁned as the lowest laser power before the objective lens to achieve polymer line at a scanning speed of 10 /SLmums −1. The laser power used to fabricate lines were shown in the SEM images (Figs. 1(a) and (b)). The P th of R1 and R2 were determined to be 2.5 and 2.2 mW, respectively. It indicated that BNMBC with an extra methoxy group presented a very similar effect on the photoinitiating process in com- parison to BNBC. Fig. 1. SEM images of R1 (a) and R2 (b) after TPIP . The laser powers used to fabricate lines are shown on the SEM images. The scanning speed is 10 /SLmums −1 . 1344 J. Nanosci. Nanotechnol. 13, 1343–1346 , 2013 --- Page 3 --- Delivered by Ingenta to: Nanyang Technological Un","er power before the objective lens to achieve polymer line at a scanning speed of 10 /SLmums −1. The laser power used to fabricate lines were shown in the SEM images (Figs. 1(a) and (b)). The P th of R1 and R2 were determined to be 2.5 and 2.2 mW, respectively. It indicated that BNMBC with an extra methoxy group presented a very similar effect on the photoinitiating process in com- parison to BNBC. Fig. 1. SEM images of R1 (a) and R2 (b) after TPIP . The laser powers used to fabric",power_mW,reported_direct,auto_provisional_accept,machine_high,auto_accept,threshold candidate passes writing/polymerization local context gate,CAND-0000128
SUP-AUTO-000129,ZPC-000385,,10.1166/jnn.2013.6011,Two-photon induced photopolymerization using photoinitiator with an intramolecular radical quenching moiety for nanolithography,experimental_context,power_measurement_plane=objective_entrance;threshold_definition=candidate_in_anchor;resin_formulation=candidate_in_anchor,context,,,,"cused into the liq- uid photopolymerisable resin on the cover glass. The ﬁnal structures were fabricated by a preprogrammed soft- ware controlled by computer. Then the unpolymerized resins were removed by ethanol. The fabricated structures were observed by a scanning electron microscope (SEM, S-4300, Hitachi, Japan). 3. RESULTS AND DISCUSSION The TPIP properties of BNBC and BNMBC were eval- uated by fabricating lines with deigned photoresists R 1 and R2. The polymerization threshold power ( Pth/rparenorifor pho- toresists were investigated to compare the photosensitivity properties of BNBC and BNMBC. P th was deﬁned as the lowest laser power before the objective lens to achieve polymer line at a scanning speed of 10 /SLmums −1. The laser power used to fabricate lines were shown in the SEM images (Figs. 1(a) and (b)). The P th of R1 and R2 were determined to be 2.5 and 2.2 mW, respectively. It indicated that BNMBC with an extra methoxy group presented a very similar effect on the photoinitiating process in com- parison to BNBC. Fig. 1. SEM images of R1 (a) and R2 (b) after TPIP . The laser powers used to fabricate lines are shown on the SEM images. The scanning speed is 10 /SLmums −1 . 1344 J. Nanosci. Nanotechnol. 13, 1343–1346 , 2013 --- Page 3 --- Delivered by Ingenta to: Nanyang Technological Un","cused into the liq- uid photopolymerisable resin on the cover glass. The ﬁnal structures were fabricated by a preprogrammed soft- ware controlled by computer. Then the unpolymerized resins were removed by ethanol. The fabricated structures were observed by a scanning electron microscope (SEM, S-4300, Hitachi, Japan). 3. RESULTS AND DISCUSSION The TPIP properties of BNBC and BNMBC were eval- uated by fabricating lines with deigned photoresists R 1 and R2. The polymerization threshold power ( Pth/rparenorifor pho- toresists were investigated to compare the photosensitivity properties of BNBC and BNMBC. P th was deﬁned as the lowest laser power before the objective lens to achieve polymer line at a scanning speed of 10 /SLmums −1. The laser power used to fabricate lines were shown in the SEM images (Figs. 1(a) and (b)). The P th of R1 and R2 were determined to be 2.5 and 2.2 mW, respecti...",not_applicable,reported_direct,auto_retained_context_candidate,machine_medium,manual_review,context_missing_wavelength,CAND-0000129
SUP-AUTO-000130,ZPC-000385,,10.1166/jnn.2013.6011,Two-photon induced photopolymerization using photoinitiator with an intramolecular radical quenching moiety for nanolithography,experimental_context,power_measurement_plane=objective_entrance;resin_formulation=candidate_in_anchor,context,,,,"resists were investigated to compare the photosensitivity properties of BNBC and BNMBC. P th was deﬁned as the lowest laser power before the objective lens to achieve polymer line at a scanning speed of 10 /SLmums −1. The laser power used to fabricate lines were shown in the SEM images (Figs. 1(a) and (b)). The P th of R1 and R2 were determined to be 2.5 and 2.2 mW, respectively. It indicated that BNMBC with an extra methoxy group presented a very similar effect on the photoinitiating process in com- parison to BNBC. Fig. 1. SEM images of R1 (a) and R2 (b) after TPIP . The laser powers used to fabricate lines are shown on the SEM images. The scanning speed is 10 /SLmums −1 . 1344 J. Nanosci. Nanotechnol. 13, 1343–1346 , 2013 --- Page 3 --- Delivered by Ingenta to: Nanyang Technological University IP: 46.161.63.210 On: Wed, 15 Jun 2016 23:56:11 Copyright: American Scientific Publishers RESEARCH ARTICLE Lu et al. TPIP Using Photoinitiator with an Intramolecular Radical Quenching Moiety for Nanolithography The dependence of linewidth on the laser power for the two photoresists was shown in Figure 2(a). All the linewidth of the substrate lines were obtained as the aver- age linewidth of ﬁve different regions. R 2 had narrower linewidth than R1 at the same laser power. The linewidth of R1 fabricat","resists were investigated to compare the photosensitivity properties of BNBC and BNMBC. P th was deﬁned as the lowest laser power before the objective lens to achieve polymer line at a scanning speed of 10 /SLmums −1. The laser power used to fabricate lines were shown in the SEM images (Figs. 1(a) and (b)). The P th of R1 and R2 were determined to be 2.5 and 2.2 mW, respectively. It indicated that BNMBC with an extra methoxy group presented a very similar effect on the photoinitiating process in com- parison to BNBC. Fig. 1. SEM images of R1 (a) and R2 (b) after TPIP . The laser powers used to fabricate lines are shown on the SEM images. The scanning speed is 10 /SLmums −1 . 1344 J. Nanosci. Nanotechnol. 13, 1343–1346 , 2013 --- Page 3 --- Delivered by Ingenta to: Nanyang Technological University IP: 46.161.63.210 On: Wed, 15 Jun 2016 23:56:11 Copyright: American Scientific Publishers...",not_applicable,reported_direct,auto_retained_context_candidate,machine_medium,manual_review,context_missing_wavelength,CAND-0000130
SUP-AUTO-000131,ZPC-000385,,10.1166/jnn.2013.6011,Two-photon induced photopolymerization using photoinitiator with an intramolecular radical quenching moiety for nanolithography,pi_loading,0.1,%,,,,"1, the values are approximate to 0.67 (Fig. 2(b)) and could be decreased to 0.65 of those using BNBC. The results revealed that the photoresist R 2 containing photoinitiator BNMBC which had a radical quenching group increased the radical termination reaction, thus the linewidth was conﬁned to a smaller range. In order to verify the radical quenching effect of BNMBC from the molecule structure, a radical quencher PhOCH 3 was introduced into BNBC. In addition, we increased the molar ratio of photoinitiator to 0.1% in the resinsR 3,R4 andR5. The polymer lines of R3–R5 were fab- ricated at a laser power of 5.5 mW with the increasing of the laser scanning speed. Their corresponding linewidth as a function of scanning speed was shown in Figure 3(a). The linewidth ofR 5 decreased from 290 to 158 nm with increas- ing the scanning speed from 10 to 560 /SLmums −1, which was much narrower than those of R3 and R4. The linewidth ratio of R5/R3 was almost as a constant 0.73, while it 23456789 1 0 100 200 300 400 500 600 700 800 R1 R2 Linewidth (nm) Laser power (mW) (a) 23456789 1 0 0.55 0.60 0.65 0.70 0.75 0.80 R2 to R1 Relative linewidth Laser power (mW) (b) Fig. 2. (a) The dependence of the linewidth upon laser power for R1 and R2 under same scanning speed of 10 /SLmums −1 . (b) Relative linewidth of R2 /","width was conﬁned to a smaller range. In order to verify the radical quenching effect of BNMBC from the molecule structure, a radical quencher PhOCH 3 was introduced into BNBC. In addition, we increased the molar ratio of photoinitiator to 0.1% in the resinsR 3,R4 andR5. The polymer lines of R3–R5 were fab- ricated at a laser power of 5.5 mW with the increasing of the laser scanning speed. Their corresponding linewidth as a function of scanning speed was shown in Figure 3(a). The",not_normalizable,candidate_only,auto_retained_low_context_candidate,machine_medium,manual_review,loading_not_normalizable,CAND-0000131
SUP-AUTO-000132,ZPC-000385,,10.1166/jnn.2013.6011,Two-photon induced photopolymerization using photoinitiator with an intramolecular radical quenching moiety for nanolithography,experimental_context,wavelength_nm=158;power_measurement_plane=not_reported;resin_formulation=candidate_in_anchor,context,,,,"1, the values are approximate to 0.67 (Fig. 2(b)) and could be decreased to 0.65 of those using BNBC. The results revealed that the photoresist R 2 containing photoinitiator BNMBC which had a radical quenching group increased the radical termination reaction, thus the linewidth was conﬁned to a smaller range. In order to verify the radical quenching effect of BNMBC from the molecule structure, a radical quencher PhOCH 3 was introduced into BNBC. In addition, we increased the molar ratio of photoinitiator to 0.1% in the resinsR 3,R4 andR5. The polymer lines of R3–R5 were fab- ricated at a laser power of 5.5 mW with the increasing of the laser scanning speed. Their corresponding linewidth as a function of scanning speed was shown in Figure 3(a). The linewidth ofR 5 decreased from 290 to 158 nm with increas- ing the scanning speed from 10 to 560 /SLmums −1, which was much narrower than those of R3 and R4. The linewidth ratio of R5/R3 was almost as a constant 0.73, while it 23456789 1 0 100 200 300 400 500 600 700 800 R1 R2 Linewidth (nm) Laser power (mW) (a) 23456789 1 0 0.55 0.60 0.65 0.70 0.75 0.80 R2 to R1 Relative linewidth Laser power (mW) (b) Fig. 2. (a) The dependence of the linewidth upon laser power for R1 and R2 under same scanning speed of 10 /SLmums −1 . (b) Relative linewidth of R2 /","1, the values are approximate to 0.67 (Fig. 2(b)) and could be decreased to 0.65 of those using BNBC. The results revealed that the photoresist R 2 containing photoinitiator BNMBC which had a radical quenching group increased the radical termination reaction, thus the linewidth was conﬁned to a smaller range. In order to verify the radical quenching effect of BNMBC from the molecule structure, a radical quencher PhOCH 3 was introduced into BNBC. In addition, we increased the molar ratio of photoinitiator to 0.1% in the resinsR 3,R4 andR5. The polymer lines of R3–R5 were fab- ricated at a laser power of 5.5 mW with the increasing of the laser scanning speed. Their corresponding linewidth as a function of scanning speed was shown in Figure 3(a). The linewidth ofR 5 decreased from 290 to 158 nm with increas- ing the scanning speed from 10 to 560 /SLmums −1, which was much narrower than t...",not_applicable,reported_direct,auto_provisional_accept,machine_high,auto_accept,context candidate has wavelength and resin signal; equality across all PIs still needs audit,CAND-0000132
SUP-AUTO-000133,ZPC-000385,,10.1166/jnn.2013.6011,Two-photon induced photopolymerization using photoinitiator with an intramolecular radical quenching moiety for nanolithography,experimental_context,wavelength_nm=158;power_measurement_plane=not_reported,context,,,,"power of 5.5 mW with the increasing of the laser scanning speed. Their corresponding linewidth as a function of scanning speed was shown in Figure 3(a). The linewidth ofR 5 decreased from 290 to 158 nm with increas- ing the scanning speed from 10 to 560 /SLmums −1, which was much narrower than those of R3 and R4. The linewidth ratio of R5/R3 was almost as a constant 0.73, while it 23456789 1 0 100 200 300 400 500 600 700 800 R1 R2 Linewidth (nm) Laser power (mW) (a) 23456789 1 0 0.55 0.60 0.65 0.70 0.75 0.80 R2 to R1 Relative linewidth Laser power (mW) (b) Fig. 2. (a) The dependence of the linewidth upon laser power for R1 and R2 under same scanning speed of 10 /SLmums −1 . (b) Relative linewidth of R2 /R1 on different laser powers. 0 100 200 300 400 500 600 150 200 250 300 350 400 R 3 R 4 R 5 Linewidth (nm) Scanning speed (µm/s) (a) 0 100 200 300 400 500 600 0.4 0.5 0.6 0.7 0.8 0.9 1.0 1.1 1.2 R4 to R3 R5 to R3 Relative Linewidth Scanning speed (µm/s) (b) Fig. 3. (a) The dependence of the linewidth upon laser scanningning speed for R3 , R4 and R5 , at the same laser power of 5.5 mW. (b) Relative linewidth of R4 /R3 and R5 /R3 at the laser scanning speed. varied from 0.65 to 1 for R4/R3 (Fig. 3(b)). The results provided further evidence that the BNMBC was effective to conﬁne the radical dif","power of 5.5 mW with the increasing of the laser scanning speed. Their corresponding linewidth as a function of scanning speed was shown in Figure 3(a). The linewidth ofR 5 decreased from 290 to 158 nm with increas- ing the scanning speed from 10 to 560 /SLmums −1, which was much narrower than those of R3 and R4. The linewidth ratio of R5/R3 was almost as a constant 0.73, while it 23456789 1 0 100 200 300 400 500 600 700 800 R1 R2 Linewidth (nm) Laser power (mW) (a) 23456789 1 0 0.55 0.60 0.65 0.70 0.75 0.80 R2 to R1 Relative linewidth Laser power (mW) (b) Fig. 2. (a) The dependence of the linewidth upon laser power for R1 and R2 under same scanning speed of 10 /SLmums −1 . (b) Relative linewidth of R2 /R1 on different laser powers. 0 100 200 300 400 500 600 150 200 250 300 350 400 R 3 R 4 R 5 Linewidth (nm) Scanning speed (µm/s) (a) 0 100 200 300 400 500 600 0.4 0.5 0.6 0.7 0.8 0.9 1...",not_applicable,reported_direct,auto_retained_context_candidate,machine_medium,manual_review,context_missing_resin,CAND-0000133
SUP-AUTO-000134,ZPC-000385,,10.1166/jnn.2013.6011,Two-photon induced photopolymerization using photoinitiator with an intramolecular radical quenching moiety for nanolithography,experimental_context,wavelength_nm=221;power_measurement_plane=not_reported;resin_formulation=candidate_in_anchor,context,,,,"sci. Nanotechnol. 13, 1343–1346 , 2013 --- Page 3 --- Delivered by Ingenta to: Nanyang Technological University IP: 46.161.63.210 On: Wed, 15 Jun 2016 23:56:11 Copyright: American Scientific Publishers RESEARCH ARTICLE Lu et al. TPIP Using Photoinitiator with an Intramolecular Radical Quenching Moiety for Nanolithography The dependence of linewidth on the laser power for the two photoresists was shown in Figure 2(a). All the linewidth of the substrate lines were obtained as the aver- age linewidth of ﬁve different regions. R 2 had narrower linewidth than R1 at the same laser power. The linewidth of R1 fabricated at 2.5 mW increased from 221 nm to 703 nm at 9.4 mW. When BNMBC was used as photoini- tiator, the linewidth for R 2 decreased to 154 nm at 2.5 mW and 462 nm at 9.4 mW, respectively. In order to give a clear comparison, we calculated the relative linewidth of R 2 to R1, the values are approximate to 0.67 (Fig. 2(b)) and could be decreased to 0.65 of those using BNBC. The results revealed that the photoresist R 2 containing photoinitiator BNMBC which had a radical quenching group increased the radical termination reaction, thus the linewidth was conﬁned to a smaller range. In order to verify the radical quenching effect of BNMBC from the molecule structure, a radical quenche","sci. Nanotechnol. 13, 1343–1346 , 2013 --- Page 3 --- Delivered by Ingenta to: Nanyang Technological University IP: 46.161.63.210 On: Wed, 15 Jun 2016 23:56:11 Copyright: American Scientific Publishers RESEARCH ARTICLE Lu et al. TPIP Using Photoinitiator with an Intramolecular Radical Quenching Moiety for Nanolithography The dependence of linewidth on the laser power for the two photoresists was shown in Figure 2(a). All the linewidth of the substrate lines were obtained as the aver- age linewidth of ﬁve different regions. R 2 had narrower linewidth than R1 at the same laser power. The linewidth of R1 fabricated at 2.5 mW increased from 221 nm to 703 nm at 9.4 mW. When BNMBC was used as photoini- tiator, the linewidth for R 2 decreased to 154 nm at 2.5 mW and 462 nm at 9.4 mW, respectively. In order to give a clear comparison, we calculated the relative linewidth of R 2 to R1, the val...",not_applicable,reported_direct,auto_provisional_accept,machine_high,auto_accept,context candidate has wavelength and resin signal; equality across all PIs still needs audit,CAND-0000134
SUP-AUTO-000135,ZPC-000385,,10.1166/jnn.2013.6011,Two-photon induced photopolymerization using photoinitiator with an intramolecular radical quenching moiety for nanolithography,pi_loading,0.02,%,,,,"a We have investigated the photoinitiating properties of the photoinitiator 3,6-bis[2-(4-nitrophenyl)- ethynyl]-9-(4-methoxy-benzyl)-carbazole (BNMBC), which has an intramolecular radical quenching group “p-methoxybenzyl, ” in the substrate lines fabrication of two-photon induced photopolymer- ization (TPIP). Another photoinitiator 3,6-bis[2-(4-nitrophenyl)-ethynyl]-9-benzyl-carbazole (BNBC) with similar chemical structure but not radical quenching group was studied for comparison. Their photopolymerization properties were studied with resins in which BNBC and BNMBC were used as photoinitiators with a molar ratio of 0.02%, respectively . The linewidth of polymer lines fabricated by TPIP of the photoresist that contained BNMBC could be decreased to 65% of those using BNBC. Besides, we introduced a radical quencher, phenyl methyl ether (PhOCH 3/rparenori, to BNBC and further studied the photopolymerization properties by using BNBC, BNBC/PhOCH 3 and BNMBC as pho- toinitiators with a molar ratio of 0.1%. The results further indicated that BNMBC was effective to conﬁne the radical diffusion in polymerization due to the radical quenching effect of moiety . This intramolecular radical quenching moiety exhibited more effective conﬁning effect of radical diffusion compared to the intermolecular ra","ole (BNBC) with similar chemical structure but not radical quenching group was studied for comparison. Their photopolymerization properties were studied with resins in which BNBC and BNMBC were used as photoinitiators with a molar ratio of 0.02%, respectively . The linewidth of polymer lines fabricated by TPIP of the photoresist that contained BNMBC could be decreased to 65% of those using BNBC. Besides, we introduced a radical quencher, phenyl methyl ether (PhOCH 3/rparenori, to",not_normalizable,candidate_only,auto_retained_low_context_candidate,machine_medium,manual_review,loading_not_normalizable,CAND-0000135
SUP-AUTO-000136,ZPC-000385,,10.1166/jnn.2013.6011,Two-photon induced photopolymerization using photoinitiator with an intramolecular radical quenching moiety for nanolithography,pi_loading,65,%,,,,"a We have investigated the photoinitiating properties of the photoinitiator 3,6-bis[2-(4-nitrophenyl)- ethynyl]-9-(4-methoxy-benzyl)-carbazole (BNMBC), which has an intramolecular radical quenching group “p-methoxybenzyl, ” in the substrate lines fabrication of two-photon induced photopolymer- ization (TPIP). Another photoinitiator 3,6-bis[2-(4-nitrophenyl)-ethynyl]-9-benzyl-carbazole (BNBC) with similar chemical structure but not radical quenching group was studied for comparison. Their photopolymerization properties were studied with resins in which BNBC and BNMBC were used as photoinitiators with a molar ratio of 0.02%, respectively . The linewidth of polymer lines fabricated by TPIP of the photoresist that contained BNMBC could be decreased to 65% of those using BNBC. Besides, we introduced a radical quencher, phenyl methyl ether (PhOCH 3/rparenori, to BNBC and further studied the photopolymerization properties by using BNBC, BNBC/PhOCH 3 and BNMBC as pho- toinitiators with a molar ratio of 0.1%. The results further indicated that BNMBC was effective to conﬁne the radical diffusion in polymerization due to the radical quenching effect of moiety . This intramolecular radical quenching moiety exhibited more effective conﬁning effect of radical diffusion compared to the intermolecular ra","rties were studied with resins in which BNBC and BNMBC were used as photoinitiators with a molar ratio of 0.02%, respectively . The linewidth of polymer lines fabricated by TPIP of the photoresist that contained BNMBC could be decreased to 65% of those using BNBC. Besides, we introduced a radical quencher, phenyl methyl ether (PhOCH 3/rparenori, to BNBC and further studied the photopolymerization properties by using BNBC, BNBC/PhOCH 3 and BNMBC as pho- toinitiators with a molar",not_normalizable,candidate_only,auto_retained_low_context_candidate,machine_medium,manual_review,loading_not_normalizable,CAND-0000136
SUP-AUTO-000137,ZPC-000385,,10.1166/jnn.2013.6011,Two-photon induced photopolymerization using photoinitiator with an intramolecular radical quenching moiety for nanolithography,pi_loading,0.1,%,,,,"a We have investigated the photoinitiating properties of the photoinitiator 3,6-bis[2-(4-nitrophenyl)- ethynyl]-9-(4-methoxy-benzyl)-carbazole (BNMBC), which has an intramolecular radical quenching group “p-methoxybenzyl, ” in the substrate lines fabrication of two-photon induced photopolymer- ization (TPIP). Another photoinitiator 3,6-bis[2-(4-nitrophenyl)-ethynyl]-9-benzyl-carbazole (BNBC) with similar chemical structure but not radical quenching group was studied for comparison. Their photopolymerization properties were studied with resins in which BNBC and BNMBC were used as photoinitiators with a molar ratio of 0.02%, respectively . The linewidth of polymer lines fabricated by TPIP of the photoresist that contained BNMBC could be decreased to 65% of those using BNBC. Besides, we introduced a radical quencher, phenyl methyl ether (PhOCH 3/rparenori, to BNBC and further studied the photopolymerization properties by using BNBC, BNBC/PhOCH 3 and BNMBC as pho- toinitiators with a molar ratio of 0.1%. The results further indicated that BNMBC was effective to conﬁne the radical diffusion in polymerization due to the radical quenching effect of moiety . This intramolecular radical quenching moiety exhibited more effective conﬁning effect of radical diffusion compared to the intermolecular ra","using BNBC. Besides, we introduced a radical quencher, phenyl methyl ether (PhOCH 3/rparenori, to BNBC and further studied the photopolymerization properties by using BNBC, BNBC/PhOCH 3 and BNMBC as pho- toinitiators with a molar ratio of 0.1%. The results further indicated that BNMBC was effective to conﬁne the radical diffusion in polymerization due to the radical quenching effect of moiety . This intramolecular radical quenching moiety exhibited more effective conﬁning effect",not_normalizable,candidate_only,auto_retained_low_context_candidate,machine_medium,manual_review,loading_not_normalizable,CAND-0000137
SUP-AUTO-000138,ZPC-000385,,10.1166/jnn.2013.6011,Two-photon induced photopolymerization using photoinitiator with an intramolecular radical quenching moiety for nanolithography,experimental_context,power_measurement_plane=not_reported;resin_formulation=candidate_in_anchor,context,,,,"a We have investigated the photoinitiating properties of the photoinitiator 3,6-bis[2-(4-nitrophenyl)- ethynyl]-9-(4-methoxy-benzyl)-carbazole (BNMBC), which has an intramolecular radical quenching group “p-methoxybenzyl, ” in the substrate lines fabrication of two-photon induced photopolymer- ization (TPIP). Another photoinitiator 3,6-bis[2-(4-nitrophenyl)-ethynyl]-9-benzyl-carbazole (BNBC) with similar chemical structure but not radical quenching group was studied for comparison. Their photopolymerization properties were studied with resins in which BNBC and BNMBC were used as photoinitiators with a molar ratio of 0.02%, respectively . The linewidth of polymer lines fabricated by TPIP of the photoresist that contained BNMBC could be decreased to 65% of those using BNBC. Besides, we introduced a radical quencher, phenyl methyl ether (PhOCH 3/rparenori, to BNBC and further studied the photopolymerization properties by using BNBC, BNBC/PhOCH 3 and BNMBC as pho- toinitiators with a molar ratio of 0.1%. The results further indicated that BNMBC was effective to conﬁne the radical diffusion in polymerization due to the radical quenching effect of moiety . This intramolecular radical quenching moiety exhibited more effective conﬁning effect of radical diffusion compared to the intermolecular ra","a We have investigated the photoinitiating properties of the photoinitiator 3,6-bis[2-(4-nitrophenyl)- ethynyl]-9-(4-methoxy-benzyl)-carbazole (BNMBC), which has an intramolecular radical quenching group “p-methoxybenzyl, ” in the substrate lines fabrication of two-photon induced photopolymer- ization (TPIP). Another photoinitiator 3,6-bis[2-(4-nitrophenyl)-ethynyl]-9-benzyl-carbazole (BNBC) with similar chemical structure but not radical quenching group was studied for comparison. Their photopolymerization properties were studied with resins in which BNBC and BNMBC were used as photoinitiators with a molar ratio of 0.02%, respectively . The linewidth of polymer lines fabricated by TPIP of the photoresist that contained BNMBC could be decreased to 65% of those using BNBC. Besides, we introduced a radical quencher, phenyl methyl ether (PhOCH 3/rparenori, to BNBC and further studied the...",not_applicable,reported_direct,auto_retained_context_candidate,machine_medium,manual_review,context_missing_wavelength,CAND-0000138
SUP-AUTO-000139,ZPC-000385,,10.1166/jnn.2013.6011,Two-photon induced photopolymerization using photoinitiator with an intramolecular radical quenching moiety for nanolithography,polymerization_threshold,2.2,mW,2.2,mW,,"of 780 nm, a pulse width of 100 fs, and a repe- tition rate of 82 MHz was employed as the laser source. The laser beam was tightly focused by a 100 × oil- immersion objective lens with a high numerical aperture (N.A. = 1.45, Olympus). The resin was drop-casted onto a cover glass substrate for 30 minutes before the fabri- cation. The laser beam was tightly focused into the liq- uid photopolymerisable resin on the cover glass. The ﬁnal structures were fabricated by a preprogrammed soft- ware controlled by computer. Then the unpolymerized resins were removed by ethanol. The fabricated structures were observed by a scanning electron microscope (SEM, S-4300, Hitachi, Japan). 3. RESULTS AND DISCUSSION The TPIP properties of BNBC and BNMBC were eval- uated by fabricating lines with deigned photoresists R 1 and R2. The polymerization threshold power ( Pth/rparenorifor pho- toresists were investigated to compare the photosensitivity properties of BNBC and BNMBC. P th was deﬁned as the lowest laser power before the objective lens to achieve polymer line at a scanning speed of 10 /SLmums −1. The laser power used to fabricate lines were shown in the SEM images (Figs. 1(a) and (b)). The P th of R1 and R2 were determined to be 2.5 and 2.2 mW, respectively. It indicated that BNMBC with an extra m","er power before the objective lens to achieve polymer line at a scanning speed of 10 /SLmums −1. The laser power used to fabricate lines were shown in the SEM images (Figs. 1(a) and (b)). The P th of R1 and R2 were determined to be 2.5 and 2.2 mW, respectively. It indicated that BNMBC with an extra m",power_mW,reported_direct,auto_provisional_accept,machine_high,auto_accept,threshold candidate passes writing/polymerization local context gate,CAND-0000139
SUP-AUTO-000140,ZPC-000385,,10.1166/jnn.2013.6011,Two-photon induced photopolymerization using photoinitiator with an intramolecular radical quenching moiety for nanolithography,experimental_context,wavelength_nm=780;pulse_width_fs=100;repetition_rate_MHz=82;power_measurement_plane=objective_entrance;threshold_definition=candidate_in_anchor;resin_formulation=candidate_in_anchor,context,,,,"of 780 nm, a pulse width of 100 fs, and a repe- tition rate of 82 MHz was employed as the laser source. The laser beam was tightly focused by a 100 × oil- immersion objective lens with a high numerical aperture (N.A. = 1.45, Olympus). The resin was drop-casted onto a cover glass substrate for 30 minutes before the fabri- cation. The laser beam was tightly focused into the liq- uid photopolymerisable resin on the cover glass. The ﬁnal structures were fabricated by a preprogrammed soft- ware controlled by computer. Then the unpolymerized resins were removed by ethanol. The fabricated structures were observed by a scanning electron microscope (SEM, S-4300, Hitachi, Japan). 3. RESULTS AND DISCUSSION The TPIP properties of BNBC and BNMBC were eval- uated by fabricating lines with deigned photoresists R 1 and R2. The polymerization threshold power ( Pth/rparenorifor pho- toresists were investigated to compare the photosensitivity properties of BNBC and BNMBC. P th was deﬁned as the lowest laser power before the objective lens to achieve polymer line at a scanning speed of 10 /SLmums −1. The laser power used to fabricate lines were shown in the SEM images (Figs. 1(a) and (b)). The P th of R1 and R2 were determined to be 2.5 and 2.2 mW, respectively. It indicated that BNMBC with an extra m","of 780 nm, a pulse width of 100 fs, and a repe- tition rate of 82 MHz was employed as the laser source. The laser beam was tightly focused by a 100 × oil- immersion objective lens with a high numerical aperture (N.A. = 1.45, Olympus). The resin was drop-casted onto a cover glass substrate for 30 minutes before the fabri- cation. The laser beam was tightly focused into the liq- uid photopolymerisable resin on the cover glass. The ﬁnal structures were fabricated by a preprogrammed soft- ware controlled by computer. Then the unpolymerized resins were removed by ethanol. The fabricated structures were observed by a scanning electron microscope (SEM, S-4300, Hitachi, Japan). 3. RESULTS AND DISCUSSION The TPIP properties of BNBC and BNMBC were eval- uated by fabricating lines with deigned photoresists R 1 and R2. The polymerization threshold power ( Pth/rparenorifor pho- toresists were inve...",not_applicable,reported_direct,auto_provisional_accept,machine_high,auto_accept,context candidate has wavelength and resin signal; equality across all PIs still needs audit,CAND-0000140
SUP-AUTO-000141,ZPC-000385,,10.1166/jnn.2013.6011,Two-photon induced photopolymerization using photoinitiator with an intramolecular radical quenching moiety for nanolithography,experimental_context,wavelength_nm=221;power_measurement_plane=not_reported;resin_formulation=candidate_in_anchor,context,,,,"dicated that BNMBC with an extra methoxy group presented a very similar effect on the photoinitiating process in com- parison to BNBC. Fig. 1. SEM images of R1 (a) and R2 (b) after TPIP . The laser powers used to fabricate lines are shown on the SEM images. The scanning speed is 10 /SLmums −1 . 1344 J. Nanosci. Nanotechnol. 13, 1343–1346 , 2013 --- Page 3 --- Delivered by Ingenta to: Nanyang Technological University IP: 46.161.63.210 On: Wed, 15 Jun 2016 23:56:11 Copyright: American Scientific Publishers RESEARCH ARTICLE Lu et al. TPIP Using Photoinitiator with an Intramolecular Radical Quenching Moiety for Nanolithography The dependence of linewidth on the laser power for the two photoresists was shown in Figure 2(a). All the linewidth of the substrate lines were obtained as the aver- age linewidth of ﬁve different regions. R 2 had narrower linewidth than R1 at the same laser power. The linewidth of R1 fabricated at 2.5 mW increased from 221 nm to 703 nm at 9.4 mW. When BNMBC was used as photoini- tiator, the linewidth for R 2 decreased to 154 nm at 2.5 mW and 462 nm at 9.4 mW, respectively. In order to give a clear comparison, we calculated the relative linewidth of R 2 to R1, the values are approximate to 0.67 (Fig. 2(b)) and could be decreased to 0.65 of those using BNBC. The results","dicated that BNMBC with an extra methoxy group presented a very similar effect on the photoinitiating process in com- parison to BNBC. Fig. 1. SEM images of R1 (a) and R2 (b) after TPIP . The laser powers used to fabricate lines are shown on the SEM images. The scanning speed is 10 /SLmums −1 . 1344 J. Nanosci. Nanotechnol. 13, 1343–1346 , 2013 --- Page 3 --- Delivered by Ingenta to: Nanyang Technological University IP: 46.161.63.210 On: Wed, 15 Jun 2016 23:56:11 Copyright: American Scientific Publishers RESEARCH ARTICLE Lu et al. TPIP Using Photoinitiator with an Intramolecular Radical Quenching Moiety for Nanolithography The dependence of linewidth on the laser power for the two photoresists was shown in Figure 2(a). All the linewidth of the substrate lines were obtained as the aver- age linewidth of ﬁve different regions. R 2 had narrower linewidth than R1 at the same laser power....",not_applicable,reported_direct,auto_provisional_accept,machine_high,auto_accept,context candidate has wavelength and resin signal; equality across all PIs still needs audit,CAND-0000141
SUP-AUTO-000142,ZPC-000385,,10.1166/jnn.2013.6011,Two-photon induced photopolymerization using photoinitiator with an intramolecular radical quenching moiety for nanolithography,pi_loading,0.1,%,,,,"LE Lu et al. TPIP Using Photoinitiator with an Intramolecular Radical Quenching Moiety for Nanolithography The dependence of linewidth on the laser power for the two photoresists was shown in Figure 2(a). All the linewidth of the substrate lines were obtained as the aver- age linewidth of ﬁve different regions. R 2 had narrower linewidth than R1 at the same laser power. The linewidth of R1 fabricated at 2.5 mW increased from 221 nm to 703 nm at 9.4 mW. When BNMBC was used as photoini- tiator, the linewidth for R 2 decreased to 154 nm at 2.5 mW and 462 nm at 9.4 mW, respectively. In order to give a clear comparison, we calculated the relative linewidth of R 2 to R1, the values are approximate to 0.67 (Fig. 2(b)) and could be decreased to 0.65 of those using BNBC. The results revealed that the photoresist R 2 containing photoinitiator BNMBC which had a radical quenching group increased the radical termination reaction, thus the linewidth was conﬁned to a smaller range. In order to verify the radical quenching effect of BNMBC from the molecule structure, a radical quencher PhOCH 3 was introduced into BNBC. In addition, we increased the molar ratio of photoinitiator to 0.1% in the resinsR 3,R4 andR5. The polymer lines of R3–R5 were fab- ricated at a laser power of 5.5 mW with the increasing o","width was conﬁned to a smaller range. In order to verify the radical quenching effect of BNMBC from the molecule structure, a radical quencher PhOCH 3 was introduced into BNBC. In addition, we increased the molar ratio of photoinitiator to 0.1% in the resinsR 3,R4 andR5. The polymer lines of R3–R5 were fab- ricated at a laser power of 5.5 mW with the increasing o",not_normalizable,candidate_only,auto_retained_low_context_candidate,machine_medium,manual_review,loading_not_normalizable,CAND-0000142
SUP-AUTO-000143,ZPC-000385,,10.1166/jnn.2013.6011,Two-photon induced photopolymerization using photoinitiator with an intramolecular radical quenching moiety for nanolithography,experimental_context,wavelength_nm=221;power_measurement_plane=not_reported;resin_formulation=candidate_in_anchor,context,,,,"LE Lu et al. TPIP Using Photoinitiator with an Intramolecular Radical Quenching Moiety for Nanolithography The dependence of linewidth on the laser power for the two photoresists was shown in Figure 2(a). All the linewidth of the substrate lines were obtained as the aver- age linewidth of ﬁve different regions. R 2 had narrower linewidth than R1 at the same laser power. The linewidth of R1 fabricated at 2.5 mW increased from 221 nm to 703 nm at 9.4 mW. When BNMBC was used as photoini- tiator, the linewidth for R 2 decreased to 154 nm at 2.5 mW and 462 nm at 9.4 mW, respectively. In order to give a clear comparison, we calculated the relative linewidth of R 2 to R1, the values are approximate to 0.67 (Fig. 2(b)) and could be decreased to 0.65 of those using BNBC. The results revealed that the photoresist R 2 containing photoinitiator BNMBC which had a radical quenching group increased the radical termination reaction, thus the linewidth was conﬁned to a smaller range. In order to verify the radical quenching effect of BNMBC from the molecule structure, a radical quencher PhOCH 3 was introduced into BNBC. In addition, we increased the molar ratio of photoinitiator to 0.1% in the resinsR 3,R4 andR5. The polymer lines of R3–R5 were fab- ricated at a laser power of 5.5 mW with the increasing o","LE Lu et al. TPIP Using Photoinitiator with an Intramolecular Radical Quenching Moiety for Nanolithography The dependence of linewidth on the laser power for the two photoresists was shown in Figure 2(a). All the linewidth of the substrate lines were obtained as the aver- age linewidth of ﬁve different regions. R 2 had narrower linewidth than R1 at the same laser power. The linewidth of R1 fabricated at 2.5 mW increased from 221 nm to 703 nm at 9.4 mW. When BNMBC was used as photoini- tiator, the linewidth for R 2 decreased to 154 nm at 2.5 mW and 462 nm at 9.4 mW, respectively. In order to give a clear comparison, we calculated the relative linewidth of R 2 to R1, the values are approximate to 0.67 (Fig. 2(b)) and could be decreased to 0.65 of those using BNBC. The results revealed that the photoresist R 2 containing photoinitiator BNMBC which had a radical quenching group increased...",not_applicable,reported_direct,auto_provisional_accept,machine_high,auto_accept,context candidate has wavelength and resin signal; equality across all PIs still needs audit,CAND-0000143
SUP-AUTO-000144,ZPC-000385,,10.1166/jnn.2013.6011,Two-photon induced photopolymerization using photoinitiator with an intramolecular radical quenching moiety for nanolithography,pi_loading,0.1,%,,,,"7 (Fig. 2(b)) and could be decreased to 0.65 of those using BNBC. The results revealed that the photoresist R 2 containing photoinitiator BNMBC which had a radical quenching group increased the radical termination reaction, thus the linewidth was conﬁned to a smaller range. In order to verify the radical quenching effect of BNMBC from the molecule structure, a radical quencher PhOCH 3 was introduced into BNBC. In addition, we increased the molar ratio of photoinitiator to 0.1% in the resinsR 3,R4 andR5. The polymer lines of R3–R5 were fab- ricated at a laser power of 5.5 mW with the increasing of the laser scanning speed. Their corresponding linewidth as a function of scanning speed was shown in Figure 3(a). The linewidth ofR 5 decreased from 290 to 158 nm with increas- ing the scanning speed from 10 to 560 /SLmums −1, which was much narrower than those of R3 and R4. The linewidth ratio of R5/R3 was almost as a constant 0.73, while it 23456789 1 0 100 200 300 400 500 600 700 800 R1 R2 Linewidth (nm) Laser power (mW) (a) 23456789 1 0 0.55 0.60 0.65 0.70 0.75 0.80 R2 to R1 Relative linewidth Laser power (mW) (b) Fig. 2. (a) The dependence of the linewidth upon laser power for R1 and R2 under same scanning speed of 10 /SLmums −1 . (b) Relative linewidth of R2 /R1 on different laser powers. 0","width was conﬁned to a smaller range. In order to verify the radical quenching effect of BNMBC from the molecule structure, a radical quencher PhOCH 3 was introduced into BNBC. In addition, we increased the molar ratio of photoinitiator to 0.1% in the resinsR 3,R4 andR5. The polymer lines of R3–R5 were fab- ricated at a laser power of 5.5 mW with the increasing of the laser scanning speed. Their corresponding linewidth as a function of scanning speed was shown in Figure 3(a). The",not_normalizable,candidate_only,auto_retained_low_context_candidate,machine_medium,manual_review,loading_not_normalizable,CAND-0000144
SUP-AUTO-000145,ZPC-000385,,10.1166/jnn.2013.6011,Two-photon induced photopolymerization using photoinitiator with an intramolecular radical quenching moiety for nanolithography,experimental_context,wavelength_nm=158;power_measurement_plane=not_reported;resin_formulation=candidate_in_anchor,context,,,,"7 (Fig. 2(b)) and could be decreased to 0.65 of those using BNBC. The results revealed that the photoresist R 2 containing photoinitiator BNMBC which had a radical quenching group increased the radical termination reaction, thus the linewidth was conﬁned to a smaller range. In order to verify the radical quenching effect of BNMBC from the molecule structure, a radical quencher PhOCH 3 was introduced into BNBC. In addition, we increased the molar ratio of photoinitiator to 0.1% in the resinsR 3,R4 andR5. The polymer lines of R3–R5 were fab- ricated at a laser power of 5.5 mW with the increasing of the laser scanning speed. Their corresponding linewidth as a function of scanning speed was shown in Figure 3(a). The linewidth ofR 5 decreased from 290 to 158 nm with increas- ing the scanning speed from 10 to 560 /SLmums −1, which was much narrower than those of R3 and R4. The linewidth ratio of R5/R3 was almost as a constant 0.73, while it 23456789 1 0 100 200 300 400 500 600 700 800 R1 R2 Linewidth (nm) Laser power (mW) (a) 23456789 1 0 0.55 0.60 0.65 0.70 0.75 0.80 R2 to R1 Relative linewidth Laser power (mW) (b) Fig. 2. (a) The dependence of the linewidth upon laser power for R1 and R2 under same scanning speed of 10 /SLmums −1 . (b) Relative linewidth of R2 /R1 on different laser powers. 0","7 (Fig. 2(b)) and could be decreased to 0.65 of those using BNBC. The results revealed that the photoresist R 2 containing photoinitiator BNMBC which had a radical quenching group increased the radical termination reaction, thus the linewidth was conﬁned to a smaller range. In order to verify the radical quenching effect of BNMBC from the molecule structure, a radical quencher PhOCH 3 was introduced into BNBC. In addition, we increased the molar ratio of photoinitiator to 0.1% in the resinsR 3,R4 andR5. The polymer lines of R3–R5 were fab- ricated at a laser power of 5.5 mW with the increasing of the laser scanning speed. Their corresponding linewidth as a function of scanning speed was shown in Figure 3(a). The linewidth ofR 5 decreased from 290 to 158 nm with increas- ing the scanning speed from 10 to 560 /SLmums −1, which was much narrower than those of R3 and R4. The linewidth rat...",not_applicable,reported_direct,auto_provisional_accept,machine_high,auto_accept,context candidate has wavelength and resin signal; equality across all PIs still needs audit,CAND-0000145
SUP-AUTO-000146,ZPC-000385,,10.1166/jnn.2013.6011,Two-photon induced photopolymerization using photoinitiator with an intramolecular radical quenching moiety for nanolithography,experimental_context,wavelength_nm=158;power_measurement_plane=not_reported,context,,,,"polymer lines of R3–R5 were fab- ricated at a laser power of 5.5 mW with the increasing of the laser scanning speed. Their corresponding linewidth as a function of scanning speed was shown in Figure 3(a). The linewidth ofR 5 decreased from 290 to 158 nm with increas- ing the scanning speed from 10 to 560 /SLmums −1, which was much narrower than those of R3 and R4. The linewidth ratio of R5/R3 was almost as a constant 0.73, while it 23456789 1 0 100 200 300 400 500 600 700 800 R1 R2 Linewidth (nm) Laser power (mW) (a) 23456789 1 0 0.55 0.60 0.65 0.70 0.75 0.80 R2 to R1 Relative linewidth Laser power (mW) (b) Fig. 2. (a) The dependence of the linewidth upon laser power for R1 and R2 under same scanning speed of 10 /SLmums −1 . (b) Relative linewidth of R2 /R1 on different laser powers. 0 100 200 300 400 500 600 150 200 250 300 350 400 R 3 R 4 R 5 Linewidth (nm) Scanning speed (µm/s) (a) 0 100 200 300 400 500 600 0.4 0.5 0.6 0.7 0.8 0.9 1.0 1.1 1.2 R4 to R3 R5 to R3 Relative Linewidth Scanning speed (µm/s) (b) Fig. 3. (a) The dependence of the linewidth upon laser scanningning speed for R3 , R4 and R5 , at the same laser power of 5.5 mW. (b) Relative linewidth of R4 /R3 and R5 /R3 at the laser scanning speed. varied from 0.65 to 1 for R4/R3 (Fig. 3(b)). The results provided further eviden","polymer lines of R3–R5 were fab- ricated at a laser power of 5.5 mW with the increasing of the laser scanning speed. Their corresponding linewidth as a function of scanning speed was shown in Figure 3(a). The linewidth ofR 5 decreased from 290 to 158 nm with increas- ing the scanning speed from 10 to 560 /SLmums −1, which was much narrower than those of R3 and R4. The linewidth ratio of R5/R3 was almost as a constant 0.73, while it 23456789 1 0 100 200 300 400 500 600 700 800 R1 R2 Linewidth (nm) Laser power (mW) (a) 23456789 1 0 0.55 0.60 0.65 0.70 0.75 0.80 R2 to R1 Relative linewidth Laser power (mW) (b) Fig. 2. (a) The dependence of the linewidth upon laser power for R1 and R2 under same scanning speed of 10 /SLmums −1 . (b) Relative linewidth of R2 /R1 on different laser powers. 0 100 200 300 400 500 600 150 200 250 300 350 400 R 3 R 4 R 5 Linewidth (nm) Scanning speed (µm/s) (a)...",not_applicable,reported_direct,auto_retained_context_candidate,machine_medium,manual_review,context_missing_resin,CAND-0000146
SUP-AUTO-000147,ZPC-001953,,10.1038/s41598-017-17391-1,Additive manufacture of complex 3D Au-containing nanocomposites by simultaneous two-photon polymerisation and photoreduction,pi_loading,2,wt%,,,,"rials. Monomer PETA, gold salt HAuCl4∙3H2O, and solvent DMAc were sourced from Sigma-Aldrich, UK. Initiator DETC was sourced from Angene, UK. Due to the limited solubility of DETC in PETA (< 2 wt%), mixtures of 0.5 wt%, 1 wt% and 1.5 wt% DETC were investigated. The chemical structures of PETA and DETC are illustrated in Figure S1. The optical absorption spectra of pure DMAc, PETA in DMAc, DETC in DMAc and gold chloride hydrate in DMAc are shown in Figure S2. In all spectra, no absorption band is observed at the laser wavelength of 780 nm, which implies that the photo-induced reactions were associated with exciting the chemi- cals by the two-photon absorption process. Nanocomposite fabrication. Au-containing nanocomposites were fabricated using a commercial two-photon lithography system – Nanoscribe Photonic Professional GT, equipped with a fiber laser at a wave- length of 780 nm, pulse frequency of 80 MHz and pulse duration of 120 fs. An oil immersion objective (63x, NA = 1.4, WD = 190 µm) was used to focus the laser beam. Micro/nano 3D structures were formed by moving the laser beam in X-Y directions using a galvo-scanner and moving a piezo stage in the Z direction accordingly, or fixing the focus of the laser beam and moving a piezo stage in X, Y and Z directions accordingly. The laser po","rials. Monomer PETA, gold salt HAuCl4∙3H2O, and solvent DMAc were sourced from Sigma-Aldrich, UK. Initiator DETC was sourced from Angene, UK. Due to the limited solubility of DETC in PETA (< 2 wt%), mixtures of 0.5 wt%, 1 wt% and 1.5 wt% DETC were investigated. The chemical structures of PETA and DETC are illustrated in Figure S1. The optical absorption spectra of pure DMAc, PETA in DMAc, DETC in DMAc and gold chloride hydrate in DM",converted_from_wt_percent,converted_from_wt_percent,auto_provisional_accept,machine_high,auto_accept,loading candidate has raw value/unit; normalization basis recorded,CAND-0000147
SUP-AUTO-000148,ZPC-001953,,10.1038/s41598-017-17391-1,Additive manufacture of complex 3D Au-containing nanocomposites by simultaneous two-photon polymerisation and photoreduction,pi_loading,0.5,wt%,,,,"rials. Monomer PETA, gold salt HAuCl4∙3H2O, and solvent DMAc were sourced from Sigma-Aldrich, UK. Initiator DETC was sourced from Angene, UK. Due to the limited solubility of DETC in PETA (< 2 wt%), mixtures of 0.5 wt%, 1 wt% and 1.5 wt% DETC were investigated. The chemical structures of PETA and DETC are illustrated in Figure S1. The optical absorption spectra of pure DMAc, PETA in DMAc, DETC in DMAc and gold chloride hydrate in DMAc are shown in Figure S2. In all spectra, no absorption band is observed at the laser wavelength of 780 nm, which implies that the photo-induced reactions were associated with exciting the chemi- cals by the two-photon absorption process. Nanocomposite fabrication. Au-containing nanocomposites were fabricated using a commercial two-photon lithography system – Nanoscribe Photonic Professional GT, equipped with a fiber laser at a wave- length of 780 nm, pulse frequency of 80 MHz and pulse duration of 120 fs. An oil immersion objective (63x, NA = 1.4, WD = 190 µm) was used to focus the laser beam. Micro/nano 3D structures were formed by moving the laser beam in X-Y directions using a galvo-scanner and moving a piezo stage in the Z direction accordingly, or fixing the focus of the laser beam and moving a piezo stage in X, Y and Z directions accordingly. The laser po","rials. Monomer PETA, gold salt HAuCl4∙3H2O, and solvent DMAc were sourced from Sigma-Aldrich, UK. Initiator DETC was sourced from Angene, UK. Due to the limited solubility of DETC in PETA (< 2 wt%), mixtures of 0.5 wt%, 1 wt% and 1.5 wt% DETC were investigated. The chemical structures of PETA and DETC are illustrated in Figure S1. The optical absorption spectra of pure DMAc, PETA in DMAc, DETC in DMAc and gold chloride hydrate in DMAc are shown in Figure",converted_from_wt_percent,converted_from_wt_percent,auto_provisional_accept,machine_high,auto_accept,loading candidate has raw value/unit; normalization basis recorded,CAND-0000148
SUP-AUTO-000149,ZPC-001953,,10.1038/s41598-017-17391-1,Additive manufacture of complex 3D Au-containing nanocomposites by simultaneous two-photon polymerisation and photoreduction,pi_loading,1,wt%,,,,"rials. Monomer PETA, gold salt HAuCl4∙3H2O, and solvent DMAc were sourced from Sigma-Aldrich, UK. Initiator DETC was sourced from Angene, UK. Due to the limited solubility of DETC in PETA (< 2 wt%), mixtures of 0.5 wt%, 1 wt% and 1.5 wt% DETC were investigated. The chemical structures of PETA and DETC are illustrated in Figure S1. The optical absorption spectra of pure DMAc, PETA in DMAc, DETC in DMAc and gold chloride hydrate in DMAc are shown in Figure S2. In all spectra, no absorption band is observed at the laser wavelength of 780 nm, which implies that the photo-induced reactions were associated with exciting the chemi- cals by the two-photon absorption process. Nanocomposite fabrication. Au-containing nanocomposites were fabricated using a commercial two-photon lithography system – Nanoscribe Photonic Professional GT, equipped with a fiber laser at a wave- length of 780 nm, pulse frequency of 80 MHz and pulse duration of 120 fs. An oil immersion objective (63x, NA = 1.4, WD = 190 µm) was used to focus the laser beam. Micro/nano 3D structures were formed by moving the laser beam in X-Y directions using a galvo-scanner and moving a piezo stage in the Z direction accordingly, or fixing the focus of the laser beam and moving a piezo stage in X, Y and Z directions accordingly. The laser po","rials. Monomer PETA, gold salt HAuCl4∙3H2O, and solvent DMAc were sourced from Sigma-Aldrich, UK. Initiator DETC was sourced from Angene, UK. Due to the limited solubility of DETC in PETA (< 2 wt%), mixtures of 0.5 wt%, 1 wt% and 1.5 wt% DETC were investigated. The chemical structures of PETA and DETC are illustrated in Figure S1. The optical absorption spectra of pure DMAc, PETA in DMAc, DETC in DMAc and gold chloride hydrate in DMAc are shown in Figure S2. In",converted_from_wt_percent,converted_from_wt_percent,auto_provisional_accept,machine_high,auto_accept,loading candidate has raw value/unit; normalization basis recorded,CAND-0000149
SUP-AUTO-000150,ZPC-001953,,10.1038/s41598-017-17391-1,Additive manufacture of complex 3D Au-containing nanocomposites by simultaneous two-photon polymerisation and photoreduction,pi_loading,1.5,wt%,,,,"rials. Monomer PETA, gold salt HAuCl4∙3H2O, and solvent DMAc were sourced from Sigma-Aldrich, UK. Initiator DETC was sourced from Angene, UK. Due to the limited solubility of DETC in PETA (< 2 wt%), mixtures of 0.5 wt%, 1 wt% and 1.5 wt% DETC were investigated. The chemical structures of PETA and DETC are illustrated in Figure S1. The optical absorption spectra of pure DMAc, PETA in DMAc, DETC in DMAc and gold chloride hydrate in DMAc are shown in Figure S2. In all spectra, no absorption band is observed at the laser wavelength of 780 nm, which implies that the photo-induced reactions were associated with exciting the chemi- cals by the two-photon absorption process. Nanocomposite fabrication. Au-containing nanocomposites were fabricated using a commercial two-photon lithography system – Nanoscribe Photonic Professional GT, equipped with a fiber laser at a wave- length of 780 nm, pulse frequency of 80 MHz and pulse duration of 120 fs. An oil immersion objective (63x, NA = 1.4, WD = 190 µm) was used to focus the laser beam. Micro/nano 3D structures were formed by moving the laser beam in X-Y directions using a galvo-scanner and moving a piezo stage in the Z direction accordingly, or fixing the focus of the laser beam and moving a piezo stage in X, Y and Z directions accordingly. The laser po","rials. Monomer PETA, gold salt HAuCl4∙3H2O, and solvent DMAc were sourced from Sigma-Aldrich, UK. Initiator DETC was sourced from Angene, UK. Due to the limited solubility of DETC in PETA (< 2 wt%), mixtures of 0.5 wt%, 1 wt% and 1.5 wt% DETC were investigated. The chemical structures of PETA and DETC are illustrated in Figure S1. The optical absorption spectra of pure DMAc, PETA in DMAc, DETC in DMAc and gold chloride hydrate in DMAc are shown in Figure S2. In all spectra",converted_from_wt_percent,converted_from_wt_percent,auto_provisional_accept,machine_high,auto_accept,loading candidate has raw value/unit; normalization basis recorded,CAND-0000150
SUP-AUTO-000151,ZPC-001953,,10.1038/s41598-017-17391-1,Additive manufacture of complex 3D Au-containing nanocomposites by simultaneous two-photon polymerisation and photoreduction,pi_loading,190,µM,,,,"rials. Monomer PETA, gold salt HAuCl4∙3H2O, and solvent DMAc were sourced from Sigma-Aldrich, UK. Initiator DETC was sourced from Angene, UK. Due to the limited solubility of DETC in PETA (< 2 wt%), mixtures of 0.5 wt%, 1 wt% and 1.5 wt% DETC were investigated. The chemical structures of PETA and DETC are illustrated in Figure S1. The optical absorption spectra of pure DMAc, PETA in DMAc, DETC in DMAc and gold chloride hydrate in DMAc are shown in Figure S2. In all spectra, no absorption band is observed at the laser wavelength of 780 nm, which implies that the photo-induced reactions were associated with exciting the chemi- cals by the two-photon absorption process. Nanocomposite fabrication. Au-containing nanocomposites were fabricated using a commercial two-photon lithography system – Nanoscribe Photonic Professional GT, equipped with a fiber laser at a wave- length of 780 nm, pulse frequency of 80 MHz and pulse duration of 120 fs. An oil immersion objective (63x, NA = 1.4, WD = 190 µm) was used to focus the laser beam. Micro/nano 3D structures were formed by moving the laser beam in X-Y directions using a galvo-scanner and moving a piezo stage in the Z direction accordingly, or fixing the focus of the laser beam and moving a piezo stage in X, Y and Z directions accordingly. The laser po","ommercial two-photon lithography system – Nanoscribe Photonic Professional GT, equipped with a fiber laser at a wave- length of 780 nm, pulse frequency of 80 MHz and pulse duration of 120 fs. An oil immersion objective (63x, NA = 1.4, WD = 190 µm) was used to focus the laser beam. Micro/nano 3D structures were formed by moving the laser beam in X-Y directions using a galvo-scanner and moving a piezo stage in the Z direction accordingly, or fixing the focus of the laser beam and mov",reported_mM,reported_direct,auto_provisional_accept,machine_high,auto_accept,loading candidate has raw value/unit; normalization basis recorded,CAND-0000151
SUP-AUTO-000152,ZPC-001953,,10.1038/s41598-017-17391-1,Additive manufacture of complex 3D Au-containing nanocomposites by simultaneous two-photon polymerisation and photoreduction,experimental_context,wavelength_nm=780;NA=1.4;pulse_width_fs=120;repetition_rate_MHz=80;power_measurement_plane=not_reported;resin_formulation=candidate_in_anchor,context,,,,"rials. Monomer PETA, gold salt HAuCl4∙3H2O, and solvent DMAc were sourced from Sigma-Aldrich, UK. Initiator DETC was sourced from Angene, UK. Due to the limited solubility of DETC in PETA (< 2 wt%), mixtures of 0.5 wt%, 1 wt% and 1.5 wt% DETC were investigated. The chemical structures of PETA and DETC are illustrated in Figure S1. The optical absorption spectra of pure DMAc, PETA in DMAc, DETC in DMAc and gold chloride hydrate in DMAc are shown in Figure S2. In all spectra, no absorption band is observed at the laser wavelength of 780 nm, which implies that the photo-induced reactions were associated with exciting the chemi- cals by the two-photon absorption process. Nanocomposite fabrication. Au-containing nanocomposites were fabricated using a commercial two-photon lithography system – Nanoscribe Photonic Professional GT, equipped with a fiber laser at a wave- length of 780 nm, pulse frequency of 80 MHz and pulse duration of 120 fs. An oil immersion objective (63x, NA = 1.4, WD = 190 µm) was used to focus the laser beam. Micro/nano 3D structures were formed by moving the laser beam in X-Y directions using a galvo-scanner and moving a piezo stage in the Z direction accordingly, or fixing the focus of the laser beam and moving a piezo stage in X, Y and Z directions accordingly. The laser po","rials. Monomer PETA, gold salt HAuCl4∙3H2O, and solvent DMAc were sourced from Sigma-Aldrich, UK. Initiator DETC was sourced from Angene, UK. Due to the limited solubility of DETC in PETA (< 2 wt%), mixtures of 0.5 wt%, 1 wt% and 1.5 wt% DETC were investigated. The chemical structures of PETA and DETC are illustrated in Figure S1. The optical absorption spectra of pure DMAc, PETA in DMAc, DETC in DMAc and gold chloride hydrate in DMAc are shown in Figure S2. In all spectra, no absorption band is observed at the laser wavelength of 780 nm, which implies that the photo-induced reactions were associated with exciting the chemi- cals by the two-photon absorption process. Nanocomposite fabrication. Au-containing nanocomposites were fabricated using a commercial two-photon lithography system – Nanoscribe Photonic Professional GT, equipped with a fiber laser at a wave- length of 780 nm, puls...",not_applicable,reported_direct,auto_provisional_accept,machine_high,auto_accept,context candidate has wavelength and resin signal; equality across all PIs still needs audit,CAND-0000152
SUP-AUTO-000153,ZPC-001953,,10.1038/s41598-017-17391-1,Additive manufacture of complex 3D Au-containing nanocomposites by simultaneous two-photon polymerisation and photoreduction,pi_loading,3,wt%,,,,"-017-17391-1 to be possible by Liu et al. through the addition of a ruthenium-based dye to the resin mixture22. This enhanced the efficacy of the polymerisation process but the loadings were limited to 3 wt% of the gold salt. Whilst these studies clearly demonstrate the potential to create functional 3D nanocomposite structures, the need for a more efficacious way of inducing the formation of the matrix whilst controlling the growth of the nanoparticles is still a critically requirement. Further, for a range of applications, including for example the production of metamaterials and biosensors, it is desirable to be able control the gold concentration on demand. As a consequence it is impor- tant to develop a general formula which can support a broad range of gold concentrations and can be developed through two-photon lithography. One barrier to the development of a general formula is the absence of a proven efficient photoinitiator that can be used to produce materials with a range of gold concentration. A candidate for this is 7-Diethylamino- 3-thenoylcoumarin (DETC), which has been reported as an efficient photoinitiator for polymerisation 23– 25. Compared to commonly used Type I photoinitiators, such as Irgacure 819 and Irgacure 369, DETC can reduce the initiator requirement by up","-017-17391-1 to be possible by Liu et al. through the addition of a ruthenium-based dye to the resin mixture22. This enhanced the efficacy of the polymerisation process but the loadings were limited to 3 wt% of the gold salt. Whilst these studies clearly demonstrate the potential to create functional 3D nanocomposite structures, the need for a more efficacious way of inducing the formation of the matrix whilst controlling the growth of the nan",converted_from_wt_percent,converted_from_wt_percent,auto_provisional_accept,machine_high,auto_accept,loading candidate has raw value/unit; normalization basis recorded,CAND-0000153
SUP-AUTO-000154,ZPC-001953,,10.1038/s41598-017-17391-1,Additive manufacture of complex 3D Au-containing nanocomposites by simultaneous two-photon polymerisation and photoreduction,experimental_context,power_measurement_plane=not_reported;development_protocol=reported;resin_formulation=candidate_in_anchor,context,,,,"-017-17391-1 to be possible by Liu et al. through the addition of a ruthenium-based dye to the resin mixture22. This enhanced the efficacy of the polymerisation process but the loadings were limited to 3 wt% of the gold salt. Whilst these studies clearly demonstrate the potential to create functional 3D nanocomposite structures, the need for a more efficacious way of inducing the formation of the matrix whilst controlling the growth of the nanoparticles is still a critically requirement. Further, for a range of applications, including for example the production of metamaterials and biosensors, it is desirable to be able control the gold concentration on demand. As a consequence it is impor- tant to develop a general formula which can support a broad range of gold concentrations and can be developed through two-photon lithography. One barrier to the development of a general formula is the absence of a proven efficient photoinitiator that can be used to produce materials with a range of gold concentration. A candidate for this is 7-Diethylamino- 3-thenoylcoumarin (DETC), which has been reported as an efficient photoinitiator for polymerisation 23– 25. Compared to commonly used Type I photoinitiators, such as Irgacure 819 and Irgacure 369, DETC can reduce the initiator requirement by up","-017-17391-1 to be possible by Liu et al. through the addition of a ruthenium-based dye to the resin mixture22. This enhanced the efficacy of the polymerisation process but the loadings were limited to 3 wt% of the gold salt. Whilst these studies clearly demonstrate the potential to create functional 3D nanocomposite structures, the need for a more efficacious way of inducing the formation of the matrix whilst controlling the growth of the nanoparticles is still a critically requirement. Further, for a range of applications, including for example the production of metamaterials and biosensors, it is desirable to be able control the gold concentration on demand. As a consequence it is impor- tant to develop a general formula which can support a broad range of gold concentrations and can be developed through two-photon lithography. One barrier to the development of a general formula is...",not_applicable,reported_direct,auto_retained_context_candidate,machine_medium,manual_review,context_missing_wavelength,CAND-0000154
SUP-AUTO-000155,ZPC-001953,,10.1038/s41598-017-17391-1,Additive manufacture of complex 3D Au-containing nanocomposites by simultaneous two-photon polymerisation and photoreduction,pi_loading,0.25,wt%,,,,"or 14 times (compared to Irgacure 369) 23. In fact, a level as low as 0.25 wt% DETC has been shown to be sufficient to achieve the polymerisation of pen- taerythritol triacrylate (PETA) monomer26. However, no prior studies have reported the use of DETC as a pho- toinitiator for composite fabrication. This study reports the first demonstration of DETC as an efficient initiator for simultaneous two-photon polymerisation and photoreduction. In addition to promoting the polymerisation of PETA, only 0.5 wt% of DETC was sufficient to also promote the photoreduction of up to 20 wt% of the gold salt. This represents the highest efficiency for an initiator in the fabrication of gold-containing composites by two-photon lithography. In this paper, the use of DETC as an efficacious photoinitiator to promote the formation of complex 3D gold-containing nanocomposite structures using simultaneous two-photon polymerisation and photoreduction is shown. It is also demonstrated that the concentration of the gold salt in the resin mixture can be readily varied between 0 and 20 wt%, offering potential for the control of the resultant hybrid microstructure. The feature size can be effectively reduced by incorporation of a gold salt into the resin mixture, with line width as small as 78 nm has been sh","or 14 times (compared to Irgacure 369) 23. In fact, a level as low as 0.25 wt% DETC has been shown to be sufficient to achieve the polymerisation of pen- taerythritol triacrylate (PETA) monomer26. However, no prior studies have reported the use of DETC as a pho- toinitiator for composite fabrication. This study repor",converted_from_wt_percent,converted_from_wt_percent,auto_provisional_accept,machine_high,auto_accept,loading candidate has raw value/unit; normalization basis recorded,CAND-0000155
SUP-AUTO-000156,ZPC-001953,,10.1038/s41598-017-17391-1,Additive manufacture of complex 3D Au-containing nanocomposites by simultaneous two-photon polymerisation and photoreduction,pi_loading,0.5,wt%,,,,"or 14 times (compared to Irgacure 369) 23. In fact, a level as low as 0.25 wt% DETC has been shown to be sufficient to achieve the polymerisation of pen- taerythritol triacrylate (PETA) monomer26. However, no prior studies have reported the use of DETC as a pho- toinitiator for composite fabrication. This study reports the first demonstration of DETC as an efficient initiator for simultaneous two-photon polymerisation and photoreduction. In addition to promoting the polymerisation of PETA, only 0.5 wt% of DETC was sufficient to also promote the photoreduction of up to 20 wt% of the gold salt. This represents the highest efficiency for an initiator in the fabrication of gold-containing composites by two-photon lithography. In this paper, the use of DETC as an efficacious photoinitiator to promote the formation of complex 3D gold-containing nanocomposite structures using simultaneous two-photon polymerisation and photoreduction is shown. It is also demonstrated that the concentration of the gold salt in the resin mixture can be readily varied between 0 and 20 wt%, offering potential for the control of the resultant hybrid microstructure. The feature size can be effectively reduced by incorporation of a gold salt into the resin mixture, with line width as small as 78 nm has been sh","o- toinitiator for composite fabrication. This study reports the first demonstration of DETC as an efficient initiator for simultaneous two-photon polymerisation and photoreduction. In addition to promoting the polymerisation of PETA, only 0.5 wt% of DETC was sufficient to also promote the photoreduction of up to 20 wt% of the gold salt. This represents the highest efficiency for an initiator in the fabrication of gold-containing composites by two-photon lithography. In this paper,",converted_from_wt_percent,converted_from_wt_percent,auto_provisional_accept,machine_high,auto_accept,loading candidate has raw value/unit; normalization basis recorded,CAND-0000156
SUP-AUTO-000157,ZPC-001953,,10.1038/s41598-017-17391-1,Additive manufacture of complex 3D Au-containing nanocomposites by simultaneous two-photon polymerisation and photoreduction,pi_loading,20,wt%,,,,"or 14 times (compared to Irgacure 369) 23. In fact, a level as low as 0.25 wt% DETC has been shown to be sufficient to achieve the polymerisation of pen- taerythritol triacrylate (PETA) monomer26. However, no prior studies have reported the use of DETC as a pho- toinitiator for composite fabrication. This study reports the first demonstration of DETC as an efficient initiator for simultaneous two-photon polymerisation and photoreduction. In addition to promoting the polymerisation of PETA, only 0.5 wt% of DETC was sufficient to also promote the photoreduction of up to 20 wt% of the gold salt. This represents the highest efficiency for an initiator in the fabrication of gold-containing composites by two-photon lithography. In this paper, the use of DETC as an efficacious photoinitiator to promote the formation of complex 3D gold-containing nanocomposite structures using simultaneous two-photon polymerisation and photoreduction is shown. It is also demonstrated that the concentration of the gold salt in the resin mixture can be readily varied between 0 and 20 wt%, offering potential for the control of the resultant hybrid microstructure. The feature size can be effectively reduced by incorporation of a gold salt into the resin mixture, with line width as small as 78 nm has been sh","nstration of DETC as an efficient initiator for simultaneous two-photon polymerisation and photoreduction. In addition to promoting the polymerisation of PETA, only 0.5 wt% of DETC was sufficient to also promote the photoreduction of up to 20 wt% of the gold salt. This represents the highest efficiency for an initiator in the fabrication of gold-containing composites by two-photon lithography. In this paper, the use of DETC as an efficacious photoinitiator to promote the formation",converted_from_wt_percent,converted_from_wt_percent,auto_provisional_accept,machine_high,auto_accept,loading candidate has raw value/unit; normalization basis recorded,CAND-0000157
SUP-AUTO-000158,ZPC-001953,,10.1038/s41598-017-17391-1,Additive manufacture of complex 3D Au-containing nanocomposites by simultaneous two-photon polymerisation and photoreduction,pi_loading,20,wt%,,,,"or 14 times (compared to Irgacure 369) 23. In fact, a level as low as 0.25 wt% DETC has been shown to be sufficient to achieve the polymerisation of pen- taerythritol triacrylate (PETA) monomer26. However, no prior studies have reported the use of DETC as a pho- toinitiator for composite fabrication. This study reports the first demonstration of DETC as an efficient initiator for simultaneous two-photon polymerisation and photoreduction. In addition to promoting the polymerisation of PETA, only 0.5 wt% of DETC was sufficient to also promote the photoreduction of up to 20 wt% of the gold salt. This represents the highest efficiency for an initiator in the fabrication of gold-containing composites by two-photon lithography. In this paper, the use of DETC as an efficacious photoinitiator to promote the formation of complex 3D gold-containing nanocomposite structures using simultaneous two-photon polymerisation and photoreduction is shown. It is also demonstrated that the concentration of the gold salt in the resin mixture can be readily varied between 0 and 20 wt%, offering potential for the control of the resultant hybrid microstructure. The feature size can be effectively reduced by incorporation of a gold salt into the resin mixture, with line width as small as 78 nm has been sh","3D gold-containing nanocomposite structures using simultaneous two-photon polymerisation and photoreduction is shown. It is also demonstrated that the concentration of the gold salt in the resin mixture can be readily varied between 0 and 20 wt%, offering potential for the control of the resultant hybrid microstructure. The feature size can be effectively reduced by incorporation of a gold salt into the resin mixture, with line width as small as 78 nm has been sh",converted_from_wt_percent,converted_from_wt_percent,auto_provisional_accept,machine_high,auto_accept,loading candidate has raw value/unit; normalization basis recorded,CAND-0000158
SUP-AUTO-000159,ZPC-001953,,10.1038/s41598-017-17391-1,Additive manufacture of complex 3D Au-containing nanocomposites by simultaneous two-photon polymerisation and photoreduction,experimental_context,power_measurement_plane=not_reported;threshold_definition=candidate_in_anchor;resin_formulation=candidate_in_anchor,context,,,,"or 14 times (compared to Irgacure 369) 23. In fact, a level as low as 0.25 wt% DETC has been shown to be sufficient to achieve the polymerisation of pen- taerythritol triacrylate (PETA) monomer26. However, no prior studies have reported the use of DETC as a pho- toinitiator for composite fabrication. This study reports the first demonstration of DETC as an efficient initiator for simultaneous two-photon polymerisation and photoreduction. In addition to promoting the polymerisation of PETA, only 0.5 wt% of DETC was sufficient to also promote the photoreduction of up to 20 wt% of the gold salt. This represents the highest efficiency for an initiator in the fabrication of gold-containing composites by two-photon lithography. In this paper, the use of DETC as an efficacious photoinitiator to promote the formation of complex 3D gold-containing nanocomposite structures using simultaneous two-photon polymerisation and photoreduction is shown. It is also demonstrated that the concentration of the gold salt in the resin mixture can be readily varied between 0 and 20 wt%, offering potential for the control of the resultant hybrid microstructure. The feature size can be effectively reduced by incorporation of a gold salt into the resin mixture, with line width as small as 78 nm has been sh","or 14 times (compared to Irgacure 369) 23. In fact, a level as low as 0.25 wt% DETC has been shown to be sufficient to achieve the polymerisation of pen- taerythritol triacrylate (PETA) monomer26. However, no prior studies have reported the use of DETC as a pho- toinitiator for composite fabrication. This study reports the first demonstration of DETC as an efficient initiator for simultaneous two-photon polymerisation and photoreduction. In addition to promoting the polymerisation of PETA, only 0.5 wt% of DETC was sufficient to also promote the photoreduction of up to 20 wt% of the gold salt. This represents the highest efficiency for an initiator in the fabrication of gold-containing composites by two-photon lithography. In this paper, the use of DETC as an efficacious photoinitiator to promote the formation of complex 3D gold-containing nanocomposite structures using simultaneous tw...",not_applicable,reported_direct,auto_retained_context_candidate,machine_medium,manual_review,context_missing_wavelength,CAND-0000159
SUP-AUTO-000160,ZPC-001953,,10.1038/s41598-017-17391-1,Additive manufacture of complex 3D Au-containing nanocomposites by simultaneous two-photon polymerisation and photoreduction,voxel_geometry,line_width_um=0.078,mixed,,,,"or 14 times (compared to Irgacure 369) 23. In fact, a level as low as 0.25 wt% DETC has been shown to be sufficient to achieve the polymerisation of pen- taerythritol triacrylate (PETA) monomer26. However, no prior studies have reported the use of DETC as a pho- toinitiator for composite fabrication. This study reports the first demonstration of DETC as an efficient initiator for simultaneous two-photon polymerisation and photoreduction. In addition to promoting the polymerisation of PETA, only 0.5 wt% of DETC was sufficient to also promote the photoreduction of up to 20 wt% of the gold salt. This represents the highest efficiency for an initiator in the fabrication of gold-containing composites by two-photon lithography. In this paper, the use of DETC as an efficacious photoinitiator to promote the formation of complex 3D gold-containing nanocomposite structures using simultaneous two-photon polymerisation and photoreduction is shown. It is also demonstrated that the concentration of the gold salt in the resin mixture can be readily varied between 0 and 20 wt%, offering potential for the control of the resultant hybrid microstructure. The feature size can be effectively reduced by incorporation of a gold salt into the resin mixture, with line width as small as 78 nm has been sh","or 14 times (compared to Irgacure 369) 23. In fact, a level as low as 0.25 wt% DETC has been shown to be sufficient to achieve the polymerisation of pen- taerythritol triacrylate (PETA) monomer26. However, no prior studies have reported the use of DETC as a pho- toinitiator for composite fabrication. This study reports the first demonstration of DETC as an efficient initiator for simultaneous two-photon polymerisation and photoreduction. In addition to promoting the polymerisation of PETA, only 0.5 wt% of DETC was sufficient to also promote the photoreduction of up to 20 wt% of the gold salt. This represents the highest efficiency for an initiator in the fabrication of gold-containing composites by two-photon lithography. In this paper, the use of DETC as an efficacious photoinitiator to promote the formation of complex 3D gold-containing nanocomposite structures using simultaneous tw...",not_applicable,reported_direct,auto_retained_context_candidate,machine_medium,manual_review,COMSOL_context_not_verified,CAND-0000160
SUP-AUTO-000161,ZPC-001953,,10.1038/s41598-017-17391-1,Additive manufacture of complex 3D Au-containing nanocomposites by simultaneous two-photon polymerisation and photoreduction,pi_loading,20,wt%,,,,"salt. This represents the highest efficiency for an initiator in the fabrication of gold-containing composites by two-photon lithography. In this paper, the use of DETC as an efficacious photoinitiator to promote the formation of complex 3D gold-containing nanocomposite structures using simultaneous two-photon polymerisation and photoreduction is shown. It is also demonstrated that the concentration of the gold salt in the resin mixture can be readily varied between 0 and 20 wt%, offering potential for the control of the resultant hybrid microstructure. The feature size can be effectively reduced by incorporation of a gold salt into the resin mixture, with line width as small as 78 nm has been shown to be possible under these conditions. The structural intricacy demonstrated here represents a significant advance in the fabrication complexity achievable. The gold nanoparticles generated in situ exhibit a remarkable optical property of localised surface plasmon resonance (LSPR). The capability demonstrated in this study opens new avenues for a range of applications, including plasmonics, metamaterials, flexible electronics and biosensors. In particularly, user-defined 3D composite structures can be readily fabricated in this way. Results and Discussion A general additive manu","3D gold-containing nanocomposite structures using simultaneous two-photon polymerisation and photoreduction is shown. It is also demonstrated that the concentration of the gold salt in the resin mixture can be readily varied between 0 and 20 wt%, offering potential for the control of the resultant hybrid microstructure. The feature size can be effectively reduced by incorporation of a gold salt into the resin mixture, with line width as small as 78 nm has been shown to be possible",converted_from_wt_percent,converted_from_wt_percent,auto_provisional_accept,machine_high,auto_accept,loading candidate has raw value/unit; normalization basis recorded,CAND-0000161
SUP-AUTO-000162,ZPC-001953,,10.1038/s41598-017-17391-1,Additive manufacture of complex 3D Au-containing nanocomposites by simultaneous two-photon polymerisation and photoreduction,experimental_context,power_measurement_plane=not_reported;threshold_definition=candidate_in_anchor;resin_formulation=candidate_in_anchor,context,,,,"salt. This represents the highest efficiency for an initiator in the fabrication of gold-containing composites by two-photon lithography. In this paper, the use of DETC as an efficacious photoinitiator to promote the formation of complex 3D gold-containing nanocomposite structures using simultaneous two-photon polymerisation and photoreduction is shown. It is also demonstrated that the concentration of the gold salt in the resin mixture can be readily varied between 0 and 20 wt%, offering potential for the control of the resultant hybrid microstructure. The feature size can be effectively reduced by incorporation of a gold salt into the resin mixture, with line width as small as 78 nm has been shown to be possible under these conditions. The structural intricacy demonstrated here represents a significant advance in the fabrication complexity achievable. The gold nanoparticles generated in situ exhibit a remarkable optical property of localised surface plasmon resonance (LSPR). The capability demonstrated in this study opens new avenues for a range of applications, including plasmonics, metamaterials, flexible electronics and biosensors. In particularly, user-defined 3D composite structures can be readily fabricated in this way. Results and Discussion A general additive manu","salt. This represents the highest efficiency for an initiator in the fabrication of gold-containing composites by two-photon lithography. In this paper, the use of DETC as an efficacious photoinitiator to promote the formation of complex 3D gold-containing nanocomposite structures using simultaneous two-photon polymerisation and photoreduction is shown. It is also demonstrated that the concentration of the gold salt in the resin mixture can be readily varied between 0 and 20 wt%, offering potential for the control of the resultant hybrid microstructure. The feature size can be effectively reduced by incorporation of a gold salt into the resin mixture, with line width as small as 78 nm has been shown to be possible under these conditions. The structural intricacy demonstrated here represents a significant advance in the fabrication complexity achievable. The gold nanoparticles generate...",not_applicable,reported_direct,auto_retained_context_candidate,machine_medium,manual_review,context_missing_wavelength,CAND-0000162
SUP-AUTO-000163,ZPC-001953,,10.1038/s41598-017-17391-1,Additive manufacture of complex 3D Au-containing nanocomposites by simultaneous two-photon polymerisation and photoreduction,voxel_geometry,line_width_um=0.078,mixed,,,,"salt. This represents the highest efficiency for an initiator in the fabrication of gold-containing composites by two-photon lithography. In this paper, the use of DETC as an efficacious photoinitiator to promote the formation of complex 3D gold-containing nanocomposite structures using simultaneous two-photon polymerisation and photoreduction is shown. It is also demonstrated that the concentration of the gold salt in the resin mixture can be readily varied between 0 and 20 wt%, offering potential for the control of the resultant hybrid microstructure. The feature size can be effectively reduced by incorporation of a gold salt into the resin mixture, with line width as small as 78 nm has been shown to be possible under these conditions. The structural intricacy demonstrated here represents a significant advance in the fabrication complexity achievable. The gold nanoparticles generated in situ exhibit a remarkable optical property of localised surface plasmon resonance (LSPR). The capability demonstrated in this study opens new avenues for a range of applications, including plasmonics, metamaterials, flexible electronics and biosensors. In particularly, user-defined 3D composite structures can be readily fabricated in this way. Results and Discussion A general additive manu","salt. This represents the highest efficiency for an initiator in the fabrication of gold-containing composites by two-photon lithography. In this paper, the use of DETC as an efficacious photoinitiator to promote the formation of complex 3D gold-containing nanocomposite structures using simultaneous two-photon polymerisation and photoreduction is shown. It is also demonstrated that the concentration of the gold salt in the resin mixture can be readily varied between 0 and 20 wt%, offering potential for the control of the resultant hybrid microstructure. The feature size can be effectively reduced by incorporation of a gold salt into the resin mixture, with line width as small as 78 nm has been shown to be possible under these conditions. The structural intricacy demonstrated here represents a significant advance in the fabrication complexity achievable. The gold nanoparticles generate...",not_applicable,reported_direct,auto_retained_context_candidate,machine_medium,manual_review,COMSOL_context_not_verified,CAND-0000163
SUP-AUTO-000164,ZPC-001953,,10.1038/s41598-017-17391-1,Additive manufacture of complex 3D Au-containing nanocomposites by simultaneous two-photon polymerisation and photoreduction,pi_loading,1.5,wt%,,,,"significant advance in the fabrication complexity achievable. The gold nanoparticles generated in situ exhibit a remarkable optical property of localised surface plasmon resonance (LSPR). The capability demonstrated in this study opens new avenues for a range of applications, including plasmonics, metamaterials, flexible electronics and biosensors. In particularly, user-defined 3D composite structures can be readily fabricated in this way. Results and Discussion A general additive manufacturing (AM) method to synthesis nanocomposites by simultaneous two-photon polymerisation and photoreduction is illustrated in Figure 1. The first pre-resin consists of PETA with 0.5– 1.5 wt% of the photoinitiator DETC, whilst the second gold salt pre-resin contains gold(III) chloride hydrate (HAuCl 4∙3H2O) and 0.5–1.5 wt% DETC dissolved in N,N-dimethylacetamide (DMAc). These two resins are always prepared to contain the same concentration of DETC which are then mixed to achieve the desired gold concentration. The compositions of the 15 individual formulations that were used in this study are summarized in Supplementary Table S1. A mixture composed of two pre-resins is loaded onto a glass substrate. A near-infrared (780 nm) femtosecond laser beam is then focused into the resin mixture, such","is way. Results and Discussion A general additive manufacturing (AM) method to synthesis nanocomposites by simultaneous two-photon polymerisation and photoreduction is illustrated in Figure 1. The first pre-resin consists of PETA with 0.5– 1.5 wt% of the photoinitiator DETC, whilst the second gold salt pre-resin contains gold(III) chloride hydrate (HAuCl 4∙3H2O) and 0.5–1.5 wt% DETC dissolved in N,N-dimethylacetamide (DMAc). These two resins are always prepared to contain the same c",converted_from_wt_percent,converted_from_wt_percent,auto_provisional_accept,machine_high,auto_accept,loading candidate has raw value/unit; normalization basis recorded,CAND-0000164
SUP-AUTO-000165,ZPC-001953,,10.1038/s41598-017-17391-1,Additive manufacture of complex 3D Au-containing nanocomposites by simultaneous two-photon polymerisation and photoreduction,pi_loading,1.5,wt%,,,,"significant advance in the fabrication complexity achievable. The gold nanoparticles generated in situ exhibit a remarkable optical property of localised surface plasmon resonance (LSPR). The capability demonstrated in this study opens new avenues for a range of applications, including plasmonics, metamaterials, flexible electronics and biosensors. In particularly, user-defined 3D composite structures can be readily fabricated in this way. Results and Discussion A general additive manufacturing (AM) method to synthesis nanocomposites by simultaneous two-photon polymerisation and photoreduction is illustrated in Figure 1. The first pre-resin consists of PETA with 0.5– 1.5 wt% of the photoinitiator DETC, whilst the second gold salt pre-resin contains gold(III) chloride hydrate (HAuCl 4∙3H2O) and 0.5–1.5 wt% DETC dissolved in N,N-dimethylacetamide (DMAc). These two resins are always prepared to contain the same concentration of DETC which are then mixed to achieve the desired gold concentration. The compositions of the 15 individual formulations that were used in this study are summarized in Supplementary Table S1. A mixture composed of two pre-resins is loaded onto a glass substrate. A near-infrared (780 nm) femtosecond laser beam is then focused into the resin mixture, such","lymerisation and photoreduction is illustrated in Figure 1. The first pre-resin consists of PETA with 0.5– 1.5 wt% of the photoinitiator DETC, whilst the second gold salt pre-resin contains gold(III) chloride hydrate (HAuCl 4∙3H2O) and 0.5–1.5 wt% DETC dissolved in N,N-dimethylacetamide (DMAc). These two resins are always prepared to contain the same concentration of DETC which are then mixed to achieve the desired gold concentration. The compositions of the 15 individual formulatio",converted_from_wt_percent,converted_from_wt_percent,auto_provisional_accept,machine_high,auto_accept,loading candidate has raw value/unit; normalization basis recorded,CAND-0000165
SUP-AUTO-000166,ZPC-001953,,10.1038/s41598-017-17391-1,Additive manufacture of complex 3D Au-containing nanocomposites by simultaneous two-photon polymerisation and photoreduction,experimental_context,wavelength_nm=780;power_measurement_plane=not_reported;resin_formulation=candidate_in_anchor,context,,,,"significant advance in the fabrication complexity achievable. The gold nanoparticles generated in situ exhibit a remarkable optical property of localised surface plasmon resonance (LSPR). The capability demonstrated in this study opens new avenues for a range of applications, including plasmonics, metamaterials, flexible electronics and biosensors. In particularly, user-defined 3D composite structures can be readily fabricated in this way. Results and Discussion A general additive manufacturing (AM) method to synthesis nanocomposites by simultaneous two-photon polymerisation and photoreduction is illustrated in Figure 1. The first pre-resin consists of PETA with 0.5– 1.5 wt% of the photoinitiator DETC, whilst the second gold salt pre-resin contains gold(III) chloride hydrate (HAuCl 4∙3H2O) and 0.5–1.5 wt% DETC dissolved in N,N-dimethylacetamide (DMAc). These two resins are always prepared to contain the same concentration of DETC which are then mixed to achieve the desired gold concentration. The compositions of the 15 individual formulations that were used in this study are summarized in Supplementary Table S1. A mixture composed of two pre-resins is loaded onto a glass substrate. A near-infrared (780 nm) femtosecond laser beam is then focused into the resin mixture, such","significant advance in the fabrication complexity achievable. The gold nanoparticles generated in situ exhibit a remarkable optical property of localised surface plasmon resonance (LSPR). The capability demonstrated in this study opens new avenues for a range of applications, including plasmonics, metamaterials, flexible electronics and biosensors. In particularly, user-defined 3D composite structures can be readily fabricated in this way. Results and Discussion A general additive manufacturing (AM) method to synthesis nanocomposites by simultaneous two-photon polymerisation and photoreduction is illustrated in Figure 1. The first pre-resin consists of PETA with 0.5– 1.5 wt% of the photoinitiator DETC, whilst the second gold salt pre-resin contains gold(III) chloride hydrate (HAuCl 4∙3H2O) and 0.5–1.5 wt% DETC dissolved in N,N-dimethylacetamide (DMAc). These two resins are always prep...",not_applicable,reported_direct,auto_provisional_accept,machine_high,auto_accept,context candidate has wavelength and resin signal; equality across all PIs still needs audit,CAND-0000166
SUP-AUTO-000167,ZPC-001953,,10.1038/s41598-017-17391-1,Additive manufacture of complex 3D Au-containing nanocomposites by simultaneous two-photon polymerisation and photoreduction,pi_loading,1.5,wt%,,,,"The first pre-resin consists of PETA with 0.5– 1.5 wt% of the photoinitiator DETC, whilst the second gold salt pre-resin contains gold(III) chloride hydrate (HAuCl 4∙3H2O) and 0.5–1.5 wt% DETC dissolved in N,N-dimethylacetamide (DMAc). These two resins are always prepared to contain the same concentration of DETC which are then mixed to achieve the desired gold concentration. The compositions of the 15 individual formulations that were used in this study are summarized in Supplementary Table S1. A mixture composed of two pre-resins is loaded onto a glass substrate. A near-infrared (780 nm) femtosecond laser beam is then focused into the resin mixture, such that the photoinitiator is excited by the simultaneous absorption of two photons. This excitation subsequently triggered local chemical reactions, including monomer polymerisation, cross linking and metal salt reduction. In this way, both the polymer matrix and metal nanoparticles were formed simultaneously. As a direct result of this methodology, the in-situ generated nanoparticles were instantaneously embedded in a polymer matrix, preventing their further growth. Figure 1. Illustration a general method of fabricating nanocomposites by simultaneous two-photon polymerisation and photoreduction. A drop of mixture (yellow) i","The first pre-resin consists of PETA with 0.5– 1.5 wt% of the photoinitiator DETC, whilst the second gold salt pre-resin contains gold(III) chloride hydrate (HAuCl 4∙3H2O) and 0.5–1.5 wt% DETC dissolved in N,N-dimethylacetamide (DMAc). These two resins are always prepared to contain the same c",converted_from_wt_percent,converted_from_wt_percent,auto_provisional_accept,machine_high,auto_accept,loading candidate has raw value/unit; normalization basis recorded,CAND-0000167
SUP-AUTO-000168,ZPC-001953,,10.1038/s41598-017-17391-1,Additive manufacture of complex 3D Au-containing nanocomposites by simultaneous two-photon polymerisation and photoreduction,pi_loading,1.5,wt%,,,,"The first pre-resin consists of PETA with 0.5– 1.5 wt% of the photoinitiator DETC, whilst the second gold salt pre-resin contains gold(III) chloride hydrate (HAuCl 4∙3H2O) and 0.5–1.5 wt% DETC dissolved in N,N-dimethylacetamide (DMAc). These two resins are always prepared to contain the same concentration of DETC which are then mixed to achieve the desired gold concentration. The compositions of the 15 individual formulations that were used in this study are summarized in Supplementary Table S1. A mixture composed of two pre-resins is loaded onto a glass substrate. A near-infrared (780 nm) femtosecond laser beam is then focused into the resin mixture, such that the photoinitiator is excited by the simultaneous absorption of two photons. This excitation subsequently triggered local chemical reactions, including monomer polymerisation, cross linking and metal salt reduction. In this way, both the polymer matrix and metal nanoparticles were formed simultaneously. As a direct result of this methodology, the in-situ generated nanoparticles were instantaneously embedded in a polymer matrix, preventing their further growth. Figure 1. Illustration a general method of fabricating nanocomposites by simultaneous two-photon polymerisation and photoreduction. A drop of mixture (yellow) i","The first pre-resin consists of PETA with 0.5– 1.5 wt% of the photoinitiator DETC, whilst the second gold salt pre-resin contains gold(III) chloride hydrate (HAuCl 4∙3H2O) and 0.5–1.5 wt% DETC dissolved in N,N-dimethylacetamide (DMAc). These two resins are always prepared to contain the same concentration of DETC which are then mixed to achieve the desired gold concentration. The compositions of the 15 individual formulatio",converted_from_wt_percent,converted_from_wt_percent,auto_provisional_accept,machine_high,auto_accept,loading candidate has raw value/unit; normalization basis recorded,CAND-0000168
SUP-AUTO-000169,ZPC-001953,,10.1038/s41598-017-17391-1,Additive manufacture of complex 3D Au-containing nanocomposites by simultaneous two-photon polymerisation and photoreduction,experimental_context,wavelength_nm=780;power_measurement_plane=not_reported;resin_formulation=candidate_in_anchor,context,,,,"The first pre-resin consists of PETA with 0.5– 1.5 wt% of the photoinitiator DETC, whilst the second gold salt pre-resin contains gold(III) chloride hydrate (HAuCl 4∙3H2O) and 0.5–1.5 wt% DETC dissolved in N,N-dimethylacetamide (DMAc). These two resins are always prepared to contain the same concentration of DETC which are then mixed to achieve the desired gold concentration. The compositions of the 15 individual formulations that were used in this study are summarized in Supplementary Table S1. A mixture composed of two pre-resins is loaded onto a glass substrate. A near-infrared (780 nm) femtosecond laser beam is then focused into the resin mixture, such that the photoinitiator is excited by the simultaneous absorption of two photons. This excitation subsequently triggered local chemical reactions, including monomer polymerisation, cross linking and metal salt reduction. In this way, both the polymer matrix and metal nanoparticles were formed simultaneously. As a direct result of this methodology, the in-situ generated nanoparticles were instantaneously embedded in a polymer matrix, preventing their further growth. Figure 1. Illustration a general method of fabricating nanocomposites by simultaneous two-photon polymerisation and photoreduction. A drop of mixture (yellow) i","The first pre-resin consists of PETA with 0.5– 1.5 wt% of the photoinitiator DETC, whilst the second gold salt pre-resin contains gold(III) chloride hydrate (HAuCl 4∙3H2O) and 0.5–1.5 wt% DETC dissolved in N,N-dimethylacetamide (DMAc). These two resins are always prepared to contain the same concentration of DETC which are then mixed to achieve the desired gold concentration. The compositions of the 15 individual formulations that were used in this study are summarized in Supplementary Table S1. A mixture composed of two pre-resins is loaded onto a glass substrate. A near-infrared (780 nm) femtosecond laser beam is then focused into the resin mixture, such that the photoinitiator is excited by the simultaneous absorption of two photons. This excitation subsequently triggered local chemical reactions, including monomer polymerisation, cross linking and metal salt reduction. In this way...",not_applicable,reported_direct,auto_provisional_accept,machine_high,auto_accept,context candidate has wavelength and resin signal; equality across all PIs still needs audit,CAND-0000169
SUP-AUTO-000170,ZPC-001953,,10.1038/s41598-017-17391-1,Additive manufacture of complex 3D Au-containing nanocomposites by simultaneous two-photon polymerisation and photoreduction,pi_loading,0.25,wt%,,,,"content was then systematically varied and the threshold (the minimum laser power) required for the formation of a structure with each gold loading was determined (See Supplementary Figure S3 for the details of the methodology). As shown in Figure 2, the presence of the gold salt significantly increased the laser energy required to achieve polymerisation. This extra energy is believed to be required to compensate for the energy consumption involved in the gold salt reduction. For the polymerisation of pure PETA, levels of DETC as low as 0.25 wt% were demonstrated to be sufficient to achieve polymerisation. Further increases in the DETC concentration above 0.5 wt% were observed to have little effect on the polymerisation threshold. However, for the gold containing mixtures, our previous work on a Type I initiator in resin mixture had found that surplus initiator was needed, as both polymerisation and metal ion reduction consumed the generated free radicals. Thus a lack of free radicals was found to lower the efficacy of the reactions 27. For example, it was shown that to fabricate PETA-Au composites containing 3 wt% gold precursor, 3 wt% Type I initiator 2-benzyl-2-(dimethylamino)-4′-morpholinobutyrophenone (DBMP) was required 22. In this study, a Type II initiator (DETC) was found","d the laser energy required to achieve polymerisation. This extra energy is believed to be required to compensate for the energy consumption involved in the gold salt reduction. For the polymerisation of pure PETA, levels of DETC as low as 0.25 wt% were demonstrated to be sufficient to achieve polymerisation. Further increases in the DETC concentration above 0.5 wt% were observed to have little effect on the polymerisation threshold. However, for the gold containing mixtures, our pre",converted_from_wt_percent,converted_from_wt_percent,auto_provisional_accept,machine_high,auto_accept,loading candidate has raw value/unit; normalization basis recorded,CAND-0000170
SUP-AUTO-000171,ZPC-001953,,10.1038/s41598-017-17391-1,Additive manufacture of complex 3D Au-containing nanocomposites by simultaneous two-photon polymerisation and photoreduction,pi_loading,0.5,wt%,,,,"content was then systematically varied and the threshold (the minimum laser power) required for the formation of a structure with each gold loading was determined (See Supplementary Figure S3 for the details of the methodology). As shown in Figure 2, the presence of the gold salt significantly increased the laser energy required to achieve polymerisation. This extra energy is believed to be required to compensate for the energy consumption involved in the gold salt reduction. For the polymerisation of pure PETA, levels of DETC as low as 0.25 wt% were demonstrated to be sufficient to achieve polymerisation. Further increases in the DETC concentration above 0.5 wt% were observed to have little effect on the polymerisation threshold. However, for the gold containing mixtures, our previous work on a Type I initiator in resin mixture had found that surplus initiator was needed, as both polymerisation and metal ion reduction consumed the generated free radicals. Thus a lack of free radicals was found to lower the efficacy of the reactions 27. For example, it was shown that to fabricate PETA-Au composites containing 3 wt% gold precursor, 3 wt% Type I initiator 2-benzyl-2-(dimethylamino)-4′-morpholinobutyrophenone (DBMP) was required 22. In this study, a Type II initiator (DETC) was found","energy consumption involved in the gold salt reduction. For the polymerisation of pure PETA, levels of DETC as low as 0.25 wt% were demonstrated to be sufficient to achieve polymerisation. Further increases in the DETC concentration above 0.5 wt% were observed to have little effect on the polymerisation threshold. However, for the gold containing mixtures, our previous work on a Type I initiator in resin mixture had found that surplus initiator was needed, as both polymerisation an",converted_from_wt_percent,converted_from_wt_percent,auto_provisional_accept,machine_high,auto_accept,loading candidate has raw value/unit; normalization basis recorded,CAND-0000171
SUP-AUTO-000172,ZPC-001953,,10.1038/s41598-017-17391-1,Additive manufacture of complex 3D Au-containing nanocomposites by simultaneous two-photon polymerisation and photoreduction,pi_loading,3,wt%,,,,"content was then systematically varied and the threshold (the minimum laser power) required for the formation of a structure with each gold loading was determined (See Supplementary Figure S3 for the details of the methodology). As shown in Figure 2, the presence of the gold salt significantly increased the laser energy required to achieve polymerisation. This extra energy is believed to be required to compensate for the energy consumption involved in the gold salt reduction. For the polymerisation of pure PETA, levels of DETC as low as 0.25 wt% were demonstrated to be sufficient to achieve polymerisation. Further increases in the DETC concentration above 0.5 wt% were observed to have little effect on the polymerisation threshold. However, for the gold containing mixtures, our previous work on a Type I initiator in resin mixture had found that surplus initiator was needed, as both polymerisation and metal ion reduction consumed the generated free radicals. Thus a lack of free radicals was found to lower the efficacy of the reactions 27. For example, it was shown that to fabricate PETA-Au composites containing 3 wt% gold precursor, 3 wt% Type I initiator 2-benzyl-2-(dimethylamino)-4′-morpholinobutyrophenone (DBMP) was required 22. In this study, a Type II initiator (DETC) was found","s both polymerisation and metal ion reduction consumed the generated free radicals. Thus a lack of free radicals was found to lower the efficacy of the reactions 27. For example, it was shown that to fabricate PETA-Au composites containing 3 wt% gold precursor, 3 wt% Type I initiator 2-benzyl-2-(dimethylamino)-4′-morpholinobutyrophenone (DBMP) was required 22. In this study, a Type II initiator (DETC) was found",converted_from_wt_percent,converted_from_wt_percent,auto_provisional_accept,machine_high,auto_accept,loading candidate has raw value/unit; normalization basis recorded,CAND-0000172
SUP-AUTO-000173,ZPC-001953,,10.1038/s41598-017-17391-1,Additive manufacture of complex 3D Au-containing nanocomposites by simultaneous two-photon polymerisation and photoreduction,pi_loading,3,wt%,,,,"content was then systematically varied and the threshold (the minimum laser power) required for the formation of a structure with each gold loading was determined (See Supplementary Figure S3 for the details of the methodology). As shown in Figure 2, the presence of the gold salt significantly increased the laser energy required to achieve polymerisation. This extra energy is believed to be required to compensate for the energy consumption involved in the gold salt reduction. For the polymerisation of pure PETA, levels of DETC as low as 0.25 wt% were demonstrated to be sufficient to achieve polymerisation. Further increases in the DETC concentration above 0.5 wt% were observed to have little effect on the polymerisation threshold. However, for the gold containing mixtures, our previous work on a Type I initiator in resin mixture had found that surplus initiator was needed, as both polymerisation and metal ion reduction consumed the generated free radicals. Thus a lack of free radicals was found to lower the efficacy of the reactions 27. For example, it was shown that to fabricate PETA-Au composites containing 3 wt% gold precursor, 3 wt% Type I initiator 2-benzyl-2-(dimethylamino)-4′-morpholinobutyrophenone (DBMP) was required 22. In this study, a Type II initiator (DETC) was found","and metal ion reduction consumed the generated free radicals. Thus a lack of free radicals was found to lower the efficacy of the reactions 27. For example, it was shown that to fabricate PETA-Au composites containing 3 wt% gold precursor, 3 wt% Type I initiator 2-benzyl-2-(dimethylamino)-4′-morpholinobutyrophenone (DBMP) was required 22. In this study, a Type II initiator (DETC) was found",converted_from_wt_percent,converted_from_wt_percent,auto_provisional_accept,machine_high,auto_accept,loading candidate has raw value/unit; normalization basis recorded,CAND-0000173
SUP-AUTO-000174,ZPC-001953,,10.1038/s41598-017-17391-1,Additive manufacture of complex 3D Au-containing nanocomposites by simultaneous two-photon polymerisation and photoreduction,experimental_context,power_measurement_plane=not_reported;threshold_definition=candidate_in_anchor;resin_formulation=candidate_in_anchor,context,,,,"content was then systematically varied and the threshold (the minimum laser power) required for the formation of a structure with each gold loading was determined (See Supplementary Figure S3 for the details of the methodology). As shown in Figure 2, the presence of the gold salt significantly increased the laser energy required to achieve polymerisation. This extra energy is believed to be required to compensate for the energy consumption involved in the gold salt reduction. For the polymerisation of pure PETA, levels of DETC as low as 0.25 wt% were demonstrated to be sufficient to achieve polymerisation. Further increases in the DETC concentration above 0.5 wt% were observed to have little effect on the polymerisation threshold. However, for the gold containing mixtures, our previous work on a Type I initiator in resin mixture had found that surplus initiator was needed, as both polymerisation and metal ion reduction consumed the generated free radicals. Thus a lack of free radicals was found to lower the efficacy of the reactions 27. For example, it was shown that to fabricate PETA-Au composites containing 3 wt% gold precursor, 3 wt% Type I initiator 2-benzyl-2-(dimethylamino)-4′-morpholinobutyrophenone (DBMP) was required 22. In this study, a Type II initiator (DETC) was found","content was then systematically varied and the threshold (the minimum laser power) required for the formation of a structure with each gold loading was determined (See Supplementary Figure S3 for the details of the methodology). As shown in Figure 2, the presence of the gold salt significantly increased the laser energy required to achieve polymerisation. This extra energy is believed to be required to compensate for the energy consumption involved in the gold salt reduction. For the polymerisation of pure PETA, levels of DETC as low as 0.25 wt% were demonstrated to be sufficient to achieve polymerisation. Further increases in the DETC concentration above 0.5 wt% were observed to have little effect on the polymerisation threshold. However, for the gold containing mixtures, our previous work on a Type I initiator in resin mixture had found that surplus initiator was needed, as both pol...",not_applicable,reported_direct,auto_retained_context_candidate,machine_medium,manual_review,context_missing_wavelength,CAND-0000174
SUP-AUTO-000175,ZPC-001953,,10.1038/s41598-017-17391-1,Additive manufacture of complex 3D Au-containing nanocomposites by simultaneous two-photon polymerisation and photoreduction,pi_loading,50,%,,,,"to the results reported by Jiang et al.29. Increases in the DC were observed with increasing laser power and the maximum achievable DC was limited to below 50% due to the restricted mobility of the oligomers. Our results also showed that under the same laser processing conditions, the DC decreases with a corresponding increase in the concentration of the gold precursor. This was associated with the energy consumption by the photoreduction, which leads to the effective energy for photopo- lymerisation being reduced accordingly. This finding is consistent with the observed relationship between the gold concentration and the polymerisation threshold. Furthermore, the presence of solvent molecules in the resin mixture was demonstrated to result in the effective dilution of the monomer, making the cross linking less efficient. Therefore, as the concentration of gold increases, higher laser energy is required. It was also found that the feature size of the fabricated structure that could be achieved decreased with increas- ing gold salt concentration in the mixture. Figure 3 compares five samples prepared under the same processing conditions. The line width of the sample prepared with 20% gold salt was about 4.8 times smaller than that of the sample without gold salt, exhibiting an ave","to the results reported by Jiang et al.29. Increases in the DC were observed with increasing laser power and the maximum achievable DC was limited to below 50% due to the restricted mobility of the oligomers. Our results also showed that under the same laser processing conditions, the DC decreases with a corresponding increase in the concentration of the gold precursor. This was associated with t",not_normalizable,candidate_only,auto_retained_low_context_candidate,machine_medium,manual_review,loading_not_normalizable,CAND-0000175
SUP-AUTO-000176,ZPC-001953,,10.1038/s41598-017-17391-1,Additive manufacture of complex 3D Au-containing nanocomposites by simultaneous two-photon polymerisation and photoreduction,pi_loading,20,%,,,,"to the results reported by Jiang et al.29. Increases in the DC were observed with increasing laser power and the maximum achievable DC was limited to below 50% due to the restricted mobility of the oligomers. Our results also showed that under the same laser processing conditions, the DC decreases with a corresponding increase in the concentration of the gold precursor. This was associated with the energy consumption by the photoreduction, which leads to the effective energy for photopo- lymerisation being reduced accordingly. This finding is consistent with the observed relationship between the gold concentration and the polymerisation threshold. Furthermore, the presence of solvent molecules in the resin mixture was demonstrated to result in the effective dilution of the monomer, making the cross linking less efficient. Therefore, as the concentration of gold increases, higher laser energy is required. It was also found that the feature size of the fabricated structure that could be achieved decreased with increas- ing gold salt concentration in the mixture. Figure 3 compares five samples prepared under the same processing conditions. The line width of the sample prepared with 20% gold salt was about 4.8 times smaller than that of the sample without gold salt, exhibiting an ave","of the fabricated structure that could be achieved decreased with increas- ing gold salt concentration in the mixture. Figure 3 compares five samples prepared under the same processing conditions. The line width of the sample prepared with 20% gold salt was about 4.8 times smaller than that of the sample without gold salt, exhibiting an ave",not_normalizable,candidate_only,auto_retained_low_context_candidate,machine_medium,manual_review,loading_not_normalizable,CAND-0000176
SUP-AUTO-000177,ZPC-001953,,10.1038/s41598-017-17391-1,Additive manufacture of complex 3D Au-containing nanocomposites by simultaneous two-photon polymerisation and photoreduction,experimental_context,power_measurement_plane=not_reported;threshold_definition=candidate_in_anchor;resin_formulation=candidate_in_anchor,context,,,,"to the results reported by Jiang et al.29. Increases in the DC were observed with increasing laser power and the maximum achievable DC was limited to below 50% due to the restricted mobility of the oligomers. Our results also showed that under the same laser processing conditions, the DC decreases with a corresponding increase in the concentration of the gold precursor. This was associated with the energy consumption by the photoreduction, which leads to the effective energy for photopo- lymerisation being reduced accordingly. This finding is consistent with the observed relationship between the gold concentration and the polymerisation threshold. Furthermore, the presence of solvent molecules in the resin mixture was demonstrated to result in the effective dilution of the monomer, making the cross linking less efficient. Therefore, as the concentration of gold increases, higher laser energy is required. It was also found that the feature size of the fabricated structure that could be achieved decreased with increas- ing gold salt concentration in the mixture. Figure 3 compares five samples prepared under the same processing conditions. The line width of the sample prepared with 20% gold salt was about 4.8 times smaller than that of the sample without gold salt, exhibiting an ave","to the results reported by Jiang et al.29. Increases in the DC were observed with increasing laser power and the maximum achievable DC was limited to below 50% due to the restricted mobility of the oligomers. Our results also showed that under the same laser processing conditions, the DC decreases with a corresponding increase in the concentration of the gold precursor. This was associated with the energy consumption by the photoreduction, which leads to the effective energy for photopo- lymerisation being reduced accordingly. This finding is consistent with the observed relationship between the gold concentration and the polymerisation threshold. Furthermore, the presence of solvent molecules in the resin mixture was demonstrated to result in the effective dilution of the monomer, making the cross linking less efficient. Therefore, as the concentration of gold increases, higher laser...",not_applicable,reported_direct,auto_retained_context_candidate,machine_medium,manual_review,context_missing_wavelength,CAND-0000177
SUP-AUTO-000178,ZPC-001953,,10.1038/s41598-017-17391-1,Additive manufacture of complex 3D Au-containing nanocomposites by simultaneous two-photon polymerisation and photoreduction,pi_loading,0.25,wt%,,,,"wo photons, and triggers local chemical reactions, including monomer polymerisation, cross linking and metal salt reduction (image on the right). In this way, both polymer (orange) and metal nanoparticles (red) are formed simultaneously. Complex 3D structures are fabricated by scanning the laser in three dimensions. --- Page 3 --- www.nature.com/scientificreports/ 3 SCiENTiFiC REPORtS | 7: 17150 | DOI:10.1038/s41598-017-17391-1 Polymeric matrix formation. The formation of simple structures using this two-photon methodology was conducted and confirmed using SEM. The DETC and the gold salt content was then systematically varied and the threshold (the minimum laser power) required for the formation of a structure with each gold loading was determined (See Supplementary Figure S3 for the details of the methodology). As shown in Figure 2, the presence of the gold salt significantly increased the laser energy required to achieve polymerisation. This extra energy is believed to be required to compensate for the energy consumption involved in the gold salt reduction. For the polymerisation of pure PETA, levels of DETC as low as 0.25 wt% were demonstrated to be sufficient to achieve polymerisation. Further increases in the DETC concentration above 0.5 wt% were observed to have little","d the laser energy required to achieve polymerisation. This extra energy is believed to be required to compensate for the energy consumption involved in the gold salt reduction. For the polymerisation of pure PETA, levels of DETC as low as 0.25 wt% were demonstrated to be sufficient to achieve polymerisation. Further increases in the DETC concentration above 0.5 wt% were observed to have little",converted_from_wt_percent,converted_from_wt_percent,auto_provisional_accept,machine_high,auto_accept,loading candidate has raw value/unit; normalization basis recorded,CAND-0000178
SUP-AUTO-000179,ZPC-001953,,10.1038/s41598-017-17391-1,Additive manufacture of complex 3D Au-containing nanocomposites by simultaneous two-photon polymerisation and photoreduction,pi_loading,0.5,wt%,,,,"wo photons, and triggers local chemical reactions, including monomer polymerisation, cross linking and metal salt reduction (image on the right). In this way, both polymer (orange) and metal nanoparticles (red) are formed simultaneously. Complex 3D structures are fabricated by scanning the laser in three dimensions. --- Page 3 --- www.nature.com/scientificreports/ 3 SCiENTiFiC REPORtS | 7: 17150 | DOI:10.1038/s41598-017-17391-1 Polymeric matrix formation. The formation of simple structures using this two-photon methodology was conducted and confirmed using SEM. The DETC and the gold salt content was then systematically varied and the threshold (the minimum laser power) required for the formation of a structure with each gold loading was determined (See Supplementary Figure S3 for the details of the methodology). As shown in Figure 2, the presence of the gold salt significantly increased the laser energy required to achieve polymerisation. This extra energy is believed to be required to compensate for the energy consumption involved in the gold salt reduction. For the polymerisation of pure PETA, levels of DETC as low as 0.25 wt% were demonstrated to be sufficient to achieve polymerisation. Further increases in the DETC concentration above 0.5 wt% were observed to have little","energy consumption involved in the gold salt reduction. For the polymerisation of pure PETA, levels of DETC as low as 0.25 wt% were demonstrated to be sufficient to achieve polymerisation. Further increases in the DETC concentration above 0.5 wt% were observed to have little",converted_from_wt_percent,converted_from_wt_percent,auto_provisional_accept,machine_high,auto_accept,loading candidate has raw value/unit; normalization basis recorded,CAND-0000179
SUP-AUTO-000180,ZPC-001953,,10.1038/s41598-017-17391-1,Additive manufacture of complex 3D Au-containing nanocomposites by simultaneous two-photon polymerisation and photoreduction,experimental_context,power_measurement_plane=not_reported;threshold_definition=candidate_in_anchor;resin_formulation=candidate_in_anchor,context,,,,"wo photons, and triggers local chemical reactions, including monomer polymerisation, cross linking and metal salt reduction (image on the right). In this way, both polymer (orange) and metal nanoparticles (red) are formed simultaneously. Complex 3D structures are fabricated by scanning the laser in three dimensions. --- Page 3 --- www.nature.com/scientificreports/ 3 SCiENTiFiC REPORtS | 7: 17150 | DOI:10.1038/s41598-017-17391-1 Polymeric matrix formation. The formation of simple structures using this two-photon methodology was conducted and confirmed using SEM. The DETC and the gold salt content was then systematically varied and the threshold (the minimum laser power) required for the formation of a structure with each gold loading was determined (See Supplementary Figure S3 for the details of the methodology). As shown in Figure 2, the presence of the gold salt significantly increased the laser energy required to achieve polymerisation. This extra energy is believed to be required to compensate for the energy consumption involved in the gold salt reduction. For the polymerisation of pure PETA, levels of DETC as low as 0.25 wt% were demonstrated to be sufficient to achieve polymerisation. Further increases in the DETC concentration above 0.5 wt% were observed to have little","wo photons, and triggers local chemical reactions, including monomer polymerisation, cross linking and metal salt reduction (image on the right). In this way, both polymer (orange) and metal nanoparticles (red) are formed simultaneously. Complex 3D structures are fabricated by scanning the laser in three dimensions. --- Page 3 --- www.nature.com/scientificreports/ 3 SCiENTiFiC REPORtS | 7: 17150 | DOI:10.1038/s41598-017-17391-1 Polymeric matrix formation. The formation of simple structures using this two-photon methodology was conducted and confirmed using SEM. The DETC and the gold salt content was then systematically varied and the threshold (the minimum laser power) required for the formation of a structure with each gold loading was determined (See Supplementary Figure S3 for the details of the methodology). As shown in Figure 2, the presence of the gold salt significantly increas...",not_applicable,reported_direct,auto_retained_context_candidate,machine_medium,manual_review,context_missing_wavelength,CAND-0000180
SUP-AUTO-000181,ZPC-001953,,10.1038/s41598-017-17391-1,Additive manufacture of complex 3D Au-containing nanocomposites by simultaneous two-photon polymerisation and photoreduction,pi_loading,3,wt%,,,,"ld containing mixtures, our previous work on a Type I initiator in resin mixture had found that surplus initiator was needed, as both polymerisation and metal ion reduction consumed the generated free radicals. Thus a lack of free radicals was found to lower the efficacy of the reactions 27. For example, it was shown that to fabricate PETA-Au composites containing 3 wt% gold precursor, 3 wt% Type I initiator 2-benzyl-2-(dimethylamino)-4′-morpholinobutyrophenone (DBMP) was required 22. In this study, a Type II initiator (DETC) was found to be far more efficient in this process. Additional DETC was also noted to reduce the polymerisation threshold (see Figure 2). This was attributed to the higher concentration of initiator leading to a higher probability of radical formation, therefore the minimum required energy for radical formation was reduced accordingly. For controlled 3D structure fabrication, sufficient material stability is needed to maintain the desired shape after laser exposure, i.e., the material must have sufficient rigidity imparted by the polymerisation process. In this study, the fabrication energy was typically set 10~20 mW above the threshold for this purpose. Furthermore, the laser power applied was also associated with the hatching distance (the distance betw","s both polymerisation and metal ion reduction consumed the generated free radicals. Thus a lack of free radicals was found to lower the efficacy of the reactions 27. For example, it was shown that to fabricate PETA-Au composites containing 3 wt% gold precursor, 3 wt% Type I initiator 2-benzyl-2-(dimethylamino)-4′-morpholinobutyrophenone (DBMP) was required 22. In this study, a Type II initiator (DETC) was found to be far more efficient in this process. Additional DETC was also not",converted_from_wt_percent,converted_from_wt_percent,auto_provisional_accept,machine_high,auto_accept,loading candidate has raw value/unit; normalization basis recorded,CAND-0000181
SUP-AUTO-000182,ZPC-001953,,10.1038/s41598-017-17391-1,Additive manufacture of complex 3D Au-containing nanocomposites by simultaneous two-photon polymerisation and photoreduction,pi_loading,3,wt%,,,,"ld containing mixtures, our previous work on a Type I initiator in resin mixture had found that surplus initiator was needed, as both polymerisation and metal ion reduction consumed the generated free radicals. Thus a lack of free radicals was found to lower the efficacy of the reactions 27. For example, it was shown that to fabricate PETA-Au composites containing 3 wt% gold precursor, 3 wt% Type I initiator 2-benzyl-2-(dimethylamino)-4′-morpholinobutyrophenone (DBMP) was required 22. In this study, a Type II initiator (DETC) was found to be far more efficient in this process. Additional DETC was also noted to reduce the polymerisation threshold (see Figure 2). This was attributed to the higher concentration of initiator leading to a higher probability of radical formation, therefore the minimum required energy for radical formation was reduced accordingly. For controlled 3D structure fabrication, sufficient material stability is needed to maintain the desired shape after laser exposure, i.e., the material must have sufficient rigidity imparted by the polymerisation process. In this study, the fabrication energy was typically set 10~20 mW above the threshold for this purpose. Furthermore, the laser power applied was also associated with the hatching distance (the distance betw","and metal ion reduction consumed the generated free radicals. Thus a lack of free radicals was found to lower the efficacy of the reactions 27. For example, it was shown that to fabricate PETA-Au composites containing 3 wt% gold precursor, 3 wt% Type I initiator 2-benzyl-2-(dimethylamino)-4′-morpholinobutyrophenone (DBMP) was required 22. In this study, a Type II initiator (DETC) was found to be far more efficient in this process. Additional DETC was also noted to reduce the polym",converted_from_wt_percent,converted_from_wt_percent,auto_provisional_accept,machine_high,auto_accept,loading candidate has raw value/unit; normalization basis recorded,CAND-0000182
SUP-AUTO-000183,ZPC-001953,,10.1038/s41598-017-17391-1,Additive manufacture of complex 3D Au-containing nanocomposites by simultaneous two-photon polymerisation and photoreduction,polymerization_threshold,20,mW,20,mW,,"ld containing mixtures, our previous work on a Type I initiator in resin mixture had found that surplus initiator was needed, as both polymerisation and metal ion reduction consumed the generated free radicals. Thus a lack of free radicals was found to lower the efficacy of the reactions 27. For example, it was shown that to fabricate PETA-Au composites containing 3 wt% gold precursor, 3 wt% Type I initiator 2-benzyl-2-(dimethylamino)-4′-morpholinobutyrophenone (DBMP) was required 22. In this study, a Type II initiator (DETC) was found to be far more efficient in this process. Additional DETC was also noted to reduce the polymerisation threshold (see Figure 2). This was attributed to the higher concentration of initiator leading to a higher probability of radical formation, therefore the minimum required energy for radical formation was reduced accordingly. For controlled 3D structure fabrication, sufficient material stability is needed to maintain the desired shape after laser exposure, i.e., the material must have sufficient rigidity imparted by the polymerisation process. In this study, the fabrication energy was typically set 10~20 mW above the threshold for this purpose. Furthermore, the laser power applied was also associated with the hatching distance (the distance betw","sufficient material stability is needed to maintain the desired shape after laser exposure, i.e., the material must have sufficient rigidity imparted by the polymerisation process. In this study, the fabrication energy was typically set 10~20 mW above the threshold for this purpose. Furthermore, the laser power applied was also associated with the hatching distance (the distance betw",power_mW,reported_direct,auto_provisional_accept,machine_high,auto_accept,threshold candidate passes writing/polymerization local context gate,CAND-0000183
SUP-AUTO-000184,ZPC-001953,,10.1038/s41598-017-17391-1,Additive manufacture of complex 3D Au-containing nanocomposites by simultaneous two-photon polymerisation and photoreduction,experimental_context,power_measurement_plane=not_reported;threshold_definition=candidate_in_anchor;resin_formulation=candidate_in_anchor,context,,,,"ld containing mixtures, our previous work on a Type I initiator in resin mixture had found that surplus initiator was needed, as both polymerisation and metal ion reduction consumed the generated free radicals. Thus a lack of free radicals was found to lower the efficacy of the reactions 27. For example, it was shown that to fabricate PETA-Au composites containing 3 wt% gold precursor, 3 wt% Type I initiator 2-benzyl-2-(dimethylamino)-4′-morpholinobutyrophenone (DBMP) was required 22. In this study, a Type II initiator (DETC) was found to be far more efficient in this process. Additional DETC was also noted to reduce the polymerisation threshold (see Figure 2). This was attributed to the higher concentration of initiator leading to a higher probability of radical formation, therefore the minimum required energy for radical formation was reduced accordingly. For controlled 3D structure fabrication, sufficient material stability is needed to maintain the desired shape after laser exposure, i.e., the material must have sufficient rigidity imparted by the polymerisation process. In this study, the fabrication energy was typically set 10~20 mW above the threshold for this purpose. Furthermore, the laser power applied was also associated with the hatching distance (the distance betw","ld containing mixtures, our previous work on a Type I initiator in resin mixture had found that surplus initiator was needed, as both polymerisation and metal ion reduction consumed the generated free radicals. Thus a lack of free radicals was found to lower the efficacy of the reactions 27. For example, it was shown that to fabricate PETA-Au composites containing 3 wt% gold precursor, 3 wt% Type I initiator 2-benzyl-2-(dimethylamino)-4′-morpholinobutyrophenone (DBMP) was required 22. In this study, a Type II initiator (DETC) was found to be far more efficient in this process. Additional DETC was also noted to reduce the polymerisation threshold (see Figure 2). This was attributed to the higher concentration of initiator leading to a higher probability of radical formation, therefore the minimum required energy for radical formation was reduced accordingly. For controlled 3D structure...",not_applicable,reported_direct,auto_retained_context_candidate,machine_medium,manual_review,context_missing_wavelength,CAND-0000184
SUP-AUTO-000185,ZPC-001953,,10.1038/s41598-017-17391-1,Additive manufacture of complex 3D Au-containing nanocomposites by simultaneous two-photon polymerisation and photoreduction,polymerization_threshold,20,mW,20,mW,,"e II initiator (DETC) was found to be far more efficient in this process. Additional DETC was also noted to reduce the polymerisation threshold (see Figure 2). This was attributed to the higher concentration of initiator leading to a higher probability of radical formation, therefore the minimum required energy for radical formation was reduced accordingly. For controlled 3D structure fabrication, sufficient material stability is needed to maintain the desired shape after laser exposure, i.e., the material must have sufficient rigidity imparted by the polymerisation process. In this study, the fabrication energy was typically set 10~20 mW above the threshold for this purpose. Furthermore, the laser power applied was also associated with the hatching distance (the distance between adjacent lines of a fill pattern), layer distance and geometry of the structure that can be achieved. To confirm the success of the photopolymerisation process, samples were analysed by Raman spectroscopy (see Supplementary Figure S4 and Table S2). The degree of polymer conversion (DC) is estimated by measuring the ratio change of the peak areas associated with the C= C bonds to the C= O bonds before and after polym- erisation. This is based on the assumption that during polymerisation and cross-","sufficient material stability is needed to maintain the desired shape after laser exposure, i.e., the material must have sufficient rigidity imparted by the polymerisation process. In this study, the fabrication energy was typically set 10~20 mW above the threshold for this purpose. Furthermore, the laser power applied was also associated with the hatching distance (the distance between adjacent lines of a fill pattern), layer distance and geometry of the structure that can be ach",power_mW,reported_direct,auto_provisional_accept,machine_high,auto_accept,threshold candidate passes writing/polymerization local context gate,CAND-0000185
SUP-AUTO-000186,ZPC-001953,,10.1038/s41598-017-17391-1,Additive manufacture of complex 3D Au-containing nanocomposites by simultaneous two-photon polymerisation and photoreduction,experimental_context,power_measurement_plane=not_reported;threshold_definition=candidate_in_anchor,context,,,,"e II initiator (DETC) was found to be far more efficient in this process. Additional DETC was also noted to reduce the polymerisation threshold (see Figure 2). This was attributed to the higher concentration of initiator leading to a higher probability of radical formation, therefore the minimum required energy for radical formation was reduced accordingly. For controlled 3D structure fabrication, sufficient material stability is needed to maintain the desired shape after laser exposure, i.e., the material must have sufficient rigidity imparted by the polymerisation process. In this study, the fabrication energy was typically set 10~20 mW above the threshold for this purpose. Furthermore, the laser power applied was also associated with the hatching distance (the distance between adjacent lines of a fill pattern), layer distance and geometry of the structure that can be achieved. To confirm the success of the photopolymerisation process, samples were analysed by Raman spectroscopy (see Supplementary Figure S4 and Table S2). The degree of polymer conversion (DC) is estimated by measuring the ratio change of the peak areas associated with the C= C bonds to the C= O bonds before and after polym- erisation. This is based on the assumption that during polymerisation and cross-","e II initiator (DETC) was found to be far more efficient in this process. Additional DETC was also noted to reduce the polymerisation threshold (see Figure 2). This was attributed to the higher concentration of initiator leading to a higher probability of radical formation, therefore the minimum required energy for radical formation was reduced accordingly. For controlled 3D structure fabrication, sufficient material stability is needed to maintain the desired shape after laser exposure, i.e., the material must have sufficient rigidity imparted by the polymerisation process. In this study, the fabrication energy was typically set 10~20 mW above the threshold for this purpose. Furthermore, the laser power applied was also associated with the hatching distance (the distance between adjacent lines of a fill pattern), layer distance and geometry of the structure that can be achieved. To c...",not_applicable,reported_direct,auto_retained_context_candidate,machine_medium,manual_review,context_missing_wavelength,CAND-0000186
SUP-AUTO-000187,ZPC-001953,,10.1038/s41598-017-17391-1,Additive manufacture of complex 3D Au-containing nanocomposites by simultaneous two-photon polymerisation and photoreduction,pi_loading,50,%,,,,"of polymer conversion (DC) is estimated by measuring the ratio change of the peak areas associated with the C= C bonds to the C= O bonds before and after polym- erisation. This is based on the assumption that during polymerisation and cross-linking, the C=C bonds in the monomer are attached by the radicals such that their band order is reduced and are converted to carbon-carbon single bonds (C‒C). Meanwhile, the C=O bonds do not change due to their non-participation in these radical reactions 22,28,29. The DC of pure PETA was shown to be similar to the results reported by Jiang et al.29. Increases in the DC were observed with increasing laser power and the maximum achievable DC was limited to below 50% due to the restricted mobility of the oligomers. Our results also showed that under the same laser processing conditions, the DC decreases with a corresponding increase in the concentration of the gold precursor. This was associated with the energy consumption by the photoreduction, which leads to the effective energy for photopo- lymerisation being reduced accordingly. This finding is consistent with the observed relationship between the gold concentration and the polymerisation threshold. Furthermore, the presence of solvent molecules in the resin mixture was demonstrated to resul","on in these radical reactions 22,28,29. The DC of pure PETA was shown to be similar to the results reported by Jiang et al.29. Increases in the DC were observed with increasing laser power and the maximum achievable DC was limited to below 50% due to the restricted mobility of the oligomers. Our results also showed that under the same laser processing conditions, the DC decreases with a corresponding increase in the concentration of the gold precursor. This was associated with t",not_normalizable,candidate_only,auto_retained_low_context_candidate,machine_medium,manual_review,loading_not_normalizable,CAND-0000187
SUP-AUTO-000188,ZPC-001953,,10.1038/s41598-017-17391-1,Additive manufacture of complex 3D Au-containing nanocomposites by simultaneous two-photon polymerisation and photoreduction,experimental_context,power_measurement_plane=not_reported;threshold_definition=candidate_in_anchor;resin_formulation=candidate_in_anchor,context,,,,"of polymer conversion (DC) is estimated by measuring the ratio change of the peak areas associated with the C= C bonds to the C= O bonds before and after polym- erisation. This is based on the assumption that during polymerisation and cross-linking, the C=C bonds in the monomer are attached by the radicals such that their band order is reduced and are converted to carbon-carbon single bonds (C‒C). Meanwhile, the C=O bonds do not change due to their non-participation in these radical reactions 22,28,29. The DC of pure PETA was shown to be similar to the results reported by Jiang et al.29. Increases in the DC were observed with increasing laser power and the maximum achievable DC was limited to below 50% due to the restricted mobility of the oligomers. Our results also showed that under the same laser processing conditions, the DC decreases with a corresponding increase in the concentration of the gold precursor. This was associated with the energy consumption by the photoreduction, which leads to the effective energy for photopo- lymerisation being reduced accordingly. This finding is consistent with the observed relationship between the gold concentration and the polymerisation threshold. Furthermore, the presence of solvent molecules in the resin mixture was demonstrated to resul","of polymer conversion (DC) is estimated by measuring the ratio change of the peak areas associated with the C= C bonds to the C= O bonds before and after polym- erisation. This is based on the assumption that during polymerisation and cross-linking, the C=C bonds in the monomer are attached by the radicals such that their band order is reduced and are converted to carbon-carbon single bonds (C‒C). Meanwhile, the C=O bonds do not change due to their non-participation in these radical reactions 22,28,29. The DC of pure PETA was shown to be similar to the results reported by Jiang et al.29. Increases in the DC were observed with increasing laser power and the maximum achievable DC was limited to below 50% due to the restricted mobility of the oligomers. Our results also showed that under the same laser processing conditions, the DC decreases with a corresponding increase in the concentra...",not_applicable,reported_direct,auto_retained_context_candidate,machine_medium,manual_review,context_missing_wavelength,CAND-0000188
SUP-AUTO-000189,ZPC-001953,,10.1038/s41598-017-17391-1,Additive manufacture of complex 3D Au-containing nanocomposites by simultaneous two-photon polymerisation and photoreduction,pi_loading,20,%,,,,"educed accordingly. This finding is consistent with the observed relationship between the gold concentration and the polymerisation threshold. Furthermore, the presence of solvent molecules in the resin mixture was demonstrated to result in the effective dilution of the monomer, making the cross linking less efficient. Therefore, as the concentration of gold increases, higher laser energy is required. It was also found that the feature size of the fabricated structure that could be achieved decreased with increas- ing gold salt concentration in the mixture. Figure 3 compares five samples prepared under the same processing conditions. The line width of the sample prepared with 20% gold salt was about 4.8 times smaller than that of the sample without gold salt, exhibiting an average line width of 97 nm and minimum line width of 78 nm. This phenomenon of feature size reduction was also observed in fabricated 3D structures. The reduced feature size was mainly attributed to the energy consumed by the gold salt reduction lowering the effective energy available for polymerisation and so narrowing the portion of the laser beam which is above the threshold 22. This indicates that the gold salt can be used as a further lever to reduce feature size and control the fabrication resolution achi","of the fabricated structure that could be achieved decreased with increas- ing gold salt concentration in the mixture. Figure 3 compares five samples prepared under the same processing conditions. The line width of the sample prepared with 20% gold salt was about 4.8 times smaller than that of the sample without gold salt, exhibiting an average line width of 97 nm and minimum line width of 78 nm. This phenomenon of feature size reduction was also observed in fabricated 3D struct",not_normalizable,candidate_only,auto_retained_low_context_candidate,machine_medium,manual_review,loading_not_normalizable,CAND-0000189
SUP-AUTO-000190,ZPC-001953,,10.1038/s41598-017-17391-1,Additive manufacture of complex 3D Au-containing nanocomposites by simultaneous two-photon polymerisation and photoreduction,experimental_context,power_measurement_plane=not_reported;threshold_definition=candidate_in_anchor;resin_formulation=candidate_in_anchor,context,,,,"educed accordingly. This finding is consistent with the observed relationship between the gold concentration and the polymerisation threshold. Furthermore, the presence of solvent molecules in the resin mixture was demonstrated to result in the effective dilution of the monomer, making the cross linking less efficient. Therefore, as the concentration of gold increases, higher laser energy is required. It was also found that the feature size of the fabricated structure that could be achieved decreased with increas- ing gold salt concentration in the mixture. Figure 3 compares five samples prepared under the same processing conditions. The line width of the sample prepared with 20% gold salt was about 4.8 times smaller than that of the sample without gold salt, exhibiting an average line width of 97 nm and minimum line width of 78 nm. This phenomenon of feature size reduction was also observed in fabricated 3D structures. The reduced feature size was mainly attributed to the energy consumed by the gold salt reduction lowering the effective energy available for polymerisation and so narrowing the portion of the laser beam which is above the threshold 22. This indicates that the gold salt can be used as a further lever to reduce feature size and control the fabrication resolution achi","educed accordingly. This finding is consistent with the observed relationship between the gold concentration and the polymerisation threshold. Furthermore, the presence of solvent molecules in the resin mixture was demonstrated to result in the effective dilution of the monomer, making the cross linking less efficient. Therefore, as the concentration of gold increases, higher laser energy is required. It was also found that the feature size of the fabricated structure that could be achieved decreased with increas- ing gold salt concentration in the mixture. Figure 3 compares five samples prepared under the same processing conditions. The line width of the sample prepared with 20% gold salt was about 4.8 times smaller than that of the sample without gold salt, exhibiting an average line width of 97 nm and minimum line width of 78 nm. This phenomenon of feature size reduction was also o...",not_applicable,reported_direct,auto_retained_context_candidate,machine_medium,manual_review,context_missing_wavelength,CAND-0000190
SUP-AUTO-000191,ZPC-001953,,10.1038/s41598-017-17391-1,Additive manufacture of complex 3D Au-containing nanocomposites by simultaneous two-photon polymerisation and photoreduction,voxel_geometry,line_width_um=0.097;line_width_um=0.078,mixed,,,,"educed accordingly. This finding is consistent with the observed relationship between the gold concentration and the polymerisation threshold. Furthermore, the presence of solvent molecules in the resin mixture was demonstrated to result in the effective dilution of the monomer, making the cross linking less efficient. Therefore, as the concentration of gold increases, higher laser energy is required. It was also found that the feature size of the fabricated structure that could be achieved decreased with increas- ing gold salt concentration in the mixture. Figure 3 compares five samples prepared under the same processing conditions. The line width of the sample prepared with 20% gold salt was about 4.8 times smaller than that of the sample without gold salt, exhibiting an average line width of 97 nm and minimum line width of 78 nm. This phenomenon of feature size reduction was also observed in fabricated 3D structures. The reduced feature size was mainly attributed to the energy consumed by the gold salt reduction lowering the effective energy available for polymerisation and so narrowing the portion of the laser beam which is above the threshold 22. This indicates that the gold salt can be used as a further lever to reduce feature size and control the fabrication resolution achi","educed accordingly. This finding is consistent with the observed relationship between the gold concentration and the polymerisation threshold. Furthermore, the presence of solvent molecules in the resin mixture was demonstrated to result in the effective dilution of the monomer, making the cross linking less efficient. Therefore, as the concentration of gold increases, higher laser energy is required. It was also found that the feature size of the fabricated structure that could be achieved decreased with increas- ing gold salt concentration in the mixture. Figure 3 compares five samples prepared under the same processing conditions. The line width of the sample prepared with 20% gold salt was about 4.8 times smaller than that of the sample without gold salt, exhibiting an average line width of 97 nm and minimum line width of 78 nm. This phenomenon of feature size reduction was also o...",not_applicable,reported_direct,auto_retained_context_candidate,machine_medium,manual_review,COMSOL_context_not_verified,CAND-0000191
SUP-AUTO-000192,ZPC-001953,,10.1038/s41598-017-17391-1,Additive manufacture of complex 3D Au-containing nanocomposites by simultaneous two-photon polymerisation and photoreduction,pi_loading,190,µM,,,,"nanocomposites were fabricated using a commercial two-photon lithography system – Nanoscribe Photonic Professional GT, equipped with a fiber laser at a wave- length of 780 nm, pulse frequency of 80 MHz and pulse duration of 120 fs. An oil immersion objective (63x, NA = 1.4, WD = 190 µm) was used to focus the laser beam. Micro/nano 3D structures were formed by moving the laser beam in X-Y directions using a galvo-scanner and moving a piezo stage in the Z direction accordingly, or fixing the focus of the laser beam and moving a piezo stage in X, Y and Z directions accordingly. The laser power used was in the range of 10 mW to 60 mW . The scanning speed was varied from 100 μm/s up to 5000 μm/s. Composite fabrication was carried out by first loading a drop of the resin mixture onto a clean cover slip. Then the cover slip was put on the stage of Nanoscribe for two-photon processing. Following laser exposure, the sample was developed by first soaking in propylene glycol monomethyl ether acetate (PGMEA) (Sigma-Aldrich, UK) for 15 min then in 2-propanol (Sigma-Aldrich, UK) for 2 min to remove unreduced gold salt and residual monomer. Finally, the sample was dried by nitrogen gas. Both the resin preparation and composite fabrication were carried out in UV-free environment. All the chemicals","ommercial two-photon lithography system – Nanoscribe Photonic Professional GT, equipped with a fiber laser at a wave- length of 780 nm, pulse frequency of 80 MHz and pulse duration of 120 fs. An oil immersion objective (63x, NA = 1.4, WD = 190 µm) was used to focus the laser beam. Micro/nano 3D structures were formed by moving the laser beam in X-Y directions using a galvo-scanner and moving a piezo stage in the Z direction accordingly, or fixing the focus of the laser beam and mov",reported_mM,reported_direct,auto_provisional_accept,machine_high,auto_accept,loading candidate has raw value/unit; normalization basis recorded,CAND-0000192
SUP-AUTO-000193,ZPC-001953,,10.1038/s41598-017-17391-1,Additive manufacture of complex 3D Au-containing nanocomposites by simultaneous two-photon polymerisation and photoreduction,pi_loading,100,µM,,,,"nanocomposites were fabricated using a commercial two-photon lithography system – Nanoscribe Photonic Professional GT, equipped with a fiber laser at a wave- length of 780 nm, pulse frequency of 80 MHz and pulse duration of 120 fs. An oil immersion objective (63x, NA = 1.4, WD = 190 µm) was used to focus the laser beam. Micro/nano 3D structures were formed by moving the laser beam in X-Y directions using a galvo-scanner and moving a piezo stage in the Z direction accordingly, or fixing the focus of the laser beam and moving a piezo stage in X, Y and Z directions accordingly. The laser power used was in the range of 10 mW to 60 mW . The scanning speed was varied from 100 μm/s up to 5000 μm/s. Composite fabrication was carried out by first loading a drop of the resin mixture onto a clean cover slip. Then the cover slip was put on the stage of Nanoscribe for two-photon processing. Following laser exposure, the sample was developed by first soaking in propylene glycol monomethyl ether acetate (PGMEA) (Sigma-Aldrich, UK) for 15 min then in 2-propanol (Sigma-Aldrich, UK) for 2 min to remove unreduced gold salt and residual monomer. Finally, the sample was dried by nitrogen gas. Both the resin preparation and composite fabrication were carried out in UV-free environment. All the chemicals","a piezo stage in the Z direction accordingly, or fixing the focus of the laser beam and moving a piezo stage in X, Y and Z directions accordingly. The laser power used was in the range of 10 mW to 60 mW . The scanning speed was varied from 100 μm/s up to 5000 μm/s. Composite fabrication was carried out by first loading a drop of the resin mixture onto a clean cover slip. Then the cover slip was put on the stage of Nanoscribe for two-photon processing. Following laser exposure, the",reported_mM,reported_direct,auto_provisional_accept,machine_high,auto_accept,loading candidate has raw value/unit; normalization basis recorded,CAND-0000193
SUP-AUTO-000194,ZPC-001953,,10.1038/s41598-017-17391-1,Additive manufacture of complex 3D Au-containing nanocomposites by simultaneous two-photon polymerisation and photoreduction,pi_loading,5000,µM,,,,"nanocomposites were fabricated using a commercial two-photon lithography system – Nanoscribe Photonic Professional GT, equipped with a fiber laser at a wave- length of 780 nm, pulse frequency of 80 MHz and pulse duration of 120 fs. An oil immersion objective (63x, NA = 1.4, WD = 190 µm) was used to focus the laser beam. Micro/nano 3D structures were formed by moving the laser beam in X-Y directions using a galvo-scanner and moving a piezo stage in the Z direction accordingly, or fixing the focus of the laser beam and moving a piezo stage in X, Y and Z directions accordingly. The laser power used was in the range of 10 mW to 60 mW . The scanning speed was varied from 100 μm/s up to 5000 μm/s. Composite fabrication was carried out by first loading a drop of the resin mixture onto a clean cover slip. Then the cover slip was put on the stage of Nanoscribe for two-photon processing. Following laser exposure, the sample was developed by first soaking in propylene glycol monomethyl ether acetate (PGMEA) (Sigma-Aldrich, UK) for 15 min then in 2-propanol (Sigma-Aldrich, UK) for 2 min to remove unreduced gold salt and residual monomer. Finally, the sample was dried by nitrogen gas. Both the resin preparation and composite fabrication were carried out in UV-free environment. All the chemicals","n the Z direction accordingly, or fixing the focus of the laser beam and moving a piezo stage in X, Y and Z directions accordingly. The laser power used was in the range of 10 mW to 60 mW . The scanning speed was varied from 100 μm/s up to 5000 μm/s. Composite fabrication was carried out by first loading a drop of the resin mixture onto a clean cover slip. Then the cover slip was put on the stage of Nanoscribe for two-photon processing. Following laser exposure, the sample was devel",reported_mM,reported_direct,auto_provisional_accept,machine_high,auto_accept,loading candidate has raw value/unit; normalization basis recorded,CAND-0000194
SUP-AUTO-000195,ZPC-001953,,10.1038/s41598-017-17391-1,Additive manufacture of complex 3D Au-containing nanocomposites by simultaneous two-photon polymerisation and photoreduction,experimental_context,wavelength_nm=780;NA=1.4;pulse_width_fs=120;repetition_rate_MHz=80;scan_speed_or_dwell=100 μm/s;power_measurement_plane=not_reported;atmosphere_oxygen_boundary=nitrogen;development_protocol=reported;resin_formulation=candidate_in_anchor,context,,,,"nanocomposites were fabricated using a commercial two-photon lithography system – Nanoscribe Photonic Professional GT, equipped with a fiber laser at a wave- length of 780 nm, pulse frequency of 80 MHz and pulse duration of 120 fs. An oil immersion objective (63x, NA = 1.4, WD = 190 µm) was used to focus the laser beam. Micro/nano 3D structures were formed by moving the laser beam in X-Y directions using a galvo-scanner and moving a piezo stage in the Z direction accordingly, or fixing the focus of the laser beam and moving a piezo stage in X, Y and Z directions accordingly. The laser power used was in the range of 10 mW to 60 mW . The scanning speed was varied from 100 μm/s up to 5000 μm/s. Composite fabrication was carried out by first loading a drop of the resin mixture onto a clean cover slip. Then the cover slip was put on the stage of Nanoscribe for two-photon processing. Following laser exposure, the sample was developed by first soaking in propylene glycol monomethyl ether acetate (PGMEA) (Sigma-Aldrich, UK) for 15 min then in 2-propanol (Sigma-Aldrich, UK) for 2 min to remove unreduced gold salt and residual monomer. Finally, the sample was dried by nitrogen gas. Both the resin preparation and composite fabrication were carried out in UV-free environment. All the chemicals","nanocomposites were fabricated using a commercial two-photon lithography system – Nanoscribe Photonic Professional GT, equipped with a fiber laser at a wave- length of 780 nm, pulse frequency of 80 MHz and pulse duration of 120 fs. An oil immersion objective (63x, NA = 1.4, WD = 190 µm) was used to focus the laser beam. Micro/nano 3D structures were formed by moving the laser beam in X-Y directions using a galvo-scanner and moving a piezo stage in the Z direction accordingly, or fixing the focus of the laser beam and moving a piezo stage in X, Y and Z directions accordingly. The laser power used was in the range of 10 mW to 60 mW . The scanning speed was varied from 100 μm/s up to 5000 μm/s. Composite fabrication was carried out by first loading a drop of the resin mixture onto a clean cover slip. Then the cover slip was put on the stage of Nanoscribe for two-photon processing. Follow...",not_applicable,reported_direct,auto_provisional_accept,machine_high,auto_accept,context candidate has wavelength and resin signal; equality across all PIs still needs audit,CAND-0000195
SUP-AUTO-000196,ZPC-001953,,10.1038/s41598-017-17391-1,Additive manufacture of complex 3D Au-containing nanocomposites by simultaneous two-photon polymerisation and photoreduction,pi_loading,2,wt%,,,,"ge 8 --- www.nature.com/scientificreports/ 8 SCiENTiFiC REPORtS | 7: 17150 | DOI:10.1038/s41598-017-17391-1 Methods Materials. Monomer PETA, gold salt HAuCl4∙3H2O, and solvent DMAc were sourced from Sigma-Aldrich, UK. Initiator DETC was sourced from Angene, UK. Due to the limited solubility of DETC in PETA (< 2 wt%), mixtures of 0.5 wt%, 1 wt% and 1.5 wt% DETC were investigated. The chemical structures of PETA and DETC are illustrated in Figure S1. The optical absorption spectra of pure DMAc, PETA in DMAc, DETC in DMAc and gold chloride hydrate in DMAc are shown in Figure S2. In all spectra, no absorption band is observed at the laser wavelength of 780 nm, which implies that the photo-induced reactions were associated with exciting the chemi- cals by the two-photon absorption process. Nanocomposite fabrication. Au-containing nanocomposites were fabricated using a commercial two-photon lithography system – Nanoscribe Photonic Professional GT, equipped with a fiber laser at a wave- length of 780 nm, pulse frequency of 80 MHz and pulse duration of 120 fs. An oil immersion objective (63x, NA = 1.4, WD = 190 µm) was used to focus the laser beam. Micro/nano 3D structures were formed by moving the laser beam in X-Y directions using a galvo-scanner and moving a piezo stage in the Z dire","150 | DOI:10.1038/s41598-017-17391-1 Methods Materials. Monomer PETA, gold salt HAuCl4∙3H2O, and solvent DMAc were sourced from Sigma-Aldrich, UK. Initiator DETC was sourced from Angene, UK. Due to the limited solubility of DETC in PETA (< 2 wt%), mixtures of 0.5 wt%, 1 wt% and 1.5 wt% DETC were investigated. The chemical structures of PETA and DETC are illustrated in Figure S1. The optical absorption spectra of pure DMAc, PETA in DMAc, DETC in DMAc and gold chloride hydrate in DM",converted_from_wt_percent,converted_from_wt_percent,auto_provisional_accept,machine_high,auto_accept,loading candidate has raw value/unit; normalization basis recorded,CAND-0000196
SUP-AUTO-000197,ZPC-001953,,10.1038/s41598-017-17391-1,Additive manufacture of complex 3D Au-containing nanocomposites by simultaneous two-photon polymerisation and photoreduction,pi_loading,0.5,wt%,,,,"ge 8 --- www.nature.com/scientificreports/ 8 SCiENTiFiC REPORtS | 7: 17150 | DOI:10.1038/s41598-017-17391-1 Methods Materials. Monomer PETA, gold salt HAuCl4∙3H2O, and solvent DMAc were sourced from Sigma-Aldrich, UK. Initiator DETC was sourced from Angene, UK. Due to the limited solubility of DETC in PETA (< 2 wt%), mixtures of 0.5 wt%, 1 wt% and 1.5 wt% DETC were investigated. The chemical structures of PETA and DETC are illustrated in Figure S1. The optical absorption spectra of pure DMAc, PETA in DMAc, DETC in DMAc and gold chloride hydrate in DMAc are shown in Figure S2. In all spectra, no absorption band is observed at the laser wavelength of 780 nm, which implies that the photo-induced reactions were associated with exciting the chemi- cals by the two-photon absorption process. Nanocomposite fabrication. Au-containing nanocomposites were fabricated using a commercial two-photon lithography system – Nanoscribe Photonic Professional GT, equipped with a fiber laser at a wave- length of 780 nm, pulse frequency of 80 MHz and pulse duration of 120 fs. An oil immersion objective (63x, NA = 1.4, WD = 190 µm) was used to focus the laser beam. Micro/nano 3D structures were formed by moving the laser beam in X-Y directions using a galvo-scanner and moving a piezo stage in the Z dire","1598-017-17391-1 Methods Materials. Monomer PETA, gold salt HAuCl4∙3H2O, and solvent DMAc were sourced from Sigma-Aldrich, UK. Initiator DETC was sourced from Angene, UK. Due to the limited solubility of DETC in PETA (< 2 wt%), mixtures of 0.5 wt%, 1 wt% and 1.5 wt% DETC were investigated. The chemical structures of PETA and DETC are illustrated in Figure S1. The optical absorption spectra of pure DMAc, PETA in DMAc, DETC in DMAc and gold chloride hydrate in DMAc are shown in Figure",converted_from_wt_percent,converted_from_wt_percent,auto_provisional_accept,machine_high,auto_accept,loading candidate has raw value/unit; normalization basis recorded,CAND-0000197
SUP-AUTO-000198,ZPC-001953,,10.1038/s41598-017-17391-1,Additive manufacture of complex 3D Au-containing nanocomposites by simultaneous two-photon polymerisation and photoreduction,pi_loading,1,wt%,,,,"ge 8 --- www.nature.com/scientificreports/ 8 SCiENTiFiC REPORtS | 7: 17150 | DOI:10.1038/s41598-017-17391-1 Methods Materials. Monomer PETA, gold salt HAuCl4∙3H2O, and solvent DMAc were sourced from Sigma-Aldrich, UK. Initiator DETC was sourced from Angene, UK. Due to the limited solubility of DETC in PETA (< 2 wt%), mixtures of 0.5 wt%, 1 wt% and 1.5 wt% DETC were investigated. The chemical structures of PETA and DETC are illustrated in Figure S1. The optical absorption spectra of pure DMAc, PETA in DMAc, DETC in DMAc and gold chloride hydrate in DMAc are shown in Figure S2. In all spectra, no absorption band is observed at the laser wavelength of 780 nm, which implies that the photo-induced reactions were associated with exciting the chemi- cals by the two-photon absorption process. Nanocomposite fabrication. Au-containing nanocomposites were fabricated using a commercial two-photon lithography system – Nanoscribe Photonic Professional GT, equipped with a fiber laser at a wave- length of 780 nm, pulse frequency of 80 MHz and pulse duration of 120 fs. An oil immersion objective (63x, NA = 1.4, WD = 190 µm) was used to focus the laser beam. Micro/nano 3D structures were formed by moving the laser beam in X-Y directions using a galvo-scanner and moving a piezo stage in the Z dire","17391-1 Methods Materials. Monomer PETA, gold salt HAuCl4∙3H2O, and solvent DMAc were sourced from Sigma-Aldrich, UK. Initiator DETC was sourced from Angene, UK. Due to the limited solubility of DETC in PETA (< 2 wt%), mixtures of 0.5 wt%, 1 wt% and 1.5 wt% DETC were investigated. The chemical structures of PETA and DETC are illustrated in Figure S1. The optical absorption spectra of pure DMAc, PETA in DMAc, DETC in DMAc and gold chloride hydrate in DMAc are shown in Figure S2. In",converted_from_wt_percent,converted_from_wt_percent,auto_provisional_accept,machine_high,auto_accept,loading candidate has raw value/unit; normalization basis recorded,CAND-0000198
SUP-AUTO-000199,ZPC-001953,,10.1038/s41598-017-17391-1,Additive manufacture of complex 3D Au-containing nanocomposites by simultaneous two-photon polymerisation and photoreduction,pi_loading,1.5,wt%,,,,"ge 8 --- www.nature.com/scientificreports/ 8 SCiENTiFiC REPORtS | 7: 17150 | DOI:10.1038/s41598-017-17391-1 Methods Materials. Monomer PETA, gold salt HAuCl4∙3H2O, and solvent DMAc were sourced from Sigma-Aldrich, UK. Initiator DETC was sourced from Angene, UK. Due to the limited solubility of DETC in PETA (< 2 wt%), mixtures of 0.5 wt%, 1 wt% and 1.5 wt% DETC were investigated. The chemical structures of PETA and DETC are illustrated in Figure S1. The optical absorption spectra of pure DMAc, PETA in DMAc, DETC in DMAc and gold chloride hydrate in DMAc are shown in Figure S2. In all spectra, no absorption band is observed at the laser wavelength of 780 nm, which implies that the photo-induced reactions were associated with exciting the chemi- cals by the two-photon absorption process. Nanocomposite fabrication. Au-containing nanocomposites were fabricated using a commercial two-photon lithography system – Nanoscribe Photonic Professional GT, equipped with a fiber laser at a wave- length of 780 nm, pulse frequency of 80 MHz and pulse duration of 120 fs. An oil immersion objective (63x, NA = 1.4, WD = 190 µm) was used to focus the laser beam. Micro/nano 3D structures were formed by moving the laser beam in X-Y directions using a galvo-scanner and moving a piezo stage in the Z dire","thods Materials. Monomer PETA, gold salt HAuCl4∙3H2O, and solvent DMAc were sourced from Sigma-Aldrich, UK. Initiator DETC was sourced from Angene, UK. Due to the limited solubility of DETC in PETA (< 2 wt%), mixtures of 0.5 wt%, 1 wt% and 1.5 wt% DETC were investigated. The chemical structures of PETA and DETC are illustrated in Figure S1. The optical absorption spectra of pure DMAc, PETA in DMAc, DETC in DMAc and gold chloride hydrate in DMAc are shown in Figure S2. In all spectra",converted_from_wt_percent,converted_from_wt_percent,auto_provisional_accept,machine_high,auto_accept,loading candidate has raw value/unit; normalization basis recorded,CAND-0000199
SUP-AUTO-000200,ZPC-001953,,10.1038/s41598-017-17391-1,Additive manufacture of complex 3D Au-containing nanocomposites by simultaneous two-photon polymerisation and photoreduction,pi_loading,190,µM,,,,"ge 8 --- www.nature.com/scientificreports/ 8 SCiENTiFiC REPORtS | 7: 17150 | DOI:10.1038/s41598-017-17391-1 Methods Materials. Monomer PETA, gold salt HAuCl4∙3H2O, and solvent DMAc were sourced from Sigma-Aldrich, UK. Initiator DETC was sourced from Angene, UK. Due to the limited solubility of DETC in PETA (< 2 wt%), mixtures of 0.5 wt%, 1 wt% and 1.5 wt% DETC were investigated. The chemical structures of PETA and DETC are illustrated in Figure S1. The optical absorption spectra of pure DMAc, PETA in DMAc, DETC in DMAc and gold chloride hydrate in DMAc are shown in Figure S2. In all spectra, no absorption band is observed at the laser wavelength of 780 nm, which implies that the photo-induced reactions were associated with exciting the chemi- cals by the two-photon absorption process. Nanocomposite fabrication. Au-containing nanocomposites were fabricated using a commercial two-photon lithography system – Nanoscribe Photonic Professional GT, equipped with a fiber laser at a wave- length of 780 nm, pulse frequency of 80 MHz and pulse duration of 120 fs. An oil immersion objective (63x, NA = 1.4, WD = 190 µm) was used to focus the laser beam. Micro/nano 3D structures were formed by moving the laser beam in X-Y directions using a galvo-scanner and moving a piezo stage in the Z dire","ommercial two-photon lithography system – Nanoscribe Photonic Professional GT, equipped with a fiber laser at a wave- length of 780 nm, pulse frequency of 80 MHz and pulse duration of 120 fs. An oil immersion objective (63x, NA = 1.4, WD = 190 µm) was used to focus the laser beam. Micro/nano 3D structures were formed by moving the laser beam in X-Y directions using a galvo-scanner and moving a piezo stage in the Z dire",reported_mM,reported_direct,auto_provisional_accept,machine_high,auto_accept,loading candidate has raw value/unit; normalization basis recorded,CAND-0000200
SUP-AUTO-000201,ZPC-001953,,10.1038/s41598-017-17391-1,Additive manufacture of complex 3D Au-containing nanocomposites by simultaneous two-photon polymerisation and photoreduction,experimental_context,wavelength_nm=780;NA=1.4;pulse_width_fs=120;repetition_rate_MHz=80;power_measurement_plane=not_reported;resin_formulation=candidate_in_anchor,context,,,,"ge 8 --- www.nature.com/scientificreports/ 8 SCiENTiFiC REPORtS | 7: 17150 | DOI:10.1038/s41598-017-17391-1 Methods Materials. Monomer PETA, gold salt HAuCl4∙3H2O, and solvent DMAc were sourced from Sigma-Aldrich, UK. Initiator DETC was sourced from Angene, UK. Due to the limited solubility of DETC in PETA (< 2 wt%), mixtures of 0.5 wt%, 1 wt% and 1.5 wt% DETC were investigated. The chemical structures of PETA and DETC are illustrated in Figure S1. The optical absorption spectra of pure DMAc, PETA in DMAc, DETC in DMAc and gold chloride hydrate in DMAc are shown in Figure S2. In all spectra, no absorption band is observed at the laser wavelength of 780 nm, which implies that the photo-induced reactions were associated with exciting the chemi- cals by the two-photon absorption process. Nanocomposite fabrication. Au-containing nanocomposites were fabricated using a commercial two-photon lithography system – Nanoscribe Photonic Professional GT, equipped with a fiber laser at a wave- length of 780 nm, pulse frequency of 80 MHz and pulse duration of 120 fs. An oil immersion objective (63x, NA = 1.4, WD = 190 µm) was used to focus the laser beam. Micro/nano 3D structures were formed by moving the laser beam in X-Y directions using a galvo-scanner and moving a piezo stage in the Z dire","ge 8 --- www.nature.com/scientificreports/ 8 SCiENTiFiC REPORtS | 7: 17150 | DOI:10.1038/s41598-017-17391-1 Methods Materials. Monomer PETA, gold salt HAuCl4∙3H2O, and solvent DMAc were sourced from Sigma-Aldrich, UK. Initiator DETC was sourced from Angene, UK. Due to the limited solubility of DETC in PETA (< 2 wt%), mixtures of 0.5 wt%, 1 wt% and 1.5 wt% DETC were investigated. The chemical structures of PETA and DETC are illustrated in Figure S1. The optical absorption spectra of pure DMAc, PETA in DMAc, DETC in DMAc and gold chloride hydrate in DMAc are shown in Figure S2. In all spectra, no absorption band is observed at the laser wavelength of 780 nm, which implies that the photo-induced reactions were associated with exciting the chemi- cals by the two-photon absorption process. Nanocomposite fabrication. Au-containing nanocomposites were fabricated using a commercial two-photon...",not_applicable,reported_direct,auto_provisional_accept,machine_high,auto_accept,context candidate has wavelength and resin signal; equality across all PIs still needs audit,CAND-0000201
SUP-AUTO-000202,ZPC-001953,,10.1038/s41598-017-17391-1,Additive manufacture of complex 3D Au-containing nanocomposites by simultaneous two-photon polymerisation and photoreduction,pi_loading,100,µM,,,,"piezo stage in X, Y and Z directions accordingly. The laser power used was in the range of 10 mW to 60 mW . The scanning speed was varied from 100 μm/s up to 5000 μm/s. Composite fabrication was carried out by first loading a drop of the resin mixture onto a clean cover slip. Then the cover slip was put on the stage of Nanoscribe for two-photon processing. Following laser exposure, the sample was developed by first soaking in propylene glycol monomethyl ether acetate (PGMEA) (Sigma-Aldrich, UK) for 15 min then in 2-propanol (Sigma-Aldrich, UK) for 2 min to remove unreduced gold salt and residual monomer. Finally, the sample was dried by nitrogen gas. Both the resin preparation and composite fabrication were carried out in UV-free environment. All the chemicals used in current study were used as received. Characterization. Two-photon polymerisation was verified by checking the surface morphology by scan - ning electron microscopy (SEM) (Hitachi TM3030 and FEI Quanta 650) and chemical analysing by Raman Spectroscopy (Horiba–Jobin–Yvon LabRAM). Two-photon induced gold salt reduction was verified by checking the surface morphology by Transmission Electron Microscopy (TEM) (JEOL 2100+ ), and chemical analysing by Energy Dispersive X-ray Spectroscopy (EDX) (Oxford Instruments X-MaxN 8","piezo stage in X, Y and Z directions accordingly. The laser power used was in the range of 10 mW to 60 mW . The scanning speed was varied from 100 μm/s up to 5000 μm/s. Composite fabrication was carried out by first loading a drop of the resin mixture onto a clean cover slip. Then the cover slip was put on the stage of Nanoscribe for two-photon processing. Following laser exposure, the",reported_mM,reported_direct,auto_provisional_accept,machine_high,auto_accept,loading candidate has raw value/unit; normalization basis recorded,CAND-0000202
SUP-AUTO-000203,ZPC-001953,,10.1038/s41598-017-17391-1,Additive manufacture of complex 3D Au-containing nanocomposites by simultaneous two-photon polymerisation and photoreduction,pi_loading,5000,µM,,,,"piezo stage in X, Y and Z directions accordingly. The laser power used was in the range of 10 mW to 60 mW . The scanning speed was varied from 100 μm/s up to 5000 μm/s. Composite fabrication was carried out by first loading a drop of the resin mixture onto a clean cover slip. Then the cover slip was put on the stage of Nanoscribe for two-photon processing. Following laser exposure, the sample was developed by first soaking in propylene glycol monomethyl ether acetate (PGMEA) (Sigma-Aldrich, UK) for 15 min then in 2-propanol (Sigma-Aldrich, UK) for 2 min to remove unreduced gold salt and residual monomer. Finally, the sample was dried by nitrogen gas. Both the resin preparation and composite fabrication were carried out in UV-free environment. All the chemicals used in current study were used as received. Characterization. Two-photon polymerisation was verified by checking the surface morphology by scan - ning electron microscopy (SEM) (Hitachi TM3030 and FEI Quanta 650) and chemical analysing by Raman Spectroscopy (Horiba–Jobin–Yvon LabRAM). Two-photon induced gold salt reduction was verified by checking the surface morphology by Transmission Electron Microscopy (TEM) (JEOL 2100+ ), and chemical analysing by Energy Dispersive X-ray Spectroscopy (EDX) (Oxford Instruments X-MaxN 8","piezo stage in X, Y and Z directions accordingly. The laser power used was in the range of 10 mW to 60 mW . The scanning speed was varied from 100 μm/s up to 5000 μm/s. Composite fabrication was carried out by first loading a drop of the resin mixture onto a clean cover slip. Then the cover slip was put on the stage of Nanoscribe for two-photon processing. Following laser exposure, the sample was devel",reported_mM,reported_direct,auto_provisional_accept,machine_high,auto_accept,loading candidate has raw value/unit; normalization basis recorded,CAND-0000203
SUP-AUTO-000204,ZPC-001953,,10.1038/s41598-017-17391-1,Additive manufacture of complex 3D Au-containing nanocomposites by simultaneous two-photon polymerisation and photoreduction,experimental_context,scan_speed_or_dwell=100 μm/s;power_measurement_plane=not_reported;atmosphere_oxygen_boundary=nitrogen;development_protocol=reported;resin_formulation=candidate_in_anchor,context,,,,"piezo stage in X, Y and Z directions accordingly. The laser power used was in the range of 10 mW to 60 mW . The scanning speed was varied from 100 μm/s up to 5000 μm/s. Composite fabrication was carried out by first loading a drop of the resin mixture onto a clean cover slip. Then the cover slip was put on the stage of Nanoscribe for two-photon processing. Following laser exposure, the sample was developed by first soaking in propylene glycol monomethyl ether acetate (PGMEA) (Sigma-Aldrich, UK) for 15 min then in 2-propanol (Sigma-Aldrich, UK) for 2 min to remove unreduced gold salt and residual monomer. Finally, the sample was dried by nitrogen gas. Both the resin preparation and composite fabrication were carried out in UV-free environment. All the chemicals used in current study were used as received. Characterization. Two-photon polymerisation was verified by checking the surface morphology by scan - ning electron microscopy (SEM) (Hitachi TM3030 and FEI Quanta 650) and chemical analysing by Raman Spectroscopy (Horiba–Jobin–Yvon LabRAM). Two-photon induced gold salt reduction was verified by checking the surface morphology by Transmission Electron Microscopy (TEM) (JEOL 2100+ ), and chemical analysing by Energy Dispersive X-ray Spectroscopy (EDX) (Oxford Instruments X-MaxN 8","piezo stage in X, Y and Z directions accordingly. The laser power used was in the range of 10 mW to 60 mW . The scanning speed was varied from 100 μm/s up to 5000 μm/s. Composite fabrication was carried out by first loading a drop of the resin mixture onto a clean cover slip. Then the cover slip was put on the stage of Nanoscribe for two-photon processing. Following laser exposure, the sample was developed by first soaking in propylene glycol monomethyl ether acetate (PGMEA) (Sigma-Aldrich, UK) for 15 min then in 2-propanol (Sigma-Aldrich, UK) for 2 min to remove unreduced gold salt and residual monomer. Finally, the sample was dried by nitrogen gas. Both the resin preparation and composite fabrication were carried out in UV-free environment. All the chemicals used in current study were used as received. Characterization. Two-photon polymerisation was verified by checking the surface...",not_applicable,reported_direct,auto_retained_context_candidate,machine_medium,manual_review,context_missing_wavelength,CAND-0000204
SUP-AUTO-000205,ZPC-001953,,10.1038/s41598-017-17391-1,Additive manufacture of complex 3D Au-containing nanocomposites by simultaneous two-photon polymerisation and photoreduction,pi_loading,1.5,wt%,,,,"ion and photoreduction is illustrated in Figure 1. The first pre-resin consists of PETA with 0.5– 1.5 wt% of the photoinitiator DETC, whilst the second gold salt pre-resin contains gold(III) chloride hydrate (HAuCl 4∙3H2O) and 0.5–1.5 wt% DETC dissolved in N,N-dimethylacetamide (DMAc). These two resins are always prepared to contain the same concentration of DETC which are then mixed to achieve the desired gold concentration. The compositions of the 15 individual formulations that were used in this study are summarized in Supplementary Table S1. A mixture composed of two pre-resins is loaded onto a glass substrate. A near-infrared (780 nm) femtosecond laser beam is then focused into the resin mixture, such that the photoinitiator is excited by the simultaneous absorption of two photons. This excitation subsequently triggered local chemical reactions, including monomer polymerisation, cross linking and metal salt reduction. In this way, both the polymer matrix and metal nanoparticles were formed simultaneously. As a direct result of this methodology, the in-situ generated nanoparticles were instantaneously embedded in a polymer matrix, preventing their further growth. Figure 1. Illustration a general method of fabricating nanocomposites by simultaneous two-photon polymeri","ion and photoreduction is illustrated in Figure 1. The first pre-resin consists of PETA with 0.5– 1.5 wt% of the photoinitiator DETC, whilst the second gold salt pre-resin contains gold(III) chloride hydrate (HAuCl 4∙3H2O) and 0.5–1.5 wt% DETC dissolved in N,N-dimethylacetamide (DMAc). These two resins are always prepared to contain the same c",converted_from_wt_percent,converted_from_wt_percent,auto_provisional_accept,machine_high,auto_accept,loading candidate has raw value/unit; normalization basis recorded,CAND-0000205
SUP-AUTO-000206,ZPC-001953,,10.1038/s41598-017-17391-1,Additive manufacture of complex 3D Au-containing nanocomposites by simultaneous two-photon polymerisation and photoreduction,pi_loading,1.5,wt%,,,,"ion and photoreduction is illustrated in Figure 1. The first pre-resin consists of PETA with 0.5– 1.5 wt% of the photoinitiator DETC, whilst the second gold salt pre-resin contains gold(III) chloride hydrate (HAuCl 4∙3H2O) and 0.5–1.5 wt% DETC dissolved in N,N-dimethylacetamide (DMAc). These two resins are always prepared to contain the same concentration of DETC which are then mixed to achieve the desired gold concentration. The compositions of the 15 individual formulations that were used in this study are summarized in Supplementary Table S1. A mixture composed of two pre-resins is loaded onto a glass substrate. A near-infrared (780 nm) femtosecond laser beam is then focused into the resin mixture, such that the photoinitiator is excited by the simultaneous absorption of two photons. This excitation subsequently triggered local chemical reactions, including monomer polymerisation, cross linking and metal salt reduction. In this way, both the polymer matrix and metal nanoparticles were formed simultaneously. As a direct result of this methodology, the in-situ generated nanoparticles were instantaneously embedded in a polymer matrix, preventing their further growth. Figure 1. Illustration a general method of fabricating nanocomposites by simultaneous two-photon polymeri","ion and photoreduction is illustrated in Figure 1. The first pre-resin consists of PETA with 0.5– 1.5 wt% of the photoinitiator DETC, whilst the second gold salt pre-resin contains gold(III) chloride hydrate (HAuCl 4∙3H2O) and 0.5–1.5 wt% DETC dissolved in N,N-dimethylacetamide (DMAc). These two resins are always prepared to contain the same concentration of DETC which are then mixed to achieve the desired gold concentration. The compositions of the 15 individual formulatio",converted_from_wt_percent,converted_from_wt_percent,auto_provisional_accept,machine_high,auto_accept,loading candidate has raw value/unit; normalization basis recorded,CAND-0000206
SUP-AUTO-000207,ZPC-001953,,10.1038/s41598-017-17391-1,Additive manufacture of complex 3D Au-containing nanocomposites by simultaneous two-photon polymerisation and photoreduction,experimental_context,wavelength_nm=780;power_measurement_plane=not_reported;resin_formulation=candidate_in_anchor,context,,,,"ion and photoreduction is illustrated in Figure 1. The first pre-resin consists of PETA with 0.5– 1.5 wt% of the photoinitiator DETC, whilst the second gold salt pre-resin contains gold(III) chloride hydrate (HAuCl 4∙3H2O) and 0.5–1.5 wt% DETC dissolved in N,N-dimethylacetamide (DMAc). These two resins are always prepared to contain the same concentration of DETC which are then mixed to achieve the desired gold concentration. The compositions of the 15 individual formulations that were used in this study are summarized in Supplementary Table S1. A mixture composed of two pre-resins is loaded onto a glass substrate. A near-infrared (780 nm) femtosecond laser beam is then focused into the resin mixture, such that the photoinitiator is excited by the simultaneous absorption of two photons. This excitation subsequently triggered local chemical reactions, including monomer polymerisation, cross linking and metal salt reduction. In this way, both the polymer matrix and metal nanoparticles were formed simultaneously. As a direct result of this methodology, the in-situ generated nanoparticles were instantaneously embedded in a polymer matrix, preventing their further growth. Figure 1. Illustration a general method of fabricating nanocomposites by simultaneous two-photon polymeri","ion and photoreduction is illustrated in Figure 1. The first pre-resin consists of PETA with 0.5– 1.5 wt% of the photoinitiator DETC, whilst the second gold salt pre-resin contains gold(III) chloride hydrate (HAuCl 4∙3H2O) and 0.5–1.5 wt% DETC dissolved in N,N-dimethylacetamide (DMAc). These two resins are always prepared to contain the same concentration of DETC which are then mixed to achieve the desired gold concentration. The compositions of the 15 individual formulations that were used in this study are summarized in Supplementary Table S1. A mixture composed of two pre-resins is loaded onto a glass substrate. A near-infrared (780 nm) femtosecond laser beam is then focused into the resin mixture, such that the photoinitiator is excited by the simultaneous absorption of two photons. This excitation subsequently triggered local chemical reactions, including monomer polymerisation,...",not_applicable,reported_direct,auto_provisional_accept,machine_high,auto_accept,context candidate has wavelength and resin signal; equality across all PIs still needs audit,CAND-0000207
SUP-AUTO-000208,ZPC-001953,,10.1038/s41598-017-17391-1,Additive manufacture of complex 3D Au-containing nanocomposites by simultaneous two-photon polymerisation and photoreduction,pi_loading,0,%,,,,"e absorption process, which is different from most commonly used initiators, e.g. Irgacure 369 and Irgacure 819, where radical generation occurs through a homolytic C-C bond scission 35. Therefore, it is proposed that it is this excited state absorption process that leads to high efficiency when producing Au based composites by the methods described in this paper. Figure 3. The relationship between the line width and the gold salt concentration in the resin mixture. Five samples (with 0%, 5%, 10%, 15% and 20% of gold salt) were prepared under the same processing conditions. A group of lines were fabricated using laser power of 50 mW and scanning speed of 5000 µm/s. The SEM image on the left shows the sample without gold. The average line width is 466 nm. The SEM image on the right shows the sample prepared with 20% gold salt present in the resin mixture. The average line width is 97 nm. Both images were taken with 40,000x magnification. The inserted image shows the minimum achievable line width is 78 nm. --- Page 5 --- www.nature.com/scientificreports/ 5 SCiENTiFiC REPORtS | 7: 17150 | DOI:10.1038/s41598-017-17391-1 3D Composite Structures. A beneficial consequence of the reliable and efficient simultaneous two-photon polymerisation and photoreduction achieved was that Au-containin","ion process that leads to high efficiency when producing Au based composites by the methods described in this paper. Figure 3. The relationship between the line width and the gold salt concentration in the resin mixture. Five samples (with 0%, 5%, 10%, 15% and 20% of gold salt) were prepared under the same processing conditions. A group of lines were fabricated using laser power of 50 mW and scanning speed of 5000 µm/s. The SEM image on the left shows the sample without gold. T",not_normalizable,candidate_only,auto_retained_low_context_candidate,machine_medium,manual_review,loading_not_normalizable,CAND-0000208
SUP-AUTO-000209,ZPC-001953,,10.1038/s41598-017-17391-1,Additive manufacture of complex 3D Au-containing nanocomposites by simultaneous two-photon polymerisation and photoreduction,pi_loading,5,%,,,,"e absorption process, which is different from most commonly used initiators, e.g. Irgacure 369 and Irgacure 819, where radical generation occurs through a homolytic C-C bond scission 35. Therefore, it is proposed that it is this excited state absorption process that leads to high efficiency when producing Au based composites by the methods described in this paper. Figure 3. The relationship between the line width and the gold salt concentration in the resin mixture. Five samples (with 0%, 5%, 10%, 15% and 20% of gold salt) were prepared under the same processing conditions. A group of lines were fabricated using laser power of 50 mW and scanning speed of 5000 µm/s. The SEM image on the left shows the sample without gold. The average line width is 466 nm. The SEM image on the right shows the sample prepared with 20% gold salt present in the resin mixture. The average line width is 97 nm. Both images were taken with 40,000x magnification. The inserted image shows the minimum achievable line width is 78 nm. --- Page 5 --- www.nature.com/scientificreports/ 5 SCiENTiFiC REPORtS | 7: 17150 | DOI:10.1038/s41598-017-17391-1 3D Composite Structures. A beneficial consequence of the reliable and efficient simultaneous two-photon polymerisation and photoreduction achieved was that Au-containin","process that leads to high efficiency when producing Au based composites by the methods described in this paper. Figure 3. The relationship between the line width and the gold salt concentration in the resin mixture. Five samples (with 0%, 5%, 10%, 15% and 20% of gold salt) were prepared under the same processing conditions. A group of lines were fabricated using laser power of 50 mW and scanning speed of 5000 µm/s. The SEM image on the left shows the sample without gold. The a",not_normalizable,candidate_only,auto_retained_low_context_candidate,machine_medium,manual_review,loading_not_normalizable,CAND-0000209
SUP-AUTO-000210,ZPC-001953,,10.1038/s41598-017-17391-1,Additive manufacture of complex 3D Au-containing nanocomposites by simultaneous two-photon polymerisation and photoreduction,pi_loading,10,%,,,,"e absorption process, which is different from most commonly used initiators, e.g. Irgacure 369 and Irgacure 819, where radical generation occurs through a homolytic C-C bond scission 35. Therefore, it is proposed that it is this excited state absorption process that leads to high efficiency when producing Au based composites by the methods described in this paper. Figure 3. The relationship between the line width and the gold salt concentration in the resin mixture. Five samples (with 0%, 5%, 10%, 15% and 20% of gold salt) were prepared under the same processing conditions. A group of lines were fabricated using laser power of 50 mW and scanning speed of 5000 µm/s. The SEM image on the left shows the sample without gold. The average line width is 466 nm. The SEM image on the right shows the sample prepared with 20% gold salt present in the resin mixture. The average line width is 97 nm. Both images were taken with 40,000x magnification. The inserted image shows the minimum achievable line width is 78 nm. --- Page 5 --- www.nature.com/scientificreports/ 5 SCiENTiFiC REPORtS | 7: 17150 | DOI:10.1038/s41598-017-17391-1 3D Composite Structures. A beneficial consequence of the reliable and efficient simultaneous two-photon polymerisation and photoreduction achieved was that Au-containin","ess that leads to high efficiency when producing Au based composites by the methods described in this paper. Figure 3. The relationship between the line width and the gold salt concentration in the resin mixture. Five samples (with 0%, 5%, 10%, 15% and 20% of gold salt) were prepared under the same processing conditions. A group of lines were fabricated using laser power of 50 mW and scanning speed of 5000 µm/s. The SEM image on the left shows the sample without gold. The averag",not_normalizable,candidate_only,auto_retained_low_context_candidate,machine_medium,manual_review,loading_not_normalizable,CAND-0000210
SUP-AUTO-000211,ZPC-001953,,10.1038/s41598-017-17391-1,Additive manufacture of complex 3D Au-containing nanocomposites by simultaneous two-photon polymerisation and photoreduction,pi_loading,15,%,,,,"e absorption process, which is different from most commonly used initiators, e.g. Irgacure 369 and Irgacure 819, where radical generation occurs through a homolytic C-C bond scission 35. Therefore, it is proposed that it is this excited state absorption process that leads to high efficiency when producing Au based composites by the methods described in this paper. Figure 3. The relationship between the line width and the gold salt concentration in the resin mixture. Five samples (with 0%, 5%, 10%, 15% and 20% of gold salt) were prepared under the same processing conditions. A group of lines were fabricated using laser power of 50 mW and scanning speed of 5000 µm/s. The SEM image on the left shows the sample without gold. The average line width is 466 nm. The SEM image on the right shows the sample prepared with 20% gold salt present in the resin mixture. The average line width is 97 nm. Both images were taken with 40,000x magnification. The inserted image shows the minimum achievable line width is 78 nm. --- Page 5 --- www.nature.com/scientificreports/ 5 SCiENTiFiC REPORtS | 7: 17150 | DOI:10.1038/s41598-017-17391-1 3D Composite Structures. A beneficial consequence of the reliable and efficient simultaneous two-photon polymerisation and photoreduction achieved was that Au-containin","hat leads to high efficiency when producing Au based composites by the methods described in this paper. Figure 3. The relationship between the line width and the gold salt concentration in the resin mixture. Five samples (with 0%, 5%, 10%, 15% and 20% of gold salt) were prepared under the same processing conditions. A group of lines were fabricated using laser power of 50 mW and scanning speed of 5000 µm/s. The SEM image on the left shows the sample without gold. The average lin",not_normalizable,candidate_only,auto_retained_low_context_candidate,machine_medium,manual_review,loading_not_normalizable,CAND-0000211
SUP-AUTO-000212,ZPC-001953,,10.1038/s41598-017-17391-1,Additive manufacture of complex 3D Au-containing nanocomposites by simultaneous two-photon polymerisation and photoreduction,pi_loading,20,%,,,,"e absorption process, which is different from most commonly used initiators, e.g. Irgacure 369 and Irgacure 819, where radical generation occurs through a homolytic C-C bond scission 35. Therefore, it is proposed that it is this excited state absorption process that leads to high efficiency when producing Au based composites by the methods described in this paper. Figure 3. The relationship between the line width and the gold salt concentration in the resin mixture. Five samples (with 0%, 5%, 10%, 15% and 20% of gold salt) were prepared under the same processing conditions. A group of lines were fabricated using laser power of 50 mW and scanning speed of 5000 µm/s. The SEM image on the left shows the sample without gold. The average line width is 466 nm. The SEM image on the right shows the sample prepared with 20% gold salt present in the resin mixture. The average line width is 97 nm. Both images were taken with 40,000x magnification. The inserted image shows the minimum achievable line width is 78 nm. --- Page 5 --- www.nature.com/scientificreports/ 5 SCiENTiFiC REPORtS | 7: 17150 | DOI:10.1038/s41598-017-17391-1 3D Composite Structures. A beneficial consequence of the reliable and efficient simultaneous two-photon polymerisation and photoreduction achieved was that Au-containin","s to high efficiency when producing Au based composites by the methods described in this paper. Figure 3. The relationship between the line width and the gold salt concentration in the resin mixture. Five samples (with 0%, 5%, 10%, 15% and 20% of gold salt) were prepared under the same processing conditions. A group of lines were fabricated using laser power of 50 mW and scanning speed of 5000 µm/s. The SEM image on the left shows the sample without gold. The average line width",not_normalizable,candidate_only,auto_retained_low_context_candidate,machine_medium,manual_review,loading_not_normalizable,CAND-0000212
SUP-AUTO-000213,ZPC-001953,,10.1038/s41598-017-17391-1,Additive manufacture of complex 3D Au-containing nanocomposites by simultaneous two-photon polymerisation and photoreduction,pi_loading,5000,µM,,,,"e absorption process, which is different from most commonly used initiators, e.g. Irgacure 369 and Irgacure 819, where radical generation occurs through a homolytic C-C bond scission 35. Therefore, it is proposed that it is this excited state absorption process that leads to high efficiency when producing Au based composites by the methods described in this paper. Figure 3. The relationship between the line width and the gold salt concentration in the resin mixture. Five samples (with 0%, 5%, 10%, 15% and 20% of gold salt) were prepared under the same processing conditions. A group of lines were fabricated using laser power of 50 mW and scanning speed of 5000 µm/s. The SEM image on the left shows the sample without gold. The average line width is 466 nm. The SEM image on the right shows the sample prepared with 20% gold salt present in the resin mixture. The average line width is 97 nm. Both images were taken with 40,000x magnification. The inserted image shows the minimum achievable line width is 78 nm. --- Page 5 --- www.nature.com/scientificreports/ 5 SCiENTiFiC REPORtS | 7: 17150 | DOI:10.1038/s41598-017-17391-1 3D Composite Structures. A beneficial consequence of the reliable and efficient simultaneous two-photon polymerisation and photoreduction achieved was that Au-containin","e gold salt concentration in the resin mixture. Five samples (with 0%, 5%, 10%, 15% and 20% of gold salt) were prepared under the same processing conditions. A group of lines were fabricated using laser power of 50 mW and scanning speed of 5000 µm/s. The SEM image on the left shows the sample without gold. The average line width is 466 nm. The SEM image on the right shows the sample prepared with 20% gold salt present in the resin mixture. The average line width is 97 nm. Both image",reported_mM,reported_direct,auto_provisional_accept,machine_high,auto_accept,loading candidate has raw value/unit; normalization basis recorded,CAND-0000213
SUP-AUTO-000214,ZPC-001953,,10.1038/s41598-017-17391-1,Additive manufacture of complex 3D Au-containing nanocomposites by simultaneous two-photon polymerisation and photoreduction,pi_loading,20,%,,,,"e absorption process, which is different from most commonly used initiators, e.g. Irgacure 369 and Irgacure 819, where radical generation occurs through a homolytic C-C bond scission 35. Therefore, it is proposed that it is this excited state absorption process that leads to high efficiency when producing Au based composites by the methods described in this paper. Figure 3. The relationship between the line width and the gold salt concentration in the resin mixture. Five samples (with 0%, 5%, 10%, 15% and 20% of gold salt) were prepared under the same processing conditions. A group of lines were fabricated using laser power of 50 mW and scanning speed of 5000 µm/s. The SEM image on the left shows the sample without gold. The average line width is 466 nm. The SEM image on the right shows the sample prepared with 20% gold salt present in the resin mixture. The average line width is 97 nm. Both images were taken with 40,000x magnification. The inserted image shows the minimum achievable line width is 78 nm. --- Page 5 --- www.nature.com/scientificreports/ 5 SCiENTiFiC REPORtS | 7: 17150 | DOI:10.1038/s41598-017-17391-1 3D Composite Structures. A beneficial consequence of the reliable and efficient simultaneous two-photon polymerisation and photoreduction achieved was that Au-containin","group of lines were fabricated using laser power of 50 mW and scanning speed of 5000 µm/s. The SEM image on the left shows the sample without gold. The average line width is 466 nm. The SEM image on the right shows the sample prepared with 20% gold salt present in the resin mixture. The average line width is 97 nm. Both images were taken with 40,000x magnification. The inserted image shows the minimum achievable line width is 78 nm. --- Page 5 --- www.nature.com/scientificreport",not_normalizable,candidate_only,auto_retained_low_context_candidate,machine_medium,manual_review,loading_not_normalizable,CAND-0000214
SUP-AUTO-000215,ZPC-001953,,10.1038/s41598-017-17391-1,Additive manufacture of complex 3D Au-containing nanocomposites by simultaneous two-photon polymerisation and photoreduction,experimental_context,wavelength_nm=466;scan_speed_or_dwell=5000 µm/s;power_measurement_plane=not_reported;threshold_definition=candidate_in_anchor;resin_formulation=candidate_in_anchor,context,,,,"e absorption process, which is different from most commonly used initiators, e.g. Irgacure 369 and Irgacure 819, where radical generation occurs through a homolytic C-C bond scission 35. Therefore, it is proposed that it is this excited state absorption process that leads to high efficiency when producing Au based composites by the methods described in this paper. Figure 3. The relationship between the line width and the gold salt concentration in the resin mixture. Five samples (with 0%, 5%, 10%, 15% and 20% of gold salt) were prepared under the same processing conditions. A group of lines were fabricated using laser power of 50 mW and scanning speed of 5000 µm/s. The SEM image on the left shows the sample without gold. The average line width is 466 nm. The SEM image on the right shows the sample prepared with 20% gold salt present in the resin mixture. The average line width is 97 nm. Both images were taken with 40,000x magnification. The inserted image shows the minimum achievable line width is 78 nm. --- Page 5 --- www.nature.com/scientificreports/ 5 SCiENTiFiC REPORtS | 7: 17150 | DOI:10.1038/s41598-017-17391-1 3D Composite Structures. A beneficial consequence of the reliable and efficient simultaneous two-photon polymerisation and photoreduction achieved was that Au-containin","e absorption process, which is different from most commonly used initiators, e.g. Irgacure 369 and Irgacure 819, where radical generation occurs through a homolytic C-C bond scission 35. Therefore, it is proposed that it is this excited state absorption process that leads to high efficiency when producing Au based composites by the methods described in this paper. Figure 3. The relationship between the line width and the gold salt concentration in the resin mixture. Five samples (with 0%, 5%, 10%, 15% and 20% of gold salt) were prepared under the same processing conditions. A group of lines were fabricated using laser power of 50 mW and scanning speed of 5000 µm/s. The SEM image on the left shows the sample without gold. The average line width is 466 nm. The SEM image on the right shows the sample prepared with 20% gold salt present in the resin mixture. The average line width is 97 n...",not_applicable,reported_direct,auto_provisional_accept,machine_high,auto_accept,context candidate has wavelength and resin signal; equality across all PIs still needs audit,CAND-0000215
SUP-AUTO-000216,ZPC-001953,,10.1038/s41598-017-17391-1,Additive manufacture of complex 3D Au-containing nanocomposites by simultaneous two-photon polymerisation and photoreduction,voxel_geometry,line_width_um=0.466;line_width_um=0.097;line_width_um=0.078;scan_speed=5000 µm/s;power_mW=50,mixed,,,,"e absorption process, which is different from most commonly used initiators, e.g. Irgacure 369 and Irgacure 819, where radical generation occurs through a homolytic C-C bond scission 35. Therefore, it is proposed that it is this excited state absorption process that leads to high efficiency when producing Au based composites by the methods described in this paper. Figure 3. The relationship between the line width and the gold salt concentration in the resin mixture. Five samples (with 0%, 5%, 10%, 15% and 20% of gold salt) were prepared under the same processing conditions. A group of lines were fabricated using laser power of 50 mW and scanning speed of 5000 µm/s. The SEM image on the left shows the sample without gold. The average line width is 466 nm. The SEM image on the right shows the sample prepared with 20% gold salt present in the resin mixture. The average line width is 97 nm. Both images were taken with 40,000x magnification. The inserted image shows the minimum achievable line width is 78 nm. --- Page 5 --- www.nature.com/scientificreports/ 5 SCiENTiFiC REPORtS | 7: 17150 | DOI:10.1038/s41598-017-17391-1 3D Composite Structures. A beneficial consequence of the reliable and efficient simultaneous two-photon polymerisation and photoreduction achieved was that Au-containin","e absorption process, which is different from most commonly used initiators, e.g. Irgacure 369 and Irgacure 819, where radical generation occurs through a homolytic C-C bond scission 35. Therefore, it is proposed that it is this excited state absorption process that leads to high efficiency when producing Au based composites by the methods described in this paper. Figure 3. The relationship between the line width and the gold salt concentration in the resin mixture. Five samples (with 0%, 5%, 10%, 15% and 20% of gold salt) were prepared under the same processing conditions. A group of lines were fabricated using laser power of 50 mW and scanning speed of 5000 µm/s. The SEM image on the left shows the sample without gold. The average line width is 466 nm. The SEM image on the right shows the sample prepared with 20% gold salt present in the resin mixture. The average line width is 97 n...",not_applicable,reported_direct,auto_retained_context_candidate,machine_medium,manual_review,COMSOL_context_not_verified,CAND-0000216
SUP-AUTO-000217,ZPC-001953,,10.1038/s41598-017-17391-1,Additive manufacture of complex 3D Au-containing nanocomposites by simultaneous two-photon polymerisation and photoreduction,pi_loading,0.2,wt%,,,,"ator ReferenceWeight ratio Molar ratio SU-8 PC2506 (photoacid generator in SU-8) + AF380 10 wt% gold salt, 1 wt% AF380, 1–5 wt% PC2506 <5:1 N/A 19,20 Acrylate-functionalized poly(ethylene glycol) derivative Irgacure 2959 0.2 wt% gold salt, 0.15 wt% Irgacure 2959 4:3 1:1 21 TMPTA, PETA DBMP + Ru(II) complex 3 wt% gold salt, 3 wt% DBMP , 0.1 wt% Ru(II) complex 1:1 1:1 22 PETA DETC 20 wt% gold salt, 0.5 wt% DETC (Formulation 5) 40:1 39:1 This paper Table 1. Compare initiator used for Au composite fabrication by two-photon techniques. *PC2506: a diaryliodonium salt photoacid generator, Ar2I+SbF6 − ; AF380: an initiator developed by the US Air Force Research Laboratory with unknown chemical structure; Irgacure 2959: (1-[4-(2-hydroxyethoxy)-phenyl]- 2-hydroxy-2-methyl-1-propane-1-one); TMPTA: trimethylopropane triacrylate; DBMP: 2-benzyl-2- (dimethylamino)-4′-morpholinobutyrophenone; Ru(II) complex: tris(2,2′-bipyridyl) dichlororuthenium(II) hexahydrate. **According to the Safety Data Sheet of SU-8 2000 series, the concentration of initiator in commercial SU-8 is 1–5%. --- Page 7 --- www.nature.com/scientificreports/ 7 SCiENTiFiC REPORtS | 7: 17150 | DOI:10.1038/s41598-017-17391-1 salt, in addition to promoting polymerisation. This efficiency was attributed to the excited sta","ator ReferenceWeight ratio Molar ratio SU-8 PC2506 (photoacid generator in SU-8) + AF380 10 wt% gold salt, 1 wt% AF380, 1–5 wt% PC2506 <5:1 N/A 19,20 Acrylate-functionalized poly(ethylene glycol) derivative Irgacure 2959 0.2 wt% gold salt, 0.15 wt% Irgacure 2959 4:3 1:1 21 TMPTA, PETA DBMP + Ru(II) complex 3 wt% gold salt, 3 wt% DBMP , 0.1 wt% Ru(II) complex 1:1 1:1 22 PETA DETC 20 wt% gold salt, 0.5 wt% DETC (Formulation 5) 40:1 39:1 This paper Table 1. Compare i",converted_from_wt_percent,converted_from_wt_percent,auto_provisional_accept,machine_high,auto_accept,loading candidate has raw value/unit; normalization basis recorded,CAND-0000217
SUP-AUTO-000218,ZPC-001953,,10.1038/s41598-017-17391-1,Additive manufacture of complex 3D Au-containing nanocomposites by simultaneous two-photon polymerisation and photoreduction,pi_loading,0.15,wt%,,,,"ator ReferenceWeight ratio Molar ratio SU-8 PC2506 (photoacid generator in SU-8) + AF380 10 wt% gold salt, 1 wt% AF380, 1–5 wt% PC2506 <5:1 N/A 19,20 Acrylate-functionalized poly(ethylene glycol) derivative Irgacure 2959 0.2 wt% gold salt, 0.15 wt% Irgacure 2959 4:3 1:1 21 TMPTA, PETA DBMP + Ru(II) complex 3 wt% gold salt, 3 wt% DBMP , 0.1 wt% Ru(II) complex 1:1 1:1 22 PETA DETC 20 wt% gold salt, 0.5 wt% DETC (Formulation 5) 40:1 39:1 This paper Table 1. Compare initiator used for Au composite fabrication by two-photon techniques. *PC2506: a diaryliodonium salt photoacid generator, Ar2I+SbF6 − ; AF380: an initiator developed by the US Air Force Research Laboratory with unknown chemical structure; Irgacure 2959: (1-[4-(2-hydroxyethoxy)-phenyl]- 2-hydroxy-2-methyl-1-propane-1-one); TMPTA: trimethylopropane triacrylate; DBMP: 2-benzyl-2- (dimethylamino)-4′-morpholinobutyrophenone; Ru(II) complex: tris(2,2′-bipyridyl) dichlororuthenium(II) hexahydrate. **According to the Safety Data Sheet of SU-8 2000 series, the concentration of initiator in commercial SU-8 is 1–5%. --- Page 7 --- www.nature.com/scientificreports/ 7 SCiENTiFiC REPORtS | 7: 17150 | DOI:10.1038/s41598-017-17391-1 salt, in addition to promoting polymerisation. This efficiency was attributed to the excited sta","ator ReferenceWeight ratio Molar ratio SU-8 PC2506 (photoacid generator in SU-8) + AF380 10 wt% gold salt, 1 wt% AF380, 1–5 wt% PC2506 <5:1 N/A 19,20 Acrylate-functionalized poly(ethylene glycol) derivative Irgacure 2959 0.2 wt% gold salt, 0.15 wt% Irgacure 2959 4:3 1:1 21 TMPTA, PETA DBMP + Ru(II) complex 3 wt% gold salt, 3 wt% DBMP , 0.1 wt% Ru(II) complex 1:1 1:1 22 PETA DETC 20 wt% gold salt, 0.5 wt% DETC (Formulation 5) 40:1 39:1 This paper Table 1. Compare initiator used for Au",converted_from_wt_percent,converted_from_wt_percent,auto_provisional_accept,machine_high,auto_accept,loading candidate has raw value/unit; normalization basis recorded,CAND-0000218
SUP-AUTO-000219,ZPC-001953,,10.1038/s41598-017-17391-1,Additive manufacture of complex 3D Au-containing nanocomposites by simultaneous two-photon polymerisation and photoreduction,pi_loading,3,wt%,,,,"ator ReferenceWeight ratio Molar ratio SU-8 PC2506 (photoacid generator in SU-8) + AF380 10 wt% gold salt, 1 wt% AF380, 1–5 wt% PC2506 <5:1 N/A 19,20 Acrylate-functionalized poly(ethylene glycol) derivative Irgacure 2959 0.2 wt% gold salt, 0.15 wt% Irgacure 2959 4:3 1:1 21 TMPTA, PETA DBMP + Ru(II) complex 3 wt% gold salt, 3 wt% DBMP , 0.1 wt% Ru(II) complex 1:1 1:1 22 PETA DETC 20 wt% gold salt, 0.5 wt% DETC (Formulation 5) 40:1 39:1 This paper Table 1. Compare initiator used for Au composite fabrication by two-photon techniques. *PC2506: a diaryliodonium salt photoacid generator, Ar2I+SbF6 − ; AF380: an initiator developed by the US Air Force Research Laboratory with unknown chemical structure; Irgacure 2959: (1-[4-(2-hydroxyethoxy)-phenyl]- 2-hydroxy-2-methyl-1-propane-1-one); TMPTA: trimethylopropane triacrylate; DBMP: 2-benzyl-2- (dimethylamino)-4′-morpholinobutyrophenone; Ru(II) complex: tris(2,2′-bipyridyl) dichlororuthenium(II) hexahydrate. **According to the Safety Data Sheet of SU-8 2000 series, the concentration of initiator in commercial SU-8 is 1–5%. --- Page 7 --- www.nature.com/scientificreports/ 7 SCiENTiFiC REPORtS | 7: 17150 | DOI:10.1038/s41598-017-17391-1 salt, in addition to promoting polymerisation. This efficiency was attributed to the excited sta","tor in SU-8) + AF380 10 wt% gold salt, 1 wt% AF380, 1–5 wt% PC2506 <5:1 N/A 19,20 Acrylate-functionalized poly(ethylene glycol) derivative Irgacure 2959 0.2 wt% gold salt, 0.15 wt% Irgacure 2959 4:3 1:1 21 TMPTA, PETA DBMP + Ru(II) complex 3 wt% gold salt, 3 wt% DBMP , 0.1 wt% Ru(II) complex 1:1 1:1 22 PETA DETC 20 wt% gold salt, 0.5 wt% DETC (Formulation 5) 40:1 39:1 This paper Table 1. Compare initiator used for Au composite fabrication by two-photon techniques. *PC2506: a diary",converted_from_wt_percent,converted_from_wt_percent,auto_provisional_accept,machine_high,auto_accept,loading candidate has raw value/unit; normalization basis recorded,CAND-0000219
SUP-AUTO-000220,ZPC-001953,,10.1038/s41598-017-17391-1,Additive manufacture of complex 3D Au-containing nanocomposites by simultaneous two-photon polymerisation and photoreduction,pi_loading,3,wt%,,,,"ator ReferenceWeight ratio Molar ratio SU-8 PC2506 (photoacid generator in SU-8) + AF380 10 wt% gold salt, 1 wt% AF380, 1–5 wt% PC2506 <5:1 N/A 19,20 Acrylate-functionalized poly(ethylene glycol) derivative Irgacure 2959 0.2 wt% gold salt, 0.15 wt% Irgacure 2959 4:3 1:1 21 TMPTA, PETA DBMP + Ru(II) complex 3 wt% gold salt, 3 wt% DBMP , 0.1 wt% Ru(II) complex 1:1 1:1 22 PETA DETC 20 wt% gold salt, 0.5 wt% DETC (Formulation 5) 40:1 39:1 This paper Table 1. Compare initiator used for Au composite fabrication by two-photon techniques. *PC2506: a diaryliodonium salt photoacid generator, Ar2I+SbF6 − ; AF380: an initiator developed by the US Air Force Research Laboratory with unknown chemical structure; Irgacure 2959: (1-[4-(2-hydroxyethoxy)-phenyl]- 2-hydroxy-2-methyl-1-propane-1-one); TMPTA: trimethylopropane triacrylate; DBMP: 2-benzyl-2- (dimethylamino)-4′-morpholinobutyrophenone; Ru(II) complex: tris(2,2′-bipyridyl) dichlororuthenium(II) hexahydrate. **According to the Safety Data Sheet of SU-8 2000 series, the concentration of initiator in commercial SU-8 is 1–5%. --- Page 7 --- www.nature.com/scientificreports/ 7 SCiENTiFiC REPORtS | 7: 17150 | DOI:10.1038/s41598-017-17391-1 salt, in addition to promoting polymerisation. This efficiency was attributed to the excited sta","380 10 wt% gold salt, 1 wt% AF380, 1–5 wt% PC2506 <5:1 N/A 19,20 Acrylate-functionalized poly(ethylene glycol) derivative Irgacure 2959 0.2 wt% gold salt, 0.15 wt% Irgacure 2959 4:3 1:1 21 TMPTA, PETA DBMP + Ru(II) complex 3 wt% gold salt, 3 wt% DBMP , 0.1 wt% Ru(II) complex 1:1 1:1 22 PETA DETC 20 wt% gold salt, 0.5 wt% DETC (Formulation 5) 40:1 39:1 This paper Table 1. Compare initiator used for Au composite fabrication by two-photon techniques. *PC2506: a diaryliodonium salt ph",converted_from_wt_percent,converted_from_wt_percent,auto_provisional_accept,machine_high,auto_accept,loading candidate has raw value/unit; normalization basis recorded,CAND-0000220
SUP-AUTO-000221,ZPC-001953,,10.1038/s41598-017-17391-1,Additive manufacture of complex 3D Au-containing nanocomposites by simultaneous two-photon polymerisation and photoreduction,pi_loading,0.1,wt%,,,,"ator ReferenceWeight ratio Molar ratio SU-8 PC2506 (photoacid generator in SU-8) + AF380 10 wt% gold salt, 1 wt% AF380, 1–5 wt% PC2506 <5:1 N/A 19,20 Acrylate-functionalized poly(ethylene glycol) derivative Irgacure 2959 0.2 wt% gold salt, 0.15 wt% Irgacure 2959 4:3 1:1 21 TMPTA, PETA DBMP + Ru(II) complex 3 wt% gold salt, 3 wt% DBMP , 0.1 wt% Ru(II) complex 1:1 1:1 22 PETA DETC 20 wt% gold salt, 0.5 wt% DETC (Formulation 5) 40:1 39:1 This paper Table 1. Compare initiator used for Au composite fabrication by two-photon techniques. *PC2506: a diaryliodonium salt photoacid generator, Ar2I+SbF6 − ; AF380: an initiator developed by the US Air Force Research Laboratory with unknown chemical structure; Irgacure 2959: (1-[4-(2-hydroxyethoxy)-phenyl]- 2-hydroxy-2-methyl-1-propane-1-one); TMPTA: trimethylopropane triacrylate; DBMP: 2-benzyl-2- (dimethylamino)-4′-morpholinobutyrophenone; Ru(II) complex: tris(2,2′-bipyridyl) dichlororuthenium(II) hexahydrate. **According to the Safety Data Sheet of SU-8 2000 series, the concentration of initiator in commercial SU-8 is 1–5%. --- Page 7 --- www.nature.com/scientificreports/ 7 SCiENTiFiC REPORtS | 7: 17150 | DOI:10.1038/s41598-017-17391-1 salt, in addition to promoting polymerisation. This efficiency was attributed to the excited sta","ld salt, 1 wt% AF380, 1–5 wt% PC2506 <5:1 N/A 19,20 Acrylate-functionalized poly(ethylene glycol) derivative Irgacure 2959 0.2 wt% gold salt, 0.15 wt% Irgacure 2959 4:3 1:1 21 TMPTA, PETA DBMP + Ru(II) complex 3 wt% gold salt, 3 wt% DBMP , 0.1 wt% Ru(II) complex 1:1 1:1 22 PETA DETC 20 wt% gold salt, 0.5 wt% DETC (Formulation 5) 40:1 39:1 This paper Table 1. Compare initiator used for Au composite fabrication by two-photon techniques. *PC2506: a diaryliodonium salt photoacid generat",converted_from_wt_percent,converted_from_wt_percent,auto_provisional_accept,machine_high,auto_accept,loading candidate has raw value/unit; normalization basis recorded,CAND-0000221
SUP-AUTO-000222,ZPC-001953,,10.1038/s41598-017-17391-1,Additive manufacture of complex 3D Au-containing nanocomposites by simultaneous two-photon polymerisation and photoreduction,pi_loading,20,wt%,,,,"ator ReferenceWeight ratio Molar ratio SU-8 PC2506 (photoacid generator in SU-8) + AF380 10 wt% gold salt, 1 wt% AF380, 1–5 wt% PC2506 <5:1 N/A 19,20 Acrylate-functionalized poly(ethylene glycol) derivative Irgacure 2959 0.2 wt% gold salt, 0.15 wt% Irgacure 2959 4:3 1:1 21 TMPTA, PETA DBMP + Ru(II) complex 3 wt% gold salt, 3 wt% DBMP , 0.1 wt% Ru(II) complex 1:1 1:1 22 PETA DETC 20 wt% gold salt, 0.5 wt% DETC (Formulation 5) 40:1 39:1 This paper Table 1. Compare initiator used for Au composite fabrication by two-photon techniques. *PC2506: a diaryliodonium salt photoacid generator, Ar2I+SbF6 − ; AF380: an initiator developed by the US Air Force Research Laboratory with unknown chemical structure; Irgacure 2959: (1-[4-(2-hydroxyethoxy)-phenyl]- 2-hydroxy-2-methyl-1-propane-1-one); TMPTA: trimethylopropane triacrylate; DBMP: 2-benzyl-2- (dimethylamino)-4′-morpholinobutyrophenone; Ru(II) complex: tris(2,2′-bipyridyl) dichlororuthenium(II) hexahydrate. **According to the Safety Data Sheet of SU-8 2000 series, the concentration of initiator in commercial SU-8 is 1–5%. --- Page 7 --- www.nature.com/scientificreports/ 7 SCiENTiFiC REPORtS | 7: 17150 | DOI:10.1038/s41598-017-17391-1 salt, in addition to promoting polymerisation. This efficiency was attributed to the excited sta","A 19,20 Acrylate-functionalized poly(ethylene glycol) derivative Irgacure 2959 0.2 wt% gold salt, 0.15 wt% Irgacure 2959 4:3 1:1 21 TMPTA, PETA DBMP + Ru(II) complex 3 wt% gold salt, 3 wt% DBMP , 0.1 wt% Ru(II) complex 1:1 1:1 22 PETA DETC 20 wt% gold salt, 0.5 wt% DETC (Formulation 5) 40:1 39:1 This paper Table 1. Compare initiator used for Au composite fabrication by two-photon techniques. *PC2506: a diaryliodonium salt photoacid generator, Ar2I+SbF6 − ; AF380: an initiator devel",converted_from_wt_percent,converted_from_wt_percent,auto_provisional_accept,machine_high,auto_accept,loading candidate has raw value/unit; normalization basis recorded,CAND-0000222
SUP-AUTO-000223,ZPC-001953,,10.1038/s41598-017-17391-1,Additive manufacture of complex 3D Au-containing nanocomposites by simultaneous two-photon polymerisation and photoreduction,pi_loading,0.5,wt%,,,,"ator ReferenceWeight ratio Molar ratio SU-8 PC2506 (photoacid generator in SU-8) + AF380 10 wt% gold salt, 1 wt% AF380, 1–5 wt% PC2506 <5:1 N/A 19,20 Acrylate-functionalized poly(ethylene glycol) derivative Irgacure 2959 0.2 wt% gold salt, 0.15 wt% Irgacure 2959 4:3 1:1 21 TMPTA, PETA DBMP + Ru(II) complex 3 wt% gold salt, 3 wt% DBMP , 0.1 wt% Ru(II) complex 1:1 1:1 22 PETA DETC 20 wt% gold salt, 0.5 wt% DETC (Formulation 5) 40:1 39:1 This paper Table 1. Compare initiator used for Au composite fabrication by two-photon techniques. *PC2506: a diaryliodonium salt photoacid generator, Ar2I+SbF6 − ; AF380: an initiator developed by the US Air Force Research Laboratory with unknown chemical structure; Irgacure 2959: (1-[4-(2-hydroxyethoxy)-phenyl]- 2-hydroxy-2-methyl-1-propane-1-one); TMPTA: trimethylopropane triacrylate; DBMP: 2-benzyl-2- (dimethylamino)-4′-morpholinobutyrophenone; Ru(II) complex: tris(2,2′-bipyridyl) dichlororuthenium(II) hexahydrate. **According to the Safety Data Sheet of SU-8 2000 series, the concentration of initiator in commercial SU-8 is 1–5%. --- Page 7 --- www.nature.com/scientificreports/ 7 SCiENTiFiC REPORtS | 7: 17150 | DOI:10.1038/s41598-017-17391-1 salt, in addition to promoting polymerisation. This efficiency was attributed to the excited sta","unctionalized poly(ethylene glycol) derivative Irgacure 2959 0.2 wt% gold salt, 0.15 wt% Irgacure 2959 4:3 1:1 21 TMPTA, PETA DBMP + Ru(II) complex 3 wt% gold salt, 3 wt% DBMP , 0.1 wt% Ru(II) complex 1:1 1:1 22 PETA DETC 20 wt% gold salt, 0.5 wt% DETC (Formulation 5) 40:1 39:1 This paper Table 1. Compare initiator used for Au composite fabrication by two-photon techniques. *PC2506: a diaryliodonium salt photoacid generator, Ar2I+SbF6 − ; AF380: an initiator developed by the US Air",converted_from_wt_percent,converted_from_wt_percent,auto_provisional_accept,machine_high,auto_accept,loading candidate has raw value/unit; normalization basis recorded,CAND-0000223
SUP-AUTO-000224,ZPC-001953,,10.1038/s41598-017-17391-1,Additive manufacture of complex 3D Au-containing nanocomposites by simultaneous two-photon polymerisation and photoreduction,pi_loading,5,%,,,,"ator ReferenceWeight ratio Molar ratio SU-8 PC2506 (photoacid generator in SU-8) + AF380 10 wt% gold salt, 1 wt% AF380, 1–5 wt% PC2506 <5:1 N/A 19,20 Acrylate-functionalized poly(ethylene glycol) derivative Irgacure 2959 0.2 wt% gold salt, 0.15 wt% Irgacure 2959 4:3 1:1 21 TMPTA, PETA DBMP + Ru(II) complex 3 wt% gold salt, 3 wt% DBMP , 0.1 wt% Ru(II) complex 1:1 1:1 22 PETA DETC 20 wt% gold salt, 0.5 wt% DETC (Formulation 5) 40:1 39:1 This paper Table 1. Compare initiator used for Au composite fabrication by two-photon techniques. *PC2506: a diaryliodonium salt photoacid generator, Ar2I+SbF6 − ; AF380: an initiator developed by the US Air Force Research Laboratory with unknown chemical structure; Irgacure 2959: (1-[4-(2-hydroxyethoxy)-phenyl]- 2-hydroxy-2-methyl-1-propane-1-one); TMPTA: trimethylopropane triacrylate; DBMP: 2-benzyl-2- (dimethylamino)-4′-morpholinobutyrophenone; Ru(II) complex: tris(2,2′-bipyridyl) dichlororuthenium(II) hexahydrate. **According to the Safety Data Sheet of SU-8 2000 series, the concentration of initiator in commercial SU-8 is 1–5%. --- Page 7 --- www.nature.com/scientificreports/ 7 SCiENTiFiC REPORtS | 7: 17150 | DOI:10.1038/s41598-017-17391-1 salt, in addition to promoting polymerisation. This efficiency was attributed to the excited sta","-benzyl-2- (dimethylamino)-4′-morpholinobutyrophenone; Ru(II) complex: tris(2,2′-bipyridyl) dichlororuthenium(II) hexahydrate. **According to the Safety Data Sheet of SU-8 2000 series, the concentration of initiator in commercial SU-8 is 1–5%. --- Page 7 --- www.nature.com/scientificreports/ 7 SCiENTiFiC REPORtS | 7: 17150 | DOI:10.1038/s41598-017-17391-1 salt, in addition to promoting polymerisation. This efficiency was attributed to the excited sta",not_normalizable,candidate_only,auto_retained_low_context_candidate,machine_medium,manual_review,loading_not_normalizable,CAND-0000224
SUP-AUTO-000225,ZPC-001953,,10.1038/s41598-017-17391-1,Additive manufacture of complex 3D Au-containing nanocomposites by simultaneous two-photon polymerisation and photoreduction,experimental_context,power_measurement_plane=not_reported;atmosphere_oxygen_boundary=ambient_air;development_protocol=reported;resin_formulation=candidate_in_anchor,context,,,,"ator ReferenceWeight ratio Molar ratio SU-8 PC2506 (photoacid generator in SU-8) + AF380 10 wt% gold salt, 1 wt% AF380, 1–5 wt% PC2506 <5:1 N/A 19,20 Acrylate-functionalized poly(ethylene glycol) derivative Irgacure 2959 0.2 wt% gold salt, 0.15 wt% Irgacure 2959 4:3 1:1 21 TMPTA, PETA DBMP + Ru(II) complex 3 wt% gold salt, 3 wt% DBMP , 0.1 wt% Ru(II) complex 1:1 1:1 22 PETA DETC 20 wt% gold salt, 0.5 wt% DETC (Formulation 5) 40:1 39:1 This paper Table 1. Compare initiator used for Au composite fabrication by two-photon techniques. *PC2506: a diaryliodonium salt photoacid generator, Ar2I+SbF6 − ; AF380: an initiator developed by the US Air Force Research Laboratory with unknown chemical structure; Irgacure 2959: (1-[4-(2-hydroxyethoxy)-phenyl]- 2-hydroxy-2-methyl-1-propane-1-one); TMPTA: trimethylopropane triacrylate; DBMP: 2-benzyl-2- (dimethylamino)-4′-morpholinobutyrophenone; Ru(II) complex: tris(2,2′-bipyridyl) dichlororuthenium(II) hexahydrate. **According to the Safety Data Sheet of SU-8 2000 series, the concentration of initiator in commercial SU-8 is 1–5%. --- Page 7 --- www.nature.com/scientificreports/ 7 SCiENTiFiC REPORtS | 7: 17150 | DOI:10.1038/s41598-017-17391-1 salt, in addition to promoting polymerisation. This efficiency was attributed to the excited sta","ator ReferenceWeight ratio Molar ratio SU-8 PC2506 (photoacid generator in SU-8) + AF380 10 wt% gold salt, 1 wt% AF380, 1–5 wt% PC2506 <5:1 N/A 19,20 Acrylate-functionalized poly(ethylene glycol) derivative Irgacure 2959 0.2 wt% gold salt, 0.15 wt% Irgacure 2959 4:3 1:1 21 TMPTA, PETA DBMP + Ru(II) complex 3 wt% gold salt, 3 wt% DBMP , 0.1 wt% Ru(II) complex 1:1 1:1 22 PETA DETC 20 wt% gold salt, 0.5 wt% DETC (Formulation 5) 40:1 39:1 This paper Table 1. Compare initiator used for Au composite fabrication by two-photon techniques. *PC2506: a diaryliodonium salt photoacid generator, Ar2I+SbF6 − ; AF380: an initiator developed by the US Air Force Research Laboratory with unknown chemical structure; Irgacure 2959: (1-[4-(2-hydroxyethoxy)-phenyl]- 2-hydroxy-2-methyl-1-propane-1-one); TMPTA: trimethylopropane triacrylate; DBMP: 2-benzyl-2- (dimethylamino)-4′-morpholinobutyrophenone; Ru(II)...",not_applicable,reported_direct,auto_retained_context_candidate,machine_medium,manual_review,context_missing_wavelength,CAND-0000225
SUP-AUTO-000226,ZPC-001953,,10.1038/s41598-017-17391-1,Additive manufacture of complex 3D Au-containing nanocomposites by simultaneous two-photon polymerisation and photoreduction,pi_loading,20,wt%,,,,"s the highest efficiency for an initiator in the fabrication of gold-containing composites by two-photon lithography. In this paper, the use of DETC as an efficacious photoinitiator to promote the formation of complex 3D gold-containing nanocomposite structures using simultaneous two-photon polymerisation and photoreduction is shown. It is also demonstrated that the concentration of the gold salt in the resin mixture can be readily varied between 0 and 20 wt%, offering potential for the control of the resultant hybrid microstructure. The feature size can be effectively reduced by incorporation of a gold salt into the resin mixture, with line width as small as 78 nm has been shown to be possible under these conditions. The structural intricacy demonstrated here represents a significant advance in the fabrication complexity achievable. The gold nanoparticles generated in situ exhibit a remarkable optical property of localised surface plasmon resonance (LSPR). The capability demonstrated in this study opens new avenues for a range of applications, including plasmonics, metamaterials, flexible electronics and biosensors. In particularly, user-defined 3D composite structures can be readily fabricated in this way. Results and Discussion A general additive manufacturing (AM) method to","3D gold-containing nanocomposite structures using simultaneous two-photon polymerisation and photoreduction is shown. It is also demonstrated that the concentration of the gold salt in the resin mixture can be readily varied between 0 and 20 wt%, offering potential for the control of the resultant hybrid microstructure. The feature size can be effectively reduced by incorporation of a gold salt into the resin mixture, with line width as small as 78 nm has been shown to be possible",converted_from_wt_percent,converted_from_wt_percent,auto_provisional_accept,machine_high,auto_accept,loading candidate has raw value/unit; normalization basis recorded,CAND-0000226
SUP-AUTO-000227,ZPC-001953,,10.1038/s41598-017-17391-1,Additive manufacture of complex 3D Au-containing nanocomposites by simultaneous two-photon polymerisation and photoreduction,experimental_context,power_measurement_plane=not_reported;threshold_definition=candidate_in_anchor;resin_formulation=candidate_in_anchor,context,,,,"s the highest efficiency for an initiator in the fabrication of gold-containing composites by two-photon lithography. In this paper, the use of DETC as an efficacious photoinitiator to promote the formation of complex 3D gold-containing nanocomposite structures using simultaneous two-photon polymerisation and photoreduction is shown. It is also demonstrated that the concentration of the gold salt in the resin mixture can be readily varied between 0 and 20 wt%, offering potential for the control of the resultant hybrid microstructure. The feature size can be effectively reduced by incorporation of a gold salt into the resin mixture, with line width as small as 78 nm has been shown to be possible under these conditions. The structural intricacy demonstrated here represents a significant advance in the fabrication complexity achievable. The gold nanoparticles generated in situ exhibit a remarkable optical property of localised surface plasmon resonance (LSPR). The capability demonstrated in this study opens new avenues for a range of applications, including plasmonics, metamaterials, flexible electronics and biosensors. In particularly, user-defined 3D composite structures can be readily fabricated in this way. Results and Discussion A general additive manufacturing (AM) method to","s the highest efficiency for an initiator in the fabrication of gold-containing composites by two-photon lithography. In this paper, the use of DETC as an efficacious photoinitiator to promote the formation of complex 3D gold-containing nanocomposite structures using simultaneous two-photon polymerisation and photoreduction is shown. It is also demonstrated that the concentration of the gold salt in the resin mixture can be readily varied between 0 and 20 wt%, offering potential for the control of the resultant hybrid microstructure. The feature size can be effectively reduced by incorporation of a gold salt into the resin mixture, with line width as small as 78 nm has been shown to be possible under these conditions. The structural intricacy demonstrated here represents a significant advance in the fabrication complexity achievable. The gold nanoparticles generated in situ exhibit a...",not_applicable,reported_direct,auto_retained_context_candidate,machine_medium,manual_review,context_missing_wavelength,CAND-0000227
SUP-AUTO-000228,ZPC-001953,,10.1038/s41598-017-17391-1,Additive manufacture of complex 3D Au-containing nanocomposites by simultaneous two-photon polymerisation and photoreduction,voxel_geometry,line_width_um=0.078,mixed,,,,"s the highest efficiency for an initiator in the fabrication of gold-containing composites by two-photon lithography. In this paper, the use of DETC as an efficacious photoinitiator to promote the formation of complex 3D gold-containing nanocomposite structures using simultaneous two-photon polymerisation and photoreduction is shown. It is also demonstrated that the concentration of the gold salt in the resin mixture can be readily varied between 0 and 20 wt%, offering potential for the control of the resultant hybrid microstructure. The feature size can be effectively reduced by incorporation of a gold salt into the resin mixture, with line width as small as 78 nm has been shown to be possible under these conditions. The structural intricacy demonstrated here represents a significant advance in the fabrication complexity achievable. The gold nanoparticles generated in situ exhibit a remarkable optical property of localised surface plasmon resonance (LSPR). The capability demonstrated in this study opens new avenues for a range of applications, including plasmonics, metamaterials, flexible electronics and biosensors. In particularly, user-defined 3D composite structures can be readily fabricated in this way. Results and Discussion A general additive manufacturing (AM) method to","s the highest efficiency for an initiator in the fabrication of gold-containing composites by two-photon lithography. In this paper, the use of DETC as an efficacious photoinitiator to promote the formation of complex 3D gold-containing nanocomposite structures using simultaneous two-photon polymerisation and photoreduction is shown. It is also demonstrated that the concentration of the gold salt in the resin mixture can be readily varied between 0 and 20 wt%, offering potential for the control of the resultant hybrid microstructure. The feature size can be effectively reduced by incorporation of a gold salt into the resin mixture, with line width as small as 78 nm has been shown to be possible under these conditions. The structural intricacy demonstrated here represents a significant advance in the fabrication complexity achievable. The gold nanoparticles generated in situ exhibit a...",not_applicable,reported_direct,auto_retained_context_candidate,machine_medium,manual_review,COMSOL_context_not_verified,CAND-0000228
SUP-AUTO-000229,ZPC-001953,,10.1038/s41598-017-17391-1,Additive manufacture of complex 3D Au-containing nanocomposites by simultaneous two-photon polymerisation and photoreduction,pi_loading,0,%,,,,"oncentrations of gold salt in the resin mixture. Some indication of why this might occur can be obtained from recent descriptions of the radical generation process for DETC 23,34,35. It is understood that this occurs through an excited state absorption process, which is different from most commonly used initiators, e.g. Irgacure 369 and Irgacure 819, where radical generation occurs through a homolytic C-C bond scission 35. Therefore, it is proposed that it is this excited state absorption process that leads to high efficiency when producing Au based composites by the methods described in this paper. Figure 3. The relationship between the line width and the gold salt concentration in the resin mixture. Five samples (with 0%, 5%, 10%, 15% and 20% of gold salt) were prepared under the same processing conditions. A group of lines were fabricated using laser power of 50 mW and scanning speed of 5000 µm/s. The SEM image on the left shows the sample without gold. The average line width is 466 nm. The SEM image on the right shows the sample prepared with 20% gold salt present in the resin mixture. The average line width is 97 nm. Both images were taken with 40,000x magnification. The inserted image shows the minimum achievable line width is 78 nm. --- Page 5 --- www.nature.com/scientific","ion process that leads to high efficiency when producing Au based composites by the methods described in this paper. Figure 3. The relationship between the line width and the gold salt concentration in the resin mixture. Five samples (with 0%, 5%, 10%, 15% and 20% of gold salt) were prepared under the same processing conditions. A group of lines were fabricated using laser power of 50 mW and scanning speed of 5000 µm/s. The SEM image on the left shows the sample without gold. T",not_normalizable,candidate_only,auto_retained_low_context_candidate,machine_medium,manual_review,loading_not_normalizable,CAND-0000229
SUP-AUTO-000230,ZPC-001953,,10.1038/s41598-017-17391-1,Additive manufacture of complex 3D Au-containing nanocomposites by simultaneous two-photon polymerisation and photoreduction,pi_loading,5,%,,,,"oncentrations of gold salt in the resin mixture. Some indication of why this might occur can be obtained from recent descriptions of the radical generation process for DETC 23,34,35. It is understood that this occurs through an excited state absorption process, which is different from most commonly used initiators, e.g. Irgacure 369 and Irgacure 819, where radical generation occurs through a homolytic C-C bond scission 35. Therefore, it is proposed that it is this excited state absorption process that leads to high efficiency when producing Au based composites by the methods described in this paper. Figure 3. The relationship between the line width and the gold salt concentration in the resin mixture. Five samples (with 0%, 5%, 10%, 15% and 20% of gold salt) were prepared under the same processing conditions. A group of lines were fabricated using laser power of 50 mW and scanning speed of 5000 µm/s. The SEM image on the left shows the sample without gold. The average line width is 466 nm. The SEM image on the right shows the sample prepared with 20% gold salt present in the resin mixture. The average line width is 97 nm. Both images were taken with 40,000x magnification. The inserted image shows the minimum achievable line width is 78 nm. --- Page 5 --- www.nature.com/scientific","process that leads to high efficiency when producing Au based composites by the methods described in this paper. Figure 3. The relationship between the line width and the gold salt concentration in the resin mixture. Five samples (with 0%, 5%, 10%, 15% and 20% of gold salt) were prepared under the same processing conditions. A group of lines were fabricated using laser power of 50 mW and scanning speed of 5000 µm/s. The SEM image on the left shows the sample without gold. The a",not_normalizable,candidate_only,auto_retained_low_context_candidate,machine_medium,manual_review,loading_not_normalizable,CAND-0000230
SUP-AUTO-000231,ZPC-001953,,10.1038/s41598-017-17391-1,Additive manufacture of complex 3D Au-containing nanocomposites by simultaneous two-photon polymerisation and photoreduction,pi_loading,10,%,,,,"oncentrations of gold salt in the resin mixture. Some indication of why this might occur can be obtained from recent descriptions of the radical generation process for DETC 23,34,35. It is understood that this occurs through an excited state absorption process, which is different from most commonly used initiators, e.g. Irgacure 369 and Irgacure 819, where radical generation occurs through a homolytic C-C bond scission 35. Therefore, it is proposed that it is this excited state absorption process that leads to high efficiency when producing Au based composites by the methods described in this paper. Figure 3. The relationship between the line width and the gold salt concentration in the resin mixture. Five samples (with 0%, 5%, 10%, 15% and 20% of gold salt) were prepared under the same processing conditions. A group of lines were fabricated using laser power of 50 mW and scanning speed of 5000 µm/s. The SEM image on the left shows the sample without gold. The average line width is 466 nm. The SEM image on the right shows the sample prepared with 20% gold salt present in the resin mixture. The average line width is 97 nm. Both images were taken with 40,000x magnification. The inserted image shows the minimum achievable line width is 78 nm. --- Page 5 --- www.nature.com/scientific","ess that leads to high efficiency when producing Au based composites by the methods described in this paper. Figure 3. The relationship between the line width and the gold salt concentration in the resin mixture. Five samples (with 0%, 5%, 10%, 15% and 20% of gold salt) were prepared under the same processing conditions. A group of lines were fabricated using laser power of 50 mW and scanning speed of 5000 µm/s. The SEM image on the left shows the sample without gold. The averag",not_normalizable,candidate_only,auto_retained_low_context_candidate,machine_medium,manual_review,loading_not_normalizable,CAND-0000231
SUP-AUTO-000232,ZPC-001953,,10.1038/s41598-017-17391-1,Additive manufacture of complex 3D Au-containing nanocomposites by simultaneous two-photon polymerisation and photoreduction,pi_loading,15,%,,,,"oncentrations of gold salt in the resin mixture. Some indication of why this might occur can be obtained from recent descriptions of the radical generation process for DETC 23,34,35. It is understood that this occurs through an excited state absorption process, which is different from most commonly used initiators, e.g. Irgacure 369 and Irgacure 819, where radical generation occurs through a homolytic C-C bond scission 35. Therefore, it is proposed that it is this excited state absorption process that leads to high efficiency when producing Au based composites by the methods described in this paper. Figure 3. The relationship between the line width and the gold salt concentration in the resin mixture. Five samples (with 0%, 5%, 10%, 15% and 20% of gold salt) were prepared under the same processing conditions. A group of lines were fabricated using laser power of 50 mW and scanning speed of 5000 µm/s. The SEM image on the left shows the sample without gold. The average line width is 466 nm. The SEM image on the right shows the sample prepared with 20% gold salt present in the resin mixture. The average line width is 97 nm. Both images were taken with 40,000x magnification. The inserted image shows the minimum achievable line width is 78 nm. --- Page 5 --- www.nature.com/scientific","hat leads to high efficiency when producing Au based composites by the methods described in this paper. Figure 3. The relationship between the line width and the gold salt concentration in the resin mixture. Five samples (with 0%, 5%, 10%, 15% and 20% of gold salt) were prepared under the same processing conditions. A group of lines were fabricated using laser power of 50 mW and scanning speed of 5000 µm/s. The SEM image on the left shows the sample without gold. The average lin",not_normalizable,candidate_only,auto_retained_low_context_candidate,machine_medium,manual_review,loading_not_normalizable,CAND-0000232
SUP-AUTO-000233,ZPC-001953,,10.1038/s41598-017-17391-1,Additive manufacture of complex 3D Au-containing nanocomposites by simultaneous two-photon polymerisation and photoreduction,pi_loading,20,%,,,,"oncentrations of gold salt in the resin mixture. Some indication of why this might occur can be obtained from recent descriptions of the radical generation process for DETC 23,34,35. It is understood that this occurs through an excited state absorption process, which is different from most commonly used initiators, e.g. Irgacure 369 and Irgacure 819, where radical generation occurs through a homolytic C-C bond scission 35. Therefore, it is proposed that it is this excited state absorption process that leads to high efficiency when producing Au based composites by the methods described in this paper. Figure 3. The relationship between the line width and the gold salt concentration in the resin mixture. Five samples (with 0%, 5%, 10%, 15% and 20% of gold salt) were prepared under the same processing conditions. A group of lines were fabricated using laser power of 50 mW and scanning speed of 5000 µm/s. The SEM image on the left shows the sample without gold. The average line width is 466 nm. The SEM image on the right shows the sample prepared with 20% gold salt present in the resin mixture. The average line width is 97 nm. Both images were taken with 40,000x magnification. The inserted image shows the minimum achievable line width is 78 nm. --- Page 5 --- www.nature.com/scientific","s to high efficiency when producing Au based composites by the methods described in this paper. Figure 3. The relationship between the line width and the gold salt concentration in the resin mixture. Five samples (with 0%, 5%, 10%, 15% and 20% of gold salt) were prepared under the same processing conditions. A group of lines were fabricated using laser power of 50 mW and scanning speed of 5000 µm/s. The SEM image on the left shows the sample without gold. The average line width",not_normalizable,candidate_only,auto_retained_low_context_candidate,machine_medium,manual_review,loading_not_normalizable,CAND-0000233
SUP-AUTO-000234,ZPC-001953,,10.1038/s41598-017-17391-1,Additive manufacture of complex 3D Au-containing nanocomposites by simultaneous two-photon polymerisation and photoreduction,pi_loading,5000,µM,,,,"oncentrations of gold salt in the resin mixture. Some indication of why this might occur can be obtained from recent descriptions of the radical generation process for DETC 23,34,35. It is understood that this occurs through an excited state absorption process, which is different from most commonly used initiators, e.g. Irgacure 369 and Irgacure 819, where radical generation occurs through a homolytic C-C bond scission 35. Therefore, it is proposed that it is this excited state absorption process that leads to high efficiency when producing Au based composites by the methods described in this paper. Figure 3. The relationship between the line width and the gold salt concentration in the resin mixture. Five samples (with 0%, 5%, 10%, 15% and 20% of gold salt) were prepared under the same processing conditions. A group of lines were fabricated using laser power of 50 mW and scanning speed of 5000 µm/s. The SEM image on the left shows the sample without gold. The average line width is 466 nm. The SEM image on the right shows the sample prepared with 20% gold salt present in the resin mixture. The average line width is 97 nm. Both images were taken with 40,000x magnification. The inserted image shows the minimum achievable line width is 78 nm. --- Page 5 --- www.nature.com/scientific","e gold salt concentration in the resin mixture. Five samples (with 0%, 5%, 10%, 15% and 20% of gold salt) were prepared under the same processing conditions. A group of lines were fabricated using laser power of 50 mW and scanning speed of 5000 µm/s. The SEM image on the left shows the sample without gold. The average line width is 466 nm. The SEM image on the right shows the sample prepared with 20% gold salt present in the resin mixture. The average line width is 97 nm. Both image",reported_mM,reported_direct,auto_provisional_accept,machine_high,auto_accept,loading candidate has raw value/unit; normalization basis recorded,CAND-0000234
SUP-AUTO-000235,ZPC-001953,,10.1038/s41598-017-17391-1,Additive manufacture of complex 3D Au-containing nanocomposites by simultaneous two-photon polymerisation and photoreduction,pi_loading,20,%,,,,"oncentrations of gold salt in the resin mixture. Some indication of why this might occur can be obtained from recent descriptions of the radical generation process for DETC 23,34,35. It is understood that this occurs through an excited state absorption process, which is different from most commonly used initiators, e.g. Irgacure 369 and Irgacure 819, where radical generation occurs through a homolytic C-C bond scission 35. Therefore, it is proposed that it is this excited state absorption process that leads to high efficiency when producing Au based composites by the methods described in this paper. Figure 3. The relationship between the line width and the gold salt concentration in the resin mixture. Five samples (with 0%, 5%, 10%, 15% and 20% of gold salt) were prepared under the same processing conditions. A group of lines were fabricated using laser power of 50 mW and scanning speed of 5000 µm/s. The SEM image on the left shows the sample without gold. The average line width is 466 nm. The SEM image on the right shows the sample prepared with 20% gold salt present in the resin mixture. The average line width is 97 nm. Both images were taken with 40,000x magnification. The inserted image shows the minimum achievable line width is 78 nm. --- Page 5 --- www.nature.com/scientific","group of lines were fabricated using laser power of 50 mW and scanning speed of 5000 µm/s. The SEM image on the left shows the sample without gold. The average line width is 466 nm. The SEM image on the right shows the sample prepared with 20% gold salt present in the resin mixture. The average line width is 97 nm. Both images were taken with 40,000x magnification. The inserted image shows the minimum achievable line width is 78 nm. --- Page 5 --- www.nature.com/scientific",not_normalizable,candidate_only,auto_retained_low_context_candidate,machine_medium,manual_review,loading_not_normalizable,CAND-0000235
SUP-AUTO-000236,ZPC-001953,,10.1038/s41598-017-17391-1,Additive manufacture of complex 3D Au-containing nanocomposites by simultaneous two-photon polymerisation and photoreduction,experimental_context,wavelength_nm=466;scan_speed_or_dwell=5000 µm/s;power_measurement_plane=not_reported;threshold_definition=candidate_in_anchor;resin_formulation=candidate_in_anchor,context,,,,"oncentrations of gold salt in the resin mixture. Some indication of why this might occur can be obtained from recent descriptions of the radical generation process for DETC 23,34,35. It is understood that this occurs through an excited state absorption process, which is different from most commonly used initiators, e.g. Irgacure 369 and Irgacure 819, where radical generation occurs through a homolytic C-C bond scission 35. Therefore, it is proposed that it is this excited state absorption process that leads to high efficiency when producing Au based composites by the methods described in this paper. Figure 3. The relationship between the line width and the gold salt concentration in the resin mixture. Five samples (with 0%, 5%, 10%, 15% and 20% of gold salt) were prepared under the same processing conditions. A group of lines were fabricated using laser power of 50 mW and scanning speed of 5000 µm/s. The SEM image on the left shows the sample without gold. The average line width is 466 nm. The SEM image on the right shows the sample prepared with 20% gold salt present in the resin mixture. The average line width is 97 nm. Both images were taken with 40,000x magnification. The inserted image shows the minimum achievable line width is 78 nm. --- Page 5 --- www.nature.com/scientific","oncentrations of gold salt in the resin mixture. Some indication of why this might occur can be obtained from recent descriptions of the radical generation process for DETC 23,34,35. It is understood that this occurs through an excited state absorption process, which is different from most commonly used initiators, e.g. Irgacure 369 and Irgacure 819, where radical generation occurs through a homolytic C-C bond scission 35. Therefore, it is proposed that it is this excited state absorption process that leads to high efficiency when producing Au based composites by the methods described in this paper. Figure 3. The relationship between the line width and the gold salt concentration in the resin mixture. Five samples (with 0%, 5%, 10%, 15% and 20% of gold salt) were prepared under the same processing conditions. A group of lines were fabricated using laser power of 50 mW and scanning spe...",not_applicable,reported_direct,auto_provisional_accept,machine_high,auto_accept,context candidate has wavelength and resin signal; equality across all PIs still needs audit,CAND-0000236
SUP-AUTO-000237,ZPC-001953,,10.1038/s41598-017-17391-1,Additive manufacture of complex 3D Au-containing nanocomposites by simultaneous two-photon polymerisation and photoreduction,voxel_geometry,line_width_um=0.466;line_width_um=0.097;line_width_um=0.078;scan_speed=5000 µm/s;power_mW=50,mixed,,,,"oncentrations of gold salt in the resin mixture. Some indication of why this might occur can be obtained from recent descriptions of the radical generation process for DETC 23,34,35. It is understood that this occurs through an excited state absorption process, which is different from most commonly used initiators, e.g. Irgacure 369 and Irgacure 819, where radical generation occurs through a homolytic C-C bond scission 35. Therefore, it is proposed that it is this excited state absorption process that leads to high efficiency when producing Au based composites by the methods described in this paper. Figure 3. The relationship between the line width and the gold salt concentration in the resin mixture. Five samples (with 0%, 5%, 10%, 15% and 20% of gold salt) were prepared under the same processing conditions. A group of lines were fabricated using laser power of 50 mW and scanning speed of 5000 µm/s. The SEM image on the left shows the sample without gold. The average line width is 466 nm. The SEM image on the right shows the sample prepared with 20% gold salt present in the resin mixture. The average line width is 97 nm. Both images were taken with 40,000x magnification. The inserted image shows the minimum achievable line width is 78 nm. --- Page 5 --- www.nature.com/scientific","oncentrations of gold salt in the resin mixture. Some indication of why this might occur can be obtained from recent descriptions of the radical generation process for DETC 23,34,35. It is understood that this occurs through an excited state absorption process, which is different from most commonly used initiators, e.g. Irgacure 369 and Irgacure 819, where radical generation occurs through a homolytic C-C bond scission 35. Therefore, it is proposed that it is this excited state absorption process that leads to high efficiency when producing Au based composites by the methods described in this paper. Figure 3. The relationship between the line width and the gold salt concentration in the resin mixture. Five samples (with 0%, 5%, 10%, 15% and 20% of gold salt) were prepared under the same processing conditions. A group of lines were fabricated using laser power of 50 mW and scanning spe...",not_applicable,reported_direct,auto_retained_context_candidate,machine_medium,manual_review,COMSOL_context_not_verified,CAND-0000237
SUP-AUTO-000238,ZPC-001953,,10.1038/s41598-017-17391-1,Additive manufacture of complex 3D Au-containing nanocomposites by simultaneous two-photon polymerisation and photoreduction,pi_loading,0,%,,,,"this paper. Figure 3. The relationship between the line width and the gold salt concentration in the resin mixture. Five samples (with 0%, 5%, 10%, 15% and 20% of gold salt) were prepared under the same processing conditions. A group of lines were fabricated using laser power of 50 mW and scanning speed of 5000 µm/s. The SEM image on the left shows the sample without gold. The average line width is 466 nm. The SEM image on the right shows the sample prepared with 20% gold salt present in the resin mixture. The average line width is 97 nm. Both images were taken with 40,000x magnification. The inserted image shows the minimum achievable line width is 78 nm. --- Page 5 --- www.nature.com/scientificreports/ 5 SCiENTiFiC REPORtS | 7: 17150 | DOI:10.1038/s41598-017-17391-1 3D Composite Structures. A beneficial consequence of the reliable and efficient simultaneous two-photon polymerisation and photoreduction achieved was that Au-containing complex 3D structures could be fabricated. To demonstrate this fabrication capability, a number of geometrically complex structures were manufactured. Figure 6 shows a two ring structure (a) & (d), an inter-linked helix structure (b), an ellipse structure (c), a pyramid structure (e), and a woodpile photonic crystal structure (f). Please refer Su","this paper. Figure 3. The relationship between the line width and the gold salt concentration in the resin mixture. Five samples (with 0%, 5%, 10%, 15% and 20% of gold salt) were prepared under the same processing conditions. A group of lines were fabricated using laser power of 50 mW and scanning speed of 5000 µm/s. The SEM image on the left shows the sample without gold. T",not_normalizable,candidate_only,auto_retained_low_context_candidate,machine_medium,manual_review,loading_not_normalizable,CAND-0000238
SUP-AUTO-000239,ZPC-001953,,10.1038/s41598-017-17391-1,Additive manufacture of complex 3D Au-containing nanocomposites by simultaneous two-photon polymerisation and photoreduction,pi_loading,5,%,,,,"this paper. Figure 3. The relationship between the line width and the gold salt concentration in the resin mixture. Five samples (with 0%, 5%, 10%, 15% and 20% of gold salt) were prepared under the same processing conditions. A group of lines were fabricated using laser power of 50 mW and scanning speed of 5000 µm/s. The SEM image on the left shows the sample without gold. The average line width is 466 nm. The SEM image on the right shows the sample prepared with 20% gold salt present in the resin mixture. The average line width is 97 nm. Both images were taken with 40,000x magnification. The inserted image shows the minimum achievable line width is 78 nm. --- Page 5 --- www.nature.com/scientificreports/ 5 SCiENTiFiC REPORtS | 7: 17150 | DOI:10.1038/s41598-017-17391-1 3D Composite Structures. A beneficial consequence of the reliable and efficient simultaneous two-photon polymerisation and photoreduction achieved was that Au-containing complex 3D structures could be fabricated. To demonstrate this fabrication capability, a number of geometrically complex structures were manufactured. Figure 6 shows a two ring structure (a) & (d), an inter-linked helix structure (b), an ellipse structure (c), a pyramid structure (e), and a woodpile photonic crystal structure (f). Please refer Su","this paper. Figure 3. The relationship between the line width and the gold salt concentration in the resin mixture. Five samples (with 0%, 5%, 10%, 15% and 20% of gold salt) were prepared under the same processing conditions. A group of lines were fabricated using laser power of 50 mW and scanning speed of 5000 µm/s. The SEM image on the left shows the sample without gold. The a",not_normalizable,candidate_only,auto_retained_low_context_candidate,machine_medium,manual_review,loading_not_normalizable,CAND-0000239
SUP-AUTO-000240,ZPC-001953,,10.1038/s41598-017-17391-1,Additive manufacture of complex 3D Au-containing nanocomposites by simultaneous two-photon polymerisation and photoreduction,pi_loading,10,%,,,,"this paper. Figure 3. The relationship between the line width and the gold salt concentration in the resin mixture. Five samples (with 0%, 5%, 10%, 15% and 20% of gold salt) were prepared under the same processing conditions. A group of lines were fabricated using laser power of 50 mW and scanning speed of 5000 µm/s. The SEM image on the left shows the sample without gold. The average line width is 466 nm. The SEM image on the right shows the sample prepared with 20% gold salt present in the resin mixture. The average line width is 97 nm. Both images were taken with 40,000x magnification. The inserted image shows the minimum achievable line width is 78 nm. --- Page 5 --- www.nature.com/scientificreports/ 5 SCiENTiFiC REPORtS | 7: 17150 | DOI:10.1038/s41598-017-17391-1 3D Composite Structures. A beneficial consequence of the reliable and efficient simultaneous two-photon polymerisation and photoreduction achieved was that Au-containing complex 3D structures could be fabricated. To demonstrate this fabrication capability, a number of geometrically complex structures were manufactured. Figure 6 shows a two ring structure (a) & (d), an inter-linked helix structure (b), an ellipse structure (c), a pyramid structure (e), and a woodpile photonic crystal structure (f). Please refer Su","this paper. Figure 3. The relationship between the line width and the gold salt concentration in the resin mixture. Five samples (with 0%, 5%, 10%, 15% and 20% of gold salt) were prepared under the same processing conditions. A group of lines were fabricated using laser power of 50 mW and scanning speed of 5000 µm/s. The SEM image on the left shows the sample without gold. The averag",not_normalizable,candidate_only,auto_retained_low_context_candidate,machine_medium,manual_review,loading_not_normalizable,CAND-0000240
SUP-AUTO-000241,ZPC-001953,,10.1038/s41598-017-17391-1,Additive manufacture of complex 3D Au-containing nanocomposites by simultaneous two-photon polymerisation and photoreduction,pi_loading,15,%,,,,"this paper. Figure 3. The relationship between the line width and the gold salt concentration in the resin mixture. Five samples (with 0%, 5%, 10%, 15% and 20% of gold salt) were prepared under the same processing conditions. A group of lines were fabricated using laser power of 50 mW and scanning speed of 5000 µm/s. The SEM image on the left shows the sample without gold. The average line width is 466 nm. The SEM image on the right shows the sample prepared with 20% gold salt present in the resin mixture. The average line width is 97 nm. Both images were taken with 40,000x magnification. The inserted image shows the minimum achievable line width is 78 nm. --- Page 5 --- www.nature.com/scientificreports/ 5 SCiENTiFiC REPORtS | 7: 17150 | DOI:10.1038/s41598-017-17391-1 3D Composite Structures. A beneficial consequence of the reliable and efficient simultaneous two-photon polymerisation and photoreduction achieved was that Au-containing complex 3D structures could be fabricated. To demonstrate this fabrication capability, a number of geometrically complex structures were manufactured. Figure 6 shows a two ring structure (a) & (d), an inter-linked helix structure (b), an ellipse structure (c), a pyramid structure (e), and a woodpile photonic crystal structure (f). Please refer Su","this paper. Figure 3. The relationship between the line width and the gold salt concentration in the resin mixture. Five samples (with 0%, 5%, 10%, 15% and 20% of gold salt) were prepared under the same processing conditions. A group of lines were fabricated using laser power of 50 mW and scanning speed of 5000 µm/s. The SEM image on the left shows the sample without gold. The average lin",not_normalizable,candidate_only,auto_retained_low_context_candidate,machine_medium,manual_review,loading_not_normalizable,CAND-0000241
SUP-AUTO-000242,ZPC-001953,,10.1038/s41598-017-17391-1,Additive manufacture of complex 3D Au-containing nanocomposites by simultaneous two-photon polymerisation and photoreduction,pi_loading,20,%,,,,"this paper. Figure 3. The relationship between the line width and the gold salt concentration in the resin mixture. Five samples (with 0%, 5%, 10%, 15% and 20% of gold salt) were prepared under the same processing conditions. A group of lines were fabricated using laser power of 50 mW and scanning speed of 5000 µm/s. The SEM image on the left shows the sample without gold. The average line width is 466 nm. The SEM image on the right shows the sample prepared with 20% gold salt present in the resin mixture. The average line width is 97 nm. Both images were taken with 40,000x magnification. The inserted image shows the minimum achievable line width is 78 nm. --- Page 5 --- www.nature.com/scientificreports/ 5 SCiENTiFiC REPORtS | 7: 17150 | DOI:10.1038/s41598-017-17391-1 3D Composite Structures. A beneficial consequence of the reliable and efficient simultaneous two-photon polymerisation and photoreduction achieved was that Au-containing complex 3D structures could be fabricated. To demonstrate this fabrication capability, a number of geometrically complex structures were manufactured. Figure 6 shows a two ring structure (a) & (d), an inter-linked helix structure (b), an ellipse structure (c), a pyramid structure (e), and a woodpile photonic crystal structure (f). Please refer Su","this paper. Figure 3. The relationship between the line width and the gold salt concentration in the resin mixture. Five samples (with 0%, 5%, 10%, 15% and 20% of gold salt) were prepared under the same processing conditions. A group of lines were fabricated using laser power of 50 mW and scanning speed of 5000 µm/s. The SEM image on the left shows the sample without gold. The average line width",not_normalizable,candidate_only,auto_retained_low_context_candidate,machine_medium,manual_review,loading_not_normalizable,CAND-0000242
SUP-AUTO-000243,ZPC-001953,,10.1038/s41598-017-17391-1,Additive manufacture of complex 3D Au-containing nanocomposites by simultaneous two-photon polymerisation and photoreduction,pi_loading,5000,µM,,,,"this paper. Figure 3. The relationship between the line width and the gold salt concentration in the resin mixture. Five samples (with 0%, 5%, 10%, 15% and 20% of gold salt) were prepared under the same processing conditions. A group of lines were fabricated using laser power of 50 mW and scanning speed of 5000 µm/s. The SEM image on the left shows the sample without gold. The average line width is 466 nm. The SEM image on the right shows the sample prepared with 20% gold salt present in the resin mixture. The average line width is 97 nm. Both images were taken with 40,000x magnification. The inserted image shows the minimum achievable line width is 78 nm. --- Page 5 --- www.nature.com/scientificreports/ 5 SCiENTiFiC REPORtS | 7: 17150 | DOI:10.1038/s41598-017-17391-1 3D Composite Structures. A beneficial consequence of the reliable and efficient simultaneous two-photon polymerisation and photoreduction achieved was that Au-containing complex 3D structures could be fabricated. To demonstrate this fabrication capability, a number of geometrically complex structures were manufactured. Figure 6 shows a two ring structure (a) & (d), an inter-linked helix structure (b), an ellipse structure (c), a pyramid structure (e), and a woodpile photonic crystal structure (f). Please refer Su","e gold salt concentration in the resin mixture. Five samples (with 0%, 5%, 10%, 15% and 20% of gold salt) were prepared under the same processing conditions. A group of lines were fabricated using laser power of 50 mW and scanning speed of 5000 µm/s. The SEM image on the left shows the sample without gold. The average line width is 466 nm. The SEM image on the right shows the sample prepared with 20% gold salt present in the resin mixture. The average line width is 97 nm. Both image",reported_mM,reported_direct,auto_provisional_accept,machine_high,auto_accept,loading candidate has raw value/unit; normalization basis recorded,CAND-0000243
SUP-AUTO-000244,ZPC-001953,,10.1038/s41598-017-17391-1,Additive manufacture of complex 3D Au-containing nanocomposites by simultaneous two-photon polymerisation and photoreduction,pi_loading,20,%,,,,"this paper. Figure 3. The relationship between the line width and the gold salt concentration in the resin mixture. Five samples (with 0%, 5%, 10%, 15% and 20% of gold salt) were prepared under the same processing conditions. A group of lines were fabricated using laser power of 50 mW and scanning speed of 5000 µm/s. The SEM image on the left shows the sample without gold. The average line width is 466 nm. The SEM image on the right shows the sample prepared with 20% gold salt present in the resin mixture. The average line width is 97 nm. Both images were taken with 40,000x magnification. The inserted image shows the minimum achievable line width is 78 nm. --- Page 5 --- www.nature.com/scientificreports/ 5 SCiENTiFiC REPORtS | 7: 17150 | DOI:10.1038/s41598-017-17391-1 3D Composite Structures. A beneficial consequence of the reliable and efficient simultaneous two-photon polymerisation and photoreduction achieved was that Au-containing complex 3D structures could be fabricated. To demonstrate this fabrication capability, a number of geometrically complex structures were manufactured. Figure 6 shows a two ring structure (a) & (d), an inter-linked helix structure (b), an ellipse structure (c), a pyramid structure (e), and a woodpile photonic crystal structure (f). Please refer Su","group of lines were fabricated using laser power of 50 mW and scanning speed of 5000 µm/s. The SEM image on the left shows the sample without gold. The average line width is 466 nm. The SEM image on the right shows the sample prepared with 20% gold salt present in the resin mixture. The average line width is 97 nm. Both images were taken with 40,000x magnification. The inserted image shows the minimum achievable line width is 78 nm. --- Page 5 --- www.nature.com/scientificreport",not_normalizable,candidate_only,auto_retained_low_context_candidate,machine_medium,manual_review,loading_not_normalizable,CAND-0000244
SUP-AUTO-000245,ZPC-001953,,10.1038/s41598-017-17391-1,Additive manufacture of complex 3D Au-containing nanocomposites by simultaneous two-photon polymerisation and photoreduction,experimental_context,wavelength_nm=466;scan_speed_or_dwell=5000 µm/s;power_measurement_plane=not_reported;threshold_definition=candidate_in_anchor;resin_formulation=candidate_in_anchor,context,,,,"this paper. Figure 3. The relationship between the line width and the gold salt concentration in the resin mixture. Five samples (with 0%, 5%, 10%, 15% and 20% of gold salt) were prepared under the same processing conditions. A group of lines were fabricated using laser power of 50 mW and scanning speed of 5000 µm/s. The SEM image on the left shows the sample without gold. The average line width is 466 nm. The SEM image on the right shows the sample prepared with 20% gold salt present in the resin mixture. The average line width is 97 nm. Both images were taken with 40,000x magnification. The inserted image shows the minimum achievable line width is 78 nm. --- Page 5 --- www.nature.com/scientificreports/ 5 SCiENTiFiC REPORtS | 7: 17150 | DOI:10.1038/s41598-017-17391-1 3D Composite Structures. A beneficial consequence of the reliable and efficient simultaneous two-photon polymerisation and photoreduction achieved was that Au-containing complex 3D structures could be fabricated. To demonstrate this fabrication capability, a number of geometrically complex structures were manufactured. Figure 6 shows a two ring structure (a) & (d), an inter-linked helix structure (b), an ellipse structure (c), a pyramid structure (e), and a woodpile photonic crystal structure (f). Please refer Su","this paper. Figure 3. The relationship between the line width and the gold salt concentration in the resin mixture. Five samples (with 0%, 5%, 10%, 15% and 20% of gold salt) were prepared under the same processing conditions. A group of lines were fabricated using laser power of 50 mW and scanning speed of 5000 µm/s. The SEM image on the left shows the sample without gold. The average line width is 466 nm. The SEM image on the right shows the sample prepared with 20% gold salt present in the resin mixture. The average line width is 97 nm. Both images were taken with 40,000x magnification. The inserted image shows the minimum achievable line width is 78 nm. --- Page 5 --- www.nature.com/scientificreports/ 5 SCiENTiFiC REPORtS | 7: 17150 | DOI:10.1038/s41598-017-17391-1 3D Composite Structures. A beneficial consequence of the reliable and efficient simultaneous two-photon polymerisation...",not_applicable,reported_direct,auto_provisional_accept,machine_high,auto_accept,context candidate has wavelength and resin signal; equality across all PIs still needs audit,CAND-0000245
SUP-AUTO-000246,ZPC-001953,,10.1038/s41598-017-17391-1,Additive manufacture of complex 3D Au-containing nanocomposites by simultaneous two-photon polymerisation and photoreduction,voxel_geometry,line_width_um=0.466;line_width_um=0.097;line_width_um=0.078;scan_speed=5000 µm/s;power_mW=50,mixed,,,,"this paper. Figure 3. The relationship between the line width and the gold salt concentration in the resin mixture. Five samples (with 0%, 5%, 10%, 15% and 20% of gold salt) were prepared under the same processing conditions. A group of lines were fabricated using laser power of 50 mW and scanning speed of 5000 µm/s. The SEM image on the left shows the sample without gold. The average line width is 466 nm. The SEM image on the right shows the sample prepared with 20% gold salt present in the resin mixture. The average line width is 97 nm. Both images were taken with 40,000x magnification. The inserted image shows the minimum achievable line width is 78 nm. --- Page 5 --- www.nature.com/scientificreports/ 5 SCiENTiFiC REPORtS | 7: 17150 | DOI:10.1038/s41598-017-17391-1 3D Composite Structures. A beneficial consequence of the reliable and efficient simultaneous two-photon polymerisation and photoreduction achieved was that Au-containing complex 3D structures could be fabricated. To demonstrate this fabrication capability, a number of geometrically complex structures were manufactured. Figure 6 shows a two ring structure (a) & (d), an inter-linked helix structure (b), an ellipse structure (c), a pyramid structure (e), and a woodpile photonic crystal structure (f). Please refer Su","this paper. Figure 3. The relationship between the line width and the gold salt concentration in the resin mixture. Five samples (with 0%, 5%, 10%, 15% and 20% of gold salt) were prepared under the same processing conditions. A group of lines were fabricated using laser power of 50 mW and scanning speed of 5000 µm/s. The SEM image on the left shows the sample without gold. The average line width is 466 nm. The SEM image on the right shows the sample prepared with 20% gold salt present in the resin mixture. The average line width is 97 nm. Both images were taken with 40,000x magnification. The inserted image shows the minimum achievable line width is 78 nm. --- Page 5 --- www.nature.com/scientificreports/ 5 SCiENTiFiC REPORtS | 7: 17150 | DOI:10.1038/s41598-017-17391-1 3D Composite Structures. A beneficial consequence of the reliable and efficient simultaneous two-photon polymerisation...",not_applicable,reported_direct,auto_retained_context_candidate,machine_medium,manual_review,COMSOL_context_not_verified,CAND-0000246
SUP-AUTO-000247,ZPC-001953,,10.1038/s41598-017-17391-1,Additive manufacture of complex 3D Au-containing nanocomposites by simultaneous two-photon polymerisation and photoreduction,experimental_context,power_measurement_plane=not_reported;threshold_definition=candidate_in_anchor;resin_formulation=candidate_in_anchor,context,,,,"nto the mixture. A photoinitiator is excited by the simultaneous absorption of two photons, and triggers local chemical reactions, including monomer polymerisation, cross linking and metal salt reduction (image on the right). In this way, both polymer (orange) and metal nanoparticles (red) are formed simultaneously. Complex 3D structures are fabricated by scanning the laser in three dimensions. --- Page 3 --- www.nature.com/scientificreports/ 3 SCiENTiFiC REPORtS | 7: 17150 | DOI:10.1038/s41598-017-17391-1 Polymeric matrix formation. The formation of simple structures using this two-photon methodology was conducted and confirmed using SEM. The DETC and the gold salt content was then systematically varied and the threshold (the minimum laser power) required for the formation of a structure with each gold loading was determined (See Supplementary Figure S3 for the details of the methodology). As shown in Figure 2, the presence of the gold salt significantly increased the laser energy required to achieve polymerisation. This extra energy is believed to be required to compensate for the energy consumption involved in the gold salt reduction. For the polymerisation of pure PETA, levels of DETC as low as 0.25 wt% were demonstrated to be sufficient to achieve polymerisation. Fu","nto the mixture. A photoinitiator is excited by the simultaneous absorption of two photons, and triggers local chemical reactions, including monomer polymerisation, cross linking and metal salt reduction (image on the right). In this way, both polymer (orange) and metal nanoparticles (red) are formed simultaneously. Complex 3D structures are fabricated by scanning the laser in three dimensions. --- Page 3 --- www.nature.com/scientificreports/ 3 SCiENTiFiC REPORtS | 7: 17150 | DOI:10.1038/s41598-017-17391-1 Polymeric matrix formation. The formation of simple structures using this two-photon methodology was conducted and confirmed using SEM. The DETC and the gold salt content was then systematically varied and the threshold (the minimum laser power) required for the formation of a structure with each gold loading was determined (See Supplementary Figure S3 for the details of the methodo...",not_applicable,reported_direct,auto_retained_context_candidate,machine_medium,manual_review,context_missing_wavelength,CAND-0000247
SUP-AUTO-000248,ZPC-001953,,10.1038/s41598-017-17391-1,Additive manufacture of complex 3D Au-containing nanocomposites by simultaneous two-photon polymerisation and photoreduction,pi_loading,-1.5,%,,,,"due to being growth restricted by the polymer matrix, and a few large particles can be found on surface whose size had not been controlled. All the in-situ generated gold nanoparticles exhibit a characteristic optical property of localised surface plasmon resonance. The manufacture of various complex 3D structures has been demonstrated, where the complexity demonstrated here is far in advance of those previously observed. The technology demonstrated in this paper represents a new opportunity to develop functional devices suitable for various applications, such as plasmonics, metamaterials, flexible electronics and biosensors. Figure 6. SEM images showing complex 3D Au-containing composite structures fabricated by simultaneous two-photon polymerisation and photoreduction. Figure 7. UV-vis spectra of PETA sample (without Au) (black) and PETA-Au composite sample (red). The analysed sample was prepared using Formulation 11 (PETA-1.5% DETC) and Formulation 15 (PETA-20% Au- 1.5% DETC). --- Page 8 --- www.nature.com/scientificreports/ 8 SCiENTiFiC REPORtS | 7: 17150 | DOI:10.1038/s41598-017-17391-1 Methods Materials. Monomer PETA, gold salt HAuCl4∙3H2O, and solvent DMAc were sourced from Sigma-Aldrich, UK. Initiator DETC was sourced from Angene, UK. Due to the limited solubilit","structures fabricated by simultaneous two-photon polymerisation and photoreduction. Figure 7. UV-vis spectra of PETA sample (without Au) (black) and PETA-Au composite sample (red). The analysed sample was prepared using Formulation 11 (PETA-1.5% DETC) and Formulation 15 (PETA-20% Au- 1.5% DETC). --- Page 8 --- www.nature.com/scientificreports/ 8 SCiENTiFiC REPORtS | 7: 17150 | DOI:10.1038/s41598-017-17391-1 Methods Materials. Monomer PETA, gold salt HAuCl4∙3H2O, and solvent DMAc w",not_normalizable,candidate_only,auto_retained_low_context_candidate,machine_medium,manual_review,loading_not_normalizable,CAND-0000248
SUP-AUTO-000249,ZPC-001953,,10.1038/s41598-017-17391-1,Additive manufacture of complex 3D Au-containing nanocomposites by simultaneous two-photon polymerisation and photoreduction,pi_loading,-20,%,,,,"due to being growth restricted by the polymer matrix, and a few large particles can be found on surface whose size had not been controlled. All the in-situ generated gold nanoparticles exhibit a characteristic optical property of localised surface plasmon resonance. The manufacture of various complex 3D structures has been demonstrated, where the complexity demonstrated here is far in advance of those previously observed. The technology demonstrated in this paper represents a new opportunity to develop functional devices suitable for various applications, such as plasmonics, metamaterials, flexible electronics and biosensors. Figure 6. SEM images showing complex 3D Au-containing composite structures fabricated by simultaneous two-photon polymerisation and photoreduction. Figure 7. UV-vis spectra of PETA sample (without Au) (black) and PETA-Au composite sample (red). The analysed sample was prepared using Formulation 11 (PETA-1.5% DETC) and Formulation 15 (PETA-20% Au- 1.5% DETC). --- Page 8 --- www.nature.com/scientificreports/ 8 SCiENTiFiC REPORtS | 7: 17150 | DOI:10.1038/s41598-017-17391-1 Methods Materials. Monomer PETA, gold salt HAuCl4∙3H2O, and solvent DMAc were sourced from Sigma-Aldrich, UK. Initiator DETC was sourced from Angene, UK. Due to the limited solubilit","s two-photon polymerisation and photoreduction. Figure 7. UV-vis spectra of PETA sample (without Au) (black) and PETA-Au composite sample (red). The analysed sample was prepared using Formulation 11 (PETA-1.5% DETC) and Formulation 15 (PETA-20% Au- 1.5% DETC). --- Page 8 --- www.nature.com/scientificreports/ 8 SCiENTiFiC REPORtS | 7: 17150 | DOI:10.1038/s41598-017-17391-1 Methods Materials. Monomer PETA, gold salt HAuCl4∙3H2O, and solvent DMAc were sourced from Sigma-Aldrich, UK.",not_normalizable,candidate_only,auto_retained_low_context_candidate,machine_medium,manual_review,loading_not_normalizable,CAND-0000249
SUP-AUTO-000250,ZPC-001953,,10.1038/s41598-017-17391-1,Additive manufacture of complex 3D Au-containing nanocomposites by simultaneous two-photon polymerisation and photoreduction,pi_loading,1.5,%,,,,"due to being growth restricted by the polymer matrix, and a few large particles can be found on surface whose size had not been controlled. All the in-situ generated gold nanoparticles exhibit a characteristic optical property of localised surface plasmon resonance. The manufacture of various complex 3D structures has been demonstrated, where the complexity demonstrated here is far in advance of those previously observed. The technology demonstrated in this paper represents a new opportunity to develop functional devices suitable for various applications, such as plasmonics, metamaterials, flexible electronics and biosensors. Figure 6. SEM images showing complex 3D Au-containing composite structures fabricated by simultaneous two-photon polymerisation and photoreduction. Figure 7. UV-vis spectra of PETA sample (without Au) (black) and PETA-Au composite sample (red). The analysed sample was prepared using Formulation 11 (PETA-1.5% DETC) and Formulation 15 (PETA-20% Au- 1.5% DETC). --- Page 8 --- www.nature.com/scientificreports/ 8 SCiENTiFiC REPORtS | 7: 17150 | DOI:10.1038/s41598-017-17391-1 Methods Materials. Monomer PETA, gold salt HAuCl4∙3H2O, and solvent DMAc were sourced from Sigma-Aldrich, UK. Initiator DETC was sourced from Angene, UK. Due to the limited solubilit","ton polymerisation and photoreduction. Figure 7. UV-vis spectra of PETA sample (without Au) (black) and PETA-Au composite sample (red). The analysed sample was prepared using Formulation 11 (PETA-1.5% DETC) and Formulation 15 (PETA-20% Au- 1.5% DETC). --- Page 8 --- www.nature.com/scientificreports/ 8 SCiENTiFiC REPORtS | 7: 17150 | DOI:10.1038/s41598-017-17391-1 Methods Materials. Monomer PETA, gold salt HAuCl4∙3H2O, and solvent DMAc were sourced from Sigma-Aldrich, UK. Initiato",not_normalizable,candidate_only,auto_retained_low_context_candidate,machine_medium,manual_review,loading_not_normalizable,CAND-0000250
SUP-AUTO-000251,ZPC-001953,,10.1038/s41598-017-17391-1,Additive manufacture of complex 3D Au-containing nanocomposites by simultaneous two-photon polymerisation and photoreduction,experimental_context,power_measurement_plane=not_reported;development_protocol=reported;resin_formulation=candidate_in_anchor,context,,,,"due to being growth restricted by the polymer matrix, and a few large particles can be found on surface whose size had not been controlled. All the in-situ generated gold nanoparticles exhibit a characteristic optical property of localised surface plasmon resonance. The manufacture of various complex 3D structures has been demonstrated, where the complexity demonstrated here is far in advance of those previously observed. The technology demonstrated in this paper represents a new opportunity to develop functional devices suitable for various applications, such as plasmonics, metamaterials, flexible electronics and biosensors. Figure 6. SEM images showing complex 3D Au-containing composite structures fabricated by simultaneous two-photon polymerisation and photoreduction. Figure 7. UV-vis spectra of PETA sample (without Au) (black) and PETA-Au composite sample (red). The analysed sample was prepared using Formulation 11 (PETA-1.5% DETC) and Formulation 15 (PETA-20% Au- 1.5% DETC). --- Page 8 --- www.nature.com/scientificreports/ 8 SCiENTiFiC REPORtS | 7: 17150 | DOI:10.1038/s41598-017-17391-1 Methods Materials. Monomer PETA, gold salt HAuCl4∙3H2O, and solvent DMAc were sourced from Sigma-Aldrich, UK. Initiator DETC was sourced from Angene, UK. Due to the limited solubilit","due to being growth restricted by the polymer matrix, and a few large particles can be found on surface whose size had not been controlled. All the in-situ generated gold nanoparticles exhibit a characteristic optical property of localised surface plasmon resonance. The manufacture of various complex 3D structures has been demonstrated, where the complexity demonstrated here is far in advance of those previously observed. The technology demonstrated in this paper represents a new opportunity to develop functional devices suitable for various applications, such as plasmonics, metamaterials, flexible electronics and biosensors. Figure 6. SEM images showing complex 3D Au-containing composite structures fabricated by simultaneous two-photon polymerisation and photoreduction. Figure 7. UV-vis spectra of PETA sample (without Au) (black) and PETA-Au composite sample (red). The analysed sampl...",not_applicable,reported_direct,auto_retained_context_candidate,machine_medium,manual_review,context_missing_wavelength,CAND-0000251
SUP-AUTO-000252,ZPC-005664,,10.3390/polym12112485,Fabrication of sub-micron polymer waveguides through two-photon polymerization in polydimethylsiloxane,experimental_context,wavelength_nm=535;power_measurement_plane=not_reported,context,,,,"the 2.10–2.8 × 10 12 W/cm 2 range ( Figure 4 a). We observed a weaker effect of the writing velocity on the measured refractive index change between the polymer waveguides and the PDMS framework, as shown in Figure 4 b, which is in good accordance with other works on photopolymerization [ 32 ]. At a constant laser intensity of ~2.25 × 10 12 W/cm 2 and 1.3 mm/s writing speed, we measured a refractive index change of ~0.0075, while at higher speeds the refractive index contrast stabilizes around 0.005. The insets in both Figure 4 a,b show the mean phase profiles recorded along the waveguides in our interferometric system. Due to the elliptic cross-section, the V-number and thus the modal properties of the simple waveguides are birefringent. Based on a Δ n of 0.005, the semi-major axis length of the elliptical core of about 1.5 µm and the manufacturer-specified PDMS cladding refractive index of 1.406, we thus estimated that the upper limit of the V-number for the simple waveguides is 2.1, at the shorter end of the tested spectral band (535 nm), based on the V-number definition for elliptical waveguides reported in [ 33 ]. The V-number may be slightly higher (<0.5% as estimated from Sylgard-184 data) when material dispersion is considered. At the longer end (679 nm), the V-number is 1.6; theref","the 2.10–2.8 × 10 12 W/cm 2 range ( Figure 4 a). We observed a weaker effect of the writing velocity on the measured refractive index change between the polymer waveguides and the PDMS framework, as shown in Figure 4 b, which is in good accordance with other works on photopolymerization [ 32 ]. At a constant laser intensity of ~2.25 × 10 12 W/cm 2 and 1.3 mm/s writing speed, we measured a refractive index change of ~0.0075, while at higher speeds the refractive index contrast stabilizes around 0.005. The insets in both Figure 4 a,b show the mean phase profiles recorded along the waveguides in our interferometric system. Due to the elliptic cross-section, the V-number and thus the modal properties of the simple waveguides are birefringent. Based on a Δ n of 0.005, the semi-major axis length of the elliptical core of about 1.5 µm and the manufacturer-specified PDMS cladding refractive i...",not_applicable,reported_direct,auto_retained_context_candidate,machine_medium,manual_review,context_missing_resin,CAND-0000252
SUP-AUTO-000253,ZPC-005664,,10.3390/polym12112485,Fabrication of sub-micron polymer waveguides through two-photon polymerization in polydimethylsiloxane,pi_loading,5,wt%,,,,"oscope is shown in Figure 6 b–e. We then fabricated 5-cm long, double- and triple-track compound waveguides at 5 wt% PI concentration and 1.2 μm intra-waveguide interval for more comprehensive characterization. The refractive index contrast Δ n of the compound waveguides was measured using the interferometric imaging system [ 24 ]. Both the double- and triple-track waveguides show a refractive index contrast on the order of Δ n = 0.005, calculated from the phase we extracted from the interferometric image of the waveguides. The V-number ranges from 2.22 down to 1.68 over the spectral band from 535 nm to 710 nm when we consider the waveguide cross-section as a square of side 2.7 µm. Figure 7 a shows the waveguide output intensity profiles of a double-track (blue) and a triple-track (red) waveguide in the 535/43 nm spectral band, whose two-dimensional intensity distribution is shown in the inset. Figure 7 b shows the transmission loss at the spectral points of measurement in a log-log fashion, where a straight line of a −4.0 slope would indicate a loss of pure Rayleigh scattering nature. In Figure 7 b, the double-track and triple-track data fit well to lines of slope −3.8 and −7.1, respectively. Overall, in the double-track waveguides the TL drops from 6.51 dB/cm at 535/43 nm to 2.18 dB/cm at","oscope is shown in Figure 6 b–e. We then fabricated 5-cm long, double- and triple-track compound waveguides at 5 wt% PI concentration and 1.2 μm intra-waveguide interval for more comprehensive characterization. The refractive index contrast Δ n of the compound waveguides was measured using the interferometric imaging system [ 24 ]. Both the double- and t",converted_from_wt_percent,converted_from_wt_percent,auto_provisional_accept,machine_high,auto_accept,loading candidate has raw value/unit; normalization basis recorded,CAND-0000253
SUP-AUTO-000254,ZPC-005664,,10.3390/polym12112485,Fabrication of sub-micron polymer waveguides through two-photon polymerization in polydimethylsiloxane,pi_loading,1.2,µM,,,,"oscope is shown in Figure 6 b–e. We then fabricated 5-cm long, double- and triple-track compound waveguides at 5 wt% PI concentration and 1.2 μm intra-waveguide interval for more comprehensive characterization. The refractive index contrast Δ n of the compound waveguides was measured using the interferometric imaging system [ 24 ]. Both the double- and triple-track waveguides show a refractive index contrast on the order of Δ n = 0.005, calculated from the phase we extracted from the interferometric image of the waveguides. The V-number ranges from 2.22 down to 1.68 over the spectral band from 535 nm to 710 nm when we consider the waveguide cross-section as a square of side 2.7 µm. Figure 7 a shows the waveguide output intensity profiles of a double-track (blue) and a triple-track (red) waveguide in the 535/43 nm spectral band, whose two-dimensional intensity distribution is shown in the inset. Figure 7 b shows the transmission loss at the spectral points of measurement in a log-log fashion, where a straight line of a −4.0 slope would indicate a loss of pure Rayleigh scattering nature. In Figure 7 b, the double-track and triple-track data fit well to lines of slope −3.8 and −7.1, respectively. Overall, in the double-track waveguides the TL drops from 6.51 dB/cm at 535/43 nm to 2.18 dB/cm at","oscope is shown in Figure 6 b–e. We then fabricated 5-cm long, double- and triple-track compound waveguides at 5 wt% PI concentration and 1.2 μm intra-waveguide interval for more comprehensive characterization. The refractive index contrast Δ n of the compound waveguides was measured using the interferometric imaging system [ 24 ]. Both the double- and triple-track waveguides show",reported_mM,reported_direct,auto_provisional_accept,machine_high,auto_accept,loading candidate has raw value/unit; normalization basis recorded,CAND-0000254
SUP-AUTO-000255,ZPC-005664,,10.3390/polym12112485,Fabrication of sub-micron polymer waveguides through two-photon polymerization in polydimethylsiloxane,experimental_context,wavelength_nm=535;power_measurement_plane=not_reported,context,,,,"oscope is shown in Figure 6 b–e. We then fabricated 5-cm long, double- and triple-track compound waveguides at 5 wt% PI concentration and 1.2 μm intra-waveguide interval for more comprehensive characterization. The refractive index contrast Δ n of the compound waveguides was measured using the interferometric imaging system [ 24 ]. Both the double- and triple-track waveguides show a refractive index contrast on the order of Δ n = 0.005, calculated from the phase we extracted from the interferometric image of the waveguides. The V-number ranges from 2.22 down to 1.68 over the spectral band from 535 nm to 710 nm when we consider the waveguide cross-section as a square of side 2.7 µm. Figure 7 a shows the waveguide output intensity profiles of a double-track (blue) and a triple-track (red) waveguide in the 535/43 nm spectral band, whose two-dimensional intensity distribution is shown in the inset. Figure 7 b shows the transmission loss at the spectral points of measurement in a log-log fashion, where a straight line of a −4.0 slope would indicate a loss of pure Rayleigh scattering nature. In Figure 7 b, the double-track and triple-track data fit well to lines of slope −3.8 and −7.1, respectively. Overall, in the double-track waveguides the TL drops from 6.51 dB/cm at 535/43 nm to 2.18 dB/cm at","oscope is shown in Figure 6 b–e. We then fabricated 5-cm long, double- and triple-track compound waveguides at 5 wt% PI concentration and 1.2 μm intra-waveguide interval for more comprehensive characterization. The refractive index contrast Δ n of the compound waveguides was measured using the interferometric imaging system [ 24 ]. Both the double- and triple-track waveguides show a refractive index contrast on the order of Δ n = 0.005, calculated from the phase we extracted from the interferometric image of the waveguides. The V-number ranges from 2.22 down to 1.68 over the spectral band from 535 nm to 710 nm when we consider the waveguide cross-section as a square of side 2.7 µm. Figure 7 a shows the waveguide output intensity profiles of a double-track (blue) and a triple-track (red) waveguide in the 535/43 nm spectral band, whose two-dimensional intensity distribution is shown in...",not_applicable,reported_direct,auto_retained_context_candidate,machine_medium,manual_review,context_missing_resin,CAND-0000255
SUP-AUTO-000256,ZPC-005664,,10.3390/polym12112485,Fabrication of sub-micron polymer waveguides through two-photon polymerization in polydimethylsiloxane,pi_loading,1,µM,,,,"photopolymerization, requiring a compromise between the irradiating laser intensity and writing speed in order to avoid material damage. We wrote waveguides over 5 cm long samples, isolated from each other by an inter-waveguide distance of about 500 μm to eliminate any crosstalk. For each set of parameters, we fabricated five waveguides, from which three were interrogated for statistics. We investigated the finished samples of isolated single waveguides (simple waveguides) using a phase-contrast microscope (Olympus IX-71, Hamburg, Germany) to verify the formation of the poly-DVB waveguides embedded in the PDMS framework ( Figure 3 a,c). The cross-section of single-pass laser tracks (see the inset in Figure 3 b for a typical example) was measured to be ~0.6–1 μm wide and ~1.5–3 μm high depending on the writing parameters, as shown in Figure 3 b,d. The dimensions (the width and the height) of the focal volume during the fabrication procedure depend not only on the laser pulse energy and the numerical aperture of the writing objective but also on the writing speed. Figure 3 a,b reveals the evolution of the waveguide geometry (width and height) as a function of increasing writing speed at a constant writing laser intensity (I ~ 2.25 × 10 12 W/cm 2 ). Figure 3 c,d shows the waveguide geometry as","Hamburg, Germany) to verify the formation of the poly-DVB waveguides embedded in the PDMS framework ( Figure 3 a,c). The cross-section of single-pass laser tracks (see the inset in Figure 3 b for a typical example) was measured to be ~0.6–1 μm wide and ~1.5–3 μm high depending on the writing parameters, as shown in Figure 3 b,d. The dimensions (the width and the height) of the focal volume during the fabrication procedure depend not only on the laser pulse energy and the numeric",reported_mM,reported_direct,auto_provisional_accept,machine_high,auto_accept,loading candidate has raw value/unit; normalization basis recorded,CAND-0000256
SUP-AUTO-000257,ZPC-005664,,10.3390/polym12112485,Fabrication of sub-micron polymer waveguides through two-photon polymerization in polydimethylsiloxane,pi_loading,3,µM,,,,"photopolymerization, requiring a compromise between the irradiating laser intensity and writing speed in order to avoid material damage. We wrote waveguides over 5 cm long samples, isolated from each other by an inter-waveguide distance of about 500 μm to eliminate any crosstalk. For each set of parameters, we fabricated five waveguides, from which three were interrogated for statistics. We investigated the finished samples of isolated single waveguides (simple waveguides) using a phase-contrast microscope (Olympus IX-71, Hamburg, Germany) to verify the formation of the poly-DVB waveguides embedded in the PDMS framework ( Figure 3 a,c). The cross-section of single-pass laser tracks (see the inset in Figure 3 b for a typical example) was measured to be ~0.6–1 μm wide and ~1.5–3 μm high depending on the writing parameters, as shown in Figure 3 b,d. The dimensions (the width and the height) of the focal volume during the fabrication procedure depend not only on the laser pulse energy and the numerical aperture of the writing objective but also on the writing speed. Figure 3 a,b reveals the evolution of the waveguide geometry (width and height) as a function of increasing writing speed at a constant writing laser intensity (I ~ 2.25 × 10 12 W/cm 2 ). Figure 3 c,d shows the waveguide geometry as","to verify the formation of the poly-DVB waveguides embedded in the PDMS framework ( Figure 3 a,c). The cross-section of single-pass laser tracks (see the inset in Figure 3 b for a typical example) was measured to be ~0.6–1 μm wide and ~1.5–3 μm high depending on the writing parameters, as shown in Figure 3 b,d. The dimensions (the width and the height) of the focal volume during the fabrication procedure depend not only on the laser pulse energy and the numerical aperture of the",reported_mM,reported_direct,auto_provisional_accept,machine_high,auto_accept,loading candidate has raw value/unit; normalization basis recorded,CAND-0000257
SUP-AUTO-000258,ZPC-005664,,10.3390/polym12112485,Fabrication of sub-micron polymer waveguides through two-photon polymerization in polydimethylsiloxane,experimental_context,wavelength_nm=679;power_measurement_plane=not_reported;resin_formulation=candidate_in_anchor,context,,,,"5–679 nm and is subject to crosstalk when placed close to one another in parallel. To improve the light confinement, we also used a multi-track (compound) waveguide strategy to increase the waveguide width. Characterizations in the compound waveguides show an optical loss of 0.1 dB/cm in the 710/10 nm spectral band, where we follow the convention of central wavelength/bandwidth, and a refractive index contrast of ~0.005. 2. Materials and Methods 2.1. Chemical Scheme We tested a wide range of PIs and identified the commercial Irgacure OXE02 (BASF, Münster, Germany) [ 27 ] to be suitable for initiating the photopolymerization of DVB through two-photon absorption in our experiments. Furthermore, waveguides fabricated based on styrene were frail and did not sustain the solvent process to remove unreacted monomer and PI, possibly due to a small molecular weight in the polymer product and the lack of crosslinking. Therefore, we chose DVB as the monomer to promote crosslinking and address the stability issue. The chemical scheme of the multiphoton polymerization is illustrated in Figure 1 a. The UV-visible absorption spectra of DVB and OXE02 was measured using a UV-visible spectrometer (Cary-100, Agilent Technologies, Santa Clara, CA, USA) as shown in Figure 1 b. The absorption bands of both reactants f","5–679 nm and is subject to crosstalk when placed close to one another in parallel. To improve the light confinement, we also used a multi-track (compound) waveguide strategy to increase the waveguide width. Characterizations in the compound waveguides show an optical loss of 0.1 dB/cm in the 710/10 nm spectral band, where we follow the convention of central wavelength/bandwidth, and a refractive index contrast of ~0.005. 2. Materials and Methods 2.1. Chemical Scheme We tested a wide range of PIs and identified the commercial Irgacure OXE02 (BASF, Münster, Germany) [ 27 ] to be suitable for initiating the photopolymerization of DVB through two-photon absorption in our experiments. Furthermore, waveguides fabricated based on styrene were frail and did not sustain the solvent process to remove unreacted monomer and PI, possibly due to a small molecular weight in the polymer product and t...",not_applicable,reported_direct,auto_provisional_accept,machine_high,auto_accept,context candidate has wavelength and resin signal; equality across all PIs still needs audit,CAND-0000258
SUP-AUTO-000259,ZPC-005664,,10.3390/polym12112485,Fabrication of sub-micron polymer waveguides through two-photon polymerization in polydimethylsiloxane,experimental_context,wavelength_nm=680;pulse_width_fs=140;repetition_rate_MHz=80;power_measurement_plane=not_reported;resin_formulation=candidate_in_anchor,context,,,,"monitored the focus status in the reflection with a camera while moving one end to the other end of the tracks. This focus also serves as a location reference for positioning the laser focus inside the PDMS slab using the piezoelectric stage. We focused a laser beam from a femtosecond Ti:Sapphire laser (Coherent Chameleon Ultra II, Santa Clara, CA, USA) at 80 MHz repetition rate and 140 fs pulse width into the PDMS slab sample with a high NA (0.7), long working distance, and water-immersion objective. In order to trigger the two-photon polymerization reaction, the laser was tuned to 680 nm to reach the absorption band of Irgacure OXE02 via two-photon absorption. The average beam power used in the fabrication ranges between 60 and 85 mW, and thus the peak intensity can be adjusted between ~1.93 and ~2.74 × 10 12 W/cm 2 based on an aberration-free, self-focusing-free focal spot. We refer to this intensity as the nominal writing intensity in later sections. During the laser writing, the PDMS slab proceeded at a predetermined constant velocity, while the lateral position of the focus was controlled by the piezoelectric stages. Upon the completion of the waveguide writing, we finished the sample with a 24-h ethanol bath to remove unreacted monomer and the PI. 2.5. Waveguide Characterization We charact","monitored the focus status in the reflection with a camera while moving one end to the other end of the tracks. This focus also serves as a location reference for positioning the laser focus inside the PDMS slab using the piezoelectric stage. We focused a laser beam from a femtosecond Ti:Sapphire laser (Coherent Chameleon Ultra II, Santa Clara, CA, USA) at 80 MHz repetition rate and 140 fs pulse width into the PDMS slab sample with a high NA (0.7), long working distance, and water-immersion objective. In order to trigger the two-photon polymerization reaction, the laser was tuned to 680 nm to reach the absorption band of Irgacure OXE02 via two-photon absorption. The average beam power used in the fabrication ranges between 60 and 85 mW, and thus the peak intensity can be adjusted between ~1.93 and ~2.74 × 10 12 W/cm 2 based on an aberration-free, self-focusing-free focal spot. We refe...",not_applicable,reported_direct,auto_provisional_accept,machine_high,auto_accept,context candidate has wavelength and resin signal; equality across all PIs still needs audit,CAND-0000259
SUP-AUTO-000260,ZPC-005664,,10.3390/polym12112485,Fabrication of sub-micron polymer waveguides through two-photon polymerization in polydimethylsiloxane,experimental_context,power_measurement_plane=not_reported;resin_formulation=candidate_in_anchor,context,,,,"ow and highly localized in the writing region, implying that the monomer concentration remains nearly constant. The final concentration of the polymerized DVB, c p D V B r where r is the spatial coordinate, is directly proportional to the time-integration of the concentration of the PI radicals c P I ∗ r , t during the laser irradiation, i.e., c p D V B r = ∫ η p c P I ∗ r , t d t , where η p is the polymerization coefficient depending on the initiation efficiency, propagation constant, termination constant, and monomer concentration of the specific PI-monomer combination. The instantaneous concentration of the PI radicals generated through two-photon absorption during the laser irradiation is expressed as ∂ ∂ t c P I ∗ r , t = σ 2 I 2 r − v t c P I r , t ; where σ 2 is the two-photon absorption cross-section of the photoinitiator molecule in Goeppert–Mayer units; I r is the irradiation intensity expressed in terms of number of photons; v is the velocity of writing; and c P I r , t is the concentration of the remaining photoinitiator. Furthermore; due to the small region of writing, PI* is subject to a diffusion process as ∂ ∂ t n P I ∗ r , t = D P I ∗ ∇ 2 n P I ∗ r , t , where D P I ∗ is the diffusion constant. The system is implicitly highly nonlinear, since the intensity I r − v t at point r will","ow and highly localized in the writing region, implying that the monomer concentration remains nearly constant. The final concentration of the polymerized DVB, c p D V B r where r is the spatial coordinate, is directly proportional to the time-integration of the concentration of the PI radicals c P I ∗ r , t during the laser irradiation, i.e., c p D V B r = ∫ η p c P I ∗ r , t d t , where η p is the polymerization coefficient depending on the initiation efficiency, propagation constant, termination constant, and monomer concentration of the specific PI-monomer combination. The instantaneous concentration of the PI radicals generated through two-photon absorption during the laser irradiation is expressed as ∂ ∂ t c P I ∗ r , t = σ 2 I 2 r − v t c P I r , t ; where σ 2 is the two-photon absorption cross-section of the photoinitiator molecule in Goeppert–Mayer units; I r is the irradiati...",not_applicable,reported_direct,auto_retained_context_candidate,machine_medium,manual_review,context_missing_wavelength,CAND-0000260
SUP-AUTO-000261,ZPC-005664,,10.3390/polym12112485,Fabrication of sub-micron polymer waveguides through two-photon polymerization in polydimethylsiloxane,pi_loading,0.2,mM,,,,"es of polydimethylsiloxane (PDMS) during nanosecond laser processing Patterning of novel breast implant surfaces by enhancing silicone biocompatibility, using biomimetic topographies Two-photon polymerization: Investigation of chemical and mechanical properties of resins using Raman microspectroscopy Determination of modes of elliptical waveguides with ellipse transformation perturbation theory Pulse-propagation modeling and experiment for femtosecond-laser writing of waveguide in Nd: YAG How thin can a microfiber be and still guide light? Role of oxygen in polymerization reactions ( a ) Molecular structure of the divinylbenzene (DVB) monomer and Irgacure OXE02 and the polymerization of the monomer upon laser irradiation; ( b ) Absorption spectrum of 0.2 mM DVB and 0.5 mM Irgacure OXE02 in acetonitrile. Blue arrows indicate the absorption wavelength peak of the photoinitiator (PI) (337 nm) and the excitation wavelength of our system tuned to 680 nm. ( a ) Molecular structure of the divinylbenzene (DVB) monomer and Irgacure OXE02 and the polymerization of the monomer upon laser irradiation; ( b ) Absorption spectrum of 0.2 mM DVB and 0.5 mM Irgacure OXE02 in acetonitrile. Blue arrows indicate the absorption wavelength peak of the photoinitiator (PI) (337 nm) and the excitation wa",e and still guide light? Role of oxygen in polymerization reactions ( a ) Molecular structure of the divinylbenzene (DVB) monomer and Irgacure OXE02 and the polymerization of the monomer upon laser irradiation; ( b ) Absorption spectrum of 0.2 mM DVB and 0.5 mM Irgacure OXE02 in acetonitrile. Blue arrows indicate the absorption wavelength peak of the photoinitiator (PI) (337 nm) and the excitation wavelength of our system tuned to 680 nm. ( a ) Molecular structure of the divinylben,reported_mM,reported_direct,auto_provisional_accept,machine_high,auto_accept,loading candidate has raw value/unit; normalization basis recorded,CAND-0000261
SUP-AUTO-000262,ZPC-005664,,10.3390/polym12112485,Fabrication of sub-micron polymer waveguides through two-photon polymerization in polydimethylsiloxane,pi_loading,0.5,mM,,,,"es of polydimethylsiloxane (PDMS) during nanosecond laser processing Patterning of novel breast implant surfaces by enhancing silicone biocompatibility, using biomimetic topographies Two-photon polymerization: Investigation of chemical and mechanical properties of resins using Raman microspectroscopy Determination of modes of elliptical waveguides with ellipse transformation perturbation theory Pulse-propagation modeling and experiment for femtosecond-laser writing of waveguide in Nd: YAG How thin can a microfiber be and still guide light? Role of oxygen in polymerization reactions ( a ) Molecular structure of the divinylbenzene (DVB) monomer and Irgacure OXE02 and the polymerization of the monomer upon laser irradiation; ( b ) Absorption spectrum of 0.2 mM DVB and 0.5 mM Irgacure OXE02 in acetonitrile. Blue arrows indicate the absorption wavelength peak of the photoinitiator (PI) (337 nm) and the excitation wavelength of our system tuned to 680 nm. ( a ) Molecular structure of the divinylbenzene (DVB) monomer and Irgacure OXE02 and the polymerization of the monomer upon laser irradiation; ( b ) Absorption spectrum of 0.2 mM DVB and 0.5 mM Irgacure OXE02 in acetonitrile. Blue arrows indicate the absorption wavelength peak of the photoinitiator (PI) (337 nm) and the excitation wa",de light? Role of oxygen in polymerization reactions ( a ) Molecular structure of the divinylbenzene (DVB) monomer and Irgacure OXE02 and the polymerization of the monomer upon laser irradiation; ( b ) Absorption spectrum of 0.2 mM DVB and 0.5 mM Irgacure OXE02 in acetonitrile. Blue arrows indicate the absorption wavelength peak of the photoinitiator (PI) (337 nm) and the excitation wavelength of our system tuned to 680 nm. ( a ) Molecular structure of the divinylbenzene (DVB) mono,reported_mM,reported_direct,auto_provisional_accept,machine_high,auto_accept,loading candidate has raw value/unit; normalization basis recorded,CAND-0000262
SUP-AUTO-000263,ZPC-005664,,10.3390/polym12112485,Fabrication of sub-micron polymer waveguides through two-photon polymerization in polydimethylsiloxane,pi_loading,0.2,mM,,,,"es of polydimethylsiloxane (PDMS) during nanosecond laser processing Patterning of novel breast implant surfaces by enhancing silicone biocompatibility, using biomimetic topographies Two-photon polymerization: Investigation of chemical and mechanical properties of resins using Raman microspectroscopy Determination of modes of elliptical waveguides with ellipse transformation perturbation theory Pulse-propagation modeling and experiment for femtosecond-laser writing of waveguide in Nd: YAG How thin can a microfiber be and still guide light? Role of oxygen in polymerization reactions ( a ) Molecular structure of the divinylbenzene (DVB) monomer and Irgacure OXE02 and the polymerization of the monomer upon laser irradiation; ( b ) Absorption spectrum of 0.2 mM DVB and 0.5 mM Irgacure OXE02 in acetonitrile. Blue arrows indicate the absorption wavelength peak of the photoinitiator (PI) (337 nm) and the excitation wavelength of our system tuned to 680 nm. ( a ) Molecular structure of the divinylbenzene (DVB) monomer and Irgacure OXE02 and the polymerization of the monomer upon laser irradiation; ( b ) Absorption spectrum of 0.2 mM DVB and 0.5 mM Irgacure OXE02 in acetonitrile. Blue arrows indicate the absorption wavelength peak of the photoinitiator (PI) (337 nm) and the excitation wa",37 nm) and the excitation wavelength of our system tuned to 680 nm. ( a ) Molecular structure of the divinylbenzene (DVB) monomer and Irgacure OXE02 and the polymerization of the monomer upon laser irradiation; ( b ) Absorption spectrum of 0.2 mM DVB and 0.5 mM Irgacure OXE02 in acetonitrile. Blue arrows indicate the absorption wavelength peak of the photoinitiator (PI) (337 nm) and the excitation wa,reported_mM,reported_direct,auto_provisional_accept,machine_high,auto_accept,loading candidate has raw value/unit; normalization basis recorded,CAND-0000263
SUP-AUTO-000264,ZPC-005664,,10.3390/polym12112485,Fabrication of sub-micron polymer waveguides through two-photon polymerization in polydimethylsiloxane,pi_loading,0.5,mM,,,,"es of polydimethylsiloxane (PDMS) during nanosecond laser processing Patterning of novel breast implant surfaces by enhancing silicone biocompatibility, using biomimetic topographies Two-photon polymerization: Investigation of chemical and mechanical properties of resins using Raman microspectroscopy Determination of modes of elliptical waveguides with ellipse transformation perturbation theory Pulse-propagation modeling and experiment for femtosecond-laser writing of waveguide in Nd: YAG How thin can a microfiber be and still guide light? Role of oxygen in polymerization reactions ( a ) Molecular structure of the divinylbenzene (DVB) monomer and Irgacure OXE02 and the polymerization of the monomer upon laser irradiation; ( b ) Absorption spectrum of 0.2 mM DVB and 0.5 mM Irgacure OXE02 in acetonitrile. Blue arrows indicate the absorption wavelength peak of the photoinitiator (PI) (337 nm) and the excitation wavelength of our system tuned to 680 nm. ( a ) Molecular structure of the divinylbenzene (DVB) monomer and Irgacure OXE02 and the polymerization of the monomer upon laser irradiation; ( b ) Absorption spectrum of 0.2 mM DVB and 0.5 mM Irgacure OXE02 in acetonitrile. Blue arrows indicate the absorption wavelength peak of the photoinitiator (PI) (337 nm) and the excitation wa",excitation wavelength of our system tuned to 680 nm. ( a ) Molecular structure of the divinylbenzene (DVB) monomer and Irgacure OXE02 and the polymerization of the monomer upon laser irradiation; ( b ) Absorption spectrum of 0.2 mM DVB and 0.5 mM Irgacure OXE02 in acetonitrile. Blue arrows indicate the absorption wavelength peak of the photoinitiator (PI) (337 nm) and the excitation wa,reported_mM,reported_direct,auto_provisional_accept,machine_high,auto_accept,loading candidate has raw value/unit; normalization basis recorded,CAND-0000264
SUP-AUTO-000265,ZPC-005664,,10.3390/polym12112485,Fabrication of sub-micron polymer waveguides through two-photon polymerization in polydimethylsiloxane,experimental_context,wavelength_nm=337;power_measurement_plane=not_reported;resin_formulation=candidate_in_anchor,context,,,,"es of polydimethylsiloxane (PDMS) during nanosecond laser processing Patterning of novel breast implant surfaces by enhancing silicone biocompatibility, using biomimetic topographies Two-photon polymerization: Investigation of chemical and mechanical properties of resins using Raman microspectroscopy Determination of modes of elliptical waveguides with ellipse transformation perturbation theory Pulse-propagation modeling and experiment for femtosecond-laser writing of waveguide in Nd: YAG How thin can a microfiber be and still guide light? Role of oxygen in polymerization reactions ( a ) Molecular structure of the divinylbenzene (DVB) monomer and Irgacure OXE02 and the polymerization of the monomer upon laser irradiation; ( b ) Absorption spectrum of 0.2 mM DVB and 0.5 mM Irgacure OXE02 in acetonitrile. Blue arrows indicate the absorption wavelength peak of the photoinitiator (PI) (337 nm) and the excitation wavelength of our system tuned to 680 nm. ( a ) Molecular structure of the divinylbenzene (DVB) monomer and Irgacure OXE02 and the polymerization of the monomer upon laser irradiation; ( b ) Absorption spectrum of 0.2 mM DVB and 0.5 mM Irgacure OXE02 in acetonitrile. Blue arrows indicate the absorption wavelength peak of the photoinitiator (PI) (337 nm) and the excitation wa","es of polydimethylsiloxane (PDMS) during nanosecond laser processing Patterning of novel breast implant surfaces by enhancing silicone biocompatibility, using biomimetic topographies Two-photon polymerization: Investigation of chemical and mechanical properties of resins using Raman microspectroscopy Determination of modes of elliptical waveguides with ellipse transformation perturbation theory Pulse-propagation modeling and experiment for femtosecond-laser writing of waveguide in Nd: YAG How thin can a microfiber be and still guide light? Role of oxygen in polymerization reactions ( a ) Molecular structure of the divinylbenzene (DVB) monomer and Irgacure OXE02 and the polymerization of the monomer upon laser irradiation; ( b ) Absorption spectrum of 0.2 mM DVB and 0.5 mM Irgacure OXE02 in acetonitrile. Blue arrows indicate the absorption wavelength peak of the photoinitiator (PI) (33...",not_applicable,reported_direct,auto_provisional_accept,machine_high,auto_accept,context candidate has wavelength and resin signal; equality across all PIs still needs audit,CAND-0000265
SUP-AUTO-000266,ZPC-005664,,10.3390/polym12112485,Fabrication of sub-micron polymer waveguides through two-photon polymerization in polydimethylsiloxane,experimental_context,wavelength_nm=710;power_measurement_plane=not_reported;development_protocol=reported;threshold_definition=candidate_in_anchor;resin_formulation=candidate_in_anchor,context,,,,"Fabrication of Sub-Micron Polymer Waveguides through Two-Photon Polymerization in Polydimethylsiloxane Flexible ultra-compact low-loss optical waveguides play a vital role in the development of soft photonics. The search for suitable materials and innovative fabrication techniques to achieve low loss long polymer optical waveguides and interconnects has proven to be challenging. In this paper, we demonstrate the fabrication of submicron optical waveguides in polydimethylsiloxane (PDMS) using divinylbenzene (DVB) as the photopolymerizable monomer through two-photon polymerization (2PP). We show that the commercial oxime ester photoinitiator Irgacure OXE02 is suitable for triggering the DVB photopolymerization, resulting in a stable and controllable fabrication process for the fabrication of defect-free, 5-cm long waveguides. We further explore a multi-track fabrication strategy to enlarge the waveguide core size up to ~3 μm for better light confinement and reduced cross-talk. In these waveguides, we measured a refractive index contrast on the order of 0.005 and a transmission loss of 0.1 dB/cm at 710 nm wavelength. 1. Introduction Optical waveguides are one of the most important ph","Fabrication of Sub-Micron Polymer Waveguides through Two-Photon Polymerization in Polydimethylsiloxane Flexible ultra-compact low-loss optical waveguides play a vital role in the development of soft photonics. The search for suitable materials and innovative fabrication techniques to achieve low loss long polymer optical waveguides and interconnects has proven to be challenging. In this paper, we demonstrate the fabrication of submicron optical waveguides in polydimethylsiloxane (PDMS) using divinylbenzene (DVB) as the photopolymerizable monomer through two-photon polymerization (2PP). We show that the commercial oxime ester photoinitiator Irgacure OXE02 is suitable for triggering the DVB photopolymerization, resulting in a stable and controllable fabrication process for the fabrication of defect-free, 5-cm long waveguides. We further explore a multi-track fabrication strategy to enla...",not_applicable,reported_direct,auto_provisional_accept,machine_high,auto_accept,context candidate has wavelength and resin signal; equality across all PIs still needs audit,CAND-0000266
SUP-AUTO-000267,ZPC-005664,,10.3390/polym12112485,Fabrication of sub-micron polymer waveguides through two-photon polymerization in polydimethylsiloxane,pi_loading,3.2,mM,,,,"ted compound waveguides where multiple tracks go side-by-side in parallel with a very small interval spacing δ ( Figure 5 ). The spacing is so small that the potential barrier between the individual tracks is tunneled through easily and the multiple tracks effectively behave like a single, wider waveguide (a compound waveguide). This approach also calls for a lower fabrication intensity and a higher writing speed in order to avoid material damage caused by the refractive index modification carried by the adjacent core. The compound waveguides were fabricated with a nominal focal intensity of 1.78 × 10 12 W/cm 2 and a writing velocity of 3.2 mm/s, which were optimized from the fabrication of simple waveguides. We first fabricated short double- or triple-track compound waveguides at an intra-waveguide interval δ = 1.2 μm for a pilot study at three different PI concentrations and measured the dimensions of the individual constituent simple waveguide. At the same fabrication parameters, both waveguide width and height increase when a higher concentration of photoinitiator is used ( Figure 6 a). At 1 wt% PI concentration, the lateral and axial dimension of the waveguides were measured to be ~0.63 μm and ~2 μm on average, respectively, and reached ~0.69 μm and ~2.7 μm, respectively, at","iting speed in order to avoid material damage caused by the refractive index modification carried by the adjacent core. The compound waveguides were fabricated with a nominal focal intensity of 1.78 × 10 12 W/cm 2 and a writing velocity of 3.2 mm/s, which were optimized from the fabrication of simple waveguides. We first fabricated short double- or triple-track compound waveguides at an intra-waveguide interval δ = 1.2 μm for a pilot study at three different PI concentrations and m",reported_mM,reported_direct,auto_provisional_accept,machine_high,auto_accept,loading candidate has raw value/unit; normalization basis recorded,CAND-0000267
SUP-AUTO-000268,ZPC-005664,,10.3390/polym12112485,Fabrication of sub-micron polymer waveguides through two-photon polymerization in polydimethylsiloxane,pi_loading,1.2,µM,,,,"ted compound waveguides where multiple tracks go side-by-side in parallel with a very small interval spacing δ ( Figure 5 ). The spacing is so small that the potential barrier between the individual tracks is tunneled through easily and the multiple tracks effectively behave like a single, wider waveguide (a compound waveguide). This approach also calls for a lower fabrication intensity and a higher writing speed in order to avoid material damage caused by the refractive index modification carried by the adjacent core. The compound waveguides were fabricated with a nominal focal intensity of 1.78 × 10 12 W/cm 2 and a writing velocity of 3.2 mm/s, which were optimized from the fabrication of simple waveguides. We first fabricated short double- or triple-track compound waveguides at an intra-waveguide interval δ = 1.2 μm for a pilot study at three different PI concentrations and measured the dimensions of the individual constituent simple waveguide. At the same fabrication parameters, both waveguide width and height increase when a higher concentration of photoinitiator is used ( Figure 6 a). At 1 wt% PI concentration, the lateral and axial dimension of the waveguides were measured to be ~0.63 μm and ~2 μm on average, respectively, and reached ~0.69 μm and ~2.7 μm, respectively, at","l intensity of 1.78 × 10 12 W/cm 2 and a writing velocity of 3.2 mm/s, which were optimized from the fabrication of simple waveguides. We first fabricated short double- or triple-track compound waveguides at an intra-waveguide interval δ = 1.2 μm for a pilot study at three different PI concentrations and measured the dimensions of the individual constituent simple waveguide. At the same fabrication parameters, both waveguide width and height increase when a higher concentration of",reported_mM,reported_direct,auto_provisional_accept,machine_high,auto_accept,loading candidate has raw value/unit; normalization basis recorded,CAND-0000268
SUP-AUTO-000269,ZPC-005664,,10.3390/polym12112485,Fabrication of sub-micron polymer waveguides through two-photon polymerization in polydimethylsiloxane,pi_loading,1,wt%,,,,"ted compound waveguides where multiple tracks go side-by-side in parallel with a very small interval spacing δ ( Figure 5 ). The spacing is so small that the potential barrier between the individual tracks is tunneled through easily and the multiple tracks effectively behave like a single, wider waveguide (a compound waveguide). This approach also calls for a lower fabrication intensity and a higher writing speed in order to avoid material damage caused by the refractive index modification carried by the adjacent core. The compound waveguides were fabricated with a nominal focal intensity of 1.78 × 10 12 W/cm 2 and a writing velocity of 3.2 mm/s, which were optimized from the fabrication of simple waveguides. We first fabricated short double- or triple-track compound waveguides at an intra-waveguide interval δ = 1.2 μm for a pilot study at three different PI concentrations and measured the dimensions of the individual constituent simple waveguide. At the same fabrication parameters, both waveguide width and height increase when a higher concentration of photoinitiator is used ( Figure 6 a). At 1 wt% PI concentration, the lateral and axial dimension of the waveguides were measured to be ~0.63 μm and ~2 μm on average, respectively, and reached ~0.69 μm and ~2.7 μm, respectively, at","concentrations and measured the dimensions of the individual constituent simple waveguide. At the same fabrication parameters, both waveguide width and height increase when a higher concentration of photoinitiator is used ( Figure 6 a). At 1 wt% PI concentration, the lateral and axial dimension of the waveguides were measured to be ~0.63 μm and ~2 μm on average, respectively, and reached ~0.69 μm and ~2.7 μm, respectively, at",converted_from_wt_percent,converted_from_wt_percent,auto_provisional_accept,machine_high,auto_accept,loading candidate has raw value/unit; normalization basis recorded,CAND-0000269
SUP-AUTO-000270,ZPC-005664,,10.3390/polym12112485,Fabrication of sub-micron polymer waveguides through two-photon polymerization in polydimethylsiloxane,pi_loading,0.63,µM,,,,"ted compound waveguides where multiple tracks go side-by-side in parallel with a very small interval spacing δ ( Figure 5 ). The spacing is so small that the potential barrier between the individual tracks is tunneled through easily and the multiple tracks effectively behave like a single, wider waveguide (a compound waveguide). This approach also calls for a lower fabrication intensity and a higher writing speed in order to avoid material damage caused by the refractive index modification carried by the adjacent core. The compound waveguides were fabricated with a nominal focal intensity of 1.78 × 10 12 W/cm 2 and a writing velocity of 3.2 mm/s, which were optimized from the fabrication of simple waveguides. We first fabricated short double- or triple-track compound waveguides at an intra-waveguide interval δ = 1.2 μm for a pilot study at three different PI concentrations and measured the dimensions of the individual constituent simple waveguide. At the same fabrication parameters, both waveguide width and height increase when a higher concentration of photoinitiator is used ( Figure 6 a). At 1 wt% PI concentration, the lateral and axial dimension of the waveguides were measured to be ~0.63 μm and ~2 μm on average, respectively, and reached ~0.69 μm and ~2.7 μm, respectively, at","he same fabrication parameters, both waveguide width and height increase when a higher concentration of photoinitiator is used ( Figure 6 a). At 1 wt% PI concentration, the lateral and axial dimension of the waveguides were measured to be ~0.63 μm and ~2 μm on average, respectively, and reached ~0.69 μm and ~2.7 μm, respectively, at",reported_mM,reported_direct,auto_provisional_accept,machine_high,auto_accept,loading candidate has raw value/unit; normalization basis recorded,CAND-0000270
SUP-AUTO-000271,ZPC-005664,,10.3390/polym12112485,Fabrication of sub-micron polymer waveguides through two-photon polymerization in polydimethylsiloxane,pi_loading,2,µM,,,,"ted compound waveguides where multiple tracks go side-by-side in parallel with a very small interval spacing δ ( Figure 5 ). The spacing is so small that the potential barrier between the individual tracks is tunneled through easily and the multiple tracks effectively behave like a single, wider waveguide (a compound waveguide). This approach also calls for a lower fabrication intensity and a higher writing speed in order to avoid material damage caused by the refractive index modification carried by the adjacent core. The compound waveguides were fabricated with a nominal focal intensity of 1.78 × 10 12 W/cm 2 and a writing velocity of 3.2 mm/s, which were optimized from the fabrication of simple waveguides. We first fabricated short double- or triple-track compound waveguides at an intra-waveguide interval δ = 1.2 μm for a pilot study at three different PI concentrations and measured the dimensions of the individual constituent simple waveguide. At the same fabrication parameters, both waveguide width and height increase when a higher concentration of photoinitiator is used ( Figure 6 a). At 1 wt% PI concentration, the lateral and axial dimension of the waveguides were measured to be ~0.63 μm and ~2 μm on average, respectively, and reached ~0.69 μm and ~2.7 μm, respectively, at","cation parameters, both waveguide width and height increase when a higher concentration of photoinitiator is used ( Figure 6 a). At 1 wt% PI concentration, the lateral and axial dimension of the waveguides were measured to be ~0.63 μm and ~2 μm on average, respectively, and reached ~0.69 μm and ~2.7 μm, respectively, at",reported_mM,reported_direct,auto_provisional_accept,machine_high,auto_accept,loading candidate has raw value/unit; normalization basis recorded,CAND-0000271
SUP-AUTO-000272,ZPC-005664,,10.3390/polym12112485,Fabrication of sub-micron polymer waveguides through two-photon polymerization in polydimethylsiloxane,pi_loading,0.69,µM,,,,"ted compound waveguides where multiple tracks go side-by-side in parallel with a very small interval spacing δ ( Figure 5 ). The spacing is so small that the potential barrier between the individual tracks is tunneled through easily and the multiple tracks effectively behave like a single, wider waveguide (a compound waveguide). This approach also calls for a lower fabrication intensity and a higher writing speed in order to avoid material damage caused by the refractive index modification carried by the adjacent core. The compound waveguides were fabricated with a nominal focal intensity of 1.78 × 10 12 W/cm 2 and a writing velocity of 3.2 mm/s, which were optimized from the fabrication of simple waveguides. We first fabricated short double- or triple-track compound waveguides at an intra-waveguide interval δ = 1.2 μm for a pilot study at three different PI concentrations and measured the dimensions of the individual constituent simple waveguide. At the same fabrication parameters, both waveguide width and height increase when a higher concentration of photoinitiator is used ( Figure 6 a). At 1 wt% PI concentration, the lateral and axial dimension of the waveguides were measured to be ~0.63 μm and ~2 μm on average, respectively, and reached ~0.69 μm and ~2.7 μm, respectively, at","height increase when a higher concentration of photoinitiator is used ( Figure 6 a). At 1 wt% PI concentration, the lateral and axial dimension of the waveguides were measured to be ~0.63 μm and ~2 μm on average, respectively, and reached ~0.69 μm and ~2.7 μm, respectively, at",reported_mM,reported_direct,auto_provisional_accept,machine_high,auto_accept,loading candidate has raw value/unit; normalization basis recorded,CAND-0000272
SUP-AUTO-000273,ZPC-005664,,10.3390/polym12112485,Fabrication of sub-micron polymer waveguides through two-photon polymerization in polydimethylsiloxane,pi_loading,2.7,µM,,,,"ted compound waveguides where multiple tracks go side-by-side in parallel with a very small interval spacing δ ( Figure 5 ). The spacing is so small that the potential barrier between the individual tracks is tunneled through easily and the multiple tracks effectively behave like a single, wider waveguide (a compound waveguide). This approach also calls for a lower fabrication intensity and a higher writing speed in order to avoid material damage caused by the refractive index modification carried by the adjacent core. The compound waveguides were fabricated with a nominal focal intensity of 1.78 × 10 12 W/cm 2 and a writing velocity of 3.2 mm/s, which were optimized from the fabrication of simple waveguides. We first fabricated short double- or triple-track compound waveguides at an intra-waveguide interval δ = 1.2 μm for a pilot study at three different PI concentrations and measured the dimensions of the individual constituent simple waveguide. At the same fabrication parameters, both waveguide width and height increase when a higher concentration of photoinitiator is used ( Figure 6 a). At 1 wt% PI concentration, the lateral and axial dimension of the waveguides were measured to be ~0.63 μm and ~2 μm on average, respectively, and reached ~0.69 μm and ~2.7 μm, respectively, at","se when a higher concentration of photoinitiator is used ( Figure 6 a). At 1 wt% PI concentration, the lateral and axial dimension of the waveguides were measured to be ~0.63 μm and ~2 μm on average, respectively, and reached ~0.69 μm and ~2.7 μm, respectively, at",reported_mM,reported_direct,auto_provisional_accept,machine_high,auto_accept,loading candidate has raw value/unit; normalization basis recorded,CAND-0000273
SUP-AUTO-000274,ZPC-005664,,10.3390/polym12112485,Fabrication of sub-micron polymer waveguides through two-photon polymerization in polydimethylsiloxane,pi_loading,1.2,µM,,,,", which were optimized from the fabrication of simple waveguides. We first fabricated short double- or triple-track compound waveguides at an intra-waveguide interval δ = 1.2 μm for a pilot study at three different PI concentrations and measured the dimensions of the individual constituent simple waveguide. At the same fabrication parameters, both waveguide width and height increase when a higher concentration of photoinitiator is used ( Figure 6 a). At 1 wt% PI concentration, the lateral and axial dimension of the waveguides were measured to be ~0.63 μm and ~2 μm on average, respectively, and reached ~0.69 μm and ~2.7 μm, respectively, at a PI concentration of 5 wt%. The cross-sectional and side view of the compound waveguides acquired from a phase contrast microscope is shown in Figure 6 b–e. We then fabricated 5-cm long, double- and triple-track compound waveguides at 5 wt% PI concentration and 1.2 μm intra-waveguide interval for more comprehensive characterization. The refractive index contrast Δ n of the compound waveguides was measured using the interferometric imaging system [ 24 ]. Both the double- and triple-track waveguides show a refractive index contrast on the order of Δ n = 0.005, calculated from the phase we extracted from the interferometric image of the waveguides",", which were optimized from the fabrication of simple waveguides. We first fabricated short double- or triple-track compound waveguides at an intra-waveguide interval δ = 1.2 μm for a pilot study at three different PI concentrations and measured the dimensions of the individual constituent simple waveguide. At the same fabrication parameters, both waveguide width and height increase when a higher concentration of",reported_mM,reported_direct,auto_provisional_accept,machine_high,auto_accept,loading candidate has raw value/unit; normalization basis recorded,CAND-0000274
SUP-AUTO-000275,ZPC-005664,,10.3390/polym12112485,Fabrication of sub-micron polymer waveguides through two-photon polymerization in polydimethylsiloxane,pi_loading,1,wt%,,,,", which were optimized from the fabrication of simple waveguides. We first fabricated short double- or triple-track compound waveguides at an intra-waveguide interval δ = 1.2 μm for a pilot study at three different PI concentrations and measured the dimensions of the individual constituent simple waveguide. At the same fabrication parameters, both waveguide width and height increase when a higher concentration of photoinitiator is used ( Figure 6 a). At 1 wt% PI concentration, the lateral and axial dimension of the waveguides were measured to be ~0.63 μm and ~2 μm on average, respectively, and reached ~0.69 μm and ~2.7 μm, respectively, at a PI concentration of 5 wt%. The cross-sectional and side view of the compound waveguides acquired from a phase contrast microscope is shown in Figure 6 b–e. We then fabricated 5-cm long, double- and triple-track compound waveguides at 5 wt% PI concentration and 1.2 μm intra-waveguide interval for more comprehensive characterization. The refractive index contrast Δ n of the compound waveguides was measured using the interferometric imaging system [ 24 ]. Both the double- and triple-track waveguides show a refractive index contrast on the order of Δ n = 0.005, calculated from the phase we extracted from the interferometric image of the waveguides","concentrations and measured the dimensions of the individual constituent simple waveguide. At the same fabrication parameters, both waveguide width and height increase when a higher concentration of photoinitiator is used ( Figure 6 a). At 1 wt% PI concentration, the lateral and axial dimension of the waveguides were measured to be ~0.63 μm and ~2 μm on average, respectively, and reached ~0.69 μm and ~2.7 μm, respectively, at a PI concentration of 5 wt%. The cross-sectional and si",converted_from_wt_percent,converted_from_wt_percent,auto_provisional_accept,machine_high,auto_accept,loading candidate has raw value/unit; normalization basis recorded,CAND-0000275
SUP-AUTO-000276,ZPC-005664,,10.3390/polym12112485,Fabrication of sub-micron polymer waveguides through two-photon polymerization in polydimethylsiloxane,pi_loading,0.63,µM,,,,", which were optimized from the fabrication of simple waveguides. We first fabricated short double- or triple-track compound waveguides at an intra-waveguide interval δ = 1.2 μm for a pilot study at three different PI concentrations and measured the dimensions of the individual constituent simple waveguide. At the same fabrication parameters, both waveguide width and height increase when a higher concentration of photoinitiator is used ( Figure 6 a). At 1 wt% PI concentration, the lateral and axial dimension of the waveguides were measured to be ~0.63 μm and ~2 μm on average, respectively, and reached ~0.69 μm and ~2.7 μm, respectively, at a PI concentration of 5 wt%. The cross-sectional and side view of the compound waveguides acquired from a phase contrast microscope is shown in Figure 6 b–e. We then fabricated 5-cm long, double- and triple-track compound waveguides at 5 wt% PI concentration and 1.2 μm intra-waveguide interval for more comprehensive characterization. The refractive index contrast Δ n of the compound waveguides was measured using the interferometric imaging system [ 24 ]. Both the double- and triple-track waveguides show a refractive index contrast on the order of Δ n = 0.005, calculated from the phase we extracted from the interferometric image of the waveguides","he same fabrication parameters, both waveguide width and height increase when a higher concentration of photoinitiator is used ( Figure 6 a). At 1 wt% PI concentration, the lateral and axial dimension of the waveguides were measured to be ~0.63 μm and ~2 μm on average, respectively, and reached ~0.69 μm and ~2.7 μm, respectively, at a PI concentration of 5 wt%. The cross-sectional and side view of the compound waveguides acquired from a phase contrast microscope is shown in Figure 6",reported_mM,reported_direct,auto_provisional_accept,machine_high,auto_accept,loading candidate has raw value/unit; normalization basis recorded,CAND-0000276
SUP-AUTO-000277,ZPC-005664,,10.3390/polym12112485,Fabrication of sub-micron polymer waveguides through two-photon polymerization in polydimethylsiloxane,pi_loading,2,µM,,,,", which were optimized from the fabrication of simple waveguides. We first fabricated short double- or triple-track compound waveguides at an intra-waveguide interval δ = 1.2 μm for a pilot study at three different PI concentrations and measured the dimensions of the individual constituent simple waveguide. At the same fabrication parameters, both waveguide width and height increase when a higher concentration of photoinitiator is used ( Figure 6 a). At 1 wt% PI concentration, the lateral and axial dimension of the waveguides were measured to be ~0.63 μm and ~2 μm on average, respectively, and reached ~0.69 μm and ~2.7 μm, respectively, at a PI concentration of 5 wt%. The cross-sectional and side view of the compound waveguides acquired from a phase contrast microscope is shown in Figure 6 b–e. We then fabricated 5-cm long, double- and triple-track compound waveguides at 5 wt% PI concentration and 1.2 μm intra-waveguide interval for more comprehensive characterization. The refractive index contrast Δ n of the compound waveguides was measured using the interferometric imaging system [ 24 ]. Both the double- and triple-track waveguides show a refractive index contrast on the order of Δ n = 0.005, calculated from the phase we extracted from the interferometric image of the waveguides","cation parameters, both waveguide width and height increase when a higher concentration of photoinitiator is used ( Figure 6 a). At 1 wt% PI concentration, the lateral and axial dimension of the waveguides were measured to be ~0.63 μm and ~2 μm on average, respectively, and reached ~0.69 μm and ~2.7 μm, respectively, at a PI concentration of 5 wt%. The cross-sectional and side view of the compound waveguides acquired from a phase contrast microscope is shown in Figure 6 b–e. We t",reported_mM,reported_direct,auto_provisional_accept,machine_high,auto_accept,loading candidate has raw value/unit; normalization basis recorded,CAND-0000277
SUP-AUTO-000278,ZPC-005664,,10.3390/polym12112485,Fabrication of sub-micron polymer waveguides through two-photon polymerization in polydimethylsiloxane,pi_loading,0.69,µM,,,,", which were optimized from the fabrication of simple waveguides. We first fabricated short double- or triple-track compound waveguides at an intra-waveguide interval δ = 1.2 μm for a pilot study at three different PI concentrations and measured the dimensions of the individual constituent simple waveguide. At the same fabrication parameters, both waveguide width and height increase when a higher concentration of photoinitiator is used ( Figure 6 a). At 1 wt% PI concentration, the lateral and axial dimension of the waveguides were measured to be ~0.63 μm and ~2 μm on average, respectively, and reached ~0.69 μm and ~2.7 μm, respectively, at a PI concentration of 5 wt%. The cross-sectional and side view of the compound waveguides acquired from a phase contrast microscope is shown in Figure 6 b–e. We then fabricated 5-cm long, double- and triple-track compound waveguides at 5 wt% PI concentration and 1.2 μm intra-waveguide interval for more comprehensive characterization. The refractive index contrast Δ n of the compound waveguides was measured using the interferometric imaging system [ 24 ]. Both the double- and triple-track waveguides show a refractive index contrast on the order of Δ n = 0.005, calculated from the phase we extracted from the interferometric image of the waveguides","height increase when a higher concentration of photoinitiator is used ( Figure 6 a). At 1 wt% PI concentration, the lateral and axial dimension of the waveguides were measured to be ~0.63 μm and ~2 μm on average, respectively, and reached ~0.69 μm and ~2.7 μm, respectively, at a PI concentration of 5 wt%. The cross-sectional and side view of the compound waveguides acquired from a phase contrast microscope is shown in Figure 6 b–e. We then fabricated 5-cm long, double- and triple-tr",reported_mM,reported_direct,auto_provisional_accept,machine_high,auto_accept,loading candidate has raw value/unit; normalization basis recorded,CAND-0000278
SUP-AUTO-000279,ZPC-005664,,10.3390/polym12112485,Fabrication of sub-micron polymer waveguides through two-photon polymerization in polydimethylsiloxane,pi_loading,2.7,µM,,,,", which were optimized from the fabrication of simple waveguides. We first fabricated short double- or triple-track compound waveguides at an intra-waveguide interval δ = 1.2 μm for a pilot study at three different PI concentrations and measured the dimensions of the individual constituent simple waveguide. At the same fabrication parameters, both waveguide width and height increase when a higher concentration of photoinitiator is used ( Figure 6 a). At 1 wt% PI concentration, the lateral and axial dimension of the waveguides were measured to be ~0.63 μm and ~2 μm on average, respectively, and reached ~0.69 μm and ~2.7 μm, respectively, at a PI concentration of 5 wt%. The cross-sectional and side view of the compound waveguides acquired from a phase contrast microscope is shown in Figure 6 b–e. We then fabricated 5-cm long, double- and triple-track compound waveguides at 5 wt% PI concentration and 1.2 μm intra-waveguide interval for more comprehensive characterization. The refractive index contrast Δ n of the compound waveguides was measured using the interferometric imaging system [ 24 ]. Both the double- and triple-track waveguides show a refractive index contrast on the order of Δ n = 0.005, calculated from the phase we extracted from the interferometric image of the waveguides","se when a higher concentration of photoinitiator is used ( Figure 6 a). At 1 wt% PI concentration, the lateral and axial dimension of the waveguides were measured to be ~0.63 μm and ~2 μm on average, respectively, and reached ~0.69 μm and ~2.7 μm, respectively, at a PI concentration of 5 wt%. The cross-sectional and side view of the compound waveguides acquired from a phase contrast microscope is shown in Figure 6 b–e. We then fabricated 5-cm long, double- and triple-track compound",reported_mM,reported_direct,auto_provisional_accept,machine_high,auto_accept,loading candidate has raw value/unit; normalization basis recorded,CAND-0000279
SUP-AUTO-000280,ZPC-005664,,10.3390/polym12112485,Fabrication of sub-micron polymer waveguides through two-photon polymerization in polydimethylsiloxane,pi_loading,5,wt%,,,,", which were optimized from the fabrication of simple waveguides. We first fabricated short double- or triple-track compound waveguides at an intra-waveguide interval δ = 1.2 μm for a pilot study at three different PI concentrations and measured the dimensions of the individual constituent simple waveguide. At the same fabrication parameters, both waveguide width and height increase when a higher concentration of photoinitiator is used ( Figure 6 a). At 1 wt% PI concentration, the lateral and axial dimension of the waveguides were measured to be ~0.63 μm and ~2 μm on average, respectively, and reached ~0.69 μm and ~2.7 μm, respectively, at a PI concentration of 5 wt%. The cross-sectional and side view of the compound waveguides acquired from a phase contrast microscope is shown in Figure 6 b–e. We then fabricated 5-cm long, double- and triple-track compound waveguides at 5 wt% PI concentration and 1.2 μm intra-waveguide interval for more comprehensive characterization. The refractive index contrast Δ n of the compound waveguides was measured using the interferometric imaging system [ 24 ]. Both the double- and triple-track waveguides show a refractive index contrast on the order of Δ n = 0.005, calculated from the phase we extracted from the interferometric image of the waveguides","r is used ( Figure 6 a). At 1 wt% PI concentration, the lateral and axial dimension of the waveguides were measured to be ~0.63 μm and ~2 μm on average, respectively, and reached ~0.69 μm and ~2.7 μm, respectively, at a PI concentration of 5 wt%. The cross-sectional and side view of the compound waveguides acquired from a phase contrast microscope is shown in Figure 6 b–e. We then fabricated 5-cm long, double- and triple-track compound waveguides at 5 wt% PI concentration and 1.2",converted_from_wt_percent,converted_from_wt_percent,auto_provisional_accept,machine_high,auto_accept,loading candidate has raw value/unit; normalization basis recorded,CAND-0000280
SUP-AUTO-000281,ZPC-005664,,10.3390/polym12112485,Fabrication of sub-micron polymer waveguides through two-photon polymerization in polydimethylsiloxane,pi_loading,5,wt%,,,,", which were optimized from the fabrication of simple waveguides. We first fabricated short double- or triple-track compound waveguides at an intra-waveguide interval δ = 1.2 μm for a pilot study at three different PI concentrations and measured the dimensions of the individual constituent simple waveguide. At the same fabrication parameters, both waveguide width and height increase when a higher concentration of photoinitiator is used ( Figure 6 a). At 1 wt% PI concentration, the lateral and axial dimension of the waveguides were measured to be ~0.63 μm and ~2 μm on average, respectively, and reached ~0.69 μm and ~2.7 μm, respectively, at a PI concentration of 5 wt%. The cross-sectional and side view of the compound waveguides acquired from a phase contrast microscope is shown in Figure 6 b–e. We then fabricated 5-cm long, double- and triple-track compound waveguides at 5 wt% PI concentration and 1.2 μm intra-waveguide interval for more comprehensive characterization. The refractive index contrast Δ n of the compound waveguides was measured using the interferometric imaging system [ 24 ]. Both the double- and triple-track waveguides show a refractive index contrast on the order of Δ n = 0.005, calculated from the phase we extracted from the interferometric image of the waveguides","at a PI concentration of 5 wt%. The cross-sectional and side view of the compound waveguides acquired from a phase contrast microscope is shown in Figure 6 b–e. We then fabricated 5-cm long, double- and triple-track compound waveguides at 5 wt% PI concentration and 1.2 μm intra-waveguide interval for more comprehensive characterization. The refractive index contrast Δ n of the compound waveguides was measured using the interferometric imaging system [ 24 ]. Both the double- and t",converted_from_wt_percent,converted_from_wt_percent,auto_provisional_accept,machine_high,auto_accept,loading candidate has raw value/unit; normalization basis recorded,CAND-0000281
SUP-AUTO-000282,ZPC-005664,,10.3390/polym12112485,Fabrication of sub-micron polymer waveguides through two-photon polymerization in polydimethylsiloxane,pi_loading,1.2,µM,,,,", which were optimized from the fabrication of simple waveguides. We first fabricated short double- or triple-track compound waveguides at an intra-waveguide interval δ = 1.2 μm for a pilot study at three different PI concentrations and measured the dimensions of the individual constituent simple waveguide. At the same fabrication parameters, both waveguide width and height increase when a higher concentration of photoinitiator is used ( Figure 6 a). At 1 wt% PI concentration, the lateral and axial dimension of the waveguides were measured to be ~0.63 μm and ~2 μm on average, respectively, and reached ~0.69 μm and ~2.7 μm, respectively, at a PI concentration of 5 wt%. The cross-sectional and side view of the compound waveguides acquired from a phase contrast microscope is shown in Figure 6 b–e. We then fabricated 5-cm long, double- and triple-track compound waveguides at 5 wt% PI concentration and 1.2 μm intra-waveguide interval for more comprehensive characterization. The refractive index contrast Δ n of the compound waveguides was measured using the interferometric imaging system [ 24 ]. Both the double- and triple-track waveguides show a refractive index contrast on the order of Δ n = 0.005, calculated from the phase we extracted from the interferometric image of the waveguides","wt%. The cross-sectional and side view of the compound waveguides acquired from a phase contrast microscope is shown in Figure 6 b–e. We then fabricated 5-cm long, double- and triple-track compound waveguides at 5 wt% PI concentration and 1.2 μm intra-waveguide interval for more comprehensive characterization. The refractive index contrast Δ n of the compound waveguides was measured using the interferometric imaging system [ 24 ]. Both the double- and triple-track waveguides show",reported_mM,reported_direct,auto_provisional_accept,machine_high,auto_accept,loading candidate has raw value/unit; normalization basis recorded,CAND-0000282
SUP-AUTO-000283,ZPC-005664,,10.3390/polym12112485,Fabrication of sub-micron polymer waveguides through two-photon polymerization in polydimethylsiloxane,pi_loading,0.2,mM,,,,"microfiber be and still guide light? Role of oxygen in polymerization reactions ( a ) Molecular structure of the divinylbenzene (DVB) monomer and Irgacure OXE02 and the polymerization of the monomer upon laser irradiation; ( b ) Absorption spectrum of 0.2 mM DVB and 0.5 mM Irgacure OXE02 in acetonitrile. Blue arrows indicate the absorption wavelength peak of the photoinitiator (PI) (337 nm) and the excitation wavelength of our system tuned to 680 nm. ( a ) Molecular structure of the divinylbenzene (DVB) monomer and Irgacure OXE02 and the polymerization of the monomer upon laser irradiation; ( b ) Absorption spectrum of 0.2 mM DVB and 0.5 mM Irgacure OXE02 in acetonitrile. Blue arrows indicate the absorption wavelength peak of the photoinitiator (PI) (337 nm) and the excitation wavelength of our system tuned to 680 nm. Weight gain upon swelling of pristine cured polydimethylsiloxane (PDMS) slabs, for 1, 2.5, and 5 wt% of Irgacure OXE02 in the DVB monomer. Weight gain upon swelling of pristine cured polydimethylsiloxane (PDMS) slabs, for 1, 2.5, and 5 wt% of Irgacure OXE02 in the DVB monomer. ( a ) Phase-contrast microscopy top view image of the recorded poly-DVB optical waveguides written at constant peak intensity I ~ 2.25 × 10 12 W/cm 2 and varying fabrication speed, rangin",e and still guide light? Role of oxygen in polymerization reactions ( a ) Molecular structure of the divinylbenzene (DVB) monomer and Irgacure OXE02 and the polymerization of the monomer upon laser irradiation; ( b ) Absorption spectrum of 0.2 mM DVB and 0.5 mM Irgacure OXE02 in acetonitrile. Blue arrows indicate the absorption wavelength peak of the photoinitiator (PI) (337 nm) and the excitation wavelength of our system tuned to 680 nm. ( a ) Molecular structure of the divinylben,reported_mM,reported_direct,auto_provisional_accept,machine_high,auto_accept,loading candidate has raw value/unit; normalization basis recorded,CAND-0000283
SUP-AUTO-000284,ZPC-005664,,10.3390/polym12112485,Fabrication of sub-micron polymer waveguides through two-photon polymerization in polydimethylsiloxane,pi_loading,0.5,mM,,,,"microfiber be and still guide light? Role of oxygen in polymerization reactions ( a ) Molecular structure of the divinylbenzene (DVB) monomer and Irgacure OXE02 and the polymerization of the monomer upon laser irradiation; ( b ) Absorption spectrum of 0.2 mM DVB and 0.5 mM Irgacure OXE02 in acetonitrile. Blue arrows indicate the absorption wavelength peak of the photoinitiator (PI) (337 nm) and the excitation wavelength of our system tuned to 680 nm. ( a ) Molecular structure of the divinylbenzene (DVB) monomer and Irgacure OXE02 and the polymerization of the monomer upon laser irradiation; ( b ) Absorption spectrum of 0.2 mM DVB and 0.5 mM Irgacure OXE02 in acetonitrile. Blue arrows indicate the absorption wavelength peak of the photoinitiator (PI) (337 nm) and the excitation wavelength of our system tuned to 680 nm. Weight gain upon swelling of pristine cured polydimethylsiloxane (PDMS) slabs, for 1, 2.5, and 5 wt% of Irgacure OXE02 in the DVB monomer. Weight gain upon swelling of pristine cured polydimethylsiloxane (PDMS) slabs, for 1, 2.5, and 5 wt% of Irgacure OXE02 in the DVB monomer. ( a ) Phase-contrast microscopy top view image of the recorded poly-DVB optical waveguides written at constant peak intensity I ~ 2.25 × 10 12 W/cm 2 and varying fabrication speed, rangin",de light? Role of oxygen in polymerization reactions ( a ) Molecular structure of the divinylbenzene (DVB) monomer and Irgacure OXE02 and the polymerization of the monomer upon laser irradiation; ( b ) Absorption spectrum of 0.2 mM DVB and 0.5 mM Irgacure OXE02 in acetonitrile. Blue arrows indicate the absorption wavelength peak of the photoinitiator (PI) (337 nm) and the excitation wavelength of our system tuned to 680 nm. ( a ) Molecular structure of the divinylbenzene (DVB) mono,reported_mM,reported_direct,auto_provisional_accept,machine_high,auto_accept,loading candidate has raw value/unit; normalization basis recorded,CAND-0000284
SUP-AUTO-000285,ZPC-005664,,10.3390/polym12112485,Fabrication of sub-micron polymer waveguides through two-photon polymerization in polydimethylsiloxane,pi_loading,0.2,mM,,,,"microfiber be and still guide light? Role of oxygen in polymerization reactions ( a ) Molecular structure of the divinylbenzene (DVB) monomer and Irgacure OXE02 and the polymerization of the monomer upon laser irradiation; ( b ) Absorption spectrum of 0.2 mM DVB and 0.5 mM Irgacure OXE02 in acetonitrile. Blue arrows indicate the absorption wavelength peak of the photoinitiator (PI) (337 nm) and the excitation wavelength of our system tuned to 680 nm. ( a ) Molecular structure of the divinylbenzene (DVB) monomer and Irgacure OXE02 and the polymerization of the monomer upon laser irradiation; ( b ) Absorption spectrum of 0.2 mM DVB and 0.5 mM Irgacure OXE02 in acetonitrile. Blue arrows indicate the absorption wavelength peak of the photoinitiator (PI) (337 nm) and the excitation wavelength of our system tuned to 680 nm. Weight gain upon swelling of pristine cured polydimethylsiloxane (PDMS) slabs, for 1, 2.5, and 5 wt% of Irgacure OXE02 in the DVB monomer. Weight gain upon swelling of pristine cured polydimethylsiloxane (PDMS) slabs, for 1, 2.5, and 5 wt% of Irgacure OXE02 in the DVB monomer. ( a ) Phase-contrast microscopy top view image of the recorded poly-DVB optical waveguides written at constant peak intensity I ~ 2.25 × 10 12 W/cm 2 and varying fabrication speed, rangin",37 nm) and the excitation wavelength of our system tuned to 680 nm. ( a ) Molecular structure of the divinylbenzene (DVB) monomer and Irgacure OXE02 and the polymerization of the monomer upon laser irradiation; ( b ) Absorption spectrum of 0.2 mM DVB and 0.5 mM Irgacure OXE02 in acetonitrile. Blue arrows indicate the absorption wavelength peak of the photoinitiator (PI) (337 nm) and the excitation wavelength of our system tuned to 680 nm. Weight gain upon swelling of pristine cured,reported_mM,reported_direct,auto_provisional_accept,machine_high,auto_accept,loading candidate has raw value/unit; normalization basis recorded,CAND-0000285
SUP-AUTO-000286,ZPC-005664,,10.3390/polym12112485,Fabrication of sub-micron polymer waveguides through two-photon polymerization in polydimethylsiloxane,pi_loading,0.5,mM,,,,"microfiber be and still guide light? Role of oxygen in polymerization reactions ( a ) Molecular structure of the divinylbenzene (DVB) monomer and Irgacure OXE02 and the polymerization of the monomer upon laser irradiation; ( b ) Absorption spectrum of 0.2 mM DVB and 0.5 mM Irgacure OXE02 in acetonitrile. Blue arrows indicate the absorption wavelength peak of the photoinitiator (PI) (337 nm) and the excitation wavelength of our system tuned to 680 nm. ( a ) Molecular structure of the divinylbenzene (DVB) monomer and Irgacure OXE02 and the polymerization of the monomer upon laser irradiation; ( b ) Absorption spectrum of 0.2 mM DVB and 0.5 mM Irgacure OXE02 in acetonitrile. Blue arrows indicate the absorption wavelength peak of the photoinitiator (PI) (337 nm) and the excitation wavelength of our system tuned to 680 nm. Weight gain upon swelling of pristine cured polydimethylsiloxane (PDMS) slabs, for 1, 2.5, and 5 wt% of Irgacure OXE02 in the DVB monomer. Weight gain upon swelling of pristine cured polydimethylsiloxane (PDMS) slabs, for 1, 2.5, and 5 wt% of Irgacure OXE02 in the DVB monomer. ( a ) Phase-contrast microscopy top view image of the recorded poly-DVB optical waveguides written at constant peak intensity I ~ 2.25 × 10 12 W/cm 2 and varying fabrication speed, rangin",excitation wavelength of our system tuned to 680 nm. ( a ) Molecular structure of the divinylbenzene (DVB) monomer and Irgacure OXE02 and the polymerization of the monomer upon laser irradiation; ( b ) Absorption spectrum of 0.2 mM DVB and 0.5 mM Irgacure OXE02 in acetonitrile. Blue arrows indicate the absorption wavelength peak of the photoinitiator (PI) (337 nm) and the excitation wavelength of our system tuned to 680 nm. Weight gain upon swelling of pristine cured polydimethylsi,reported_mM,reported_direct,auto_provisional_accept,machine_high,auto_accept,loading candidate has raw value/unit; normalization basis recorded,CAND-0000286
SUP-AUTO-000287,ZPC-005664,,10.3390/polym12112485,Fabrication of sub-micron polymer waveguides through two-photon polymerization in polydimethylsiloxane,pi_loading,5,wt%,,,,"microfiber be and still guide light? Role of oxygen in polymerization reactions ( a ) Molecular structure of the divinylbenzene (DVB) monomer and Irgacure OXE02 and the polymerization of the monomer upon laser irradiation; ( b ) Absorption spectrum of 0.2 mM DVB and 0.5 mM Irgacure OXE02 in acetonitrile. Blue arrows indicate the absorption wavelength peak of the photoinitiator (PI) (337 nm) and the excitation wavelength of our system tuned to 680 nm. ( a ) Molecular structure of the divinylbenzene (DVB) monomer and Irgacure OXE02 and the polymerization of the monomer upon laser irradiation; ( b ) Absorption spectrum of 0.2 mM DVB and 0.5 mM Irgacure OXE02 in acetonitrile. Blue arrows indicate the absorption wavelength peak of the photoinitiator (PI) (337 nm) and the excitation wavelength of our system tuned to 680 nm. Weight gain upon swelling of pristine cured polydimethylsiloxane (PDMS) slabs, for 1, 2.5, and 5 wt% of Irgacure OXE02 in the DVB monomer. Weight gain upon swelling of pristine cured polydimethylsiloxane (PDMS) slabs, for 1, 2.5, and 5 wt% of Irgacure OXE02 in the DVB monomer. ( a ) Phase-contrast microscopy top view image of the recorded poly-DVB optical waveguides written at constant peak intensity I ~ 2.25 × 10 12 W/cm 2 and varying fabrication speed, rangin","arrows indicate the absorption wavelength peak of the photoinitiator (PI) (337 nm) and the excitation wavelength of our system tuned to 680 nm. Weight gain upon swelling of pristine cured polydimethylsiloxane (PDMS) slabs, for 1, 2.5, and 5 wt% of Irgacure OXE02 in the DVB monomer. Weight gain upon swelling of pristine cured polydimethylsiloxane (PDMS) slabs, for 1, 2.5, and 5 wt% of Irgacure OXE02 in the DVB monomer. ( a ) Phase-contrast microscopy top view image of the recorded",converted_from_wt_percent,converted_from_wt_percent,auto_provisional_accept,machine_high,auto_accept,loading candidate has raw value/unit; normalization basis recorded,CAND-0000287
SUP-AUTO-000288,ZPC-005664,,10.3390/polym12112485,Fabrication of sub-micron polymer waveguides through two-photon polymerization in polydimethylsiloxane,experimental_context,wavelength_nm=337;power_measurement_plane=not_reported;resin_formulation=candidate_in_anchor,context,,,,"microfiber be and still guide light? Role of oxygen in polymerization reactions ( a ) Molecular structure of the divinylbenzene (DVB) monomer and Irgacure OXE02 and the polymerization of the monomer upon laser irradiation; ( b ) Absorption spectrum of 0.2 mM DVB and 0.5 mM Irgacure OXE02 in acetonitrile. Blue arrows indicate the absorption wavelength peak of the photoinitiator (PI) (337 nm) and the excitation wavelength of our system tuned to 680 nm. ( a ) Molecular structure of the divinylbenzene (DVB) monomer and Irgacure OXE02 and the polymerization of the monomer upon laser irradiation; ( b ) Absorption spectrum of 0.2 mM DVB and 0.5 mM Irgacure OXE02 in acetonitrile. Blue arrows indicate the absorption wavelength peak of the photoinitiator (PI) (337 nm) and the excitation wavelength of our system tuned to 680 nm. Weight gain upon swelling of pristine cured polydimethylsiloxane (PDMS) slabs, for 1, 2.5, and 5 wt% of Irgacure OXE02 in the DVB monomer. Weight gain upon swelling of pristine cured polydimethylsiloxane (PDMS) slabs, for 1, 2.5, and 5 wt% of Irgacure OXE02 in the DVB monomer. ( a ) Phase-contrast microscopy top view image of the recorded poly-DVB optical waveguides written at constant peak intensity I ~ 2.25 × 10 12 W/cm 2 and varying fabrication speed, rangin",microfiber be and still guide light? Role of oxygen in polymerization reactions ( a ) Molecular structure of the divinylbenzene (DVB) monomer and Irgacure OXE02 and the polymerization of the monomer upon laser irradiation; ( b ) Absorption spectrum of 0.2 mM DVB and 0.5 mM Irgacure OXE02 in acetonitrile. Blue arrows indicate the absorption wavelength peak of the photoinitiator (PI) (337 nm) and the excitation wavelength of our system tuned to 680 nm. ( a ) Molecular structure of the divinylbenzene (DVB) monomer and Irgacure OXE02 and the polymerization of the monomer upon laser irradiation; ( b ) Absorption spectrum of 0.2 mM DVB and 0.5 mM Irgacure OXE02 in acetonitrile. Blue arrows indicate the absorption wavelength peak of the photoinitiator (PI) (337 nm) and the excitation wavelength of our system tuned to 680 nm. Weight gain upon swelling of pristine cured polydimethylsiloxane (P...,not_applicable,reported_direct,auto_provisional_accept,machine_high,auto_accept,context candidate has wavelength and resin signal; equality across all PIs still needs audit,CAND-0000288
SUP-AUTO-000289,ZPC-005664,,10.3390/polym12112485,Fabrication of sub-micron polymer waveguides through two-photon polymerization in polydimethylsiloxane,pi_loading,5,wt%,,,,"acetonitrile. Blue arrows indicate the absorption wavelength peak of the photoinitiator (PI) (337 nm) and the excitation wavelength of our system tuned to 680 nm. Weight gain upon swelling of pristine cured polydimethylsiloxane (PDMS) slabs, for 1, 2.5, and 5 wt% of Irgacure OXE02 in the DVB monomer. Weight gain upon swelling of pristine cured polydimethylsiloxane (PDMS) slabs, for 1, 2.5, and 5 wt% of Irgacure OXE02 in the DVB monomer. ( a ) Phase-contrast microscopy top view image of the recorded poly-DVB optical waveguides written at constant peak intensity I ~ 2.25 × 10 12 W/cm 2 and varying fabrication speed, ranging from 1.3 to 2.5 mm/s; ( b ) Waveguide width and height evolution as a function of increasing writing speed where the error bar derives from the measurement of three waveguides; the inset shows the cross-sectional view of a single-track waveguide where the scale bar measures 5 μm; ( c ) and ( b ) display the same as above as a function of increasing fabrication peak intensity from 1.93 to 2.74 × 10 12 W/cm 2 and constant speed v = 1.8 mm/s. Error bars indicate the standard deviation derived from the measurement of five different waveguides geometry. Scale bars dimension in ( a ) and ( c ) is 50 μm. ( a ) Phase-contrast microscopy top view image of the recorded","arrows indicate the absorption wavelength peak of the photoinitiator (PI) (337 nm) and the excitation wavelength of our system tuned to 680 nm. Weight gain upon swelling of pristine cured polydimethylsiloxane (PDMS) slabs, for 1, 2.5, and 5 wt% of Irgacure OXE02 in the DVB monomer. Weight gain upon swelling of pristine cured polydimethylsiloxane (PDMS) slabs, for 1, 2.5, and 5 wt% of Irgacure OXE02 in the DVB monomer. ( a ) Phase-contrast microscopy top view image of the recorded",converted_from_wt_percent,converted_from_wt_percent,auto_provisional_accept,machine_high,auto_accept,loading candidate has raw value/unit; normalization basis recorded,CAND-0000289
SUP-AUTO-000290,ZPC-005664,,10.3390/polym12112485,Fabrication of sub-micron polymer waveguides through two-photon polymerization in polydimethylsiloxane,experimental_context,wavelength_nm=337;power_measurement_plane=not_reported;resin_formulation=candidate_in_anchor,context,,,,"acetonitrile. Blue arrows indicate the absorption wavelength peak of the photoinitiator (PI) (337 nm) and the excitation wavelength of our system tuned to 680 nm. Weight gain upon swelling of pristine cured polydimethylsiloxane (PDMS) slabs, for 1, 2.5, and 5 wt% of Irgacure OXE02 in the DVB monomer. Weight gain upon swelling of pristine cured polydimethylsiloxane (PDMS) slabs, for 1, 2.5, and 5 wt% of Irgacure OXE02 in the DVB monomer. ( a ) Phase-contrast microscopy top view image of the recorded poly-DVB optical waveguides written at constant peak intensity I ~ 2.25 × 10 12 W/cm 2 and varying fabrication speed, ranging from 1.3 to 2.5 mm/s; ( b ) Waveguide width and height evolution as a function of increasing writing speed where the error bar derives from the measurement of three waveguides; the inset shows the cross-sectional view of a single-track waveguide where the scale bar measures 5 μm; ( c ) and ( b ) display the same as above as a function of increasing fabrication peak intensity from 1.93 to 2.74 × 10 12 W/cm 2 and constant speed v = 1.8 mm/s. Error bars indicate the standard deviation derived from the measurement of five different waveguides geometry. Scale bars dimension in ( a ) and ( c ) is 50 μm. ( a ) Phase-contrast microscopy top view image of the recorded","acetonitrile. Blue arrows indicate the absorption wavelength peak of the photoinitiator (PI) (337 nm) and the excitation wavelength of our system tuned to 680 nm. Weight gain upon swelling of pristine cured polydimethylsiloxane (PDMS) slabs, for 1, 2.5, and 5 wt% of Irgacure OXE02 in the DVB monomer. Weight gain upon swelling of pristine cured polydimethylsiloxane (PDMS) slabs, for 1, 2.5, and 5 wt% of Irgacure OXE02 in the DVB monomer. ( a ) Phase-contrast microscopy top view image of the recorded poly-DVB optical waveguides written at constant peak intensity I ~ 2.25 × 10 12 W/cm 2 and varying fabrication speed, ranging from 1.3 to 2.5 mm/s; ( b ) Waveguide width and height evolution as a function of increasing writing speed where the error bar derives from the measurement of three waveguides; the inset shows the cross-sectional view of a single-track waveguide where the scale bar m...",not_applicable,reported_direct,auto_provisional_accept,machine_high,auto_accept,context candidate has wavelength and resin signal; equality across all PIs still needs audit,CAND-0000290
SUP-AUTO-000291,ZPC-005664,,10.3390/polym12112485,Fabrication of sub-micron polymer waveguides through two-photon polymerization in polydimethylsiloxane,polymerization_threshold,1.93 × 10 12,W/cm 2,,,,"ution infiltration efficiency, and optical settings during the writing, strongly affect the waveguide fabrication where experimental conditions remain unchanged. This reflects in small geometrical fluctuations in the waveguide size throughout different samples fabricated with the same experimental parameters such as laser focal intensity and writing speed. This can be observed in the plot in Figure 3 d. We measured the refractive index contrast as a function of focal intensity at a constant writing speed and as a function of writing speed at a constant focal intensity, as shown in Figure 4 a,b, respectively. Our experiments suggest that the polymerization threshold for DVB is about ~1.93 × 10 12 W/cm 2 for simple waveguides based on visual determination with phase-contrast microscopy. As we show in Section 3.2 , this is higher than the actual polymerization threshold, and it is possible to write waveguides at a slightly lower intensity, since phase-contrast microscopy cannot detect the presence of low-concentration polymer in such a small volume with sufficient sensitivity. The refractive index change induced in the polymer material increases linearly from 0.005 to 0.012 with laser intensity in the 2.10–2.8 × 10 12 W/cm 2 range ( Figure 4 a). We observed a weaker effect of the writing velocity on the m","a function of focal intensity at a constant writing speed and as a function of writing speed at a constant focal intensity, as shown in Figure 4 a,b, respectively. Our experiments suggest that the polymerization threshold for DVB is about ~1.93 × 10 12 W/cm 2 for simple waveguides based on visual determination with phase-contrast microscopy. As we show in Section 3.2 , this is higher than the actual polymerization threshold, and it is possible to write waveguides at a slightly lower intensity,",not_normalizable,reported_direct,auto_retained_low_context_candidate,machine_medium,manual_review,threshold_not_power_mW,CAND-0000291
SUP-AUTO-000292,ZPC-005664,,10.3390/polym12112485,Fabrication of sub-micron polymer waveguides through two-photon polymerization in polydimethylsiloxane,polymerization_threshold,2.8 × 10 12,W/cm 2,,,,"ution infiltration efficiency, and optical settings during the writing, strongly affect the waveguide fabrication where experimental conditions remain unchanged. This reflects in small geometrical fluctuations in the waveguide size throughout different samples fabricated with the same experimental parameters such as laser focal intensity and writing speed. This can be observed in the plot in Figure 3 d. We measured the refractive index contrast as a function of focal intensity at a constant writing speed and as a function of writing speed at a constant focal intensity, as shown in Figure 4 a,b, respectively. Our experiments suggest that the polymerization threshold for DVB is about ~1.93 × 10 12 W/cm 2 for simple waveguides based on visual determination with phase-contrast microscopy. As we show in Section 3.2 , this is higher than the actual polymerization threshold, and it is possible to write waveguides at a slightly lower intensity, since phase-contrast microscopy cannot detect the presence of low-concentration polymer in such a small volume with sufficient sensitivity. The refractive index change induced in the polymer material increases linearly from 0.005 to 0.012 with laser intensity in the 2.10–2.8 × 10 12 W/cm 2 range ( Figure 4 a). We observed a weaker effect of the writing velocity on the m",cannot detect the presence of low-concentration polymer in such a small volume with sufficient sensitivity. The refractive index change induced in the polymer material increases linearly from 0.005 to 0.012 with laser intensity in the 2.10–2.8 × 10 12 W/cm 2 range ( Figure 4 a). We observed a weaker effect of the writing velocity on the m,not_normalizable,reported_direct,auto_retained_low_context_candidate,machine_medium,manual_review,threshold_not_power_mW,CAND-0000292
SUP-AUTO-000293,ZPC-005664,,10.3390/polym12112485,Fabrication of sub-micron polymer waveguides through two-photon polymerization in polydimethylsiloxane,experimental_context,power_measurement_plane=not_reported;threshold_definition=candidate_in_anchor,context,,,,"ution infiltration efficiency, and optical settings during the writing, strongly affect the waveguide fabrication where experimental conditions remain unchanged. This reflects in small geometrical fluctuations in the waveguide size throughout different samples fabricated with the same experimental parameters such as laser focal intensity and writing speed. This can be observed in the plot in Figure 3 d. We measured the refractive index contrast as a function of focal intensity at a constant writing speed and as a function of writing speed at a constant focal intensity, as shown in Figure 4 a,b, respectively. Our experiments suggest that the polymerization threshold for DVB is about ~1.93 × 10 12 W/cm 2 for simple waveguides based on visual determination with phase-contrast microscopy. As we show in Section 3.2 , this is higher than the actual polymerization threshold, and it is possible to write waveguides at a slightly lower intensity, since phase-contrast microscopy cannot detect the presence of low-concentration polymer in such a small volume with sufficient sensitivity. The refractive index change induced in the polymer material increases linearly from 0.005 to 0.012 with laser intensity in the 2.10–2.8 × 10 12 W/cm 2 range ( Figure 4 a). We observed a weaker effect of the writing velocity on the m","ution infiltration efficiency, and optical settings during the writing, strongly affect the waveguide fabrication where experimental conditions remain unchanged. This reflects in small geometrical fluctuations in the waveguide size throughout different samples fabricated with the same experimental parameters such as laser focal intensity and writing speed. This can be observed in the plot in Figure 3 d. We measured the refractive index contrast as a function of focal intensity at a constant writing speed and as a function of writing speed at a constant focal intensity, as shown in Figure 4 a,b, respectively. Our experiments suggest that the polymerization threshold for DVB is about ~1.93 × 10 12 W/cm 2 for simple waveguides based on visual determination with phase-contrast microscopy. As we show in Section 3.2 , this is higher than the actual polymerization threshold, and it is possib...",not_applicable,reported_direct,auto_retained_context_candidate,machine_medium,manual_review,context_missing_wavelength,CAND-0000293
SUP-AUTO-000294,ZPC-005664,,10.3390/polym12112485,Fabrication of sub-micron polymer waveguides through two-photon polymerization in polydimethylsiloxane,polymerization_threshold,1.78 × 10 12,W/cm 2,,,,"1 cm sample length, the simple waveguides present crosstalk, as shown in Figure 4 d where the intensity profile along the waveguides is shown. The image inset shows the simple waveguides output in the 535/43 nm spectral band; at ~18 μm inter-waveguide spacing, the output light is clearly visible also from the two adjacent cores whereas only the central waveguide has been coupled. 3.2. Compound Waveguides In order to achieve long, defect-free waveguides we optimized the fabrication parameters for simple waveguides to be 1.78 × 10 12 W/cm 2 nominal intensity and 3.2 mm/s writing velocity. This intensity is lower than the visually-determined threshold of 1.93 × 10 12 W/cm 2 but significantly reduces the probability of defects. At this lower fabrication intensity, Δ n is further reduced and the crosstalk is more significant. Thus, the simple waveguides present a unique challenge of excessive crosstalk when being implemented in a high-density integration. Although increasing Δ n is the most effective way to minimize the crosstalk, it is constrained by the current photochemistry of choice, and more fundamentally, by the intrinsic self-focusing and beam collapse leading to material damage and fabrication defects. Given the fundamental constraints and a goal of inter-waveguide spacing of 10 µ","rly visible also from the two adjacent cores whereas only the central waveguide has been coupled. 3.2. Compound Waveguides In order to achieve long, defect-free waveguides we optimized the fabrication parameters for simple waveguides to be 1.78 × 10 12 W/cm 2 nominal intensity and 3.2 mm/s writing velocity. This intensity is lower than the visually-determined threshold of 1.93 × 10 12 W/cm 2 but significantly reduces the probability of defects. At this lower fabrication intensity, Δ n is furthe",not_normalizable,reported_direct,auto_retained_low_context_candidate,machine_medium,manual_review,threshold_not_power_mW,CAND-0000294
SUP-AUTO-000295,ZPC-005664,,10.3390/polym12112485,Fabrication of sub-micron polymer waveguides through two-photon polymerization in polydimethylsiloxane,polymerization_threshold,1.93 × 10 12,W/cm 2,,,,"1 cm sample length, the simple waveguides present crosstalk, as shown in Figure 4 d where the intensity profile along the waveguides is shown. The image inset shows the simple waveguides output in the 535/43 nm spectral band; at ~18 μm inter-waveguide spacing, the output light is clearly visible also from the two adjacent cores whereas only the central waveguide has been coupled. 3.2. Compound Waveguides In order to achieve long, defect-free waveguides we optimized the fabrication parameters for simple waveguides to be 1.78 × 10 12 W/cm 2 nominal intensity and 3.2 mm/s writing velocity. This intensity is lower than the visually-determined threshold of 1.93 × 10 12 W/cm 2 but significantly reduces the probability of defects. At this lower fabrication intensity, Δ n is further reduced and the crosstalk is more significant. Thus, the simple waveguides present a unique challenge of excessive crosstalk when being implemented in a high-density integration. Although increasing Δ n is the most effective way to minimize the crosstalk, it is constrained by the current photochemistry of choice, and more fundamentally, by the intrinsic self-focusing and beam collapse leading to material damage and fabrication defects. Given the fundamental constraints and a goal of inter-waveguide spacing of 10 µ","achieve long, defect-free waveguides we optimized the fabrication parameters for simple waveguides to be 1.78 × 10 12 W/cm 2 nominal intensity and 3.2 mm/s writing velocity. This intensity is lower than the visually-determined threshold of 1.93 × 10 12 W/cm 2 but significantly reduces the probability of defects. At this lower fabrication intensity, Δ n is further reduced and the crosstalk is more significant. Thus, the simple waveguides present a unique challenge of excessive crosstalk when bei",not_normalizable,reported_direct,auto_retained_low_context_candidate,machine_medium,manual_review,threshold_not_power_mW,CAND-0000295
SUP-AUTO-000296,ZPC-005664,,10.3390/polym12112485,Fabrication of sub-micron polymer waveguides through two-photon polymerization in polydimethylsiloxane,experimental_context,power_measurement_plane=not_reported;threshold_definition=candidate_in_anchor,context,,,,"1 cm sample length, the simple waveguides present crosstalk, as shown in Figure 4 d where the intensity profile along the waveguides is shown. The image inset shows the simple waveguides output in the 535/43 nm spectral band; at ~18 μm inter-waveguide spacing, the output light is clearly visible also from the two adjacent cores whereas only the central waveguide has been coupled. 3.2. Compound Waveguides In order to achieve long, defect-free waveguides we optimized the fabrication parameters for simple waveguides to be 1.78 × 10 12 W/cm 2 nominal intensity and 3.2 mm/s writing velocity. This intensity is lower than the visually-determined threshold of 1.93 × 10 12 W/cm 2 but significantly reduces the probability of defects. At this lower fabrication intensity, Δ n is further reduced and the crosstalk is more significant. Thus, the simple waveguides present a unique challenge of excessive crosstalk when being implemented in a high-density integration. Although increasing Δ n is the most effective way to minimize the crosstalk, it is constrained by the current photochemistry of choice, and more fundamentally, by the intrinsic self-focusing and beam collapse leading to material damage and fabrication defects. Given the fundamental constraints and a goal of inter-waveguide spacing of 10 µ","1 cm sample length, the simple waveguides present crosstalk, as shown in Figure 4 d where the intensity profile along the waveguides is shown. The image inset shows the simple waveguides output in the 535/43 nm spectral band; at ~18 μm inter-waveguide spacing, the output light is clearly visible also from the two adjacent cores whereas only the central waveguide has been coupled. 3.2. Compound Waveguides In order to achieve long, defect-free waveguides we optimized the fabrication parameters for simple waveguides to be 1.78 × 10 12 W/cm 2 nominal intensity and 3.2 mm/s writing velocity. This intensity is lower than the visually-determined threshold of 1.93 × 10 12 W/cm 2 but significantly reduces the probability of defects. At this lower fabrication intensity, Δ n is further reduced and the crosstalk is more significant. Thus, the simple waveguides present a unique challenge of excess...",not_applicable,reported_direct,auto_retained_context_candidate,machine_medium,manual_review,context_missing_wavelength,CAND-0000296
SUP-AUTO-000297,ZPC-005664,,10.3390/polym12112485,Fabrication of sub-micron polymer waveguides through two-photon polymerization in polydimethylsiloxane,experimental_context,wavelength_nm=679;power_measurement_plane=not_reported;threshold_definition=candidate_in_anchor,context,,,,"due to beam collapse will also be on the rise. This calls for a scheme of closed-loop laser intensity control based on the status of polymerization in the fabrication system. 5. Conclusions We demonstrated the fabrication of submicron polymer waveguides in PDMS through two-photon direct laser writing. Our characterizations indicate a refractive index contrast of 0.005 and a relatively high transmission loss of 13 dB/cm on average, which is nearly achromatic within the spectral band of 535–679 nm. This confirms that poly-DVB is non-absorptive in the measured spectral band while also suggests that the dimensions of the waveguide are below a threshold for low-loss transmission. We further showed that the transmission properties can be significantly improved through the fabrication of compound waveguides, each of which consists of two- or three parallel laser-written tracks in close proximity (1.2 µm). Among the compound waveguides, the double-tracks show a Rayleigh scattering-limited transmission loss spectrum, ranging from 6.5 dB/cm at 535/43 nm to 2.2 dB/cm at 710/10 nm. The transmission loss spectrum of the triple-tracks deviates from a Rayleigh-scattering regime on the longer wavelength side, ranging from 12.4 dB/cm at 535/43 nm to 0.1 dB/cm at 710/10 nm. The deviation from the Raylei","due to beam collapse will also be on the rise. This calls for a scheme of closed-loop laser intensity control based on the status of polymerization in the fabrication system. 5. Conclusions We demonstrated the fabrication of submicron polymer waveguides in PDMS through two-photon direct laser writing. Our characterizations indicate a refractive index contrast of 0.005 and a relatively high transmission loss of 13 dB/cm on average, which is nearly achromatic within the spectral band of 535–679 nm. This confirms that poly-DVB is non-absorptive in the measured spectral band while also suggests that the dimensions of the waveguide are below a threshold for low-loss transmission. We further showed that the transmission properties can be significantly improved through the fabrication of compound waveguides, each of which consists of two- or three parallel laser-written tracks in close proxi...",not_applicable,reported_direct,auto_retained_context_candidate,machine_medium,manual_review,context_missing_resin,CAND-0000297
SUP-AUTO-000298,ZPC-005664,,10.3390/polym12112485,Fabrication of sub-micron polymer waveguides through two-photon polymerization in polydimethylsiloxane,experimental_context,wavelength_nm=680;pulse_width_fs=140;repetition_rate_MHz=80;power_measurement_plane=not_reported;resin_formulation=candidate_in_anchor,context,,,,"nd of the tracks. This focus also serves as a location reference for positioning the laser focus inside the PDMS slab using the piezoelectric stage. We focused a laser beam from a femtosecond Ti:Sapphire laser (Coherent Chameleon Ultra II, Santa Clara, CA, USA) at 80 MHz repetition rate and 140 fs pulse width into the PDMS slab sample with a high NA (0.7), long working distance, and water-immersion objective. In order to trigger the two-photon polymerization reaction, the laser was tuned to 680 nm to reach the absorption band of Irgacure OXE02 via two-photon absorption. The average beam power used in the fabrication ranges between 60 and 85 mW, and thus the peak intensity can be adjusted between ~1.93 and ~2.74 × 10 12 W/cm 2 based on an aberration-free, self-focusing-free focal spot. We refer to this intensity as the nominal writing intensity in later sections. During the laser writing, the PDMS slab proceeded at a predetermined constant velocity, while the lateral position of the focus was controlled by the piezoelectric stages. Upon the completion of the waveguide writing, we finished the sample with a 24-h ethanol bath to remove unreacted monomer and the PI. 2.5. Waveguide Characterization We characterized the refractive index contrast Δ n of the poly-DVB waveguides using an","nd of the tracks. This focus also serves as a location reference for positioning the laser focus inside the PDMS slab using the piezoelectric stage. We focused a laser beam from a femtosecond Ti:Sapphire laser (Coherent Chameleon Ultra II, Santa Clara, CA, USA) at 80 MHz repetition rate and 140 fs pulse width into the PDMS slab sample with a high NA (0.7), long working distance, and water-immersion objective. In order to trigger the two-photon polymerization reaction, the laser was tuned to 680 nm to reach the absorption band of Irgacure OXE02 via two-photon absorption. The average beam power used in the fabrication ranges between 60 and 85 mW, and thus the peak intensity can be adjusted between ~1.93 and ~2.74 × 10 12 W/cm 2 based on an aberration-free, self-focusing-free focal spot. We refer to this intensity as the nominal writing intensity in later sections. During the laser writi...",not_applicable,reported_direct,auto_provisional_accept,machine_high,auto_accept,context candidate has wavelength and resin signal; equality across all PIs still needs audit,CAND-0000298
SUP-AUTO-000299,ZPC-005664,,10.3390/polym12112485,Fabrication of sub-micron polymer waveguides through two-photon polymerization in polydimethylsiloxane,experimental_context,wavelength_nm=710;power_measurement_plane=not_reported;development_protocol=reported;threshold_definition=candidate_in_anchor,context,,,,"er photoinitiator Irgacure OXE02 is suitable for triggering the DVB photopolymerization, resulting in a stable and controllable fabrication process for the fabrication of defect-free, 5-cm long waveguides. We further explore a multi-track fabrication strategy to enlarge the waveguide core size up to ~3 μm for better light confinement and reduced cross-talk. In these waveguides, we measured a refractive index contrast on the order of 0.005 and a transmission loss of 0.1 dB/cm at 710 nm wavelength. 1. Introduction Optical waveguides are one of the most important photonic components indispensable in many of today’s technologies [ 1 , 2 ]. The development of new materials and novel fabrication technologies for the realization of optical waveguides have attracted great attention. In particular, polymer-based waveguides are crucial soft photonic building blocks [ 3 , 4 , 5 ] for the development of complex multifunctional platforms, such as chip-to-chip interconnects in electronic systems [ 6 , 7 ], lab-on-chips [ 8 ], optofluidic platforms [ 9 ], biomedical sensing [ 10 , 11 ], wearable physiological monitoring [ 12 ], and optogenetics [ 13 , 14 , 15 ]. Single-mode optical waveguides have been fabricated through direct laser writing (DLW), soft lithography, and thermal curing methods using poly","er photoinitiator Irgacure OXE02 is suitable for triggering the DVB photopolymerization, resulting in a stable and controllable fabrication process for the fabrication of defect-free, 5-cm long waveguides. We further explore a multi-track fabrication strategy to enlarge the waveguide core size up to ~3 μm for better light confinement and reduced cross-talk. In these waveguides, we measured a refractive index contrast on the order of 0.005 and a transmission loss of 0.1 dB/cm at 710 nm wavelength. 1. Introduction Optical waveguides are one of the most important photonic components indispensable in many of today’s technologies [ 1 , 2 ]. The development of new materials and novel fabrication technologies for the realization of optical waveguides have attracted great attention. In particular, polymer-based waveguides are crucial soft photonic building blocks [ 3 , 4 , 5 ] for the develop...",not_applicable,reported_direct,auto_retained_context_candidate,machine_medium,manual_review,context_missing_resin,CAND-0000299
SUP-AUTO-000300,ZPC-005664,,10.3390/polym12112485,Fabrication of sub-micron polymer waveguides through two-photon polymerization in polydimethylsiloxane,experimental_context,power_measurement_plane=not_reported;development_protocol=reported,context,,,,"olecular weight due to frequent termination by combination [ 30 ]. 2.2. Materials All chemicals were used as purchased without further purification. DVB (80% purity, CAS Number 1321-74-0) was purchased from Sigma Aldrich (Buchs, Switzerland). Irgacure OXE02 (CAS Number 455-590-6) was requisitioned from BASF. Optically transparent biomedical-grade PDMS (NuSil MED6215, n = 1.406) was purchased from NuSil Technology (Carpinteria, CA, USA). 2.3. Sample Preparation We used an optically clear, medically approved silicone elastomer, NuSil MED6215, for all our samples, which is widely used for human implantation devices [ 31 ] and thus suits our development goal well. It consists of a Part A (refractive index n = 1.409, viscosity η = 5.600 cP) and a Part B to be combined in a ratio of 10:1 followed by a mixing and defoaming process. To ensure the homogeneity of the PDMS substrate, which is the key to high-quality waveguides, the mixing and defoaming were performed three consecutive times in a Thinky automatic mixer for about 3 min each time, followed by a final deaeration procedure in a vacuum desiccator. We cured the PDMS samples at room temperature over 48 h to ensure surface flatness and parallelism with the working plane. For the optical clarity of the PDMS substrate, the above preparation","olecular weight due to frequent termination by combination [ 30 ]. 2.2. Materials All chemicals were used as purchased without further purification. DVB (80% purity, CAS Number 1321-74-0) was purchased from Sigma Aldrich (Buchs, Switzerland). Irgacure OXE02 (CAS Number 455-590-6) was requisitioned from BASF. Optically transparent biomedical-grade PDMS (NuSil MED6215, n = 1.406) was purchased from NuSil Technology (Carpinteria, CA, USA). 2.3. Sample Preparation We used an optically clear, medically approved silicone elastomer, NuSil MED6215, for all our samples, which is widely used for human implantation devices [ 31 ] and thus suits our development goal well. It consists of a Part A (refractive index n = 1.409, viscosity η = 5.600 cP) and a Part B to be combined in a ratio of 10:1 followed by a mixing and defoaming process. To ensure the homogeneity of the PDMS substrate, which is th...",not_applicable,reported_direct,auto_retained_context_candidate,machine_medium,manual_review,context_missing_wavelength,CAND-0000300
SUP-AUTO-000301,ZPC-005664,,10.3390/polym12112485,Fabrication of sub-micron polymer waveguides through two-photon polymerization in polydimethylsiloxane,experimental_context,wavelength_nm=680;pulse_width_fs=140;repetition_rate_MHz=80;power_measurement_plane=not_reported,context,,,,"ommencement of the writing process, we assembled the PDMS slab between a microscope slide and a glass coverslip, which was mounted on the tip-tilt-rotation stage. We performed careful alignment with the tip-tilt-rotation stage by focusing the laser beam on the water–glass interface and monitored the focus status in the reflection with a camera while moving one end to the other end of the tracks. This focus also serves as a location reference for positioning the laser focus inside the PDMS slab using the piezoelectric stage. We focused a laser beam from a femtosecond Ti:Sapphire laser (Coherent Chameleon Ultra II, Santa Clara, CA, USA) at 80 MHz repetition rate and 140 fs pulse width into the PDMS slab sample with a high NA (0.7), long working distance, and water-immersion objective. In order to trigger the two-photon polymerization reaction, the laser was tuned to 680 nm to reach the absorption band of Irgacure OXE02 via two-photon absorption. The average beam power used in the fabrication ranges between 60 and 85 mW, and thus the peak intensity can be adjusted between ~1.93 and ~2.74 × 10 12 W/cm 2 based on an aberration-free, self-focusing-free focal spot. We refer to this intensity as the nominal writing intensity in later sections. During the laser writing, the PDMS slab procee","ommencement of the writing process, we assembled the PDMS slab between a microscope slide and a glass coverslip, which was mounted on the tip-tilt-rotation stage. We performed careful alignment with the tip-tilt-rotation stage by focusing the laser beam on the water–glass interface and monitored the focus status in the reflection with a camera while moving one end to the other end of the tracks. This focus also serves as a location reference for positioning the laser focus inside the PDMS slab using the piezoelectric stage. We focused a laser beam from a femtosecond Ti:Sapphire laser (Coherent Chameleon Ultra II, Santa Clara, CA, USA) at 80 MHz repetition rate and 140 fs pulse width into the PDMS slab sample with a high NA (0.7), long working distance, and water-immersion objective. In order to trigger the two-photon polymerization reaction, the laser was tuned to 680 nm to reach the...",not_applicable,reported_direct,auto_retained_context_candidate,machine_medium,manual_review,context_missing_resin,CAND-0000301
SUP-AUTO-000302,ZPC-005664,,10.3390/polym12112485,Fabrication of sub-micron polymer waveguides through two-photon polymerization in polydimethylsiloxane,experimental_context,pulse_width_fs=140;repetition_rate_MHz=80;power_measurement_plane=not_reported,context,,,,"n the sample with higher PI concentration. 2.4. Waveguide Fabrication The general procedure of the waveguide fabrication follows that described in [ 24 ]. Based on a fabrication platform for DLW [ 24 ], which contains a mechanical motion stage with 5 cm travel range, we further integrated two high-precision piezo stages (Newport Spectra Physics GmbH NPX400SG-D and NPO250SG-D, Darmstadt, Germany) for accurate positioning and a tip-tilt-rotation stage to ensure the track parallelism with the slab surface over a distance of 5 cm. Before the commencement of the writing process, we assembled the PDMS slab between a microscope slide and a glass coverslip, which was mounted on the tip-tilt-rotation stage. We performed careful alignment with the tip-tilt-rotation stage by focusing the laser beam on the water–glass interface and monitored the focus status in the reflection with a camera while moving one end to the other end of the tracks. This focus also serves as a location reference for positioning the laser focus inside the PDMS slab using the piezoelectric stage. We focused a laser beam from a femtosecond Ti:Sapphire laser (Coherent Chameleon Ultra II, Santa Clara, CA, USA) at 80 MHz repetition rate and 140 fs pulse width into the PDMS slab sample with a high NA (0.7), long working distanc","n the sample with higher PI concentration. 2.4. Waveguide Fabrication The general procedure of the waveguide fabrication follows that described in [ 24 ]. Based on a fabrication platform for DLW [ 24 ], which contains a mechanical motion stage with 5 cm travel range, we further integrated two high-precision piezo stages (Newport Spectra Physics GmbH NPX400SG-D and NPO250SG-D, Darmstadt, Germany) for accurate positioning and a tip-tilt-rotation stage to ensure the track parallelism with the slab surface over a distance of 5 cm. Before the commencement of the writing process, we assembled the PDMS slab between a microscope slide and a glass coverslip, which was mounted on the tip-tilt-rotation stage. We performed careful alignment with the tip-tilt-rotation stage by focusing the laser beam on the water–glass interface and monitored the focus status in the reflection with a camera while...",not_applicable,reported_direct,auto_retained_context_candidate,machine_medium,manual_review,context_missing_wavelength,CAND-0000302
SUP-AUTO-000303,ZPC-005664,,10.3390/polym12112485,Fabrication of sub-micron polymer waveguides through two-photon polymerization in polydimethylsiloxane,pi_loading,0.2,mM,,,,"photon absorption cross-sections of common photoinitiators A Straightforward Synthesis and Structure–Activity Relationship of Highly Efficient Initiators for Two-Photon Polymerization Optical properties of polydimethylsiloxane (PDMS) during nanosecond laser processing Patterning of novel breast implant surfaces by enhancing silicone biocompatibility, using biomimetic topographies Two-photon polymerization: Investigation of chemical and mechanical properties of resins using Raman microspectroscopy Determination of modes of elliptical waveguides with ellipse transformation perturbation theory Pulse-propagation modeling and experiment for femtosecond-laser writing of waveguide in Nd: YAG How thin can a microfiber be and still guide light? Role of oxygen in polymerization reactions ( a ) Molecular structure of the divinylbenzene (DVB) monomer and Irgacure OXE02 and the polymerization of the monomer upon laser irradiation; ( b ) Absorption spectrum of 0.2 mM DVB and 0.5 mM Irgacure OXE02 in acetonitrile. Blue arrows indicate the absorption wavelength peak of the photoinitiator (PI) (337 nm) and the excitation wavelength of our system tuned to 680 nm. ( a ) Molecular structure of the divinylbenzene (DVB) monomer and Irgacure OXE02 and the polymerization of the monomer upon laser irradia",e and still guide light? Role of oxygen in polymerization reactions ( a ) Molecular structure of the divinylbenzene (DVB) monomer and Irgacure OXE02 and the polymerization of the monomer upon laser irradiation; ( b ) Absorption spectrum of 0.2 mM DVB and 0.5 mM Irgacure OXE02 in acetonitrile. Blue arrows indicate the absorption wavelength peak of the photoinitiator (PI) (337 nm) and the excitation wavelength of our system tuned to 680 nm. ( a ) Molecular structure of the divinylben,reported_mM,reported_direct,auto_provisional_accept,machine_high,auto_accept,loading candidate has raw value/unit; normalization basis recorded,CAND-0000303
SUP-AUTO-000304,ZPC-005664,,10.3390/polym12112485,Fabrication of sub-micron polymer waveguides through two-photon polymerization in polydimethylsiloxane,pi_loading,0.5,mM,,,,"photon absorption cross-sections of common photoinitiators A Straightforward Synthesis and Structure–Activity Relationship of Highly Efficient Initiators for Two-Photon Polymerization Optical properties of polydimethylsiloxane (PDMS) during nanosecond laser processing Patterning of novel breast implant surfaces by enhancing silicone biocompatibility, using biomimetic topographies Two-photon polymerization: Investigation of chemical and mechanical properties of resins using Raman microspectroscopy Determination of modes of elliptical waveguides with ellipse transformation perturbation theory Pulse-propagation modeling and experiment for femtosecond-laser writing of waveguide in Nd: YAG How thin can a microfiber be and still guide light? Role of oxygen in polymerization reactions ( a ) Molecular structure of the divinylbenzene (DVB) monomer and Irgacure OXE02 and the polymerization of the monomer upon laser irradiation; ( b ) Absorption spectrum of 0.2 mM DVB and 0.5 mM Irgacure OXE02 in acetonitrile. Blue arrows indicate the absorption wavelength peak of the photoinitiator (PI) (337 nm) and the excitation wavelength of our system tuned to 680 nm. ( a ) Molecular structure of the divinylbenzene (DVB) monomer and Irgacure OXE02 and the polymerization of the monomer upon laser irradia",de light? Role of oxygen in polymerization reactions ( a ) Molecular structure of the divinylbenzene (DVB) monomer and Irgacure OXE02 and the polymerization of the monomer upon laser irradiation; ( b ) Absorption spectrum of 0.2 mM DVB and 0.5 mM Irgacure OXE02 in acetonitrile. Blue arrows indicate the absorption wavelength peak of the photoinitiator (PI) (337 nm) and the excitation wavelength of our system tuned to 680 nm. ( a ) Molecular structure of the divinylbenzene (DVB) mono,reported_mM,reported_direct,auto_provisional_accept,machine_high,auto_accept,loading candidate has raw value/unit; normalization basis recorded,CAND-0000304
SUP-AUTO-000305,ZPC-005664,,10.3390/polym12112485,Fabrication of sub-micron polymer waveguides through two-photon polymerization in polydimethylsiloxane,experimental_context,wavelength_nm=337;power_measurement_plane=not_reported;resin_formulation=candidate_in_anchor,context,,,,"photon absorption cross-sections of common photoinitiators A Straightforward Synthesis and Structure–Activity Relationship of Highly Efficient Initiators for Two-Photon Polymerization Optical properties of polydimethylsiloxane (PDMS) during nanosecond laser processing Patterning of novel breast implant surfaces by enhancing silicone biocompatibility, using biomimetic topographies Two-photon polymerization: Investigation of chemical and mechanical properties of resins using Raman microspectroscopy Determination of modes of elliptical waveguides with ellipse transformation perturbation theory Pulse-propagation modeling and experiment for femtosecond-laser writing of waveguide in Nd: YAG How thin can a microfiber be and still guide light? Role of oxygen in polymerization reactions ( a ) Molecular structure of the divinylbenzene (DVB) monomer and Irgacure OXE02 and the polymerization of the monomer upon laser irradiation; ( b ) Absorption spectrum of 0.2 mM DVB and 0.5 mM Irgacure OXE02 in acetonitrile. Blue arrows indicate the absorption wavelength peak of the photoinitiator (PI) (337 nm) and the excitation wavelength of our system tuned to 680 nm. ( a ) Molecular structure of the divinylbenzene (DVB) monomer and Irgacure OXE02 and the polymerization of the monomer upon laser irradia","photon absorption cross-sections of common photoinitiators A Straightforward Synthesis and Structure–Activity Relationship of Highly Efficient Initiators for Two-Photon Polymerization Optical properties of polydimethylsiloxane (PDMS) during nanosecond laser processing Patterning of novel breast implant surfaces by enhancing silicone biocompatibility, using biomimetic topographies Two-photon polymerization: Investigation of chemical and mechanical properties of resins using Raman microspectroscopy Determination of modes of elliptical waveguides with ellipse transformation perturbation theory Pulse-propagation modeling and experiment for femtosecond-laser writing of waveguide in Nd: YAG How thin can a microfiber be and still guide light? Role of oxygen in polymerization reactions ( a ) Molecular structure of the divinylbenzene (DVB) monomer and Irgacure OXE02 and the polymerization of t...",not_applicable,reported_direct,auto_provisional_accept,machine_high,auto_accept,context candidate has wavelength and resin signal; equality across all PIs still needs audit,CAND-0000305
SUP-AUTO-000306,ZPC-005664,,10.3390/polym12112485,Fabrication of sub-micron polymer waveguides through two-photon polymerization in polydimethylsiloxane,pi_loading,0.2,mM,,,,"n of modes of elliptical waveguides with ellipse transformation perturbation theory Pulse-propagation modeling and experiment for femtosecond-laser writing of waveguide in Nd: YAG How thin can a microfiber be and still guide light? Role of oxygen in polymerization reactions ( a ) Molecular structure of the divinylbenzene (DVB) monomer and Irgacure OXE02 and the polymerization of the monomer upon laser irradiation; ( b ) Absorption spectrum of 0.2 mM DVB and 0.5 mM Irgacure OXE02 in acetonitrile. Blue arrows indicate the absorption wavelength peak of the photoinitiator (PI) (337 nm) and the excitation wavelength of our system tuned to 680 nm. ( a ) Molecular structure of the divinylbenzene (DVB) monomer and Irgacure OXE02 and the polymerization of the monomer upon laser irradiation; ( b ) Absorption spectrum of 0.2 mM DVB and 0.5 mM Irgacure OXE02 in acetonitrile. Blue arrows indicate the absorption wavelength peak of the photoinitiator (PI) (337 nm) and the excitation wavelength of our system tuned to 680 nm. Weight gain upon swelling of pristine cured polydimethylsiloxane (PDMS) slabs, for 1, 2.5, and 5 wt% of Irgacure OXE02 in the DVB monomer. Weight gain upon swelling of pristine cured polydimethylsiloxane (PDMS) slabs, for 1, 2.5, and 5 wt% of Irgacure OXE02 in the DVB m",e and still guide light? Role of oxygen in polymerization reactions ( a ) Molecular structure of the divinylbenzene (DVB) monomer and Irgacure OXE02 and the polymerization of the monomer upon laser irradiation; ( b ) Absorption spectrum of 0.2 mM DVB and 0.5 mM Irgacure OXE02 in acetonitrile. Blue arrows indicate the absorption wavelength peak of the photoinitiator (PI) (337 nm) and the excitation wavelength of our system tuned to 680 nm. ( a ) Molecular structure of the divinylben,reported_mM,reported_direct,auto_provisional_accept,machine_high,auto_accept,loading candidate has raw value/unit; normalization basis recorded,CAND-0000306
SUP-AUTO-000307,ZPC-005664,,10.3390/polym12112485,Fabrication of sub-micron polymer waveguides through two-photon polymerization in polydimethylsiloxane,pi_loading,0.5,mM,,,,"n of modes of elliptical waveguides with ellipse transformation perturbation theory Pulse-propagation modeling and experiment for femtosecond-laser writing of waveguide in Nd: YAG How thin can a microfiber be and still guide light? Role of oxygen in polymerization reactions ( a ) Molecular structure of the divinylbenzene (DVB) monomer and Irgacure OXE02 and the polymerization of the monomer upon laser irradiation; ( b ) Absorption spectrum of 0.2 mM DVB and 0.5 mM Irgacure OXE02 in acetonitrile. Blue arrows indicate the absorption wavelength peak of the photoinitiator (PI) (337 nm) and the excitation wavelength of our system tuned to 680 nm. ( a ) Molecular structure of the divinylbenzene (DVB) monomer and Irgacure OXE02 and the polymerization of the monomer upon laser irradiation; ( b ) Absorption spectrum of 0.2 mM DVB and 0.5 mM Irgacure OXE02 in acetonitrile. Blue arrows indicate the absorption wavelength peak of the photoinitiator (PI) (337 nm) and the excitation wavelength of our system tuned to 680 nm. Weight gain upon swelling of pristine cured polydimethylsiloxane (PDMS) slabs, for 1, 2.5, and 5 wt% of Irgacure OXE02 in the DVB monomer. Weight gain upon swelling of pristine cured polydimethylsiloxane (PDMS) slabs, for 1, 2.5, and 5 wt% of Irgacure OXE02 in the DVB m",de light? Role of oxygen in polymerization reactions ( a ) Molecular structure of the divinylbenzene (DVB) monomer and Irgacure OXE02 and the polymerization of the monomer upon laser irradiation; ( b ) Absorption spectrum of 0.2 mM DVB and 0.5 mM Irgacure OXE02 in acetonitrile. Blue arrows indicate the absorption wavelength peak of the photoinitiator (PI) (337 nm) and the excitation wavelength of our system tuned to 680 nm. ( a ) Molecular structure of the divinylbenzene (DVB) mono,reported_mM,reported_direct,auto_provisional_accept,machine_high,auto_accept,loading candidate has raw value/unit; normalization basis recorded,CAND-0000307
SUP-AUTO-000308,ZPC-005664,,10.3390/polym12112485,Fabrication of sub-micron polymer waveguides through two-photon polymerization in polydimethylsiloxane,pi_loading,0.2,mM,,,,"n of modes of elliptical waveguides with ellipse transformation perturbation theory Pulse-propagation modeling and experiment for femtosecond-laser writing of waveguide in Nd: YAG How thin can a microfiber be and still guide light? Role of oxygen in polymerization reactions ( a ) Molecular structure of the divinylbenzene (DVB) monomer and Irgacure OXE02 and the polymerization of the monomer upon laser irradiation; ( b ) Absorption spectrum of 0.2 mM DVB and 0.5 mM Irgacure OXE02 in acetonitrile. Blue arrows indicate the absorption wavelength peak of the photoinitiator (PI) (337 nm) and the excitation wavelength of our system tuned to 680 nm. ( a ) Molecular structure of the divinylbenzene (DVB) monomer and Irgacure OXE02 and the polymerization of the monomer upon laser irradiation; ( b ) Absorption spectrum of 0.2 mM DVB and 0.5 mM Irgacure OXE02 in acetonitrile. Blue arrows indicate the absorption wavelength peak of the photoinitiator (PI) (337 nm) and the excitation wavelength of our system tuned to 680 nm. Weight gain upon swelling of pristine cured polydimethylsiloxane (PDMS) slabs, for 1, 2.5, and 5 wt% of Irgacure OXE02 in the DVB monomer. Weight gain upon swelling of pristine cured polydimethylsiloxane (PDMS) slabs, for 1, 2.5, and 5 wt% of Irgacure OXE02 in the DVB m",37 nm) and the excitation wavelength of our system tuned to 680 nm. ( a ) Molecular structure of the divinylbenzene (DVB) monomer and Irgacure OXE02 and the polymerization of the monomer upon laser irradiation; ( b ) Absorption spectrum of 0.2 mM DVB and 0.5 mM Irgacure OXE02 in acetonitrile. Blue arrows indicate the absorption wavelength peak of the photoinitiator (PI) (337 nm) and the excitation wavelength of our system tuned to 680 nm. Weight gain upon swelling of pristine cured,reported_mM,reported_direct,auto_provisional_accept,machine_high,auto_accept,loading candidate has raw value/unit; normalization basis recorded,CAND-0000308
SUP-AUTO-000309,ZPC-005664,,10.3390/polym12112485,Fabrication of sub-micron polymer waveguides through two-photon polymerization in polydimethylsiloxane,pi_loading,0.5,mM,,,,"n of modes of elliptical waveguides with ellipse transformation perturbation theory Pulse-propagation modeling and experiment for femtosecond-laser writing of waveguide in Nd: YAG How thin can a microfiber be and still guide light? Role of oxygen in polymerization reactions ( a ) Molecular structure of the divinylbenzene (DVB) monomer and Irgacure OXE02 and the polymerization of the monomer upon laser irradiation; ( b ) Absorption spectrum of 0.2 mM DVB and 0.5 mM Irgacure OXE02 in acetonitrile. Blue arrows indicate the absorption wavelength peak of the photoinitiator (PI) (337 nm) and the excitation wavelength of our system tuned to 680 nm. ( a ) Molecular structure of the divinylbenzene (DVB) monomer and Irgacure OXE02 and the polymerization of the monomer upon laser irradiation; ( b ) Absorption spectrum of 0.2 mM DVB and 0.5 mM Irgacure OXE02 in acetonitrile. Blue arrows indicate the absorption wavelength peak of the photoinitiator (PI) (337 nm) and the excitation wavelength of our system tuned to 680 nm. Weight gain upon swelling of pristine cured polydimethylsiloxane (PDMS) slabs, for 1, 2.5, and 5 wt% of Irgacure OXE02 in the DVB monomer. Weight gain upon swelling of pristine cured polydimethylsiloxane (PDMS) slabs, for 1, 2.5, and 5 wt% of Irgacure OXE02 in the DVB m",excitation wavelength of our system tuned to 680 nm. ( a ) Molecular structure of the divinylbenzene (DVB) monomer and Irgacure OXE02 and the polymerization of the monomer upon laser irradiation; ( b ) Absorption spectrum of 0.2 mM DVB and 0.5 mM Irgacure OXE02 in acetonitrile. Blue arrows indicate the absorption wavelength peak of the photoinitiator (PI) (337 nm) and the excitation wavelength of our system tuned to 680 nm. Weight gain upon swelling of pristine cured polydimethylsi,reported_mM,reported_direct,auto_provisional_accept,machine_high,auto_accept,loading candidate has raw value/unit; normalization basis recorded,CAND-0000309
SUP-AUTO-000310,ZPC-005664,,10.3390/polym12112485,Fabrication of sub-micron polymer waveguides through two-photon polymerization in polydimethylsiloxane,pi_loading,5,wt%,,,,"n of modes of elliptical waveguides with ellipse transformation perturbation theory Pulse-propagation modeling and experiment for femtosecond-laser writing of waveguide in Nd: YAG How thin can a microfiber be and still guide light? Role of oxygen in polymerization reactions ( a ) Molecular structure of the divinylbenzene (DVB) monomer and Irgacure OXE02 and the polymerization of the monomer upon laser irradiation; ( b ) Absorption spectrum of 0.2 mM DVB and 0.5 mM Irgacure OXE02 in acetonitrile. Blue arrows indicate the absorption wavelength peak of the photoinitiator (PI) (337 nm) and the excitation wavelength of our system tuned to 680 nm. ( a ) Molecular structure of the divinylbenzene (DVB) monomer and Irgacure OXE02 and the polymerization of the monomer upon laser irradiation; ( b ) Absorption spectrum of 0.2 mM DVB and 0.5 mM Irgacure OXE02 in acetonitrile. Blue arrows indicate the absorption wavelength peak of the photoinitiator (PI) (337 nm) and the excitation wavelength of our system tuned to 680 nm. Weight gain upon swelling of pristine cured polydimethylsiloxane (PDMS) slabs, for 1, 2.5, and 5 wt% of Irgacure OXE02 in the DVB monomer. Weight gain upon swelling of pristine cured polydimethylsiloxane (PDMS) slabs, for 1, 2.5, and 5 wt% of Irgacure OXE02 in the DVB m","arrows indicate the absorption wavelength peak of the photoinitiator (PI) (337 nm) and the excitation wavelength of our system tuned to 680 nm. Weight gain upon swelling of pristine cured polydimethylsiloxane (PDMS) slabs, for 1, 2.5, and 5 wt% of Irgacure OXE02 in the DVB monomer. Weight gain upon swelling of pristine cured polydimethylsiloxane (PDMS) slabs, for 1, 2.5, and 5 wt% of Irgacure OXE02 in the DVB m",converted_from_wt_percent,converted_from_wt_percent,auto_provisional_accept,machine_high,auto_accept,loading candidate has raw value/unit; normalization basis recorded,CAND-0000310
SUP-AUTO-000311,ZPC-005664,,10.3390/polym12112485,Fabrication of sub-micron polymer waveguides through two-photon polymerization in polydimethylsiloxane,experimental_context,wavelength_nm=337;power_measurement_plane=not_reported;resin_formulation=candidate_in_anchor,context,,,,"n of modes of elliptical waveguides with ellipse transformation perturbation theory Pulse-propagation modeling and experiment for femtosecond-laser writing of waveguide in Nd: YAG How thin can a microfiber be and still guide light? Role of oxygen in polymerization reactions ( a ) Molecular structure of the divinylbenzene (DVB) monomer and Irgacure OXE02 and the polymerization of the monomer upon laser irradiation; ( b ) Absorption spectrum of 0.2 mM DVB and 0.5 mM Irgacure OXE02 in acetonitrile. Blue arrows indicate the absorption wavelength peak of the photoinitiator (PI) (337 nm) and the excitation wavelength of our system tuned to 680 nm. ( a ) Molecular structure of the divinylbenzene (DVB) monomer and Irgacure OXE02 and the polymerization of the monomer upon laser irradiation; ( b ) Absorption spectrum of 0.2 mM DVB and 0.5 mM Irgacure OXE02 in acetonitrile. Blue arrows indicate the absorption wavelength peak of the photoinitiator (PI) (337 nm) and the excitation wavelength of our system tuned to 680 nm. Weight gain upon swelling of pristine cured polydimethylsiloxane (PDMS) slabs, for 1, 2.5, and 5 wt% of Irgacure OXE02 in the DVB monomer. Weight gain upon swelling of pristine cured polydimethylsiloxane (PDMS) slabs, for 1, 2.5, and 5 wt% of Irgacure OXE02 in the DVB m",n of modes of elliptical waveguides with ellipse transformation perturbation theory Pulse-propagation modeling and experiment for femtosecond-laser writing of waveguide in Nd: YAG How thin can a microfiber be and still guide light? Role of oxygen in polymerization reactions ( a ) Molecular structure of the divinylbenzene (DVB) monomer and Irgacure OXE02 and the polymerization of the monomer upon laser irradiation; ( b ) Absorption spectrum of 0.2 mM DVB and 0.5 mM Irgacure OXE02 in acetonitrile. Blue arrows indicate the absorption wavelength peak of the photoinitiator (PI) (337 nm) and the excitation wavelength of our system tuned to 680 nm. ( a ) Molecular structure of the divinylbenzene (DVB) monomer and Irgacure OXE02 and the polymerization of the monomer upon laser irradiation; ( b ) Absorption spectrum of 0.2 mM DVB and 0.5 mM Irgacure OXE02 in acetonitrile. Blue arrows indicate...,not_applicable,reported_direct,auto_provisional_accept,machine_high,auto_accept,context candidate has wavelength and resin signal; equality across all PIs still needs audit,CAND-0000311
SUP-AUTO-000312,ZPC-005664,,10.3390/polym12112485,Fabrication of sub-micron polymer waveguides through two-photon polymerization in polydimethylsiloxane,experimental_context,wavelength_nm=710;power_measurement_plane=not_reported;development_protocol=reported;threshold_definition=candidate_in_anchor;resin_formulation=candidate_in_anchor,context,,,,"dimethylsiloxane (PDMS) using divinylbenzene (DVB) as the photopolymerizable monomer through two-photon polymerization (2PP). We show that the commercial oxime ester photoinitiator Irgacure OXE02 is suitable for triggering the DVB photopolymerization, resulting in a stable and controllable fabrication process for the fabrication of defect-free, 5-cm long waveguides. We further explore a multi-track fabrication strategy to enlarge the waveguide core size up to ~3 μm for better light confinement and reduced cross-talk. In these waveguides, we measured a refractive index contrast on the order of 0.005 and a transmission loss of 0.1 dB/cm at 710 nm wavelength. 1. Introduction Optical waveguides are one of the most important photonic components indispensable in many of today’s technologies [ 1 , 2 ]. The development of new materials and novel fabrication technologies for the realization of optical waveguides have attracted great attention. In particular, polymer-based waveguides are crucial soft photonic building blocks [ 3 , 4 , 5 ] for the development of complex multifunctional platforms, such as chip-to-chip interconnects in electronic systems [ 6 , 7 ], lab-on-chips [ 8 ], optofluidic platforms [ 9 ], biomedical sensing [ 10 , 11 ], wearable physiological monitoring [ 12 ], and op","dimethylsiloxane (PDMS) using divinylbenzene (DVB) as the photopolymerizable monomer through two-photon polymerization (2PP). We show that the commercial oxime ester photoinitiator Irgacure OXE02 is suitable for triggering the DVB photopolymerization, resulting in a stable and controllable fabrication process for the fabrication of defect-free, 5-cm long waveguides. We further explore a multi-track fabrication strategy to enlarge the waveguide core size up to ~3 μm for better light confinement and reduced cross-talk. In these waveguides, we measured a refractive index contrast on the order of 0.005 and a transmission loss of 0.1 dB/cm at 710 nm wavelength. 1. Introduction Optical waveguides are one of the most important photonic components indispensable in many of today’s technologies [ 1 , 2 ]. The development of new materials and novel fabrication technologies for the realization of...",not_applicable,reported_direct,auto_provisional_accept,machine_high,auto_accept,context candidate has wavelength and resin signal; equality across all PIs still needs audit,CAND-0000312
SUP-AUTO-000313,ZPC-005664,,10.3390/polym12112485,Fabrication of sub-micron polymer waveguides through two-photon polymerization in polydimethylsiloxane,pi_loading,-2,µM,,,,"localized and highly confined material modification [ 23 ]. Typically, polymer formulations for photopolymerization applications comprise a polymerizable component (the monomer) and a photosensitive component (the photoinitiator). Developments in these two-component materials are central to the field of MPP. We have recently shown the fabrication of sub-2 µm waveguides in polydimethylsiloxane (PDMS) through multi-photon DLW without a photoinitiator (PI) [ 24 ]. The PI-free fabrication process using phenylacetylene as the monomer achieved an excellent refractive index contrast of 0.06 and a very low optical loss of 0.03 dB/cm in the 650–700 nm band. While the high refractive index contrast is clearly a result of a high degree of polymerization, the existence of long conjugated π-bonds in the polymer result in very poor transmission in wavelengths shorter than 600 nm. Furthermore, this process was subject to defects in the fabrication of waveguides longer than one cm due to material damage, which is likely a result of the uncontrollable beam collapse caused by the self-focusing of light upon photopolymerization [ 25 ]. In a photoinduced polymerization process, the reaction probability of polymerization is proportional to a power function of the laser intensity depending on the ord",applications comprise a polymerizable component (the monomer) and a photosensitive component (the photoinitiator). Developments in these two-component materials are central to the field of MPP. We have recently shown the fabrication of sub-2 µm waveguides in polydimethylsiloxane (PDMS) through multi-photon DLW without a photoinitiator (PI) [ 24 ]. The PI-free fabrication process using phenylacetylene as the monomer achieved an excellent refractive index contrast of 0.06 and a ver,reported_mM,reported_direct,auto_provisional_accept,machine_high,auto_accept,loading candidate has raw value/unit; normalization basis recorded,CAND-0000313
SUP-AUTO-000314,ZPC-005664,,10.3390/polym12112485,Fabrication of sub-micron polymer waveguides through two-photon polymerization in polydimethylsiloxane,experimental_context,wavelength_nm=700;power_measurement_plane=not_reported;development_protocol=reported;resin_formulation=candidate_in_anchor,context,,,,"localized and highly confined material modification [ 23 ]. Typically, polymer formulations for photopolymerization applications comprise a polymerizable component (the monomer) and a photosensitive component (the photoinitiator). Developments in these two-component materials are central to the field of MPP. We have recently shown the fabrication of sub-2 µm waveguides in polydimethylsiloxane (PDMS) through multi-photon DLW without a photoinitiator (PI) [ 24 ]. The PI-free fabrication process using phenylacetylene as the monomer achieved an excellent refractive index contrast of 0.06 and a very low optical loss of 0.03 dB/cm in the 650–700 nm band. While the high refractive index contrast is clearly a result of a high degree of polymerization, the existence of long conjugated π-bonds in the polymer result in very poor transmission in wavelengths shorter than 600 nm. Furthermore, this process was subject to defects in the fabrication of waveguides longer than one cm due to material damage, which is likely a result of the uncontrollable beam collapse caused by the self-focusing of light upon photopolymerization [ 25 ]. In a photoinduced polymerization process, the reaction probability of polymerization is proportional to a power function of the laser intensity depending on the ord","localized and highly confined material modification [ 23 ]. Typically, polymer formulations for photopolymerization applications comprise a polymerizable component (the monomer) and a photosensitive component (the photoinitiator). Developments in these two-component materials are central to the field of MPP. We have recently shown the fabrication of sub-2 µm waveguides in polydimethylsiloxane (PDMS) through multi-photon DLW without a photoinitiator (PI) [ 24 ]. The PI-free fabrication process using phenylacetylene as the monomer achieved an excellent refractive index contrast of 0.06 and a very low optical loss of 0.03 dB/cm in the 650–700 nm band. While the high refractive index contrast is clearly a result of a high degree of polymerization, the existence of long conjugated π-bonds in the polymer result in very poor transmission in wavelengths shorter than 600 nm. Furthermore, this...",not_applicable,reported_direct,auto_provisional_accept,machine_high,auto_accept,context candidate has wavelength and resin signal; equality across all PIs still needs audit,CAND-0000314
