evidence_id,source_id,zotero_key,doi,title,field_name,raw_value,raw_unit,normalized_value,normalized_unit,page_hint,evidence_anchor,local_context,formulation,wavelength_nm,figure_or_table,data_role,evidence_lane,confidence_class,automatic_status,automatic_use,source_layer,source_record_id,source_text_path,automatic_reason,notes,record_origin,legacy_value_type,legacy_audit_status,legacy_visual_audit_reference,legacy_source_json,evidence_identity_key,duplicate_group_id,duplicate_group_size,duplicate_relation
AUD20260828-0001,zotero_LF43QEJD,LF43QEJD,10.1109/ICOP56156.2022.9911711,The Influence of Photoinitiator Concentration on the Two-Photon Polymerization Threshold of Pentaerythritol Triacrylate (PETIA) Monomer,pi_loading,0.1,phr,0.1,phr,2,TABLE I: PETIA (0.1) / Irgacure 819 (0.1),TABLE I: PETIA (0.1) / Irgacure 819 (0.1),PETIA; Irgacure 819,,,numeric,text_exact,high_manual_visual_qc,legacy_accepted_preserved,legacy_evidence_reference,legacy_audited_text_exact,AUD20260828-0001,outputs/zotero_tpp_literature_pilot_20260828/liteparse_top10/json/03_LF43QEJD.json,Preserved from the previous evidence registry; no machine reinterpretation applied.,Composition checked against the rendered Table I on PDF page 2.; legacy_value_type=pi_loading,legacy_registry,pi_loading,accepted,outputs/zotero_tpp_literature_pilot_20260828/screenshots/LF43QEJD/page_2.png,outputs/zotero_tpp_literature_pilot_20260828/liteparse_top10/json/03_LF43QEJD.json,EIK-a86aec4c05498d6e,DUP-a86aec4c05498d6e,1,unique_record
AUD20260828-0002,zotero_LF43QEJD,LF43QEJD,10.1109/ICOP56156.2022.9911711,The Influence of Photoinitiator Concentration on the Two-Photon Polymerization Threshold of Pentaerythritol Triacrylate (PETIA) Monomer,pi_loading,0.2,phr,0.2,phr,2,TABLE I: PETIA (0.2) / Irgacure 819 (0.2),TABLE I: PETIA (0.2) / Irgacure 819 (0.2),PETIA; Irgacure 819,,,numeric,text_exact,high_manual_visual_qc,legacy_accepted_preserved,legacy_evidence_reference,legacy_audited_text_exact,AUD20260828-0002,outputs/zotero_tpp_literature_pilot_20260828/liteparse_top10/json/03_LF43QEJD.json,Preserved from the previous evidence registry; no machine reinterpretation applied.,Composition checked against the rendered Table I on PDF page 2.; legacy_value_type=pi_loading,legacy_registry,pi_loading,accepted,outputs/zotero_tpp_literature_pilot_20260828/screenshots/LF43QEJD/page_2.png,outputs/zotero_tpp_literature_pilot_20260828/liteparse_top10/json/03_LF43QEJD.json,EIK-e41b39f8671423c6,DUP-e41b39f8671423c6,1,unique_record
AUD20260828-0003,zotero_LF43QEJD,LF43QEJD,10.1109/ICOP56156.2022.9911711,The Influence of Photoinitiator Concentration on the Two-Photon Polymerization Threshold of Pentaerythritol Triacrylate (PETIA) Monomer,pi_loading,0.5,phr,0.5,phr,2,TABLE I: PETIA (0.5) / Irgacure 819 (0.5),TABLE I: PETIA (0.5) / Irgacure 819 (0.5),PETIA; Irgacure 819,,,numeric,text_exact,high_manual_visual_qc,legacy_accepted_preserved,legacy_evidence_reference,legacy_audited_text_exact,AUD20260828-0003,outputs/zotero_tpp_literature_pilot_20260828/liteparse_top10/json/03_LF43QEJD.json,Preserved from the previous evidence registry; no machine reinterpretation applied.,Composition checked against the rendered Table I on PDF page 2.; legacy_value_type=pi_loading,legacy_registry,pi_loading,accepted,outputs/zotero_tpp_literature_pilot_20260828/screenshots/LF43QEJD/page_2.png,outputs/zotero_tpp_literature_pilot_20260828/liteparse_top10/json/03_LF43QEJD.json,EIK-06452c27f69091ac,DUP-06452c27f69091ac,1,unique_record
AUD20260828-0004,zotero_LF43QEJD,LF43QEJD,10.1109/ICOP56156.2022.9911711,The Influence of Photoinitiator Concentration on the Two-Photon Polymerization Threshold of Pentaerythritol Triacrylate (PETIA) Monomer,polymerization_threshold,12,mW,12,mW,2,"The minimum laser power was 12, 7, and 3 mW for PETIA (0.1), PETIA (0.2), and PETIA (0.5), respectively.","The minimum laser power was 12, 7, and 3 mW for PETIA (0.1), PETIA (0.2), and PETIA (0.5), respectively.",PETIA (0.1),,,numeric,text_exact,high_manual_visual_qc,legacy_accepted_preserved,legacy_evidence_reference,legacy_audited_text_exact,AUD20260828-0004,outputs/zotero_tpp_literature_pilot_20260828/liteparse_top10/json/03_LF43QEJD.json,Preserved from the previous evidence registry; no machine reinterpretation applied.,Threshold value manually verified on the rendered PDF page 2.; legacy_value_type=polymerization_threshold_laser_power,legacy_registry,polymerization_threshold_laser_power,accepted,outputs/zotero_tpp_literature_pilot_20260828/screenshots/LF43QEJD/page_2.png,outputs/zotero_tpp_literature_pilot_20260828/liteparse_top10/json/03_LF43QEJD.json,EIK-ec0d2374078ab62e,DUP-ec0d2374078ab62e,1,unique_record
AUD20260828-0005,zotero_LF43QEJD,LF43QEJD,10.1109/ICOP56156.2022.9911711,The Influence of Photoinitiator Concentration on the Two-Photon Polymerization Threshold of Pentaerythritol Triacrylate (PETIA) Monomer,damage_threshold_laser_power,70,mW,70,mW,2,PETIA (0.1) and PETIA (0.2): 70 mW; PETIA (0.5): 110 mW; above these values the photoresists started burning.,PETIA (0.1) and PETIA (0.2): 70 mW; PETIA (0.5): 110 mW; above these values the photoresists started burning.,PETIA (0.1),,,numeric,text_exact,high_manual_visual_qc,legacy_accepted_preserved,legacy_evidence_reference,legacy_audited_text_exact,AUD20260828-0005,outputs/zotero_tpp_literature_pilot_20260828/liteparse_top10/json/03_LF43QEJD.json,Preserved from the previous evidence registry; no machine reinterpretation applied.,Damage threshold manually checked against Figure 1 and the results paragraph.; legacy_value_type=damage_threshold_laser_power,legacy_registry,damage_threshold_laser_power,accepted,outputs/zotero_tpp_literature_pilot_20260828/screenshots/LF43QEJD/page_2.png,outputs/zotero_tpp_literature_pilot_20260828/liteparse_top10/json/03_LF43QEJD.json,EIK-5a18a7531bd2c0a3,DUP-5a18a7531bd2c0a3,1,unique_record
AUD20260828-0006,zotero_LF43QEJD,LF43QEJD,10.1109/ICOP56156.2022.9911711,The Influence of Photoinitiator Concentration on the Two-Photon Polymerization Threshold of Pentaerythritol Triacrylate (PETIA) Monomer,polymerization_threshold,7,mW,7,mW,2,"The minimum laser power was 12, 7, and 3 mW for PETIA (0.1), PETIA (0.2), and PETIA (0.5), respectively.","The minimum laser power was 12, 7, and 3 mW for PETIA (0.1), PETIA (0.2), and PETIA (0.5), respectively.",PETIA (0.2),,,numeric,text_exact,high_manual_visual_qc,legacy_accepted_preserved,legacy_evidence_reference,legacy_audited_text_exact,AUD20260828-0006,outputs/zotero_tpp_literature_pilot_20260828/liteparse_top10/json/03_LF43QEJD.json,Preserved from the previous evidence registry; no machine reinterpretation applied.,Threshold value manually verified on the rendered PDF page 2.; legacy_value_type=polymerization_threshold_laser_power,legacy_registry,polymerization_threshold_laser_power,accepted,outputs/zotero_tpp_literature_pilot_20260828/screenshots/LF43QEJD/page_2.png,outputs/zotero_tpp_literature_pilot_20260828/liteparse_top10/json/03_LF43QEJD.json,EIK-6c1f9f9a2a7cfbfb,DUP-6c1f9f9a2a7cfbfb,1,unique_record
AUD20260828-0007,zotero_LF43QEJD,LF43QEJD,10.1109/ICOP56156.2022.9911711,The Influence of Photoinitiator Concentration on the Two-Photon Polymerization Threshold of Pentaerythritol Triacrylate (PETIA) Monomer,damage_threshold_laser_power,70,mW,70,mW,2,PETIA (0.1) and PETIA (0.2): 70 mW; PETIA (0.5): 110 mW; above these values the photoresists started burning.,PETIA (0.1) and PETIA (0.2): 70 mW; PETIA (0.5): 110 mW; above these values the photoresists started burning.,PETIA (0.2),,,numeric,text_exact,high_manual_visual_qc,legacy_accepted_preserved,legacy_evidence_reference,legacy_audited_text_exact,AUD20260828-0007,outputs/zotero_tpp_literature_pilot_20260828/liteparse_top10/json/03_LF43QEJD.json,Preserved from the previous evidence registry; no machine reinterpretation applied.,Damage threshold manually checked against Figure 1 and the results paragraph.; legacy_value_type=damage_threshold_laser_power,legacy_registry,damage_threshold_laser_power,accepted,outputs/zotero_tpp_literature_pilot_20260828/screenshots/LF43QEJD/page_2.png,outputs/zotero_tpp_literature_pilot_20260828/liteparse_top10/json/03_LF43QEJD.json,EIK-d9b8aa4733403cd1,DUP-d9b8aa4733403cd1,1,unique_record
AUD20260828-0008,zotero_LF43QEJD,LF43QEJD,10.1109/ICOP56156.2022.9911711,The Influence of Photoinitiator Concentration on the Two-Photon Polymerization Threshold of Pentaerythritol Triacrylate (PETIA) Monomer,polymerization_threshold,3,mW,3,mW,2,"The minimum laser power was 12, 7, and 3 mW for PETIA (0.1), PETIA (0.2), and PETIA (0.5), respectively.","The minimum laser power was 12, 7, and 3 mW for PETIA (0.1), PETIA (0.2), and PETIA (0.5), respectively.",PETIA (0.5),,,numeric,text_exact,high_manual_visual_qc,legacy_accepted_preserved,legacy_evidence_reference,legacy_audited_text_exact,AUD20260828-0008,outputs/zotero_tpp_literature_pilot_20260828/liteparse_top10/json/03_LF43QEJD.json,Preserved from the previous evidence registry; no machine reinterpretation applied.,Threshold value manually verified on the rendered PDF page 2.; legacy_value_type=polymerization_threshold_laser_power,legacy_registry,polymerization_threshold_laser_power,accepted,outputs/zotero_tpp_literature_pilot_20260828/screenshots/LF43QEJD/page_2.png,outputs/zotero_tpp_literature_pilot_20260828/liteparse_top10/json/03_LF43QEJD.json,EIK-23ce0f5c6a001fa8,DUP-23ce0f5c6a001fa8,1,unique_record
AUD20260828-0009,zotero_LF43QEJD,LF43QEJD,10.1109/ICOP56156.2022.9911711,The Influence of Photoinitiator Concentration on the Two-Photon Polymerization Threshold of Pentaerythritol Triacrylate (PETIA) Monomer,damage_threshold_laser_power,110,mW,110,mW,2,PETIA (0.1) and PETIA (0.2): 70 mW; PETIA (0.5): 110 mW; above these values the photoresists started burning.,PETIA (0.1) and PETIA (0.2): 70 mW; PETIA (0.5): 110 mW; above these values the photoresists started burning.,PETIA (0.5),,,numeric,text_exact,high_manual_visual_qc,legacy_accepted_preserved,legacy_evidence_reference,legacy_audited_text_exact,AUD20260828-0009,outputs/zotero_tpp_literature_pilot_20260828/liteparse_top10/json/03_LF43QEJD.json,Preserved from the previous evidence registry; no machine reinterpretation applied.,Damage threshold manually checked against Figure 1 and the results paragraph.; legacy_value_type=damage_threshold_laser_power,legacy_registry,damage_threshold_laser_power,accepted,outputs/zotero_tpp_literature_pilot_20260828/screenshots/LF43QEJD/page_2.png,outputs/zotero_tpp_literature_pilot_20260828/liteparse_top10/json/03_LF43QEJD.json,EIK-0524cf92968fb40f,DUP-0524cf92968fb40f,1,unique_record
AUD20260828-0010,zotero_LF43QEJD,LF43QEJD,10.1109/ICOP56156.2022.9911711,The Influence of Photoinitiator Concentration on the Two-Photon Polymerization Threshold of Pentaerythritol Triacrylate (PETIA) Monomer,objective_na,0.4,NA,0.4,NA,2,20× (NA=0.4) objective,20× (NA=0.4) objective,,,,numeric,text_exact,high_manual_visual_qc,legacy_accepted_preserved,legacy_evidence_reference,legacy_audited_text_exact,AUD20260828-0010,outputs/zotero_tpp_literature_pilot_20260828/liteparse_top10/json/03_LF43QEJD.json,Preserved from the previous evidence registry; no machine reinterpretation applied.,legacy_value_type=objective_na,legacy_registry,objective_na,accepted,outputs/zotero_tpp_literature_pilot_20260828/screenshots/LF43QEJD/page_2.png,outputs/zotero_tpp_literature_pilot_20260828/liteparse_top10/json/03_LF43QEJD.json,EIK-1e86cfbba015531c,DUP-1e86cfbba015531c,1,unique_record
AUD20260828-0011,zotero_LF43QEJD,LF43QEJD,10.1109/ICOP56156.2022.9911711,The Influence of Photoinitiator Concentration on the Two-Photon Polymerization Threshold of Pentaerythritol Triacrylate (PETIA) Monomer,hatch_distance,40,µm,40,µm,2,The hatch distance ... was set to 40 µm,The hatch distance ... was set to 40 µm,,,,numeric,text_exact,high_manual_visual_qc,legacy_accepted_preserved,legacy_evidence_reference,legacy_audited_text_exact,AUD20260828-0011,outputs/zotero_tpp_literature_pilot_20260828/liteparse_top10/json/03_LF43QEJD.json,Preserved from the previous evidence registry; no machine reinterpretation applied.,legacy_value_type=hatch_distance,legacy_registry,hatch_distance,accepted,outputs/zotero_tpp_literature_pilot_20260828/screenshots/LF43QEJD/page_2.png,outputs/zotero_tpp_literature_pilot_20260828/liteparse_top10/json/03_LF43QEJD.json,EIK-5fac98e9b919cc49,DUP-5fac98e9b919cc49,1,unique_record
AUD20260828-0012,zotero_LF43QEJD,LF43QEJD,10.1109/ICOP56156.2022.9911711,The Influence of Photoinitiator Concentration on the Two-Photon Polymerization Threshold of Pentaerythritol Triacrylate (PETIA) Monomer,scanning_speed,0.1,mm s−1,0.1,mm s−1,2,scanning speed were set to ... 0.1 mm/s,scanning speed were set to ... 0.1 mm/s,,,,numeric,text_exact,high_manual_visual_qc,legacy_accepted_preserved,legacy_evidence_reference,legacy_audited_text_exact,AUD20260828-0012,outputs/zotero_tpp_literature_pilot_20260828/liteparse_top10/json/03_LF43QEJD.json,Preserved from the previous evidence registry; no machine reinterpretation applied.,legacy_value_type=scanning_speed,legacy_registry,scanning_speed,accepted,outputs/zotero_tpp_literature_pilot_20260828/screenshots/LF43QEJD/page_2.png,outputs/zotero_tpp_literature_pilot_20260828/liteparse_top10/json/03_LF43QEJD.json,EIK-725642d29cf46766,DUP-725642d29cf46766,1,unique_record
AUD20260828-0013,zotero_INAWB8HL,INAWB8HL,10.1115/1.4000097,Process sensitivity analysis and resolution prediction for the two photon polymerization of micro/nano structures,laser_wavelength,800,nm,800,nm,2,The output laser beam has ... a wavelength of 800 nm,The output laser beam has ... a wavelength of 800 nm,SR499 + Lucirin TPO-L,,,numeric,text_exact,high_manual_visual_qc,legacy_accepted_preserved,legacy_evidence_reference,legacy_audited_text_exact,AUD20260828-0013,outputs/zotero_tpp_literature_expansion_20260828/batch_20260828/liteparse/json/01_INAWB8HL.json,Preserved from the previous evidence registry; no machine reinterpretation applied.,legacy_value_type=laser_wavelength,legacy_registry,laser_wavelength,accepted,outputs/zotero_tpp_literature_expansion_20260828/batch_20260828/screenshots/INAWB8HL/page_2.png; outputs/zotero_tpp_literature_expansion_20260828/batch_20260828/screenshots/INAWB8HL/page_3.png; outputs/zotero_tpp_literature_expansion_20260828/batch_20260828/screenshots/INAWB8HL/page_7.png,outputs/zotero_tpp_literature_expansion_20260828/batch_20260828/liteparse/json/01_INAWB8HL.json,EIK-95063acc4974ec85,DUP-95063acc4974ec85,1,unique_record
AUD20260828-0014,zotero_INAWB8HL,INAWB8HL,10.1115/1.4000097,Process sensitivity analysis and resolution prediction for the two photon polymerization of micro/nano structures,pulse_width,150,fs,150,fs,2,pulse width of 150 fs,pulse width of 150 fs,,,,numeric,text_exact,high_manual_visual_qc,legacy_accepted_preserved,legacy_evidence_reference,legacy_audited_text_exact,AUD20260828-0014,outputs/zotero_tpp_literature_expansion_20260828/batch_20260828/liteparse/json/01_INAWB8HL.json,Preserved from the previous evidence registry; no machine reinterpretation applied.,legacy_value_type=pulse_width,legacy_registry,pulse_width,accepted,outputs/zotero_tpp_literature_expansion_20260828/batch_20260828/screenshots/INAWB8HL/page_2.png; outputs/zotero_tpp_literature_expansion_20260828/batch_20260828/screenshots/INAWB8HL/page_3.png; outputs/zotero_tpp_literature_expansion_20260828/batch_20260828/screenshots/INAWB8HL/page_7.png,outputs/zotero_tpp_literature_expansion_20260828/batch_20260828/liteparse/json/01_INAWB8HL.json,EIK-1ed758c6c7f524b1,DUP-1ed758c6c7f524b1,1,unique_record
AUD20260828-0015,zotero_INAWB8HL,INAWB8HL,10.1115/1.4000097,Process sensitivity analysis and resolution prediction for the two photon polymerization of micro/nano structures,pulse_repetition_rate,80,MHz,80,MHz,2,pulse repetition rate of 80 MHz,pulse repetition rate of 80 MHz,,,,numeric,text_exact,high_manual_visual_qc,legacy_accepted_preserved,legacy_evidence_reference,legacy_audited_text_exact,AUD20260828-0015,outputs/zotero_tpp_literature_expansion_20260828/batch_20260828/liteparse/json/01_INAWB8HL.json,Preserved from the previous evidence registry; no machine reinterpretation applied.,legacy_value_type=pulse_repetition_rate,legacy_registry,pulse_repetition_rate,accepted,outputs/zotero_tpp_literature_expansion_20260828/batch_20260828/screenshots/INAWB8HL/page_2.png; outputs/zotero_tpp_literature_expansion_20260828/batch_20260828/screenshots/INAWB8HL/page_3.png; outputs/zotero_tpp_literature_expansion_20260828/batch_20260828/screenshots/INAWB8HL/page_7.png,outputs/zotero_tpp_literature_expansion_20260828/batch_20260828/liteparse/json/01_INAWB8HL.json,EIK-1650f61ff5d5fb41,DUP-1650f61ff5d5fb41,1,unique_record
AUD20260828-0016,zotero_INAWB8HL,INAWB8HL,10.1115/1.4000097,Process sensitivity analysis and resolution prediction for the two photon polymerization of micro/nano structures,objective_na,0.4,NA,0.4,NA,2,A 0.4 NA (20X) microscope objective was used for all experiments,A 0.4 NA (20X) microscope objective was used for all experiments,,,,numeric,text_exact,high_manual_visual_qc,legacy_accepted_preserved,legacy_evidence_reference,legacy_audited_text_exact,AUD20260828-0016,outputs/zotero_tpp_literature_expansion_20260828/batch_20260828/liteparse/json/01_INAWB8HL.json,Preserved from the previous evidence registry; no machine reinterpretation applied.,legacy_value_type=objective_na,legacy_registry,objective_na,accepted,outputs/zotero_tpp_literature_expansion_20260828/batch_20260828/screenshots/INAWB8HL/page_2.png; outputs/zotero_tpp_literature_expansion_20260828/batch_20260828/screenshots/INAWB8HL/page_3.png; outputs/zotero_tpp_literature_expansion_20260828/batch_20260828/screenshots/INAWB8HL/page_7.png,outputs/zotero_tpp_literature_expansion_20260828/batch_20260828/liteparse/json/01_INAWB8HL.json,EIK-1e475d2a206b4ebd,DUP-1e475d2a206b4ebd,1,unique_record
AUD20260828-0017,zotero_INAWB8HL,INAWB8HL,10.1115/1.4000097,Process sensitivity analysis and resolution prediction for the two photon polymerization of micro/nano structures,pi_loading,"2.56, 3.78, 4.98",wt %,,,2,"three different photoinitiator concentrations by weight (2.56%, 3.78%, and 4.98%)","three different photoinitiator concentrations by weight (2.56%, 3.78%, and 4.98%)",SR499 + Lucirin TPO-L,,,context,text_exact,high_manual_visual_qc,legacy_accepted_preserved,legacy_evidence_reference,legacy_audited_text_exact,AUD20260828-0017,outputs/zotero_tpp_literature_expansion_20260828/batch_20260828/liteparse/json/01_INAWB8HL.json,Preserved from the previous evidence registry; no machine reinterpretation applied.,Reported factor levels; retained as a list rather than a single concentration.; legacy_value_type=pi_loading,legacy_registry,pi_loading,accepted,outputs/zotero_tpp_literature_expansion_20260828/batch_20260828/screenshots/INAWB8HL/page_2.png; outputs/zotero_tpp_literature_expansion_20260828/batch_20260828/screenshots/INAWB8HL/page_3.png; outputs/zotero_tpp_literature_expansion_20260828/batch_20260828/screenshots/INAWB8HL/page_7.png,outputs/zotero_tpp_literature_expansion_20260828/batch_20260828/liteparse/json/01_INAWB8HL.json,EIK-a098e86313190418,DUP-a098e86313190418,1,unique_record
AUD20260828-0018,zotero_INAWB8HL,INAWB8HL,10.1115/1.4000097,Process sensitivity analysis and resolution prediction for the two photon polymerization of micro/nano structures,laser_power_test_levels,"12.5, 16, 20, 25, 35, 50",mW,,,2,"six levels of applied power (12.5 mW, 16 mW, 20 mW, 25 mW, 35 mW, and 50 mW)","six levels of applied power (12.5 mW, 16 mW, 20 mW, 25 mW, 35 mW, and 50 mW)",,,,context,text_exact,high_manual_visual_qc,legacy_accepted_preserved,legacy_evidence_reference,legacy_audited_text_exact,AUD20260828-0018,outputs/zotero_tpp_literature_expansion_20260828/batch_20260828/liteparse/json/01_INAWB8HL.json,Preserved from the previous evidence registry; no machine reinterpretation applied.,Experimental factor levels.; legacy_value_type=laser_power_test_levels,legacy_registry,laser_power_test_levels,accepted,outputs/zotero_tpp_literature_expansion_20260828/batch_20260828/screenshots/INAWB8HL/page_2.png; outputs/zotero_tpp_literature_expansion_20260828/batch_20260828/screenshots/INAWB8HL/page_3.png; outputs/zotero_tpp_literature_expansion_20260828/batch_20260828/screenshots/INAWB8HL/page_7.png,outputs/zotero_tpp_literature_expansion_20260828/batch_20260828/liteparse/json/01_INAWB8HL.json,EIK-9240a0bba575ff56,DUP-9240a0bba575ff56,1,unique_record
AUD20260828-0019,zotero_INAWB8HL,INAWB8HL,10.1115/1.4000097,Process sensitivity analysis and resolution prediction for the two photon polymerization of micro/nano structures,scanning_speed_test_levels,"1, 3, 5",mm min−1,,,2,"three levels of speed (1 mm/min, 3 mm/min, and 5 mm/min)","three levels of speed (1 mm/min, 3 mm/min, and 5 mm/min)",,,,context,text_exact,high_manual_visual_qc,legacy_accepted_preserved,legacy_evidence_reference,legacy_audited_text_exact,AUD20260828-0019,outputs/zotero_tpp_literature_expansion_20260828/batch_20260828/liteparse/json/01_INAWB8HL.json,Preserved from the previous evidence registry; no machine reinterpretation applied.,Experimental factor levels.; legacy_value_type=scanning_speed_test_levels,legacy_registry,scanning_speed_test_levels,accepted,outputs/zotero_tpp_literature_expansion_20260828/batch_20260828/screenshots/INAWB8HL/page_2.png; outputs/zotero_tpp_literature_expansion_20260828/batch_20260828/screenshots/INAWB8HL/page_3.png; outputs/zotero_tpp_literature_expansion_20260828/batch_20260828/screenshots/INAWB8HL/page_7.png,outputs/zotero_tpp_literature_expansion_20260828/batch_20260828/liteparse/json/01_INAWB8HL.json,EIK-5bad0e738329976e,DUP-5bad0e738329976e,1,unique_record
AUD20260828-0020,zotero_INAWB8HL,INAWB8HL,10.1115/1.4000097,Process sensitivity analysis and resolution prediction for the two photon polymerization of micro/nano structures,fabrication_condition,3.78 wt % PI; 50 mW; 3 mm min−1,,,,2,"pattern fabricated with 3.78% photoinitiator concentration, 50 mW laser power, and 3 mm/min speed","pattern fabricated with 3.78% photoinitiator concentration, 50 mW laser power, and 3 mm/min speed",SR499 + Lucirin TPO-L,,Figure 2,context,text_exact,high_manual_visual_qc,legacy_accepted_preserved,legacy_evidence_reference,legacy_audited_text_exact,AUD20260828-0020,outputs/zotero_tpp_literature_expansion_20260828/batch_20260828/liteparse/json/01_INAWB8HL.json,Preserved from the previous evidence registry; no machine reinterpretation applied.,legacy_value_type=fabrication_condition,legacy_registry,fabrication_condition,accepted,outputs/zotero_tpp_literature_expansion_20260828/batch_20260828/screenshots/INAWB8HL/page_2.png; outputs/zotero_tpp_literature_expansion_20260828/batch_20260828/screenshots/INAWB8HL/page_3.png; outputs/zotero_tpp_literature_expansion_20260828/batch_20260828/screenshots/INAWB8HL/page_7.png,outputs/zotero_tpp_literature_expansion_20260828/batch_20260828/liteparse/json/01_INAWB8HL.json,EIK-5688b64ab64c3439,DUP-5688b64ab64c3439,1,unique_record
AUD20260828-0021,zotero_INAWB8HL,INAWB8HL,10.1115/1.4000097,Process sensitivity analysis and resolution prediction for the two photon polymerization of micro/nano structures,width_experimental,2.80,µm,2.80,µm,7,"Table 4: width experimental = 2.80 µm; concentration 3.78 wt %, speed 2.0 mm/min, power 17.0 mW","Table 4: width experimental = 2.80 µm; concentration 3.78 wt %, speed 2.0 mm/min, power 17.0 mW",PI 3.78 wt %; 2.0 mm min−1; 17.0 mW,,Table 4,numeric,text_exact,high_manual_visual_qc,legacy_accepted_preserved,legacy_evidence_reference,legacy_audited_text_exact,AUD20260828-0021,outputs/zotero_tpp_literature_expansion_20260828/batch_20260828/liteparse/json/01_INAWB8HL.json,Preserved from the previous evidence registry; no machine reinterpretation applied.,Estimated comparator in the same row: 2.72 µm; directly read from rendered Table 4.; legacy_value_type=width_experimental,legacy_registry,width_experimental,accepted,outputs/zotero_tpp_literature_expansion_20260828/batch_20260828/screenshots/INAWB8HL/page_2.png; outputs/zotero_tpp_literature_expansion_20260828/batch_20260828/screenshots/INAWB8HL/page_3.png; outputs/zotero_tpp_literature_expansion_20260828/batch_20260828/screenshots/INAWB8HL/page_7.png,outputs/zotero_tpp_literature_expansion_20260828/batch_20260828/liteparse/json/01_INAWB8HL.json,EIK-81368ca4102c4658,DUP-81368ca4102c4658,1,unique_record
AUD20260828-0022,zotero_INAWB8HL,INAWB8HL,10.1115/1.4000097,Process sensitivity analysis and resolution prediction for the two photon polymerization of micro/nano structures,width_experimental,1.95,µm,1.95,µm,7,"Table 4: width experimental = 1.95 µm; concentration 2.56 wt %, speed 2.5 mm/min, power 15.0 mW","Table 4: width experimental = 1.95 µm; concentration 2.56 wt %, speed 2.5 mm/min, power 15.0 mW",PI 2.56 wt %; 2.5 mm min−1; 15.0 mW,,Table 4,numeric,text_exact,high_manual_visual_qc,legacy_accepted_preserved,legacy_evidence_reference,legacy_audited_text_exact,AUD20260828-0022,outputs/zotero_tpp_literature_expansion_20260828/batch_20260828/liteparse/json/01_INAWB8HL.json,Preserved from the previous evidence registry; no machine reinterpretation applied.,Estimated comparator in the same row: 1.92 µm; directly read from rendered Table 4.; legacy_value_type=width_experimental,legacy_registry,width_experimental,accepted,outputs/zotero_tpp_literature_expansion_20260828/batch_20260828/screenshots/INAWB8HL/page_2.png; outputs/zotero_tpp_literature_expansion_20260828/batch_20260828/screenshots/INAWB8HL/page_3.png; outputs/zotero_tpp_literature_expansion_20260828/batch_20260828/screenshots/INAWB8HL/page_7.png,outputs/zotero_tpp_literature_expansion_20260828/batch_20260828/liteparse/json/01_INAWB8HL.json,EIK-8750923623976f4b,DUP-8750923623976f4b,1,unique_record
AUD20260828-0023,zotero_INAWB8HL,INAWB8HL,10.1115/1.4000097,Process sensitivity analysis and resolution prediction for the two photon polymerization of micro/nano structures,width_experimental,1.75,µm,1.75,µm,7,"Table 4: width experimental = 1.75 µm; concentration 2.56 wt %, speed 3.0 mm/min, power 13.5 mW","Table 4: width experimental = 1.75 µm; concentration 2.56 wt %, speed 3.0 mm/min, power 13.5 mW",PI 2.56 wt %; 3.0 mm min−1; 13.5 mW,,Table 4,numeric,text_exact,high_manual_visual_qc,legacy_accepted_preserved,legacy_evidence_reference,legacy_audited_text_exact,AUD20260828-0023,outputs/zotero_tpp_literature_expansion_20260828/batch_20260828/liteparse/json/01_INAWB8HL.json,Preserved from the previous evidence registry; no machine reinterpretation applied.,Estimated comparator in the same row: 1.66 µm; directly read from rendered Table 4.; legacy_value_type=width_experimental,legacy_registry,width_experimental,accepted,outputs/zotero_tpp_literature_expansion_20260828/batch_20260828/screenshots/INAWB8HL/page_2.png; outputs/zotero_tpp_literature_expansion_20260828/batch_20260828/screenshots/INAWB8HL/page_3.png; outputs/zotero_tpp_literature_expansion_20260828/batch_20260828/screenshots/INAWB8HL/page_7.png,outputs/zotero_tpp_literature_expansion_20260828/batch_20260828/liteparse/json/01_INAWB8HL.json,EIK-02b906f9d35883b3,DUP-02b906f9d35883b3,1,unique_record
AUD20260828-0024,zotero_INAWB8HL,INAWB8HL,10.1115/1.4000097,Process sensitivity analysis and resolution prediction for the two photon polymerization of micro/nano structures,width_experimental,2.85,µm,2.85,µm,7,"Table 4: width experimental = 2.85 µm; concentration 3.78 wt %, speed 4.0 mm/min, power 22.0 mW","Table 4: width experimental = 2.85 µm; concentration 3.78 wt %, speed 4.0 mm/min, power 22.0 mW",PI 3.78 wt %; 4.0 mm min−1; 22.0 mW,,Table 4,numeric,text_exact,high_manual_visual_qc,legacy_accepted_preserved,legacy_evidence_reference,legacy_audited_text_exact,AUD20260828-0024,outputs/zotero_tpp_literature_expansion_20260828/batch_20260828/liteparse/json/01_INAWB8HL.json,Preserved from the previous evidence registry; no machine reinterpretation applied.,Estimated comparator in the same row: 2.97 µm; directly read from rendered Table 4.; legacy_value_type=width_experimental,legacy_registry,width_experimental,accepted,outputs/zotero_tpp_literature_expansion_20260828/batch_20260828/screenshots/INAWB8HL/page_2.png; outputs/zotero_tpp_literature_expansion_20260828/batch_20260828/screenshots/INAWB8HL/page_3.png; outputs/zotero_tpp_literature_expansion_20260828/batch_20260828/screenshots/INAWB8HL/page_7.png,outputs/zotero_tpp_literature_expansion_20260828/batch_20260828/liteparse/json/01_INAWB8HL.json,EIK-d48db566ee9604a5,DUP-d48db566ee9604a5,1,unique_record
AUD20260828-0025,zotero_INAWB8HL,INAWB8HL,10.1115/1.4000097,Process sensitivity analysis and resolution prediction for the two photon polymerization of micro/nano structures,height_experimental,75.60,µm,75.60,µm,7,"Table 4: height experimental = 75.60 µm; concentration 3.78 wt %, speed 2.0 mm/min, power 17.0 mW","Table 4: height experimental = 75.60 µm; concentration 3.78 wt %, speed 2.0 mm/min, power 17.0 mW",PI 3.78 wt %; 2.0 mm min−1; 17.0 mW,,Table 4,numeric,text_exact,high_manual_visual_qc,legacy_accepted_preserved,legacy_evidence_reference,legacy_audited_text_exact,AUD20260828-0025,outputs/zotero_tpp_literature_expansion_20260828/batch_20260828/liteparse/json/01_INAWB8HL.json,Preserved from the previous evidence registry; no machine reinterpretation applied.,Estimated comparator in the same row: 76.62 µm; directly read from rendered Table 4.; legacy_value_type=height_experimental,legacy_registry,height_experimental,accepted,outputs/zotero_tpp_literature_expansion_20260828/batch_20260828/screenshots/INAWB8HL/page_2.png; outputs/zotero_tpp_literature_expansion_20260828/batch_20260828/screenshots/INAWB8HL/page_3.png; outputs/zotero_tpp_literature_expansion_20260828/batch_20260828/screenshots/INAWB8HL/page_7.png,outputs/zotero_tpp_literature_expansion_20260828/batch_20260828/liteparse/json/01_INAWB8HL.json,EIK-ce1fbd1aa225960d,DUP-ce1fbd1aa225960d,1,unique_record
AUD20260828-0026,zotero_INAWB8HL,INAWB8HL,10.1115/1.4000097,Process sensitivity analysis and resolution prediction for the two photon polymerization of micro/nano structures,height_experimental,40.60,µm,40.60,µm,7,"Table 4: height experimental = 40.60 µm; concentration 2.56 wt %, speed 2.5 mm/min, power 15.0 mW","Table 4: height experimental = 40.60 µm; concentration 2.56 wt %, speed 2.5 mm/min, power 15.0 mW",PI 2.56 wt %; 2.5 mm min−1; 15.0 mW,,Table 4,numeric,text_exact,high_manual_visual_qc,legacy_accepted_preserved,legacy_evidence_reference,legacy_audited_text_exact,AUD20260828-0026,outputs/zotero_tpp_literature_expansion_20260828/batch_20260828/liteparse/json/01_INAWB8HL.json,Preserved from the previous evidence registry; no machine reinterpretation applied.,Estimated comparator in the same row: 42.37 µm; directly read from rendered Table 4.; legacy_value_type=height_experimental,legacy_registry,height_experimental,accepted,outputs/zotero_tpp_literature_expansion_20260828/batch_20260828/screenshots/INAWB8HL/page_2.png; outputs/zotero_tpp_literature_expansion_20260828/batch_20260828/screenshots/INAWB8HL/page_3.png; outputs/zotero_tpp_literature_expansion_20260828/batch_20260828/screenshots/INAWB8HL/page_7.png,outputs/zotero_tpp_literature_expansion_20260828/batch_20260828/liteparse/json/01_INAWB8HL.json,EIK-203fb4ca4e86f94f,DUP-203fb4ca4e86f94f,1,unique_record
AUD20260828-0027,zotero_INAWB8HL,INAWB8HL,10.1115/1.4000097,Process sensitivity analysis and resolution prediction for the two photon polymerization of micro/nano structures,height_experimental,36.33,µm,36.33,µm,7,"Table 4: height experimental = 36.33 µm; concentration 2.56 wt %, speed 3.0 mm/min, power 13.5 mW","Table 4: height experimental = 36.33 µm; concentration 2.56 wt %, speed 3.0 mm/min, power 13.5 mW",PI 2.56 wt %; 3.0 mm min−1; 13.5 mW,,Table 4,numeric,text_exact,high_manual_visual_qc,legacy_accepted_preserved,legacy_evidence_reference,legacy_audited_text_exact,AUD20260828-0027,outputs/zotero_tpp_literature_expansion_20260828/batch_20260828/liteparse/json/01_INAWB8HL.json,Preserved from the previous evidence registry; no machine reinterpretation applied.,Estimated comparator in the same row: 35.33 µm; directly read from rendered Table 4.; legacy_value_type=height_experimental,legacy_registry,height_experimental,accepted,outputs/zotero_tpp_literature_expansion_20260828/batch_20260828/screenshots/INAWB8HL/page_2.png; outputs/zotero_tpp_literature_expansion_20260828/batch_20260828/screenshots/INAWB8HL/page_3.png; outputs/zotero_tpp_literature_expansion_20260828/batch_20260828/screenshots/INAWB8HL/page_7.png,outputs/zotero_tpp_literature_expansion_20260828/batch_20260828/liteparse/json/01_INAWB8HL.json,EIK-8abfd9387cf572b1,DUP-8abfd9387cf572b1,1,unique_record
AUD20260828-0028,zotero_INAWB8HL,INAWB8HL,10.1115/1.4000097,Process sensitivity analysis and resolution prediction for the two photon polymerization of micro/nano structures,height_experimental,103.00,µm,103.00,µm,7,"Table 4: height experimental = 103.00 µm; concentration 3.78 wt %, speed 4.0 mm/min, power 22.0 mW","Table 4: height experimental = 103.00 µm; concentration 3.78 wt %, speed 4.0 mm/min, power 22.0 mW",PI 3.78 wt %; 4.0 mm min−1; 22.0 mW,,Table 4,numeric,text_exact,high_manual_visual_qc,legacy_accepted_preserved,legacy_evidence_reference,legacy_audited_text_exact,AUD20260828-0028,outputs/zotero_tpp_literature_expansion_20260828/batch_20260828/liteparse/json/01_INAWB8HL.json,Preserved from the previous evidence registry; no machine reinterpretation applied.,Estimated comparator in the same row: 105.60 µm; directly read from rendered Table 4.; legacy_value_type=height_experimental,legacy_registry,height_experimental,accepted,outputs/zotero_tpp_literature_expansion_20260828/batch_20260828/screenshots/INAWB8HL/page_2.png; outputs/zotero_tpp_literature_expansion_20260828/batch_20260828/screenshots/INAWB8HL/page_3.png; outputs/zotero_tpp_literature_expansion_20260828/batch_20260828/screenshots/INAWB8HL/page_7.png,outputs/zotero_tpp_literature_expansion_20260828/batch_20260828/liteparse/json/01_INAWB8HL.json,EIK-b081da53c9a9fcd8,DUP-b081da53c9a9fcd8,1,unique_record
AUD20260828-0029,zotero_IYEGSI2X,IYEGSI2X,10.1016/j.apsusc.2007.08.011,Functional polymers by two-photon 3D lithography,pi_loading,0.025,wt %,0.025,wt %,1,a resin mixture containing only 0.025 wt% of photoinitiator was practical,a resin mixture containing only 0.025 wt% of photoinitiator was practical,acrylate resin mixture,,,numeric,text_exact,high_manual_visual_qc,legacy_accepted_preserved,legacy_evidence_reference,legacy_audited_text_exact,AUD20260828-0029,outputs/zotero_tpp_literature_expansion_20260828/batch_20260828/liteparse/json/05_IYEGSI2X.json,Preserved from the previous evidence registry; no machine reinterpretation applied.,legacy_value_type=pi_loading,legacy_registry,pi_loading,accepted,outputs/zotero_tpp_literature_expansion_20260828/batch_20260828/screenshots/IYEGSI2X/page_1.png,outputs/zotero_tpp_literature_expansion_20260828/batch_20260828/liteparse/json/05_IYEGSI2X.json,EIK-a1f27731fa3dde83,DUP-a1f27731fa3dde83,1,unique_record
AUD20260828-0030,zotero_IYEGSI2X,IYEGSI2X,10.1016/j.apsusc.2007.08.011,Functional polymers by two-photon 3D lithography,feature_resolution_scale,300,nm,300,nm,1,Feature resolutions in the range of 300 nm were achieved,Feature resolutions in the range of 300 nm were achieved,,,,claim_only,text_exact,high_manual_visual_qc,legacy_accepted_preserved,legacy_evidence_reference,legacy_audited_text_exact,AUD20260828-0030,outputs/zotero_tpp_literature_expansion_20260828/batch_20260828/liteparse/json/05_IYEGSI2X.json,Preserved from the previous evidence registry; no machine reinterpretation applied.,"Reported range scale, not a single minimum feature size.; legacy_value_type=feature_resolution_scale",legacy_registry,feature_resolution_scale,accepted,outputs/zotero_tpp_literature_expansion_20260828/batch_20260828/screenshots/IYEGSI2X/page_1.png,outputs/zotero_tpp_literature_expansion_20260828/batch_20260828/liteparse/json/05_IYEGSI2X.json,EIK-ee6f23da796159df,DUP-ee6f23da796159df,1,unique_record
AUD20260828-0031,zotero_IYEGSI2X,IYEGSI2X,10.1016/j.apsusc.2007.08.011,Functional polymers by two-photon 3D lithography,pi_loading_relative_claim,factor of 100 lower,relative to traditional one-photon lithography,100,fold_lower,1,The required initiator content was therefore a factor of 100 lower than in traditional one-photon lithography,The required initiator content was therefore a factor of 100 lower than in traditional one-photon lithography,,,,claim_only,text_exact,high_manual_visual_qc,legacy_accepted_preserved,legacy_evidence_reference,legacy_audited_text_exact,AUD20260828-0031,outputs/zotero_tpp_literature_expansion_20260828/batch_20260828/liteparse/json/05_IYEGSI2X.json,Preserved from the previous evidence registry; no machine reinterpretation applied.,legacy_value_type=pi_loading_relative_claim,legacy_registry,pi_loading_relative_claim,accepted,outputs/zotero_tpp_literature_expansion_20260828/batch_20260828/screenshots/IYEGSI2X/page_1.png,outputs/zotero_tpp_literature_expansion_20260828/batch_20260828/liteparse/json/05_IYEGSI2X.json,EIK-17c549a42623dbe1,DUP-17c549a42623dbe1,1,unique_record
AUD20260828-0032,zotero_IYEGSI2X,IYEGSI2X,10.1016/j.apsusc.2007.08.011,Functional polymers by two-photon 3D lithography,processing_wavelength_range,750–850,nm,750–850,nm,1,photopolymerization at processing wavelength ... λ = 750–850 nm,photopolymerization at processing wavelength ... λ = 750–850 nm,,,,context,text_exact,high_manual_visual_qc,legacy_accepted_preserved,legacy_evidence_reference,legacy_audited_text_exact,AUD20260828-0032,outputs/zotero_tpp_literature_expansion_20260828/batch_20260828/liteparse/json/05_IYEGSI2X.json,Preserved from the previous evidence registry; no machine reinterpretation applied.,legacy_value_type=processing_wavelength_range,legacy_registry,processing_wavelength_range,accepted,outputs/zotero_tpp_literature_expansion_20260828/batch_20260828/screenshots/IYEGSI2X/page_1.png,outputs/zotero_tpp_literature_expansion_20260828/batch_20260828/liteparse/json/05_IYEGSI2X.json,EIK-3c94b43548d8547c,DUP-3c94b43548d8547c,1,unique_record
AUD20260828-0033,zotero_IYEGSI2X,IYEGSI2X,10.1016/j.apsusc.2007.08.011,Functional polymers by two-photon 3D lithography,refractive_index_change,0.01,Δn,0.01,Δn,1,Refractive index changes in the range of Δn = 0.01,Refractive index changes in the range of Δn = 0.01,,,,numeric,text_exact,high_manual_visual_qc,legacy_accepted_preserved,legacy_evidence_reference,legacy_audited_text_exact,AUD20260828-0033,outputs/zotero_tpp_literature_expansion_20260828/batch_20260828/liteparse/json/05_IYEGSI2X.json,Preserved from the previous evidence registry; no machine reinterpretation applied.,legacy_value_type=refractive_index_change,legacy_registry,refractive_index_change,accepted,outputs/zotero_tpp_literature_expansion_20260828/batch_20260828/screenshots/IYEGSI2X/page_1.png,outputs/zotero_tpp_literature_expansion_20260828/batch_20260828/liteparse/json/05_IYEGSI2X.json,EIK-0babc8ea89f1ad29,DUP-0babc8ea89f1ad29,1,unique_record
AUD20260828-0034,zotero_B6CWSYVW,B6CWSYVW,10.1364/OL.27.001348,Three-dimensional microfabrication by two-photon-initiated polymerization with a low-cost microlaser,threshold_exposure,95,J cm−2,95,J cm−2,3,The threshold exposure for polymerization of our resin was determined to be 95 J/cm²,The threshold exposure for polymerization of our resin was determined to be 95 J/cm²,,,,numeric,text_exact,high_manual_visual_qc,legacy_accepted_preserved,legacy_evidence_reference,legacy_audited_text_exact,AUD20260828-0034,outputs/zotero_tpp_literature_expansion_20260828/batch_20260828/liteparse/json/07_B6CWSYVW.json,Preserved from the previous evidence registry; no machine reinterpretation applied.,legacy_value_type=threshold_exposure,legacy_registry,threshold_exposure,accepted,outputs/zotero_tpp_literature_expansion_20260828/batch_20260828/screenshots/B6CWSYVW/page_3.png,outputs/zotero_tpp_literature_expansion_20260828/batch_20260828/liteparse/json/07_B6CWSYVW.json,EIK-724a9a1cadabd004,DUP-724a9a1cadabd004,1,unique_record
AUD20260828-0035,zotero_B6CWSYVW,B6CWSYVW,10.1364/OL.27.001348,Three-dimensional microfabrication by two-photon-initiated polymerization with a low-cost microlaser,minimum_exposure_time,4,ms,4,ms,3,corresponding to a minimum exposure time of 4 ms,corresponding to a minimum exposure time of 4 ms,,,,numeric,text_exact,high_manual_visual_qc,legacy_accepted_preserved,legacy_evidence_reference,legacy_audited_text_exact,AUD20260828-0035,outputs/zotero_tpp_literature_expansion_20260828/batch_20260828/liteparse/json/07_B6CWSYVW.json,Preserved from the previous evidence registry; no machine reinterpretation applied.,legacy_value_type=minimum_exposure_time,legacy_registry,minimum_exposure_time,accepted,outputs/zotero_tpp_literature_expansion_20260828/batch_20260828/screenshots/B6CWSYVW/page_3.png,outputs/zotero_tpp_literature_expansion_20260828/batch_20260828/liteparse/json/07_B6CWSYVW.json,EIK-e2bc3ec86c533c95,DUP-e2bc3ec86c533c95,1,unique_record
AUD20260828-0036,zotero_B6CWSYVW,B6CWSYVW,10.1364/OL.27.001348,Three-dimensional microfabrication by two-photon-initiated polymerization with a low-cost microlaser,focal_spot_radial_size,~0.2,µm,~0.2,µm,3,a focal spot of ~0.2-µm radial size,a focal spot of ~0.2-µm radial size,,,,numeric,text_exact,high_manual_visual_qc,legacy_accepted_preserved,legacy_evidence_reference,legacy_audited_text_exact,AUD20260828-0036,outputs/zotero_tpp_literature_expansion_20260828/batch_20260828/liteparse/json/07_B6CWSYVW.json,Preserved from the previous evidence registry; no machine reinterpretation applied.,Approximate value as reported.; legacy_value_type=focal_spot_radial_size,legacy_registry,focal_spot_radial_size,accepted,outputs/zotero_tpp_literature_expansion_20260828/batch_20260828/screenshots/B6CWSYVW/page_3.png,outputs/zotero_tpp_literature_expansion_20260828/batch_20260828/liteparse/json/07_B6CWSYVW.json,EIK-bd81ac42da079c8f,DUP-bd81ac42da079c8f,1,unique_record
AUD20260828-0037,zotero_B6CWSYVW,B6CWSYVW,10.1364/OL.27.001348,Three-dimensional microfabrication by two-photon-initiated polymerization with a low-cost microlaser,average_laser_power,~3,µW,~3,µW,3,with an average power of ~3 µW to form,with an average power of ~3 µW to form,,,,numeric,text_exact,high_manual_visual_qc,legacy_accepted_preserved,legacy_evidence_reference,legacy_audited_text_exact,AUD20260828-0037,outputs/zotero_tpp_literature_expansion_20260828/batch_20260828/liteparse/json/07_B6CWSYVW.json,Preserved from the previous evidence registry; no machine reinterpretation applied.,Approximate value as reported.; legacy_value_type=average_laser_power,legacy_registry,average_laser_power,accepted,outputs/zotero_tpp_literature_expansion_20260828/batch_20260828/screenshots/B6CWSYVW/page_3.png,outputs/zotero_tpp_literature_expansion_20260828/batch_20260828/liteparse/json/07_B6CWSYVW.json,EIK-1120abb7e6ff9627,DUP-1120abb7e6ff9627,1,unique_record
AUD20260828-0038,zotero_B6CWSYVW,B6CWSYVW,10.1364/OL.27.001348,Three-dimensional microfabrication by two-photon-initiated polymerization with a low-cost microlaser,point_spacing,200,nm,200,nm,3,The distance between adjacent points was 200 nm,The distance between adjacent points was 200 nm,,,,numeric,text_exact,high_manual_visual_qc,legacy_accepted_preserved,legacy_evidence_reference,legacy_audited_text_exact,AUD20260828-0038,outputs/zotero_tpp_literature_expansion_20260828/batch_20260828/liteparse/json/07_B6CWSYVW.json,Preserved from the previous evidence registry; no machine reinterpretation applied.,legacy_value_type=point_spacing,legacy_registry,point_spacing,accepted,outputs/zotero_tpp_literature_expansion_20260828/batch_20260828/screenshots/B6CWSYVW/page_3.png,outputs/zotero_tpp_literature_expansion_20260828/batch_20260828/liteparse/json/07_B6CWSYVW.json,EIK-1dd159c2c04f9ee7,DUP-1dd159c2c04f9ee7,1,unique_record
AUD20260828-0039,zotero_B6CWSYVW,B6CWSYVW,10.1364/OL.27.001348,Three-dimensional microfabrication by two-photon-initiated polymerization with a low-cost microlaser,feature_size_minimum,160,nm,160,nm,3,features as small as 160 nm could be depicted,features as small as 160 nm could be depicted,,,,numeric,text_exact,high_manual_visual_qc,legacy_accepted_preserved,legacy_evidence_reference,legacy_audited_text_exact,AUD20260828-0039,outputs/zotero_tpp_literature_expansion_20260828/batch_20260828/liteparse/json/07_B6CWSYVW.json,Preserved from the previous evidence registry; no machine reinterpretation applied.,Minimum demonstrated feature size claim.; legacy_value_type=feature_size_minimum,legacy_registry,feature_size_minimum,accepted,outputs/zotero_tpp_literature_expansion_20260828/batch_20260828/screenshots/B6CWSYVW/page_3.png,outputs/zotero_tpp_literature_expansion_20260828/batch_20260828/liteparse/json/07_B6CWSYVW.json,EIK-987ad32cdd99e3cf,DUP-987ad32cdd99e3cf,1,unique_record
AUD20260828-0040,zotero_PJQEIM6F,PJQEIM6F,10.1021/acsapm.4c00932,Heteroatom/Heterocycle-Substituted Ketone Dyes as Efficient Photoinitiators in Visible Light-Emitting Diode/Near Infrared Light Photopolymerization with Enhanced Two-Photon Lithography Capability,sigma_2pa,425,GM,425,GM,7,TPA cross-section of CCK-Th (δ780 nm = 425 GM),TPA cross-section of CCK-Th (δ780 nm = 425 GM),CCK-Th in PETA,780,,numeric,text_exact,high_manual_visual_qc,legacy_accepted_preserved,legacy_evidence_reference,legacy_audited_text_exact,AUD20260828-0040,outputs/zotero_tpp_literature_pilot_20260828/liteparse_top10/json/01_PJQEIM6F.json,Preserved from the previous evidence registry; no machine reinterpretation applied.,Explicit text value; not inferred from the curve.; legacy_value_type=sigma_2pa,legacy_registry,sigma_2pa,accepted,outputs/zotero_tpp_literature_pilot_20260828/screenshots/PJQEIM6F/page_7.png,outputs/zotero_tpp_literature_pilot_20260828/liteparse_top10/json/01_PJQEIM6F.json,EIK-80c2dbe580c6bf63,DUP-80c2dbe580c6bf63,1,unique_record
AUD20260828-0041,zotero_PJQEIM6F,PJQEIM6F,10.1021/acsapm.4c00932,Heteroatom/Heterocycle-Substituted Ketone Dyes as Efficient Photoinitiators in Visible Light-Emitting Diode/Near Infrared Light Photopolymerization with Enhanced Two-Photon Lithography Capability,sigma_2pa,343,GM,343,GM,7,TPA cross-section of CCK-Ben (δ780 nm = 343 GM),TPA cross-section of CCK-Ben (δ780 nm = 343 GM),CCK-Ben in PETA,780,,numeric,text_exact,high_manual_visual_qc,legacy_accepted_preserved,legacy_evidence_reference,legacy_audited_text_exact,AUD20260828-0041,outputs/zotero_tpp_literature_pilot_20260828/liteparse_top10/json/01_PJQEIM6F.json,Preserved from the previous evidence registry; no machine reinterpretation applied.,Explicit text value; not inferred from the curve.; legacy_value_type=sigma_2pa,legacy_registry,sigma_2pa,accepted,outputs/zotero_tpp_literature_pilot_20260828/screenshots/PJQEIM6F/page_7.png,outputs/zotero_tpp_literature_pilot_20260828/liteparse_top10/json/01_PJQEIM6F.json,EIK-26896f239bd7ffdb,DUP-26896f239bd7ffdb,1,unique_record
AUD20260828-0042,zotero_PJQEIM6F,PJQEIM6F,10.1021/acsapm.4c00932,Heteroatom/Heterocycle-Substituted Ketone Dyes as Efficient Photoinitiators in Visible Light-Emitting Diode/Near Infrared Light Photopolymerization with Enhanced Two-Photon Lithography Capability,pi_loading,0.1,wt %,0.1,wt %,7,Formulation: CCK-Th (0.1 wt %) in PETA,Formulation: CCK-Th (0.1 wt %) in PETA,CCK-Th in PETA,,,numeric,text_exact,high_manual_visual_qc,legacy_accepted_preserved,legacy_evidence_reference,legacy_audited_text_exact,AUD20260828-0042,outputs/zotero_tpp_literature_pilot_20260828/liteparse_top10/json/01_PJQEIM6F.json,Preserved from the previous evidence registry; no machine reinterpretation applied.,legacy_value_type=pi_loading,legacy_registry,pi_loading,accepted,outputs/zotero_tpp_literature_pilot_20260828/screenshots/PJQEIM6F/page_7.png,outputs/zotero_tpp_literature_pilot_20260828/liteparse_top10/json/01_PJQEIM6F.json,EIK-da133b2a44edf658,DUP-da133b2a44edf658,1,unique_record
AUD20260828-0043,zotero_PJQEIM6F,PJQEIM6F,10.1021/acsapm.4c00932,Heteroatom/Heterocycle-Substituted Ketone Dyes as Efficient Photoinitiators in Visible Light-Emitting Diode/Near Infrared Light Photopolymerization with Enhanced Two-Photon Lithography Capability,pi_loading,0.1,wt %,0.1,wt %,7,Formulation: CCK-Ben (0.1 wt %) in PETA,Formulation: CCK-Ben (0.1 wt %) in PETA,CCK-Ben in PETA,,,numeric,text_exact,high_manual_visual_qc,legacy_accepted_preserved,legacy_evidence_reference,legacy_audited_text_exact,AUD20260828-0043,outputs/zotero_tpp_literature_pilot_20260828/liteparse_top10/json/01_PJQEIM6F.json,Preserved from the previous evidence registry; no machine reinterpretation applied.,legacy_value_type=pi_loading,legacy_registry,pi_loading,accepted,outputs/zotero_tpp_literature_pilot_20260828/screenshots/PJQEIM6F/page_7.png,outputs/zotero_tpp_literature_pilot_20260828/liteparse_top10/json/01_PJQEIM6F.json,EIK-cc4f80d88bf1a26e,DUP-cc4f80d88bf1a26e,1,unique_record
AUD20260828-0044,zotero_PJQEIM6F,PJQEIM6F,10.1021/acsapm.4c00932,Heteroatom/Heterocycle-Substituted Ketone Dyes as Efficient Photoinitiators in Visible Light-Emitting Diode/Near Infrared Light Photopolymerization with Enhanced Two-Photon Lithography Capability,laser_wavelength,780,nm,780,nm,7,line arrays ... under 780 nm laser excitation,line arrays ... under 780 nm laser excitation,CCK-Th/CCK-Ben in PETA,780,Figure 7,numeric,text_exact,high_manual_visual_qc,legacy_accepted_preserved,legacy_evidence_reference,legacy_audited_text_exact,AUD20260828-0044,outputs/zotero_tpp_literature_pilot_20260828/liteparse_top10/json/01_PJQEIM6F.json,Preserved from the previous evidence registry; no machine reinterpretation applied.,legacy_value_type=laser_wavelength,legacy_registry,laser_wavelength,accepted,outputs/zotero_tpp_literature_pilot_20260828/screenshots/PJQEIM6F/page_7.png,outputs/zotero_tpp_literature_pilot_20260828/liteparse_top10/json/01_PJQEIM6F.json,EIK-491110213616f7f2,DUP-491110213616f7f2,1,unique_record
AUD20260828-0045,zotero_PJQEIM6F,PJQEIM6F,10.1021/acsapm.4c00932,Heteroatom/Heterocycle-Substituted Ketone Dyes as Efficient Photoinitiators in Visible Light-Emitting Diode/Near Infrared Light Photopolymerization with Enhanced Two-Photon Lithography Capability,writing_speed_upper_tested,46,mm s−1,46,mm s−1,7,with the increase of scanning speed to 46 mm s−1,with the increase of scanning speed to 46 mm s−1,CCK-Th/CCK-Ben in PETA,,Figure 7,numeric,text_exact,high_manual_visual_qc,legacy_accepted_preserved,legacy_evidence_reference,legacy_audited_text_exact,AUD20260828-0045,outputs/zotero_tpp_literature_pilot_20260828/liteparse_top10/json/01_PJQEIM6F.json,Preserved from the previous evidence registry; no machine reinterpretation applied.,"Upper tested speed, not a threshold-curve ordinate.; legacy_value_type=writing_speed_upper_tested",legacy_registry,writing_speed_upper_tested,accepted,outputs/zotero_tpp_literature_pilot_20260828/screenshots/PJQEIM6F/page_7.png,outputs/zotero_tpp_literature_pilot_20260828/liteparse_top10/json/01_PJQEIM6F.json,EIK-a367e47625ca7683,DUP-a367e47625ca7683,1,unique_record
AUD20260828-0046,zotero_SRU6DZHE,SRU6DZHE,10.1021/acs.macromol.0c01518,Polymerization Photoinitiators with Near-Resonance Enhanced Two-Photon Absorption Cross-Section: Toward High-Resolution Photoresist with Improved Sensitivity,laser_wavelength,532,nm,532,nm,1,sub-nanosecond pulsed laser irradiation at 532 nm,sub-nanosecond pulsed laser irradiation at 532 nm,,,,context,text_exact,high_manual_visual_qc,legacy_accepted_preserved,legacy_evidence_reference,legacy_audited_text_exact,AUD20260828-0046,outputs/zotero_tpp_literature_pilot_20260828/liteparse_top10/json/02_SRU6DZHE.json,Preserved from the previous evidence registry; no machine reinterpretation applied.,legacy_value_type=laser_wavelength,legacy_registry,laser_wavelength,accepted,outputs/zotero_tpp_literature_pilot_20260828/screenshots/SRU6DZHE/page_1.png,outputs/zotero_tpp_literature_pilot_20260828/liteparse_top10/json/02_SRU6DZHE.json,EIK-21baa451ec2177fb,DUP-21baa451ec2177fb,1,unique_record
AUD20260828-0047,zotero_SRU6DZHE,SRU6DZHE,10.1021/acs.macromol.0c01518,Polymerization Photoinitiators with Near-Resonance Enhanced Two-Photon Absorption Cross-Section: Toward High-Resolution Photoresist with Improved Sensitivity,polymerization_threshold,up to eight times lower,relative to classical two-photon initiators,8,fold_lower_upper_bound,1,polymerization threshold up to eight times lower than that obtained with the classically used two-photon initiators,polymerization threshold up to eight times lower than that obtained with the classically used two-photon initiators,,,,claim_only,text_exact,high_manual_visual_qc,legacy_accepted_preserved,legacy_evidence_reference,legacy_audited_text_exact,AUD20260828-0047,outputs/zotero_tpp_literature_pilot_20260828/liteparse_top10/json/02_SRU6DZHE.json,Preserved from the previous evidence registry; no machine reinterpretation applied.,Comparative abstract claim; no absolute threshold value is asserted.; legacy_value_type=polymerization_threshold_relative_claim,legacy_registry,polymerization_threshold_relative_claim,accepted,outputs/zotero_tpp_literature_pilot_20260828/screenshots/SRU6DZHE/page_1.png,outputs/zotero_tpp_literature_pilot_20260828/liteparse_top10/json/02_SRU6DZHE.json,EIK-a46e75725d12101f,DUP-a46e75725d12101f,1,unique_record
AUD20260828-0048,zotero_SRU6DZHE,SRU6DZHE,10.1021/acs.macromol.0c01518,Polymerization Photoinitiators with Near-Resonance Enhanced Two-Photon Absorption Cross-Section: Toward High-Resolution Photoresist with Improved Sensitivity,line_width,<100,nm,<100,nm,1,sub-100 nm line width,sub-100 nm line width,,,,numeric,text_exact,high_manual_visual_qc,legacy_accepted_preserved,legacy_evidence_reference,legacy_audited_text_exact,AUD20260828-0048,outputs/zotero_tpp_literature_pilot_20260828/liteparse_top10/json/02_SRU6DZHE.json,Preserved from the previous evidence registry; no machine reinterpretation applied.,legacy_value_type=line_width,legacy_registry,line_width,accepted,outputs/zotero_tpp_literature_pilot_20260828/screenshots/SRU6DZHE/page_1.png,outputs/zotero_tpp_literature_pilot_20260828/liteparse_top10/json/02_SRU6DZHE.json,EIK-e4b71d535cba2581,DUP-e4b71d535cba2581,1,unique_record
AUD20260828-0049,zotero_SRU6DZHE,SRU6DZHE,10.1021/acs.macromol.0c01518,Polymerization Photoinitiators with Near-Resonance Enhanced Two-Photon Absorption Cross-Section: Toward High-Resolution Photoresist with Improved Sensitivity,interline_separation,250,nm,250,nm,1,at 250 nm interline separation,at 250 nm interline separation,,,,numeric,text_exact,high_manual_visual_qc,legacy_accepted_preserved,legacy_evidence_reference,legacy_audited_text_exact,AUD20260828-0049,outputs/zotero_tpp_literature_pilot_20260828/liteparse_top10/json/02_SRU6DZHE.json,Preserved from the previous evidence registry; no machine reinterpretation applied.,legacy_value_type=interline_separation,legacy_registry,interline_separation,accepted,outputs/zotero_tpp_literature_pilot_20260828/screenshots/SRU6DZHE/page_1.png,outputs/zotero_tpp_literature_pilot_20260828/liteparse_top10/json/02_SRU6DZHE.json,EIK-d8ab052a7e268652,DUP-d8ab052a7e268652,1,unique_record
AUD20260828-0050,zotero_MZLGYQTP,MZLGYQTP,10.1016/j.jphotochem.2009.02.007,A water-soluble two-photon photopolymerization initiation system: Methylated-β-cyclodextrin complex of xanthene dye/aryliodonium salt,laser_wavelength,780,nm,780,nm,2,oscillating wavelength ... 780 nm,oscillating wavelength ... 780 nm,,,,numeric,text_exact,high_manual_visual_qc,legacy_accepted_preserved,legacy_evidence_reference,legacy_audited_text_exact,AUD20260828-0050,outputs/zotero_tpp_literature_expansion_20260828/batch_20260828/liteparse/json/02_MZLGYQTP.json,Preserved from the previous evidence registry; no machine reinterpretation applied.,legacy_value_type=laser_wavelength,legacy_registry,laser_wavelength,accepted,outputs/zotero_tpp_literature_expansion_20260828/batch_20260828/screenshots/MZLGYQTP/page_1.png; outputs/zotero_tpp_literature_expansion_20260828/batch_20260828/screenshots/MZLGYQTP/page_2.png; outputs/zotero_tpp_literature_expansion_20260828/batch_20260828/screenshots/MZLGYQTP/page_3.png,outputs/zotero_tpp_literature_expansion_20260828/batch_20260828/liteparse/json/02_MZLGYQTP.json,EIK-6e57a315df3e8b15,DUP-6e57a315df3e8b15,1,unique_record
AUD20260828-0051,zotero_MZLGYQTP,MZLGYQTP,10.1016/j.jphotochem.2009.02.007,A water-soluble two-photon photopolymerization initiation system: Methylated-β-cyclodextrin complex of xanthene dye/aryliodonium salt,pulse_width,80,fs,80,fs,2,pulse width ... 80 fs,pulse width ... 80 fs,,,,numeric,text_exact,high_manual_visual_qc,legacy_accepted_preserved,legacy_evidence_reference,legacy_audited_text_exact,AUD20260828-0051,outputs/zotero_tpp_literature_expansion_20260828/batch_20260828/liteparse/json/02_MZLGYQTP.json,Preserved from the previous evidence registry; no machine reinterpretation applied.,legacy_value_type=pulse_width,legacy_registry,pulse_width,accepted,outputs/zotero_tpp_literature_expansion_20260828/batch_20260828/screenshots/MZLGYQTP/page_1.png; outputs/zotero_tpp_literature_expansion_20260828/batch_20260828/screenshots/MZLGYQTP/page_2.png; outputs/zotero_tpp_literature_expansion_20260828/batch_20260828/screenshots/MZLGYQTP/page_3.png,outputs/zotero_tpp_literature_expansion_20260828/batch_20260828/liteparse/json/02_MZLGYQTP.json,EIK-79eb48d37b1adc96,DUP-79eb48d37b1adc96,1,unique_record
AUD20260828-0052,zotero_MZLGYQTP,MZLGYQTP,10.1016/j.jphotochem.2009.02.007,A water-soluble two-photon photopolymerization initiation system: Methylated-β-cyclodextrin complex of xanthene dye/aryliodonium salt,pulse_repetition_rate,82,MHz,82,MHz,2,repetition rate ... 82 MHz,repetition rate ... 82 MHz,,,,numeric,text_exact,high_manual_visual_qc,legacy_accepted_preserved,legacy_evidence_reference,legacy_audited_text_exact,AUD20260828-0052,outputs/zotero_tpp_literature_expansion_20260828/batch_20260828/liteparse/json/02_MZLGYQTP.json,Preserved from the previous evidence registry; no machine reinterpretation applied.,legacy_value_type=pulse_repetition_rate,legacy_registry,pulse_repetition_rate,accepted,outputs/zotero_tpp_literature_expansion_20260828/batch_20260828/screenshots/MZLGYQTP/page_1.png; outputs/zotero_tpp_literature_expansion_20260828/batch_20260828/screenshots/MZLGYQTP/page_2.png; outputs/zotero_tpp_literature_expansion_20260828/batch_20260828/screenshots/MZLGYQTP/page_3.png,outputs/zotero_tpp_literature_expansion_20260828/batch_20260828/liteparse/json/02_MZLGYQTP.json,EIK-f4f50189d81e8515,DUP-f4f50189d81e8515,1,unique_record
AUD20260828-0053,zotero_MZLGYQTP,MZLGYQTP,10.1016/j.jphotochem.2009.02.007,A water-soluble two-photon photopolymerization initiation system: Methylated-β-cyclodextrin complex of xanthene dye/aryliodonium salt,objective_na,1.4,NA,1.4,NA,2,100× oil-immersion objective lens ... NA = 1.4,100× oil-immersion objective lens ... NA = 1.4,,,,numeric,text_exact,high_manual_visual_qc,legacy_accepted_preserved,legacy_evidence_reference,legacy_audited_text_exact,AUD20260828-0053,outputs/zotero_tpp_literature_expansion_20260828/batch_20260828/liteparse/json/02_MZLGYQTP.json,Preserved from the previous evidence registry; no machine reinterpretation applied.,legacy_value_type=objective_na,legacy_registry,objective_na,accepted,outputs/zotero_tpp_literature_expansion_20260828/batch_20260828/screenshots/MZLGYQTP/page_1.png; outputs/zotero_tpp_literature_expansion_20260828/batch_20260828/screenshots/MZLGYQTP/page_2.png; outputs/zotero_tpp_literature_expansion_20260828/batch_20260828/screenshots/MZLGYQTP/page_3.png,outputs/zotero_tpp_literature_expansion_20260828/batch_20260828/liteparse/json/02_MZLGYQTP.json,EIK-81a56769abd632d4,DUP-81a56769abd632d4,1,unique_record
AUD20260828-0054,zotero_MZLGYQTP,MZLGYQTP,10.1016/j.jphotochem.2009.02.007,A water-soluble two-photon photopolymerization initiation system: Methylated-β-cyclodextrin complex of xanthene dye/aryliodonium salt,polymer_matrix_mass,1,g,1,g,2,samples consisted of PVP (1 g),samples consisted of PVP (1 g),PVP,,,numeric,text_exact,high_manual_visual_qc,legacy_accepted_preserved,legacy_evidence_reference,legacy_audited_text_exact,AUD20260828-0054,outputs/zotero_tpp_literature_expansion_20260828/batch_20260828/liteparse/json/02_MZLGYQTP.json,Preserved from the previous evidence registry; no machine reinterpretation applied.,legacy_value_type=polymer_matrix_mass,legacy_registry,polymer_matrix_mass,accepted,outputs/zotero_tpp_literature_expansion_20260828/batch_20260828/screenshots/MZLGYQTP/page_1.png; outputs/zotero_tpp_literature_expansion_20260828/batch_20260828/screenshots/MZLGYQTP/page_2.png; outputs/zotero_tpp_literature_expansion_20260828/batch_20260828/screenshots/MZLGYQTP/page_3.png,outputs/zotero_tpp_literature_expansion_20260828/batch_20260828/liteparse/json/02_MZLGYQTP.json,EIK-898c42e96ed467a7,DUP-898c42e96ed467a7,1,unique_record
AUD20260828-0055,zotero_MZLGYQTP,MZLGYQTP,10.1016/j.jphotochem.2009.02.007,A water-soluble two-photon photopolymerization initiation system: Methylated-β-cyclodextrin complex of xanthene dye/aryliodonium salt,monomer_mass,1,g,1,g,2,AM (1 g),AM (1 g),AM,,,numeric,text_exact,high_manual_visual_qc,legacy_accepted_preserved,legacy_evidence_reference,legacy_audited_text_exact,AUD20260828-0055,outputs/zotero_tpp_literature_expansion_20260828/batch_20260828/liteparse/json/02_MZLGYQTP.json,Preserved from the previous evidence registry; no machine reinterpretation applied.,legacy_value_type=monomer_mass,legacy_registry,monomer_mass,accepted,outputs/zotero_tpp_literature_expansion_20260828/batch_20260828/screenshots/MZLGYQTP/page_1.png; outputs/zotero_tpp_literature_expansion_20260828/batch_20260828/screenshots/MZLGYQTP/page_2.png; outputs/zotero_tpp_literature_expansion_20260828/batch_20260828/screenshots/MZLGYQTP/page_3.png,outputs/zotero_tpp_literature_expansion_20260828/batch_20260828/liteparse/json/02_MZLGYQTP.json,EIK-e46c88ed7476e89a,DUP-e46c88ed7476e89a,1,unique_record
AUD20260828-0056,zotero_MZLGYQTP,MZLGYQTP,10.1016/j.jphotochem.2009.02.007,A water-soluble two-photon photopolymerization initiation system: Methylated-β-cyclodextrin complex of xanthene dye/aryliodonium salt,crosslinker_mass,0.1,g,0.1,g,2,bis-AM (0.1 g),bis-AM (0.1 g),bis-AM,,,numeric,text_exact,high_manual_visual_qc,legacy_accepted_preserved,legacy_evidence_reference,legacy_audited_text_exact,AUD20260828-0056,outputs/zotero_tpp_literature_expansion_20260828/batch_20260828/liteparse/json/02_MZLGYQTP.json,Preserved from the previous evidence registry; no machine reinterpretation applied.,legacy_value_type=crosslinker_mass,legacy_registry,crosslinker_mass,accepted,outputs/zotero_tpp_literature_expansion_20260828/batch_20260828/screenshots/MZLGYQTP/page_1.png; outputs/zotero_tpp_literature_expansion_20260828/batch_20260828/screenshots/MZLGYQTP/page_2.png; outputs/zotero_tpp_literature_expansion_20260828/batch_20260828/screenshots/MZLGYQTP/page_3.png,outputs/zotero_tpp_literature_expansion_20260828/batch_20260828/liteparse/json/02_MZLGYQTP.json,EIK-b5b9af77850f7c16,DUP-b5b9af77850f7c16,1,unique_record
AUD20260828-0057,zotero_MZLGYQTP,MZLGYQTP,10.1016/j.jphotochem.2009.02.007,A water-soluble two-photon photopolymerization initiation system: Methylated-β-cyclodextrin complex of xanthene dye/aryliodonium salt,water_mass,4,g,4,g,2,H2O (4 g),H2O (4 g),aqueous sample,,,numeric,text_exact,high_manual_visual_qc,legacy_accepted_preserved,legacy_evidence_reference,legacy_audited_text_exact,AUD20260828-0057,outputs/zotero_tpp_literature_expansion_20260828/batch_20260828/liteparse/json/02_MZLGYQTP.json,Preserved from the previous evidence registry; no machine reinterpretation applied.,legacy_value_type=water_mass,legacy_registry,water_mass,accepted,outputs/zotero_tpp_literature_expansion_20260828/batch_20260828/screenshots/MZLGYQTP/page_1.png; outputs/zotero_tpp_literature_expansion_20260828/batch_20260828/screenshots/MZLGYQTP/page_2.png; outputs/zotero_tpp_literature_expansion_20260828/batch_20260828/screenshots/MZLGYQTP/page_3.png,outputs/zotero_tpp_literature_expansion_20260828/batch_20260828/liteparse/json/02_MZLGYQTP.json,EIK-82296ae1dec3b293,DUP-82296ae1dec3b293,1,unique_record
AUD20260828-0058,zotero_MZLGYQTP,MZLGYQTP,10.1016/j.jphotochem.2009.02.007,A water-soluble two-photon photopolymerization initiation system: Methylated-β-cyclodextrin complex of xanthene dye/aryliodonium salt,sensitizer,FL/EO/RB,,,,2,"FL, EO, RB as sensitizer","FL, EO, RB as sensitizer",aqueous TPP system,,,context,text_exact,high_manual_visual_qc,legacy_accepted_preserved,legacy_evidence_reference,legacy_audited_text_exact,AUD20260828-0058,outputs/zotero_tpp_literature_expansion_20260828/batch_20260828/liteparse/json/02_MZLGYQTP.json,Preserved from the previous evidence registry; no machine reinterpretation applied.,legacy_value_type=sensitizer,legacy_registry,sensitizer,accepted,outputs/zotero_tpp_literature_expansion_20260828/batch_20260828/screenshots/MZLGYQTP/page_1.png; outputs/zotero_tpp_literature_expansion_20260828/batch_20260828/screenshots/MZLGYQTP/page_2.png; outputs/zotero_tpp_literature_expansion_20260828/batch_20260828/screenshots/MZLGYQTP/page_3.png,outputs/zotero_tpp_literature_expansion_20260828/batch_20260828/liteparse/json/02_MZLGYQTP.json,EIK-6afaf4552df2f104,DUP-6afaf4552df2f104,1,unique_record
AUD20260828-0059,zotero_MZLGYQTP,MZLGYQTP,10.1016/j.jphotochem.2009.02.007,A water-soluble two-photon photopolymerization initiation system: Methylated-β-cyclodextrin complex of xanthene dye/aryliodonium salt,initiator,complex A,,,,2,complex A as initiator,complex A as initiator,aqueous TPP system,,,context,text_exact,high_manual_visual_qc,legacy_accepted_preserved,legacy_evidence_reference,legacy_audited_text_exact,AUD20260828-0059,outputs/zotero_tpp_literature_expansion_20260828/batch_20260828/liteparse/json/02_MZLGYQTP.json,Preserved from the previous evidence registry; no machine reinterpretation applied.,legacy_value_type=initiator,legacy_registry,initiator,accepted,outputs/zotero_tpp_literature_expansion_20260828/batch_20260828/screenshots/MZLGYQTP/page_1.png; outputs/zotero_tpp_literature_expansion_20260828/batch_20260828/screenshots/MZLGYQTP/page_2.png; outputs/zotero_tpp_literature_expansion_20260828/batch_20260828/screenshots/MZLGYQTP/page_3.png,outputs/zotero_tpp_literature_expansion_20260828/batch_20260828/liteparse/json/02_MZLGYQTP.json,EIK-4a392f8e4d402081,DUP-4a392f8e4d402081,1,unique_record
AUD20260828-0060,zotero_MZLGYQTP,MZLGYQTP,10.1016/j.jphotochem.2009.02.007,A water-soluble two-photon photopolymerization initiation system: Methylated-β-cyclodextrin complex of xanthene dye/aryliodonium salt,host_guest_stoichiometry,1:2,DMDPI:Me-β-CD,,,2,one molecule of DMDPI associates with two molecules of Me-β-CD,one molecule of DMDPI associates with two molecules of Me-β-CD,,,,context,text_exact,high_manual_visual_qc,legacy_accepted_preserved,legacy_evidence_reference,legacy_audited_text_exact,AUD20260828-0060,outputs/zotero_tpp_literature_expansion_20260828/batch_20260828/liteparse/json/02_MZLGYQTP.json,Preserved from the previous evidence registry; no machine reinterpretation applied.,legacy_value_type=host_guest_stoichiometry,legacy_registry,host_guest_stoichiometry,accepted,outputs/zotero_tpp_literature_expansion_20260828/batch_20260828/screenshots/MZLGYQTP/page_1.png; outputs/zotero_tpp_literature_expansion_20260828/batch_20260828/screenshots/MZLGYQTP/page_2.png; outputs/zotero_tpp_literature_expansion_20260828/batch_20260828/screenshots/MZLGYQTP/page_3.png,outputs/zotero_tpp_literature_expansion_20260828/batch_20260828/liteparse/json/02_MZLGYQTP.json,EIK-f6cbc97cb66a2a61,DUP-f6cbc97cb66a2a61,1,unique_record
AUD20260828-0061,zotero_H86SV53N,H86SV53N,10.1021/la803803m,Three-dimensional biodegradable structures fabricated by two-photon polymerization,photoinitiator,"4,4′-bis(diethylamino)benzophenone (DABP)",,,,1,"with 4,4′-bis(diethylamino)benzophenone as the photoinitiator","with 4,4′-bis(diethylamino)benzophenone as the photoinitiator",,,,context,text_exact,high_manual_visual_qc,legacy_accepted_preserved,legacy_evidence_reference,legacy_audited_text_exact,AUD20260828-0061,outputs/zotero_tpp_literature_expansion_20260828/batch_20260828/liteparse/json/03_H86SV53N.json,Preserved from the previous evidence registry; no machine reinterpretation applied.,legacy_value_type=photoinitiator,legacy_registry,photoinitiator,accepted,outputs/zotero_tpp_literature_expansion_20260828/batch_20260828/screenshots/H86SV53N/page_1.png; outputs/zotero_tpp_literature_expansion_20260828/batch_20260828/screenshots/H86SV53N/page_4.png,outputs/zotero_tpp_literature_expansion_20260828/batch_20260828/liteparse/json/03_H86SV53N.json,EIK-48d4212bcd233f3a,DUP-48d4212bcd233f3a,1,unique_record
AUD20260828-0062,zotero_H86SV53N,H86SV53N,10.1021/la803803m,Three-dimensional biodegradable structures fabricated by two-photon polymerization,pi_loading,2,wt %,2,wt %,4,photoinitiator (2 wt% to the polymer),photoinitiator (2 wt% to the polymer),biodegradable methacrylate polymer + DABP,,,numeric,text_exact,high_manual_visual_qc,legacy_accepted_preserved,legacy_evidence_reference,legacy_audited_text_exact,AUD20260828-0062,outputs/zotero_tpp_literature_expansion_20260828/batch_20260828/liteparse/json/03_H86SV53N.json,Preserved from the previous evidence registry; no machine reinterpretation applied.,legacy_value_type=pi_loading,legacy_registry,pi_loading,accepted,outputs/zotero_tpp_literature_expansion_20260828/batch_20260828/screenshots/H86SV53N/page_1.png; outputs/zotero_tpp_literature_expansion_20260828/batch_20260828/screenshots/H86SV53N/page_4.png,outputs/zotero_tpp_literature_expansion_20260828/batch_20260828/liteparse/json/03_H86SV53N.json,EIK-882842ab0c16546c,DUP-882842ab0c16546c,1,unique_record
AUD20260828-0063,zotero_H86SV53N,H86SV53N,10.1021/la803803m,Three-dimensional biodegradable structures fabricated by two-photon polymerization,polymer_mass,0.5,g,0.5,g,4,0.5 g of the polymer carrying the methacrylate functionalities,0.5 g of the polymer carrying the methacrylate functionalities,,,,numeric,text_exact,high_manual_visual_qc,legacy_accepted_preserved,legacy_evidence_reference,legacy_audited_text_exact,AUD20260828-0063,outputs/zotero_tpp_literature_expansion_20260828/batch_20260828/liteparse/json/03_H86SV53N.json,Preserved from the previous evidence registry; no machine reinterpretation applied.,legacy_value_type=polymer_mass,legacy_registry,polymer_mass,accepted,outputs/zotero_tpp_literature_expansion_20260828/batch_20260828/screenshots/H86SV53N/page_1.png; outputs/zotero_tpp_literature_expansion_20260828/batch_20260828/screenshots/H86SV53N/page_4.png,outputs/zotero_tpp_literature_expansion_20260828/batch_20260828/liteparse/json/03_H86SV53N.json,EIK-832c7f6531f96c78,DUP-832c7f6531f96c78,1,unique_record
AUD20260828-0064,zotero_H86SV53N,H86SV53N,10.1021/la803803m,Three-dimensional biodegradable structures fabricated by two-photon polymerization,solvent_volume,250,µL,250,µL,4,dissolved in 250 µL diethyl ether,dissolved in 250 µL diethyl ether,diethyl ether,,,numeric,text_exact,high_manual_visual_qc,legacy_accepted_preserved,legacy_evidence_reference,legacy_audited_text_exact,AUD20260828-0064,outputs/zotero_tpp_literature_expansion_20260828/batch_20260828/liteparse/json/03_H86SV53N.json,Preserved from the previous evidence registry; no machine reinterpretation applied.,legacy_value_type=solvent_volume,legacy_registry,solvent_volume,accepted,outputs/zotero_tpp_literature_expansion_20260828/batch_20260828/screenshots/H86SV53N/page_1.png; outputs/zotero_tpp_literature_expansion_20260828/batch_20260828/screenshots/H86SV53N/page_4.png,outputs/zotero_tpp_literature_expansion_20260828/batch_20260828/liteparse/json/03_H86SV53N.json,EIK-2eadac58f042d218,DUP-2eadac58f042d218,1,unique_record
AUD20260828-0065,zotero_H86SV53N,H86SV53N,10.1021/la803803m,Three-dimensional biodegradable structures fabricated by two-photon polymerization,laser_wavelength,800,nm,800,nm,4,Ti:sapphire femtosecond laser operating at 800 nm,Ti:sapphire femtosecond laser operating at 800 nm,,,,numeric,text_exact,high_manual_visual_qc,legacy_accepted_preserved,legacy_evidence_reference,legacy_audited_text_exact,AUD20260828-0065,outputs/zotero_tpp_literature_expansion_20260828/batch_20260828/liteparse/json/03_H86SV53N.json,Preserved from the previous evidence registry; no machine reinterpretation applied.,legacy_value_type=laser_wavelength,legacy_registry,laser_wavelength,accepted,outputs/zotero_tpp_literature_expansion_20260828/batch_20260828/screenshots/H86SV53N/page_1.png; outputs/zotero_tpp_literature_expansion_20260828/batch_20260828/screenshots/H86SV53N/page_4.png,outputs/zotero_tpp_literature_expansion_20260828/batch_20260828/liteparse/json/03_H86SV53N.json,EIK-86722be62f99a7a0,DUP-86722be62f99a7a0,1,unique_record
AUD20260828-0066,zotero_H86SV53N,H86SV53N,10.1021/la803803m,Three-dimensional biodegradable structures fabricated by two-photon polymerization,pulse_repetition_rate,75,MHz,75,MHz,4,with a repetition rate of 75 MHz,with a repetition rate of 75 MHz,,,,numeric,text_exact,high_manual_visual_qc,legacy_accepted_preserved,legacy_evidence_reference,legacy_audited_text_exact,AUD20260828-0066,outputs/zotero_tpp_literature_expansion_20260828/batch_20260828/liteparse/json/03_H86SV53N.json,Preserved from the previous evidence registry; no machine reinterpretation applied.,legacy_value_type=pulse_repetition_rate,legacy_registry,pulse_repetition_rate,accepted,outputs/zotero_tpp_literature_expansion_20260828/batch_20260828/screenshots/H86SV53N/page_1.png; outputs/zotero_tpp_literature_expansion_20260828/batch_20260828/screenshots/H86SV53N/page_4.png,outputs/zotero_tpp_literature_expansion_20260828/batch_20260828/liteparse/json/03_H86SV53N.json,EIK-93d5d1a1927d4db8,DUP-93d5d1a1927d4db8,1,unique_record
AUD20260828-0067,zotero_H86SV53N,H86SV53N,10.1021/la803803m,Three-dimensional biodegradable structures fabricated by two-photon polymerization,pulse_duration,<20,fs,<20,fs,4,sub-20 fs duration pulses,sub-20 fs duration pulses,,,,numeric,text_exact,high_manual_visual_qc,legacy_accepted_preserved,legacy_evidence_reference,legacy_audited_text_exact,AUD20260828-0067,outputs/zotero_tpp_literature_expansion_20260828/batch_20260828/liteparse/json/03_H86SV53N.json,Preserved from the previous evidence registry; no machine reinterpretation applied.,legacy_value_type=pulse_duration,legacy_registry,pulse_duration,accepted,outputs/zotero_tpp_literature_expansion_20260828/batch_20260828/screenshots/H86SV53N/page_1.png; outputs/zotero_tpp_literature_expansion_20260828/batch_20260828/screenshots/H86SV53N/page_4.png,outputs/zotero_tpp_literature_expansion_20260828/batch_20260828/liteparse/json/03_H86SV53N.json,EIK-5e00d8be1c1c4f76,DUP-5e00d8be1c1c4f76,1,unique_record
AUD20260828-0068,zotero_H86SV53N,H86SV53N,10.1021/la803803m,Three-dimensional biodegradable structures fabricated by two-photon polymerization,laser_output_power_maximum,450,mW,450,mW,4,maximum output power of the oscillator was 450 mW,maximum output power of the oscillator was 450 mW,,,,numeric,text_exact,high_manual_visual_qc,legacy_accepted_preserved,legacy_evidence_reference,legacy_audited_text_exact,AUD20260828-0068,outputs/zotero_tpp_literature_expansion_20260828/batch_20260828/liteparse/json/03_H86SV53N.json,Preserved from the previous evidence registry; no machine reinterpretation applied.,legacy_value_type=laser_output_power_maximum,legacy_registry,laser_output_power_maximum,accepted,outputs/zotero_tpp_literature_expansion_20260828/batch_20260828/screenshots/H86SV53N/page_1.png; outputs/zotero_tpp_literature_expansion_20260828/batch_20260828/screenshots/H86SV53N/page_4.png,outputs/zotero_tpp_literature_expansion_20260828/batch_20260828/liteparse/json/03_H86SV53N.json,EIK-6a56c670046d2fe7,DUP-6a56c670046d2fe7,1,unique_record
AUD20260828-0069,zotero_H86SV53N,H86SV53N,10.1021/la803803m,Three-dimensional biodegradable structures fabricated by two-photon polymerization,objective_magnification,40,×,40,×,4,"microscope objective lens (40×, N.A. = 0.95)","microscope objective lens (40×, N.A. = 0.95)",,,,numeric,text_exact,high_manual_visual_qc,legacy_accepted_preserved,legacy_evidence_reference,legacy_audited_text_exact,AUD20260828-0069,outputs/zotero_tpp_literature_expansion_20260828/batch_20260828/liteparse/json/03_H86SV53N.json,Preserved from the previous evidence registry; no machine reinterpretation applied.,legacy_value_type=objective_magnification,legacy_registry,objective_magnification,accepted,outputs/zotero_tpp_literature_expansion_20260828/batch_20260828/screenshots/H86SV53N/page_1.png; outputs/zotero_tpp_literature_expansion_20260828/batch_20260828/screenshots/H86SV53N/page_4.png,outputs/zotero_tpp_literature_expansion_20260828/batch_20260828/liteparse/json/03_H86SV53N.json,EIK-53540de1a9e3bd89,DUP-53540de1a9e3bd89,1,unique_record
AUD20260828-0070,zotero_H86SV53N,H86SV53N,10.1021/la803803m,Three-dimensional biodegradable structures fabricated by two-photon polymerization,objective_na,0.95,NA,0.95,NA,4,"microscope objective lens (40×, N.A. = 0.95)","microscope objective lens (40×, N.A. = 0.95)",,,,numeric,text_exact,high_manual_visual_qc,legacy_accepted_preserved,legacy_evidence_reference,legacy_audited_text_exact,AUD20260828-0070,outputs/zotero_tpp_literature_expansion_20260828/batch_20260828/liteparse/json/03_H86SV53N.json,Preserved from the previous evidence registry; no machine reinterpretation applied.,legacy_value_type=objective_na,legacy_registry,objective_na,accepted,outputs/zotero_tpp_literature_expansion_20260828/batch_20260828/screenshots/H86SV53N/page_1.png; outputs/zotero_tpp_literature_expansion_20260828/batch_20260828/screenshots/H86SV53N/page_4.png,outputs/zotero_tpp_literature_expansion_20260828/batch_20260828/liteparse/json/03_H86SV53N.json,EIK-d3943e5d1d77d27f,DUP-d3943e5d1d77d27f,1,unique_record
AUD20260828-0071,zotero_H86SV53N,H86SV53N,10.1021/la803803m,Three-dimensional biodegradable structures fabricated by two-photon polymerization,sample_spacer_thickness,100,µm,100,µm,4,The spacer between the two coverslips were 100 µm thick,The spacer between the two coverslips were 100 µm thick,,,,numeric,text_exact,high_manual_visual_qc,legacy_accepted_preserved,legacy_evidence_reference,legacy_audited_text_exact,AUD20260828-0071,outputs/zotero_tpp_literature_expansion_20260828/batch_20260828/liteparse/json/03_H86SV53N.json,Preserved from the previous evidence registry; no machine reinterpretation applied.,legacy_value_type=sample_spacer_thickness,legacy_registry,sample_spacer_thickness,accepted,outputs/zotero_tpp_literature_expansion_20260828/batch_20260828/screenshots/H86SV53N/page_1.png; outputs/zotero_tpp_literature_expansion_20260828/batch_20260828/screenshots/H86SV53N/page_4.png,outputs/zotero_tpp_literature_expansion_20260828/batch_20260828/liteparse/json/03_H86SV53N.json,EIK-6e49089c50521f5a,DUP-6e49089c50521f5a,1,unique_record
AUD20260828-0072,zotero_H86SV53N,H86SV53N,10.1021/la803803m,Three-dimensional biodegradable structures fabricated by two-photon polymerization,feature_resolution_scale,~4,µm,~4,µm,1,good quality and had four micron resolution,good quality and had four micron resolution,,,,claim_only,text_exact,high_manual_visual_qc,legacy_accepted_preserved,legacy_evidence_reference,legacy_audited_text_exact,AUD20260828-0072,outputs/zotero_tpp_literature_expansion_20260828/batch_20260828/liteparse/json/03_H86SV53N.json,Preserved from the previous evidence registry; no machine reinterpretation applied.,Abstract-level resolution claim.; legacy_value_type=feature_resolution_scale,legacy_registry,feature_resolution_scale,accepted,outputs/zotero_tpp_literature_expansion_20260828/batch_20260828/screenshots/H86SV53N/page_1.png; outputs/zotero_tpp_literature_expansion_20260828/batch_20260828/screenshots/H86SV53N/page_4.png,outputs/zotero_tpp_literature_expansion_20260828/batch_20260828/liteparse/json/03_H86SV53N.json,EIK-38c0d4af56a6dd05,DUP-38c0d4af56a6dd05,1,unique_record
AUD20260828-0073,zotero_95TT3IKI,95TT3IKI,10.1016/j.jphotochem.2007.03.002,"Synthesis, optical and initiating properties of new two-photon polymerization initiators: 2,7-Bis(styryl)anthraquinone derivatives",compound_identity,"1: 2,7-bis[2-(4-dimethylamino-phenyl)-vinyl]anthraquinone",,,,1,derivative 1,derivative 1,R1,,,context,text_exact,high_manual_visual_qc,legacy_accepted_preserved,legacy_evidence_reference,legacy_audited_text_exact,AUD20260828-0073,outputs/zotero_tpp_literature_expansion_20260828/batch_20260828/liteparse/json/04_95TT3IKI.json,Preserved from the previous evidence registry; no machine reinterpretation applied.,legacy_value_type=compound_identity,legacy_registry,compound_identity,accepted,outputs/zotero_tpp_literature_expansion_20260828/batch_20260828/screenshots/95TT3IKI/page_1.png; outputs/zotero_tpp_literature_expansion_20260828/batch_20260828/screenshots/95TT3IKI/page_6.png,outputs/zotero_tpp_literature_expansion_20260828/batch_20260828/liteparse/json/04_95TT3IKI.json,EIK-5f7dedebb18ba148,DUP-5f7dedebb18ba148,1,unique_record
AUD20260828-0074,zotero_95TT3IKI,95TT3IKI,10.1016/j.jphotochem.2007.03.002,"Synthesis, optical and initiating properties of new two-photon polymerization initiators: 2,7-Bis(styryl)anthraquinone derivatives",compound_identity,"2: 2,7-bis[2-(4-methoxy-phenyl)-vinyl]anthraquinone",,,,1,derivative 2,derivative 2,R2,,,context,text_exact,high_manual_visual_qc,legacy_accepted_preserved,legacy_evidence_reference,legacy_audited_text_exact,AUD20260828-0074,outputs/zotero_tpp_literature_expansion_20260828/batch_20260828/liteparse/json/04_95TT3IKI.json,Preserved from the previous evidence registry; no machine reinterpretation applied.,legacy_value_type=compound_identity,legacy_registry,compound_identity,accepted,outputs/zotero_tpp_literature_expansion_20260828/batch_20260828/screenshots/95TT3IKI/page_1.png; outputs/zotero_tpp_literature_expansion_20260828/batch_20260828/screenshots/95TT3IKI/page_6.png,outputs/zotero_tpp_literature_expansion_20260828/batch_20260828/liteparse/json/04_95TT3IKI.json,EIK-d856d04fd6730d38,DUP-d856d04fd6730d38,1,unique_record
AUD20260828-0075,zotero_95TT3IKI,95TT3IKI,10.1016/j.jphotochem.2007.03.002,"Synthesis, optical and initiating properties of new two-photon polymerization initiators: 2,7-Bis(styryl)anthraquinone derivatives",sigma_2pa,1635,GM,1635,GM,1,compound 1 showed ... 1635 GM ... at the wavelength of 800 nm,compound 1 showed ... 1635 GM ... at the wavelength of 800 nm,compound 1,800,,numeric,text_exact,high_manual_visual_qc,legacy_accepted_preserved,legacy_evidence_reference,legacy_audited_text_exact,AUD20260828-0075,outputs/zotero_tpp_literature_expansion_20260828/batch_20260828/liteparse/json/04_95TT3IKI.json,Preserved from the previous evidence registry; no machine reinterpretation applied.,legacy_value_type=sigma_2pa,legacy_registry,sigma_2pa,accepted,outputs/zotero_tpp_literature_expansion_20260828/batch_20260828/screenshots/95TT3IKI/page_1.png; outputs/zotero_tpp_literature_expansion_20260828/batch_20260828/screenshots/95TT3IKI/page_6.png,outputs/zotero_tpp_literature_expansion_20260828/batch_20260828/liteparse/json/04_95TT3IKI.json,EIK-6ed6b1ac4b7271a2,DUP-6ed6b1ac4b7271a2,1,unique_record
AUD20260828-0076,zotero_95TT3IKI,95TT3IKI,10.1016/j.jphotochem.2007.03.002,"Synthesis, optical and initiating properties of new two-photon polymerization initiators: 2,7-Bis(styryl)anthraquinone derivatives",sigma_2pa,995,GM,995,GM,1,995 GM for 2 at the wavelength of 800 nm,995 GM for 2 at the wavelength of 800 nm,compound 2,800,,numeric,text_exact,high_manual_visual_qc,legacy_accepted_preserved,legacy_evidence_reference,legacy_audited_text_exact,AUD20260828-0076,outputs/zotero_tpp_literature_expansion_20260828/batch_20260828/liteparse/json/04_95TT3IKI.json,Preserved from the previous evidence registry; no machine reinterpretation applied.,legacy_value_type=sigma_2pa,legacy_registry,sigma_2pa,accepted,outputs/zotero_tpp_literature_expansion_20260828/batch_20260828/screenshots/95TT3IKI/page_1.png; outputs/zotero_tpp_literature_expansion_20260828/batch_20260828/screenshots/95TT3IKI/page_6.png,outputs/zotero_tpp_literature_expansion_20260828/batch_20260828/liteparse/json/04_95TT3IKI.json,EIK-d58fabbde9ed3429,DUP-d58fabbde9ed3429,1,unique_record
AUD20260828-0077,zotero_95TT3IKI,95TT3IKI,10.1016/j.jphotochem.2007.03.002,"Synthesis, optical and initiating properties of new two-photon polymerization initiators: 2,7-Bis(styryl)anthraquinone derivatives",polymerization_threshold_power,3.67,mW,3.67,mW,1,threshold energy 3.67 mW ... for R1,threshold energy 3.67 mW ... for R1,R1; 0.02 wt % PI,,,numeric,text_exact,high_manual_visual_qc,legacy_accepted_preserved,legacy_evidence_reference,legacy_audited_text_exact,AUD20260828-0077,outputs/zotero_tpp_literature_expansion_20260828/batch_20260828/liteparse/json/04_95TT3IKI.json,Preserved from the previous evidence registry; no machine reinterpretation applied.,legacy_value_type=polymerization_threshold_power,legacy_registry,polymerization_threshold_power,accepted,outputs/zotero_tpp_literature_expansion_20260828/batch_20260828/screenshots/95TT3IKI/page_1.png; outputs/zotero_tpp_literature_expansion_20260828/batch_20260828/screenshots/95TT3IKI/page_6.png,outputs/zotero_tpp_literature_expansion_20260828/batch_20260828/liteparse/json/04_95TT3IKI.json,EIK-0de606bca3fec41d,DUP-0de606bca3fec41d,1,unique_record
AUD20260828-0078,zotero_95TT3IKI,95TT3IKI,10.1016/j.jphotochem.2007.03.002,"Synthesis, optical and initiating properties of new two-photon polymerization initiators: 2,7-Bis(styryl)anthraquinone derivatives",polymerization_threshold_power,8.03,mW,8.03,mW,1,8.03 mW for 2,8.03 mW for 2,R2; 0.02 wt % PI,,,numeric,text_exact,high_manual_visual_qc,legacy_accepted_preserved,legacy_evidence_reference,legacy_audited_text_exact,AUD20260828-0078,outputs/zotero_tpp_literature_expansion_20260828/batch_20260828/liteparse/json/04_95TT3IKI.json,Preserved from the previous evidence registry; no machine reinterpretation applied.,legacy_value_type=polymerization_threshold_power,legacy_registry,polymerization_threshold_power,accepted,outputs/zotero_tpp_literature_expansion_20260828/batch_20260828/screenshots/95TT3IKI/page_1.png; outputs/zotero_tpp_literature_expansion_20260828/batch_20260828/screenshots/95TT3IKI/page_6.png,outputs/zotero_tpp_literature_expansion_20260828/batch_20260828/liteparse/json/04_95TT3IKI.json,EIK-54dfa1efb6f59eeb,DUP-54dfa1efb6f59eeb,1,unique_record
AUD20260828-0079,zotero_95TT3IKI,95TT3IKI,10.1016/j.jphotochem.2007.03.002,"Synthesis, optical and initiating properties of new two-photon polymerization initiators: 2,7-Bis(styryl)anthraquinone derivatives",pi_loading,0.02,wt %,0.02,wt %,1,R1 at the concentration of 0.02 wt%,R1 at the concentration of 0.02 wt%,R1/R2,,,numeric,text_exact,high_manual_visual_qc,legacy_accepted_preserved,legacy_evidence_reference,legacy_audited_text_exact,AUD20260828-0079,outputs/zotero_tpp_literature_expansion_20260828/batch_20260828/liteparse/json/04_95TT3IKI.json,Preserved from the previous evidence registry; no machine reinterpretation applied.,legacy_value_type=pi_loading,legacy_registry,pi_loading,accepted,outputs/zotero_tpp_literature_expansion_20260828/batch_20260828/screenshots/95TT3IKI/page_1.png; outputs/zotero_tpp_literature_expansion_20260828/batch_20260828/screenshots/95TT3IKI/page_6.png,outputs/zotero_tpp_literature_expansion_20260828/batch_20260828/liteparse/json/04_95TT3IKI.json,EIK-7e72ddaebdb86115,DUP-7e72ddaebdb86115,1,unique_record
AUD20260828-0080,zotero_95TT3IKI,95TT3IKI,10.1016/j.jphotochem.2007.03.002,"Synthesis, optical and initiating properties of new two-photon polymerization initiators: 2,7-Bis(styryl)anthraquinone derivatives",scanning_speed,"10, 30, 50",µm s−1,,,6,"different linear scan speed of 10, 30 and 50 µm/s","different linear scan speed of 10, 30 and 50 µm/s",R1/R2,,,context,text_exact,high_manual_visual_qc,legacy_accepted_preserved,legacy_evidence_reference,legacy_audited_text_exact,AUD20260828-0080,outputs/zotero_tpp_literature_expansion_20260828/batch_20260828/liteparse/json/04_95TT3IKI.json,Preserved from the previous evidence registry; no machine reinterpretation applied.,legacy_value_type=scanning_speed,legacy_registry,scanning_speed,accepted,outputs/zotero_tpp_literature_expansion_20260828/batch_20260828/screenshots/95TT3IKI/page_1.png; outputs/zotero_tpp_literature_expansion_20260828/batch_20260828/screenshots/95TT3IKI/page_6.png,outputs/zotero_tpp_literature_expansion_20260828/batch_20260828/liteparse/json/04_95TT3IKI.json,EIK-dba6084210a13113,DUP-dba6084210a13113,1,unique_record
AUD20260828-0081,zotero_95TT3IKI,95TT3IKI,10.1016/j.jphotochem.2007.03.002,"Synthesis, optical and initiating properties of new two-photon polymerization initiators: 2,7-Bis(styryl)anthraquinone derivatives",line_width,225,nm,225,nm,6,R1 ... 225 nm ... when the linear scan speed [was] 10 µm/s,R1 ... 225 nm ... when the linear scan speed [was] 10 µm/s,R1; threshold power; 10 µm s−1,,,numeric,text_exact,high_manual_visual_qc,legacy_accepted_preserved,legacy_evidence_reference,legacy_audited_text_exact,AUD20260828-0081,outputs/zotero_tpp_literature_expansion_20260828/batch_20260828/liteparse/json/04_95TT3IKI.json,Preserved from the previous evidence registry; no machine reinterpretation applied.,legacy_value_type=line_width,legacy_registry,line_width,accepted,outputs/zotero_tpp_literature_expansion_20260828/batch_20260828/screenshots/95TT3IKI/page_1.png; outputs/zotero_tpp_literature_expansion_20260828/batch_20260828/screenshots/95TT3IKI/page_6.png,outputs/zotero_tpp_literature_expansion_20260828/batch_20260828/liteparse/json/04_95TT3IKI.json,EIK-80b96df0d6f61e52,DUP-80b96df0d6f61e52,1,unique_record
AUD20260828-0082,zotero_95TT3IKI,95TT3IKI,10.1016/j.jphotochem.2007.03.002,"Synthesis, optical and initiating properties of new two-photon polymerization initiators: 2,7-Bis(styryl)anthraquinone derivatives",line_width,185,nm,185,nm,6,R1 ... 185 nm ... when the linear scan speed [was] 30 µm/s,R1 ... 185 nm ... when the linear scan speed [was] 30 µm/s,R1; threshold power; 30 µm s−1,,,numeric,text_exact,high_manual_visual_qc,legacy_accepted_preserved,legacy_evidence_reference,legacy_audited_text_exact,AUD20260828-0082,outputs/zotero_tpp_literature_expansion_20260828/batch_20260828/liteparse/json/04_95TT3IKI.json,Preserved from the previous evidence registry; no machine reinterpretation applied.,legacy_value_type=line_width,legacy_registry,line_width,accepted,outputs/zotero_tpp_literature_expansion_20260828/batch_20260828/screenshots/95TT3IKI/page_1.png; outputs/zotero_tpp_literature_expansion_20260828/batch_20260828/screenshots/95TT3IKI/page_6.png,outputs/zotero_tpp_literature_expansion_20260828/batch_20260828/liteparse/json/04_95TT3IKI.json,EIK-0d90cf730fbd51d3,DUP-0d90cf730fbd51d3,1,unique_record
AUD20260828-0083,zotero_95TT3IKI,95TT3IKI,10.1016/j.jphotochem.2007.03.002,"Synthesis, optical and initiating properties of new two-photon polymerization initiators: 2,7-Bis(styryl)anthraquinone derivatives",line_width,105,nm,105,nm,6,R1 ... 105 nm at the threshold energy of 3.67 mW,R1 ... 105 nm at the threshold energy of 3.67 mW,R1; threshold power; 50 µm s−1,,,numeric,text_exact,high_manual_visual_qc,legacy_accepted_preserved,legacy_evidence_reference,legacy_audited_text_exact,AUD20260828-0083,outputs/zotero_tpp_literature_expansion_20260828/batch_20260828/liteparse/json/04_95TT3IKI.json,Preserved from the previous evidence registry; no machine reinterpretation applied.,legacy_value_type=line_width,legacy_registry,line_width,accepted,outputs/zotero_tpp_literature_expansion_20260828/batch_20260828/screenshots/95TT3IKI/page_1.png; outputs/zotero_tpp_literature_expansion_20260828/batch_20260828/screenshots/95TT3IKI/page_6.png,outputs/zotero_tpp_literature_expansion_20260828/batch_20260828/liteparse/json/04_95TT3IKI.json,EIK-434c0196154b80aa,DUP-434c0196154b80aa,1,unique_record
AUD20260828-0084,zotero_95TT3IKI,95TT3IKI,10.1016/j.jphotochem.2007.03.002,"Synthesis, optical and initiating properties of new two-photon polymerization initiators: 2,7-Bis(styryl)anthraquinone derivatives",line_width,420,nm,420,nm,6,line width was decreased only to 420 nm,line width was decreased only to 420 nm,R2; threshold power; 50 µm s−1,,,numeric,text_exact,high_manual_visual_qc,legacy_accepted_preserved,legacy_evidence_reference,legacy_audited_text_exact,AUD20260828-0084,outputs/zotero_tpp_literature_expansion_20260828/batch_20260828/liteparse/json/04_95TT3IKI.json,Preserved from the previous evidence registry; no machine reinterpretation applied.,R2 value at the stated high scan-speed condition.; legacy_value_type=line_width,legacy_registry,line_width,accepted,outputs/zotero_tpp_literature_expansion_20260828/batch_20260828/screenshots/95TT3IKI/page_1.png; outputs/zotero_tpp_literature_expansion_20260828/batch_20260828/screenshots/95TT3IKI/page_6.png,outputs/zotero_tpp_literature_expansion_20260828/batch_20260828/liteparse/json/04_95TT3IKI.json,EIK-37590d165bf5734e,DUP-37590d165bf5734e,1,unique_record
AUD20260828-0085,zotero_TSTS6L69,TSTS6L69,10.1002/adfm.200400212,Acrylate-based photopolymer for two-photon microfabrication and photonic applications,photoinitiator,2-benzyl-2-dimethylamino-1-(4-morpholinophenyl)butanone-1 (Irgacure 369),,,,2,The PI used ... was 2-benzyl-2-dimethylamino-1-(4-morpholinophenyl)butanone-1,The PI used ... was 2-benzyl-2-dimethylamino-1-(4-morpholinophenyl)butanone-1,,,,context,text_exact,high_manual_visual_qc,legacy_accepted_preserved,legacy_evidence_reference,legacy_audited_text_exact,AUD20260828-0085,outputs/zotero_tpp_literature_expansion_20260828/batch_20260828/liteparse/json/06_TSTS6L69.json,Preserved from the previous evidence registry; no machine reinterpretation applied.,legacy_value_type=photoinitiator,legacy_registry,photoinitiator,accepted,outputs/zotero_tpp_literature_expansion_20260828/batch_20260828/screenshots/TSTS6L69/page_2.png; outputs/zotero_tpp_literature_expansion_20260828/batch_20260828/screenshots/TSTS6L69/page_4.png,outputs/zotero_tpp_literature_expansion_20260828/batch_20260828/liteparse/json/06_TSTS6L69.json,EIK-a822ceeb274ef6d1,DUP-a822ceeb274ef6d1,1,unique_record
AUD20260828-0086,zotero_TSTS6L69,TSTS6L69,10.1002/adfm.200400212,Acrylate-based photopolymer for two-photon microfabrication and photonic applications,pi_loading,1,wt %,1,wt %,2,1 wt.-% ... of PI was doped into the LN1 resin,1 wt.-% ... of PI was doped into the LN1 resin,LN1 + Irgacure 369,,,numeric,text_exact,high_manual_visual_qc,legacy_accepted_preserved,legacy_evidence_reference,legacy_audited_text_exact,AUD20260828-0086,outputs/zotero_tpp_literature_expansion_20260828/batch_20260828/liteparse/json/06_TSTS6L69.json,Preserved from the previous evidence registry; no machine reinterpretation applied.,legacy_value_type=pi_loading,legacy_registry,pi_loading,accepted,outputs/zotero_tpp_literature_expansion_20260828/batch_20260828/screenshots/TSTS6L69/page_2.png; outputs/zotero_tpp_literature_expansion_20260828/batch_20260828/screenshots/TSTS6L69/page_4.png,outputs/zotero_tpp_literature_expansion_20260828/batch_20260828/liteparse/json/06_TSTS6L69.json,EIK-9565e9e9ce94ebaa,DUP-9565e9e9ce94ebaa,1,unique_record
AUD20260828-0087,zotero_TSTS6L69,TSTS6L69,10.1002/adfm.200400212,Acrylate-based photopolymer for two-photon microfabrication and photonic applications,pi_loading,1.5,wt %,1.5,wt %,2,1.5 wt.-% of PI was doped into the LN1 resin,1.5 wt.-% of PI was doped into the LN1 resin,LN1 + Irgacure 369,,,numeric,text_exact,high_manual_visual_qc,legacy_accepted_preserved,legacy_evidence_reference,legacy_audited_text_exact,AUD20260828-0087,outputs/zotero_tpp_literature_expansion_20260828/batch_20260828/liteparse/json/06_TSTS6L69.json,Preserved from the previous evidence registry; no machine reinterpretation applied.,legacy_value_type=pi_loading,legacy_registry,pi_loading,accepted,outputs/zotero_tpp_literature_expansion_20260828/batch_20260828/screenshots/TSTS6L69/page_2.png; outputs/zotero_tpp_literature_expansion_20260828/batch_20260828/screenshots/TSTS6L69/page_4.png,outputs/zotero_tpp_literature_expansion_20260828/batch_20260828/liteparse/json/06_TSTS6L69.json,EIK-30c52cbb14f07979,DUP-30c52cbb14f07979,1,unique_record
AUD20260828-0088,zotero_TSTS6L69,TSTS6L69,10.1002/adfm.200400212,Acrylate-based photopolymer for two-photon microfabrication and photonic applications,pi_loading_sufficient_range,1–5,wt %,1–5,wt %,2,A loading of 1–5 wt.-% for Irgacure 369 is sufficient,A loading of 1–5 wt.-% for Irgacure 369 is sufficient,LN1 + Irgacure 369,,,claim_only,text_exact,high_manual_visual_qc,legacy_accepted_preserved,legacy_evidence_reference,legacy_audited_text_exact,AUD20260828-0088,outputs/zotero_tpp_literature_expansion_20260828/batch_20260828/liteparse/json/06_TSTS6L69.json,Preserved from the previous evidence registry; no machine reinterpretation applied.,legacy_value_type=pi_loading_sufficient_range,legacy_registry,pi_loading_sufficient_range,accepted,outputs/zotero_tpp_literature_expansion_20260828/batch_20260828/screenshots/TSTS6L69/page_2.png; outputs/zotero_tpp_literature_expansion_20260828/batch_20260828/screenshots/TSTS6L69/page_4.png,outputs/zotero_tpp_literature_expansion_20260828/batch_20260828/liteparse/json/06_TSTS6L69.json,EIK-72e4ac2318d06cbf,DUP-72e4ac2318d06cbf,1,unique_record
AUD20260828-0089,zotero_TSTS6L69,TSTS6L69,10.1002/adfm.200400212,Acrylate-based photopolymer for two-photon microfabrication and photonic applications,resin,LN1,,,,2,LN1 resin was formulated,LN1 resin was formulated,,,,context,text_exact,high_manual_visual_qc,legacy_accepted_preserved,legacy_evidence_reference,legacy_audited_text_exact,AUD20260828-0089,outputs/zotero_tpp_literature_expansion_20260828/batch_20260828/liteparse/json/06_TSTS6L69.json,Preserved from the previous evidence registry; no machine reinterpretation applied.,legacy_value_type=resin,legacy_registry,resin,accepted,outputs/zotero_tpp_literature_expansion_20260828/batch_20260828/screenshots/TSTS6L69/page_2.png; outputs/zotero_tpp_literature_expansion_20260828/batch_20260828/screenshots/TSTS6L69/page_4.png,outputs/zotero_tpp_literature_expansion_20260828/batch_20260828/liteparse/json/06_TSTS6L69.json,EIK-8626cd6043bab6be,DUP-8626cd6043bab6be,1,unique_record
AUD20260828-0090,zotero_TSTS6L69,TSTS6L69,10.1002/adfm.200400212,Acrylate-based photopolymer for two-photon microfabrication and photonic applications,photopolymerization_irradiance,60,mW cm−2,60,mW cm−2,4,effect of PI concentration ... at an intensity of 60 mW cm−2,effect of PI concentration ... at an intensity of 60 mW cm−2,LN1 + Irgacure 369,,Figure 1,numeric,text_exact,high_manual_visual_qc,legacy_accepted_preserved,legacy_evidence_reference,legacy_audited_text_exact,AUD20260828-0090,outputs/zotero_tpp_literature_expansion_20260828/batch_20260828/liteparse/json/06_TSTS6L69.json,Preserved from the previous evidence registry; no machine reinterpretation applied.,legacy_value_type=photopolymerization_irradiance,legacy_registry,photopolymerization_irradiance,accepted,outputs/zotero_tpp_literature_expansion_20260828/batch_20260828/screenshots/TSTS6L69/page_2.png; outputs/zotero_tpp_literature_expansion_20260828/batch_20260828/screenshots/TSTS6L69/page_4.png,outputs/zotero_tpp_literature_expansion_20260828/batch_20260828/liteparse/json/06_TSTS6L69.json,EIK-67f8800250e433b6,DUP-67f8800250e433b6,1,unique_record
AUD20260828-0091,zotero_TSTS6L69,TSTS6L69,10.1002/adfm.200400212,Acrylate-based photopolymer for two-photon microfabrication and photonic applications,photopolymerization_irradiance_levels,"30, 60, 100",mW cm−2,,,4,"influence of light intensity ... 100, 60 and 30 mW cm−2","influence of light intensity ... 100, 60 and 30 mW cm−2",,,Figure 1,context,text_exact,high_manual_visual_qc,legacy_accepted_preserved,legacy_evidence_reference,legacy_audited_text_exact,AUD20260828-0091,outputs/zotero_tpp_literature_expansion_20260828/batch_20260828/liteparse/json/06_TSTS6L69.json,Preserved from the previous evidence registry; no machine reinterpretation applied.,legacy_value_type=photopolymerization_irradiance_levels,legacy_registry,photopolymerization_irradiance_levels,accepted,outputs/zotero_tpp_literature_expansion_20260828/batch_20260828/screenshots/TSTS6L69/page_2.png; outputs/zotero_tpp_literature_expansion_20260828/batch_20260828/screenshots/TSTS6L69/page_4.png,outputs/zotero_tpp_literature_expansion_20260828/batch_20260828/liteparse/json/06_TSTS6L69.json,EIK-b3b049c3b8d8c4cb,DUP-b3b049c3b8d8c4cb,1,unique_record
AUD20260828-0092,zotero_RK5TXPZ5,RK5TXPZ5,10.1364/OE.6.000064,Two-photon holography in 3-D photopolymer host-guest matrix,laser_wavelength,710,nm,710,nm,1,Ti:Sapphire tunable laser operating at 710 nm,Ti:Sapphire tunable laser operating at 710 nm,,,,numeric,text_exact,high_manual_visual_qc,legacy_accepted_preserved,legacy_evidence_reference,legacy_audited_text_exact,AUD20260828-0092,outputs/zotero_tpp_literature_expansion_20260828/batch_20260828/liteparse/json/08_RK5TXPZ5.json,Preserved from the previous evidence registry; no machine reinterpretation applied.,legacy_value_type=laser_wavelength,legacy_registry,laser_wavelength,accepted,outputs/zotero_tpp_literature_expansion_20260828/batch_20260828/screenshots/RK5TXPZ5/page_1.png; outputs/zotero_tpp_literature_expansion_20260828/batch_20260828/screenshots/RK5TXPZ5/page_2.png; outputs/zotero_tpp_literature_expansion_20260828/batch_20260828/screenshots/RK5TXPZ5/page_5.png,outputs/zotero_tpp_literature_expansion_20260828/batch_20260828/liteparse/json/08_RK5TXPZ5.json,EIK-1955aabd6abe3cba,DUP-1955aabd6abe3cba,1,unique_record
AUD20260828-0093,zotero_RK5TXPZ5,RK5TXPZ5,10.1364/OE.6.000064,Two-photon holography in 3-D photopolymer host-guest matrix,pulse_duration,200,fs,200,fs,1,200 femtosecond Ti:Sapphire ... laser,200 femtosecond Ti:Sapphire ... laser,,,,numeric,text_exact,high_manual_visual_qc,legacy_accepted_preserved,legacy_evidence_reference,legacy_audited_text_exact,AUD20260828-0093,outputs/zotero_tpp_literature_expansion_20260828/batch_20260828/liteparse/json/08_RK5TXPZ5.json,Preserved from the previous evidence registry; no machine reinterpretation applied.,legacy_value_type=pulse_duration,legacy_registry,pulse_duration,accepted,outputs/zotero_tpp_literature_expansion_20260828/batch_20260828/screenshots/RK5TXPZ5/page_1.png; outputs/zotero_tpp_literature_expansion_20260828/batch_20260828/screenshots/RK5TXPZ5/page_2.png; outputs/zotero_tpp_literature_expansion_20260828/batch_20260828/screenshots/RK5TXPZ5/page_5.png,outputs/zotero_tpp_literature_expansion_20260828/batch_20260828/liteparse/json/08_RK5TXPZ5.json,EIK-e492711c28b6c63a,DUP-e492711c28b6c63a,1,unique_record
AUD20260828-0094,zotero_RK5TXPZ5,RK5TXPZ5,10.1364/OE.6.000064,Two-photon holography in 3-D photopolymer host-guest matrix,pulse_repetition_rate,76,MHz,76,MHz,2,mode-locked 76 MHz Ti:Sapphire laser,mode-locked 76 MHz Ti:Sapphire laser,,,,numeric,text_exact,high_manual_visual_qc,legacy_accepted_preserved,legacy_evidence_reference,legacy_audited_text_exact,AUD20260828-0094,outputs/zotero_tpp_literature_expansion_20260828/batch_20260828/liteparse/json/08_RK5TXPZ5.json,Preserved from the previous evidence registry; no machine reinterpretation applied.,legacy_value_type=pulse_repetition_rate,legacy_registry,pulse_repetition_rate,accepted,outputs/zotero_tpp_literature_expansion_20260828/batch_20260828/screenshots/RK5TXPZ5/page_1.png; outputs/zotero_tpp_literature_expansion_20260828/batch_20260828/screenshots/RK5TXPZ5/page_2.png; outputs/zotero_tpp_literature_expansion_20260828/batch_20260828/screenshots/RK5TXPZ5/page_5.png,outputs/zotero_tpp_literature_expansion_20260828/batch_20260828/liteparse/json/08_RK5TXPZ5.json,EIK-da86c799c58ee054,DUP-da86c799c58ee054,1,unique_record
AUD20260828-0095,zotero_RK5TXPZ5,RK5TXPZ5,10.1364/OE.6.000064,Two-photon holography in 3-D photopolymer host-guest matrix,diffraction_efficiency,3.5,%,3.5,%,1,Measured diffraction efficiency ... 3.5%,Measured diffraction efficiency ... 3.5%,,,,numeric,text_exact,high_manual_visual_qc,legacy_accepted_preserved,legacy_evidence_reference,legacy_audited_text_exact,AUD20260828-0095,outputs/zotero_tpp_literature_expansion_20260828/batch_20260828/liteparse/json/08_RK5TXPZ5.json,Preserved from the previous evidence registry; no machine reinterpretation applied.,legacy_value_type=diffraction_efficiency,legacy_registry,diffraction_efficiency,accepted,outputs/zotero_tpp_literature_expansion_20260828/batch_20260828/screenshots/RK5TXPZ5/page_1.png; outputs/zotero_tpp_literature_expansion_20260828/batch_20260828/screenshots/RK5TXPZ5/page_2.png; outputs/zotero_tpp_literature_expansion_20260828/batch_20260828/screenshots/RK5TXPZ5/page_5.png,outputs/zotero_tpp_literature_expansion_20260828/batch_20260828/liteparse/json/08_RK5TXPZ5.json,EIK-67bff37424ae2c78,DUP-67bff37424ae2c78,1,unique_record
AUD20260828-0096,zotero_RK5TXPZ5,RK5TXPZ5,10.1364/OE.6.000064,Two-photon holography in 3-D photopolymer host-guest matrix,photoinitiator,Benzil-Di-Methyl-Ketal (BDMK),,,,2,BDMK was used as two-photon photoinitiator,BDMK was used as two-photon photoinitiator,,,,context,text_exact,high_manual_visual_qc,legacy_accepted_preserved,legacy_evidence_reference,legacy_audited_text_exact,AUD20260828-0096,outputs/zotero_tpp_literature_expansion_20260828/batch_20260828/liteparse/json/08_RK5TXPZ5.json,Preserved from the previous evidence registry; no machine reinterpretation applied.,legacy_value_type=photoinitiator,legacy_registry,photoinitiator,accepted,outputs/zotero_tpp_literature_expansion_20260828/batch_20260828/screenshots/RK5TXPZ5/page_1.png; outputs/zotero_tpp_literature_expansion_20260828/batch_20260828/screenshots/RK5TXPZ5/page_2.png; outputs/zotero_tpp_literature_expansion_20260828/batch_20260828/screenshots/RK5TXPZ5/page_5.png,outputs/zotero_tpp_literature_expansion_20260828/batch_20260828/liteparse/json/08_RK5TXPZ5.json,EIK-640da75b12119d47,DUP-640da75b12119d47,1,unique_record
AUD20260828-0097,zotero_RK5TXPZ5,RK5TXPZ5,10.1364/OE.6.000064,Two-photon holography in 3-D photopolymer host-guest matrix,two_photon_threshold_intensity,~0.38,GW cm−2,~0.38,GW cm−2,2,two-photon threshold ... as low as .38 GW/cm²,two-photon threshold ... as low as .38 GW/cm²,DPEPA + BDMK,,,numeric,text_exact,high_manual_visual_qc,legacy_accepted_preserved,legacy_evidence_reference,legacy_audited_text_exact,AUD20260828-0097,outputs/zotero_tpp_literature_expansion_20260828/batch_20260828/liteparse/json/08_RK5TXPZ5.json,Preserved from the previous evidence registry; no machine reinterpretation applied.,Minimum/approximate value as reported.; legacy_value_type=two_photon_threshold_intensity,legacy_registry,two_photon_threshold_intensity,accepted,outputs/zotero_tpp_literature_expansion_20260828/batch_20260828/screenshots/RK5TXPZ5/page_1.png; outputs/zotero_tpp_literature_expansion_20260828/batch_20260828/screenshots/RK5TXPZ5/page_2.png; outputs/zotero_tpp_literature_expansion_20260828/batch_20260828/screenshots/RK5TXPZ5/page_5.png,outputs/zotero_tpp_literature_expansion_20260828/batch_20260828/liteparse/json/08_RK5TXPZ5.json,EIK-459017dd1e0ae933,DUP-459017dd1e0ae933,1,unique_record
AUD20260828-0098,zotero_RK5TXPZ5,RK5TXPZ5,10.1364/OE.6.000064,Two-photon holography in 3-D photopolymer host-guest matrix,pi_loading,2,wt %,2,wt %,2,concentration of initiator BDMK was 2 wt.%,concentration of initiator BDMK was 2 wt.%,DPEPA + BDMK,,,numeric,text_exact,high_manual_visual_qc,legacy_accepted_preserved,legacy_evidence_reference,legacy_audited_text_exact,AUD20260828-0098,outputs/zotero_tpp_literature_expansion_20260828/batch_20260828/liteparse/json/08_RK5TXPZ5.json,Preserved from the previous evidence registry; no machine reinterpretation applied.,legacy_value_type=pi_loading,legacy_registry,pi_loading,accepted,outputs/zotero_tpp_literature_expansion_20260828/batch_20260828/screenshots/RK5TXPZ5/page_1.png; outputs/zotero_tpp_literature_expansion_20260828/batch_20260828/screenshots/RK5TXPZ5/page_2.png; outputs/zotero_tpp_literature_expansion_20260828/batch_20260828/screenshots/RK5TXPZ5/page_5.png,outputs/zotero_tpp_literature_expansion_20260828/batch_20260828/liteparse/json/08_RK5TXPZ5.json,EIK-a53cf9127c527901,DUP-a53cf9127c527901,1,unique_record
AUD20260828-0099,zotero_RK5TXPZ5,RK5TXPZ5,10.1364/OE.6.000064,Two-photon holography in 3-D photopolymer host-guest matrix,pi_loading,1–2,wt %,1–2,wt %,2,1–2 wt.% of BDMK as two-photon photoinitiator,1–2 wt.% of BDMK as two-photon photoinitiator,Epotek-301 host-guest system,,,context,text_exact,high_manual_visual_qc,legacy_accepted_preserved,legacy_evidence_reference,legacy_audited_text_exact,AUD20260828-0099,outputs/zotero_tpp_literature_expansion_20260828/batch_20260828/liteparse/json/08_RK5TXPZ5.json,Preserved from the previous evidence registry; no machine reinterpretation applied.,legacy_value_type=pi_loading,legacy_registry,pi_loading,accepted,outputs/zotero_tpp_literature_expansion_20260828/batch_20260828/screenshots/RK5TXPZ5/page_1.png; outputs/zotero_tpp_literature_expansion_20260828/batch_20260828/screenshots/RK5TXPZ5/page_2.png; outputs/zotero_tpp_literature_expansion_20260828/batch_20260828/screenshots/RK5TXPZ5/page_5.png,outputs/zotero_tpp_literature_expansion_20260828/batch_20260828/liteparse/json/08_RK5TXPZ5.json,EIK-f334f60206194b2f,DUP-f334f60206194b2f,1,unique_record
AUD20260828-0100,zotero_RK5TXPZ5,RK5TXPZ5,10.1364/OE.6.000064,Two-photon holography in 3-D photopolymer host-guest matrix,refractive_index_change,0.0394,Δn,0.0394,Δn,2,index-of-refraction changes ... up to Δn = .0394,index-of-refraction changes ... up to Δn = .0394,,,,numeric,text_exact,high_manual_visual_qc,legacy_accepted_preserved,legacy_evidence_reference,legacy_audited_text_exact,AUD20260828-0100,outputs/zotero_tpp_literature_expansion_20260828/batch_20260828/liteparse/json/08_RK5TXPZ5.json,Preserved from the previous evidence registry; no machine reinterpretation applied.,legacy_value_type=refractive_index_change,legacy_registry,refractive_index_change,accepted,outputs/zotero_tpp_literature_expansion_20260828/batch_20260828/screenshots/RK5TXPZ5/page_1.png; outputs/zotero_tpp_literature_expansion_20260828/batch_20260828/screenshots/RK5TXPZ5/page_2.png; outputs/zotero_tpp_literature_expansion_20260828/batch_20260828/screenshots/RK5TXPZ5/page_5.png,outputs/zotero_tpp_literature_expansion_20260828/batch_20260828/liteparse/json/08_RK5TXPZ5.json,EIK-07494be175441c5f,DUP-07494be175441c5f,1,unique_record
AUD20260828-0101,zotero_RK5TXPZ5,RK5TXPZ5,10.1364/OE.6.000064,Two-photon holography in 3-D photopolymer host-guest matrix,initial_refractive_index,1.4885,n,1.4885,n,2,Initial refractive index of 1.4885,Initial refractive index of 1.4885,,,,numeric,text_exact,high_manual_visual_qc,legacy_accepted_preserved,legacy_evidence_reference,legacy_audited_text_exact,AUD20260828-0101,outputs/zotero_tpp_literature_expansion_20260828/batch_20260828/liteparse/json/08_RK5TXPZ5.json,Preserved from the previous evidence registry; no machine reinterpretation applied.,legacy_value_type=initial_refractive_index,legacy_registry,initial_refractive_index,accepted,outputs/zotero_tpp_literature_expansion_20260828/batch_20260828/screenshots/RK5TXPZ5/page_1.png; outputs/zotero_tpp_literature_expansion_20260828/batch_20260828/screenshots/RK5TXPZ5/page_2.png; outputs/zotero_tpp_literature_expansion_20260828/batch_20260828/screenshots/RK5TXPZ5/page_5.png,outputs/zotero_tpp_literature_expansion_20260828/batch_20260828/liteparse/json/08_RK5TXPZ5.json,EIK-ca526c1f3424c47a,DUP-ca526c1f3424c47a,1,unique_record
AUD20260828-0102,zotero_RK5TXPZ5,RK5TXPZ5,10.1364/OE.6.000064,Two-photon holography in 3-D photopolymer host-guest matrix,polymerized_refractive_index,1.5279,n,1.5279,n,2,increasing ... up to 1.5279,increasing ... up to 1.5279,,,,numeric,text_exact,high_manual_visual_qc,legacy_accepted_preserved,legacy_evidence_reference,legacy_audited_text_exact,AUD20260828-0102,outputs/zotero_tpp_literature_expansion_20260828/batch_20260828/liteparse/json/08_RK5TXPZ5.json,Preserved from the previous evidence registry; no machine reinterpretation applied.,legacy_value_type=polymerized_refractive_index,legacy_registry,polymerized_refractive_index,accepted,outputs/zotero_tpp_literature_expansion_20260828/batch_20260828/screenshots/RK5TXPZ5/page_1.png; outputs/zotero_tpp_literature_expansion_20260828/batch_20260828/screenshots/RK5TXPZ5/page_2.png; outputs/zotero_tpp_literature_expansion_20260828/batch_20260828/screenshots/RK5TXPZ5/page_5.png,outputs/zotero_tpp_literature_expansion_20260828/batch_20260828/liteparse/json/08_RK5TXPZ5.json,EIK-34ea549502d1f16c,DUP-34ea549502d1f16c,1,unique_record
AUD20260828-0103,zotero_RK5TXPZ5,RK5TXPZ5,10.1364/OE.6.000064,Two-photon holography in 3-D photopolymer host-guest matrix,epoxy_fraction,40,wt %,40,wt %,2,40 wt.% of epoxy was used,40 wt.% of epoxy was used,Epotek-301 host-guest system,,,numeric,text_exact,high_manual_visual_qc,legacy_accepted_preserved,legacy_evidence_reference,legacy_audited_text_exact,AUD20260828-0103,outputs/zotero_tpp_literature_expansion_20260828/batch_20260828/liteparse/json/08_RK5TXPZ5.json,Preserved from the previous evidence registry; no machine reinterpretation applied.,legacy_value_type=epoxy_fraction,legacy_registry,epoxy_fraction,accepted,outputs/zotero_tpp_literature_expansion_20260828/batch_20260828/screenshots/RK5TXPZ5/page_1.png; outputs/zotero_tpp_literature_expansion_20260828/batch_20260828/screenshots/RK5TXPZ5/page_2.png; outputs/zotero_tpp_literature_expansion_20260828/batch_20260828/screenshots/RK5TXPZ5/page_5.png,outputs/zotero_tpp_literature_expansion_20260828/batch_20260828/liteparse/json/08_RK5TXPZ5.json,EIK-27d5307e86e4de4f,DUP-27d5307e86e4de4f,1,unique_record
AUD20260828-0104,zotero_6ZQ3VP63,6ZQ3VP63,10.1038/17989,Two-photon polymerization initiators for three-dimensional optical data storage and microfabrication,sigma_2pa,210,10−50 cm4 s photon−1 (GM),210,10−50 cm4 s photon−1 (GM),2,"Table 1: compound 1, δ = 210 at 600 nm","Table 1: compound 1, δ = 210 at 600 nm",compound 1,600,Table 1,numeric,text_exact,high_manual_visual_qc,legacy_accepted_preserved,legacy_evidence_reference,legacy_audited_text_exact,AUD20260828-0104,outputs/zotero_tpp_literature_expansion_20260828/batch_20260828/liteparse/json/09_6ZQ3VP63.json,Preserved from the previous evidence registry; no machine reinterpretation applied.,legacy_value_type=sigma_2pa,legacy_registry,sigma_2pa,accepted,outputs/zotero_tpp_literature_expansion_20260828/batch_20260828/screenshots/6ZQ3VP63/page_2.png; outputs/zotero_tpp_literature_expansion_20260828/batch_20260828/screenshots/6ZQ3VP63/page_3.png,outputs/zotero_tpp_literature_expansion_20260828/batch_20260828/liteparse/json/09_6ZQ3VP63.json,EIK-f5e690b29ac0dc2e,DUP-f5e690b29ac0dc2e,1,unique_record
AUD20260828-0105,zotero_6ZQ3VP63,6ZQ3VP63,10.1038/17989,Two-photon polymerization initiators for three-dimensional optical data storage and microfabrication,sigma_2pa,260,10−50 cm4 s photon−1 (GM),260,10−50 cm4 s photon−1 (GM),2,"Table 1: compound 6, δ = 260 at 645 nm","Table 1: compound 6, δ = 260 at 645 nm",compound 6,645,Table 1,numeric,text_exact,high_manual_visual_qc,legacy_accepted_preserved,legacy_evidence_reference,legacy_audited_text_exact,AUD20260828-0105,outputs/zotero_tpp_literature_expansion_20260828/batch_20260828/liteparse/json/09_6ZQ3VP63.json,Preserved from the previous evidence registry; no machine reinterpretation applied.,legacy_value_type=sigma_2pa,legacy_registry,sigma_2pa,accepted,outputs/zotero_tpp_literature_expansion_20260828/batch_20260828/screenshots/6ZQ3VP63/page_2.png; outputs/zotero_tpp_literature_expansion_20260828/batch_20260828/screenshots/6ZQ3VP63/page_3.png,outputs/zotero_tpp_literature_expansion_20260828/batch_20260828/liteparse/json/09_6ZQ3VP63.json,EIK-682afd11efdc39bd,DUP-682afd11efdc39bd,1,unique_record
AUD20260828-0106,zotero_6ZQ3VP63,6ZQ3VP63,10.1038/17989,Two-photon polymerization initiators for three-dimensional optical data storage and microfabrication,sigma_2pa,995,10−50 cm4 s photon−1 (GM),995,10−50 cm4 s photon−1 (GM),2,"Table 1: compound 7, δ = 995 at 730 nm","Table 1: compound 7, δ = 995 at 730 nm",compound 7,730,Table 1,numeric,text_exact,high_manual_visual_qc,legacy_accepted_preserved,legacy_evidence_reference,legacy_audited_text_exact,AUD20260828-0106,outputs/zotero_tpp_literature_expansion_20260828/batch_20260828/liteparse/json/09_6ZQ3VP63.json,Preserved from the previous evidence registry; no machine reinterpretation applied.,legacy_value_type=sigma_2pa,legacy_registry,sigma_2pa,accepted,outputs/zotero_tpp_literature_expansion_20260828/batch_20260828/screenshots/6ZQ3VP63/page_2.png; outputs/zotero_tpp_literature_expansion_20260828/batch_20260828/screenshots/6ZQ3VP63/page_3.png,outputs/zotero_tpp_literature_expansion_20260828/batch_20260828/liteparse/json/09_6ZQ3VP63.json,EIK-89f63958313b1e5c,DUP-89f63958313b1e5c,1,unique_record
AUD20260828-0107,zotero_6ZQ3VP63,6ZQ3VP63,10.1038/17989,Two-photon polymerization initiators for three-dimensional optical data storage and microfabrication,sigma_2pa,900,10−50 cm4 s photon−1 (GM),900,10−50 cm4 s photon−1 (GM),2,"Table 1: compound 8, δ = 900 at 730 nm","Table 1: compound 8, δ = 900 at 730 nm",compound 8,730,Table 1,numeric,text_exact,high_manual_visual_qc,legacy_accepted_preserved,legacy_evidence_reference,legacy_audited_text_exact,AUD20260828-0107,outputs/zotero_tpp_literature_expansion_20260828/batch_20260828/liteparse/json/09_6ZQ3VP63.json,Preserved from the previous evidence registry; no machine reinterpretation applied.,legacy_value_type=sigma_2pa,legacy_registry,sigma_2pa,accepted,outputs/zotero_tpp_literature_expansion_20260828/batch_20260828/screenshots/6ZQ3VP63/page_2.png; outputs/zotero_tpp_literature_expansion_20260828/batch_20260828/screenshots/6ZQ3VP63/page_3.png,outputs/zotero_tpp_literature_expansion_20260828/batch_20260828/liteparse/json/09_6ZQ3VP63.json,EIK-fc0fd2e58926422b,DUP-fc0fd2e58926422b,1,unique_record
AUD20260828-0108,zotero_6ZQ3VP63,6ZQ3VP63,10.1038/17989,Two-photon polymerization initiators for three-dimensional optical data storage and microfabrication,sigma_2pa,1250,10−50 cm4 s photon−1 (GM),1250,10−50 cm4 s photon−1 (GM),2,"Table 1: compound 9, δ = 1250 at 775 nm","Table 1: compound 9, δ = 1250 at 775 nm",compound 9,775,Table 1,numeric,text_exact,high_manual_visual_qc,legacy_accepted_preserved,legacy_evidence_reference,legacy_audited_text_exact,AUD20260828-0108,outputs/zotero_tpp_literature_expansion_20260828/batch_20260828/liteparse/json/09_6ZQ3VP63.json,Preserved from the previous evidence registry; no machine reinterpretation applied.,legacy_value_type=sigma_2pa,legacy_registry,sigma_2pa,accepted,outputs/zotero_tpp_literature_expansion_20260828/batch_20260828/screenshots/6ZQ3VP63/page_2.png; outputs/zotero_tpp_literature_expansion_20260828/batch_20260828/screenshots/6ZQ3VP63/page_3.png,outputs/zotero_tpp_literature_expansion_20260828/batch_20260828/liteparse/json/09_6ZQ3VP63.json,EIK-35a7d0f873c1827b,DUP-35a7d0f873c1827b,1,unique_record
AUD20260828-0109,zotero_6ZQ3VP63,6ZQ3VP63,10.1038/17989,Two-photon polymerization initiators for three-dimensional optical data storage and microfabrication,polymerization_threshold_energy,0.3,mJ,0.3,mJ,2,Compounds 1 and 6 ... Eth = 0.3 mJ,Compounds 1 and 6 ... Eth = 0.3 mJ,compounds 1 and 6,,,numeric,text_exact,high_manual_visual_qc,legacy_accepted_preserved,legacy_evidence_reference,legacy_audited_text_exact,AUD20260828-0109,outputs/zotero_tpp_literature_expansion_20260828/batch_20260828/liteparse/json/09_6ZQ3VP63.json,Preserved from the previous evidence registry; no machine reinterpretation applied.,legacy_value_type=polymerization_threshold_energy,legacy_registry,polymerization_threshold_energy,accepted,outputs/zotero_tpp_literature_expansion_20260828/batch_20260828/screenshots/6ZQ3VP63/page_2.png; outputs/zotero_tpp_literature_expansion_20260828/batch_20260828/screenshots/6ZQ3VP63/page_3.png,outputs/zotero_tpp_literature_expansion_20260828/batch_20260828/liteparse/json/09_6ZQ3VP63.json,EIK-b00f20aa46bb5e4f,DUP-b00f20aa46bb5e4f,1,unique_record
AUD20260828-0110,zotero_6ZQ3VP63,6ZQ3VP63,10.1038/17989,Two-photon polymerization initiators for three-dimensional optical data storage and microfabrication,polymerization_threshold_energy,0.2,mJ,0.2,mJ,2,"for 8, Eth for 730-nm, 5-ns pulses was as low as 0.2 mJ","for 8, Eth for 730-nm, 5-ns pulses was as low as 0.2 mJ",compound 8,730,,numeric,text_exact,high_manual_visual_qc,legacy_accepted_preserved,legacy_evidence_reference,legacy_audited_text_exact,AUD20260828-0110,outputs/zotero_tpp_literature_expansion_20260828/batch_20260828/liteparse/json/09_6ZQ3VP63.json,Preserved from the previous evidence registry; no machine reinterpretation applied.,legacy_value_type=polymerization_threshold_energy,legacy_registry,polymerization_threshold_energy,accepted,outputs/zotero_tpp_literature_expansion_20260828/batch_20260828/screenshots/6ZQ3VP63/page_2.png; outputs/zotero_tpp_literature_expansion_20260828/batch_20260828/screenshots/6ZQ3VP63/page_3.png,outputs/zotero_tpp_literature_expansion_20260828/batch_20260828/liteparse/json/09_6ZQ3VP63.json,EIK-6a3843b345b89837,DUP-6a3843b345b89837,1,unique_record
AUD20260828-0111,zotero_6ZQ3VP63,6ZQ3VP63,10.1038/17989,Two-photon polymerization initiators for three-dimensional optical data storage and microfabrication,pulse_duration,5,ns,5,ns,2,"730-nm, 5-ns pulses","730-nm, 5-ns pulses",compound 8,730,,numeric,text_exact,high_manual_visual_qc,legacy_accepted_preserved,legacy_evidence_reference,legacy_audited_text_exact,AUD20260828-0111,outputs/zotero_tpp_literature_expansion_20260828/batch_20260828/liteparse/json/09_6ZQ3VP63.json,Preserved from the previous evidence registry; no machine reinterpretation applied.,legacy_value_type=pulse_duration,legacy_registry,pulse_duration,accepted,outputs/zotero_tpp_literature_expansion_20260828/batch_20260828/screenshots/6ZQ3VP63/page_2.png; outputs/zotero_tpp_literature_expansion_20260828/batch_20260828/screenshots/6ZQ3VP63/page_3.png,outputs/zotero_tpp_literature_expansion_20260828/batch_20260828/liteparse/json/09_6ZQ3VP63.json,EIK-60b4ad0a7b85eb9c,DUP-60b4ad0a7b85eb9c,1,unique_record
AUD20260828-0112,zotero_6ZQ3VP63,6ZQ3VP63,10.1038/17989,Two-photon polymerization initiators for three-dimensional optical data storage and microfabrication,pi_loading,0.1,%,0.1,%,3,resins consisted of 0.1% photoinitiator (8 or 9),resins consisted of 0.1% photoinitiator (8 or 9),compounds 8 or 9,,,context,text_exact,high_manual_visual_qc,legacy_accepted_preserved,legacy_evidence_reference,legacy_audited_text_exact,AUD20260828-0112,outputs/zotero_tpp_literature_expansion_20260828/batch_20260828/liteparse/json/09_6ZQ3VP63.json,Preserved from the previous evidence registry; no machine reinterpretation applied.,Caption percentage retained without imposing wt% basis.; legacy_value_type=pi_loading,legacy_registry,pi_loading,accepted,outputs/zotero_tpp_literature_expansion_20260828/batch_20260828/screenshots/6ZQ3VP63/page_2.png; outputs/zotero_tpp_literature_expansion_20260828/batch_20260828/screenshots/6ZQ3VP63/page_3.png,outputs/zotero_tpp_literature_expansion_20260828/batch_20260828/liteparse/json/09_6ZQ3VP63.json,EIK-85392b7709f7d514,DUP-85392b7709f7d514,1,unique_record
AUD20260828-0113,zotero_6ZQ3VP63,6ZQ3VP63,10.1038/17989,Two-photon polymerization initiators for three-dimensional optical data storage and microfabrication,writing_threshold_power,200,µW,200,µW,3,threshold power for writing ... 200 µW for 8 at 730 nm,threshold power for writing ... 200 µW for 8 at 730 nm,compound 8,730,,numeric,text_exact,high_manual_visual_qc,legacy_accepted_preserved,legacy_evidence_reference,legacy_audited_text_exact,AUD20260828-0113,outputs/zotero_tpp_literature_expansion_20260828/batch_20260828/liteparse/json/09_6ZQ3VP63.json,Preserved from the previous evidence registry; no machine reinterpretation applied.,legacy_value_type=writing_threshold_power,legacy_registry,writing_threshold_power,accepted,outputs/zotero_tpp_literature_expansion_20260828/batch_20260828/screenshots/6ZQ3VP63/page_2.png; outputs/zotero_tpp_literature_expansion_20260828/batch_20260828/screenshots/6ZQ3VP63/page_3.png,outputs/zotero_tpp_literature_expansion_20260828/batch_20260828/liteparse/json/09_6ZQ3VP63.json,EIK-f3d9db02a3fa6d92,DUP-f3d9db02a3fa6d92,1,unique_record
AUD20260828-0114,zotero_6ZQ3VP63,6ZQ3VP63,10.1038/17989,Two-photon polymerization initiators for three-dimensional optical data storage and microfabrication,writing_threshold_power,300,µW,300,µW,3,300 µW for 9 at 800 nm,300 µW for 9 at 800 nm,compound 9,800,,numeric,text_exact,high_manual_visual_qc,legacy_accepted_preserved,legacy_evidence_reference,legacy_audited_text_exact,AUD20260828-0114,outputs/zotero_tpp_literature_expansion_20260828/batch_20260828/liteparse/json/09_6ZQ3VP63.json,Preserved from the previous evidence registry; no machine reinterpretation applied.,legacy_value_type=writing_threshold_power,legacy_registry,writing_threshold_power,accepted,outputs/zotero_tpp_literature_expansion_20260828/batch_20260828/screenshots/6ZQ3VP63/page_2.png; outputs/zotero_tpp_literature_expansion_20260828/batch_20260828/screenshots/6ZQ3VP63/page_3.png,outputs/zotero_tpp_literature_expansion_20260828/batch_20260828/liteparse/json/09_6ZQ3VP63.json,EIK-c5169d496ff1720f,DUP-c5169d496ff1720f,1,unique_record
AUD20260828-0115,zotero_6ZQ3VP63,6ZQ3VP63,10.1038/17989,Two-photon polymerization initiators for three-dimensional optical data storage and microfabrication,laser_wavelength,730,nm,730,nm,3,near the two-photon absorption peak ... compound 8,near the two-photon absorption peak ... compound 8,compound 8,,,context,text_exact,high_manual_visual_qc,legacy_accepted_preserved,legacy_evidence_reference,legacy_audited_text_exact,AUD20260828-0115,outputs/zotero_tpp_literature_expansion_20260828/batch_20260828/liteparse/json/09_6ZQ3VP63.json,Preserved from the previous evidence registry; no machine reinterpretation applied.,legacy_value_type=laser_wavelength,legacy_registry,laser_wavelength,accepted,outputs/zotero_tpp_literature_expansion_20260828/batch_20260828/screenshots/6ZQ3VP63/page_2.png; outputs/zotero_tpp_literature_expansion_20260828/batch_20260828/screenshots/6ZQ3VP63/page_3.png,outputs/zotero_tpp_literature_expansion_20260828/batch_20260828/liteparse/json/09_6ZQ3VP63.json,EIK-ed92311d648f2c44,DUP-ed92311d648f2c44,1,unique_record
AUD20260828-0116,zotero_6ZQ3VP63,6ZQ3VP63,10.1038/17989,Two-photon polymerization initiators for three-dimensional optical data storage and microfabrication,laser_wavelength,800,nm,800,nm,3,300 µW for 9 at 800 nm,300 µW for 9 at 800 nm,compound 9,,,context,text_exact,high_manual_visual_qc,legacy_accepted_preserved,legacy_evidence_reference,legacy_audited_text_exact,AUD20260828-0116,outputs/zotero_tpp_literature_expansion_20260828/batch_20260828/liteparse/json/09_6ZQ3VP63.json,Preserved from the previous evidence registry; no machine reinterpretation applied.,legacy_value_type=laser_wavelength,legacy_registry,laser_wavelength,accepted,outputs/zotero_tpp_literature_expansion_20260828/batch_20260828/screenshots/6ZQ3VP63/page_2.png; outputs/zotero_tpp_literature_expansion_20260828/batch_20260828/screenshots/6ZQ3VP63/page_3.png,outputs/zotero_tpp_literature_expansion_20260828/batch_20260828/liteparse/json/09_6ZQ3VP63.json,EIK-8cb54d8cafac9849,DUP-8cb54d8cafac9849,1,unique_record
AUD20260828-0117,zotero_6ZQ3VP63,6ZQ3VP63,10.1038/17989,Two-photon polymerization initiators for three-dimensional optical data storage and microfabrication,pulse_duration,150,fs,150,fs,3,"Ti:sapphire laser pulses (150 fs, 76 MHz)","Ti:sapphire laser pulses (150 fs, 76 MHz)",,,Figure 3,numeric,text_exact,high_manual_visual_qc,legacy_accepted_preserved,legacy_evidence_reference,legacy_audited_text_exact,AUD20260828-0117,outputs/zotero_tpp_literature_expansion_20260828/batch_20260828/liteparse/json/09_6ZQ3VP63.json,Preserved from the previous evidence registry; no machine reinterpretation applied.,legacy_value_type=pulse_duration,legacy_registry,pulse_duration,accepted,outputs/zotero_tpp_literature_expansion_20260828/batch_20260828/screenshots/6ZQ3VP63/page_2.png; outputs/zotero_tpp_literature_expansion_20260828/batch_20260828/screenshots/6ZQ3VP63/page_3.png,outputs/zotero_tpp_literature_expansion_20260828/batch_20260828/liteparse/json/09_6ZQ3VP63.json,EIK-ed70ef15a138a3b6,DUP-ed70ef15a138a3b6,1,unique_record
AUD20260828-0118,zotero_6ZQ3VP63,6ZQ3VP63,10.1038/17989,Two-photon polymerization initiators for three-dimensional optical data storage and microfabrication,pulse_repetition_rate,76,MHz,76,MHz,3,"Ti:sapphire laser pulses (150 fs, 76 MHz)","Ti:sapphire laser pulses (150 fs, 76 MHz)",,,Figure 3,numeric,text_exact,high_manual_visual_qc,legacy_accepted_preserved,legacy_evidence_reference,legacy_audited_text_exact,AUD20260828-0118,outputs/zotero_tpp_literature_expansion_20260828/batch_20260828/liteparse/json/09_6ZQ3VP63.json,Preserved from the previous evidence registry; no machine reinterpretation applied.,legacy_value_type=pulse_repetition_rate,legacy_registry,pulse_repetition_rate,accepted,outputs/zotero_tpp_literature_expansion_20260828/batch_20260828/screenshots/6ZQ3VP63/page_2.png; outputs/zotero_tpp_literature_expansion_20260828/batch_20260828/screenshots/6ZQ3VP63/page_3.png,outputs/zotero_tpp_literature_expansion_20260828/batch_20260828/liteparse/json/09_6ZQ3VP63.json,EIK-f026cc7bee2ea507,DUP-f026cc7bee2ea507,1,unique_record
AUD20260828-0119,zotero_6ZQ3VP63,6ZQ3VP63,10.1038/17989,Two-photon polymerization initiators for three-dimensional optical data storage and microfabrication,focal_spot_radial_size,~0.35,µm,~0.35,µm,3,~0.35 µm radial spot size,~0.35 µm radial spot size,,,Figure 3,numeric,text_exact,high_manual_visual_qc,legacy_accepted_preserved,legacy_evidence_reference,legacy_audited_text_exact,AUD20260828-0119,outputs/zotero_tpp_literature_expansion_20260828/batch_20260828/liteparse/json/09_6ZQ3VP63.json,Preserved from the previous evidence registry; no machine reinterpretation applied.,Approximate caption value.; legacy_value_type=focal_spot_radial_size,legacy_registry,focal_spot_radial_size,accepted,outputs/zotero_tpp_literature_expansion_20260828/batch_20260828/screenshots/6ZQ3VP63/page_2.png; outputs/zotero_tpp_literature_expansion_20260828/batch_20260828/screenshots/6ZQ3VP63/page_3.png,outputs/zotero_tpp_literature_expansion_20260828/batch_20260828/liteparse/json/09_6ZQ3VP63.json,EIK-f60965ca0d5b2d64,DUP-f60965ca0d5b2d64,1,unique_record
AUD20260828-0120,zotero_6ZQ3VP63,6ZQ3VP63,10.1038/17989,Two-photon polymerization initiators for three-dimensional optical data storage and microfabrication,substrate_translation_speed,50,µm s−1,50,µm s−1,3,substrate was translated at 50 µm s−1,substrate was translated at 50 µm s−1,,,Figure 3,numeric,text_exact,high_manual_visual_qc,legacy_accepted_preserved,legacy_evidence_reference,legacy_audited_text_exact,AUD20260828-0120,outputs/zotero_tpp_literature_expansion_20260828/batch_20260828/liteparse/json/09_6ZQ3VP63.json,Preserved from the previous evidence registry; no machine reinterpretation applied.,legacy_value_type=substrate_translation_speed,legacy_registry,substrate_translation_speed,accepted,outputs/zotero_tpp_literature_expansion_20260828/batch_20260828/screenshots/6ZQ3VP63/page_2.png; outputs/zotero_tpp_literature_expansion_20260828/batch_20260828/screenshots/6ZQ3VP63/page_3.png,outputs/zotero_tpp_literature_expansion_20260828/batch_20260828/liteparse/json/09_6ZQ3VP63.json,EIK-20ff796fe0d6cfeb,DUP-20ff796fe0d6cfeb,1,unique_record
AUD20260828-0121,zotero_6ZQ3VP63,6ZQ3VP63,10.1038/17989,Two-photon polymerization initiators for three-dimensional optical data storage and microfabrication,damage_threshold_power,>~10,mW,>~10,mW,3,damage was observed at powers greater than ~10 mW,damage was observed at powers greater than ~10 mW,compounds 8 and 9,,,claim_only,text_exact,high_manual_visual_qc,legacy_accepted_preserved,legacy_evidence_reference,legacy_audited_text_exact,AUD20260828-0121,outputs/zotero_tpp_literature_expansion_20260828/batch_20260828/liteparse/json/09_6ZQ3VP63.json,Preserved from the previous evidence registry; no machine reinterpretation applied.,legacy_value_type=damage_threshold_power,legacy_registry,damage_threshold_power,accepted,outputs/zotero_tpp_literature_expansion_20260828/batch_20260828/screenshots/6ZQ3VP63/page_2.png; outputs/zotero_tpp_literature_expansion_20260828/batch_20260828/screenshots/6ZQ3VP63/page_3.png,outputs/zotero_tpp_literature_expansion_20260828/batch_20260828/liteparse/json/09_6ZQ3VP63.json,EIK-ea858fa3e3151973,DUP-ea858fa3e3151973,1,unique_record
AUD20260828-0122,zotero_S7XPYQQM,S7XPYQQM,10.1364/OL.22.000132,Three-dimensional microfabrication with two-photon-absorbed photopolymerization,laser_wavelength,790,nm,790,nm,1,Ti:sapphire laser whose oscillating wavelength ... [was] 790 nm,Ti:sapphire laser whose oscillating wavelength ... [was] 790 nm,,,,numeric,text_exact,high_manual_visual_qc,legacy_accepted_preserved,legacy_evidence_reference,legacy_audited_text_exact,AUD20260828-0122,outputs/zotero_tpp_literature_expansion_20260828/batch_20260828/liteparse/json/10_S7XPYQQM.json,Preserved from the previous evidence registry; no machine reinterpretation applied.,legacy_value_type=laser_wavelength,legacy_registry,laser_wavelength,accepted,outputs/zotero_tpp_literature_expansion_20260828/batch_20260828/screenshots/S7XPYQQM/page_1.png; outputs/zotero_tpp_literature_expansion_20260828/batch_20260828/screenshots/S7XPYQQM/page_2.png,outputs/zotero_tpp_literature_expansion_20260828/batch_20260828/liteparse/json/10_S7XPYQQM.json,EIK-04eab654e9fd5d62,DUP-04eab654e9fd5d62,1,unique_record
AUD20260828-0123,zotero_S7XPYQQM,S7XPYQQM,10.1364/OL.22.000132,Three-dimensional microfabrication with two-photon-absorbed photopolymerization,pulse_width,200,fs,200,fs,1,pulse width ... 200 fs,pulse width ... 200 fs,,,,numeric,text_exact,high_manual_visual_qc,legacy_accepted_preserved,legacy_evidence_reference,legacy_audited_text_exact,AUD20260828-0123,outputs/zotero_tpp_literature_expansion_20260828/batch_20260828/liteparse/json/10_S7XPYQQM.json,Preserved from the previous evidence registry; no machine reinterpretation applied.,legacy_value_type=pulse_width,legacy_registry,pulse_width,accepted,outputs/zotero_tpp_literature_expansion_20260828/batch_20260828/screenshots/S7XPYQQM/page_1.png; outputs/zotero_tpp_literature_expansion_20260828/batch_20260828/screenshots/S7XPYQQM/page_2.png,outputs/zotero_tpp_literature_expansion_20260828/batch_20260828/liteparse/json/10_S7XPYQQM.json,EIK-66e3afcae4a78bf9,DUP-66e3afcae4a78bf9,1,unique_record
AUD20260828-0124,zotero_S7XPYQQM,S7XPYQQM,10.1364/OL.22.000132,Three-dimensional microfabrication with two-photon-absorbed photopolymerization,resin,SCR-500,,,,1,The resin is SCR-500,The resin is SCR-500,,,,context,text_exact,high_manual_visual_qc,legacy_accepted_preserved,legacy_evidence_reference,legacy_audited_text_exact,AUD20260828-0124,outputs/zotero_tpp_literature_expansion_20260828/batch_20260828/liteparse/json/10_S7XPYQQM.json,Preserved from the previous evidence registry; no machine reinterpretation applied.,legacy_value_type=resin,legacy_registry,resin,accepted,outputs/zotero_tpp_literature_expansion_20260828/batch_20260828/screenshots/S7XPYQQM/page_1.png; outputs/zotero_tpp_literature_expansion_20260828/batch_20260828/screenshots/S7XPYQQM/page_2.png,outputs/zotero_tpp_literature_expansion_20260828/batch_20260828/liteparse/json/10_S7XPYQQM.json,EIK-c4e73ab446c3992b,DUP-c4e73ab446c3992b,1,unique_record
AUD20260828-0125,zotero_S7XPYQQM,S7XPYQQM,10.1364/OL.22.000132,Three-dimensional microfabrication with two-photon-absorbed photopolymerization,objective_na,0.4,NA,0.4,NA,2,objective lens of N.A. 0.4,objective lens of N.A. 0.4,,,,numeric,text_exact,high_manual_visual_qc,legacy_accepted_preserved,legacy_evidence_reference,legacy_audited_text_exact,AUD20260828-0125,outputs/zotero_tpp_literature_expansion_20260828/batch_20260828/liteparse/json/10_S7XPYQQM.json,Preserved from the previous evidence registry; no machine reinterpretation applied.,legacy_value_type=objective_na,legacy_registry,objective_na,accepted,outputs/zotero_tpp_literature_expansion_20260828/batch_20260828/screenshots/S7XPYQQM/page_1.png; outputs/zotero_tpp_literature_expansion_20260828/batch_20260828/screenshots/S7XPYQQM/page_2.png,outputs/zotero_tpp_literature_expansion_20260828/batch_20260828/liteparse/json/10_S7XPYQQM.json,EIK-b37a6014c835acfd,DUP-b37a6014c835acfd,1,unique_record
AUD20260828-0126,zotero_S7XPYQQM,S7XPYQQM,10.1364/OL.22.000132,Three-dimensional microfabrication with two-photon-absorbed photopolymerization,objective_na,0.85,NA,0.85,NA,2,objective lens ... N.A. 0.85,objective lens ... N.A. 0.85,,,,context,text_exact,high_manual_visual_qc,legacy_accepted_preserved,legacy_evidence_reference,legacy_audited_text_exact,AUD20260828-0126,outputs/zotero_tpp_literature_expansion_20260828/batch_20260828/liteparse/json/10_S7XPYQQM.json,Preserved from the previous evidence registry; no machine reinterpretation applied.,legacy_value_type=objective_na,legacy_registry,objective_na,accepted,outputs/zotero_tpp_literature_expansion_20260828/batch_20260828/screenshots/S7XPYQQM/page_1.png; outputs/zotero_tpp_literature_expansion_20260828/batch_20260828/screenshots/S7XPYQQM/page_2.png,outputs/zotero_tpp_literature_expansion_20260828/batch_20260828/liteparse/json/10_S7XPYQQM.json,EIK-ce4b247998781e49,DUP-ce4b247998781e49,1,unique_record
AUD20260828-0127,zotero_S7XPYQQM,S7XPYQQM,10.1364/OL.22.000132,Three-dimensional microfabrication with two-photon-absorbed photopolymerization,laser_peak_power,50,kW,50,kW,2,"peak power were 790 nm, 200 fs, 76 MHz, and 50 kW","peak power were 790 nm, 200 fs, 76 MHz, and 50 kW",,,,context,text_exact,high_manual_visual_qc,legacy_accepted_preserved,legacy_evidence_reference,legacy_audited_text_exact,AUD20260828-0127,outputs/zotero_tpp_literature_expansion_20260828/batch_20260828/liteparse/json/10_S7XPYQQM.json,Preserved from the previous evidence registry; no machine reinterpretation applied.,legacy_value_type=laser_peak_power,legacy_registry,laser_peak_power,accepted,outputs/zotero_tpp_literature_expansion_20260828/batch_20260828/screenshots/S7XPYQQM/page_1.png; outputs/zotero_tpp_literature_expansion_20260828/batch_20260828/screenshots/S7XPYQQM/page_2.png,outputs/zotero_tpp_literature_expansion_20260828/batch_20260828/liteparse/json/10_S7XPYQQM.json,EIK-1439112fb883c81e,DUP-1439112fb883c81e,1,unique_record
AUD20260828-0128,zotero_S7XPYQQM,S7XPYQQM,10.1364/OL.22.000132,Three-dimensional microfabrication with two-photon-absorbed photopolymerization,argon_laser_power,8,W,8,W,2,excited by an Ar-ion laser of 8-W average power,excited by an Ar-ion laser of 8-W average power,,,,context,text_exact,high_manual_visual_qc,legacy_accepted_preserved,legacy_evidence_reference,legacy_audited_text_exact,AUD20260828-0128,outputs/zotero_tpp_literature_expansion_20260828/batch_20260828/liteparse/json/10_S7XPYQQM.json,Preserved from the previous evidence registry; no machine reinterpretation applied.,legacy_value_type=argon_laser_power,legacy_registry,argon_laser_power,accepted,outputs/zotero_tpp_literature_expansion_20260828/batch_20260828/screenshots/S7XPYQQM/page_1.png; outputs/zotero_tpp_literature_expansion_20260828/batch_20260828/screenshots/S7XPYQQM/page_2.png,outputs/zotero_tpp_literature_expansion_20260828/batch_20260828/liteparse/json/10_S7XPYQQM.json,EIK-d4fb7888b5c62e24,DUP-d4fb7888b5c62e24,1,unique_record
AUD20260828-0129,zotero_S7XPYQQM,S7XPYQQM,10.1364/OL.22.000132,Three-dimensional microfabrication with two-photon-absorbed photopolymerization,input_laser_power,20,mW,20,mW,2,input power of the laser ... 20 mW,input power of the laser ... 20 mW,spiral structure,,,numeric,text_exact,high_manual_visual_qc,legacy_accepted_preserved,legacy_evidence_reference,legacy_audited_text_exact,AUD20260828-0129,outputs/zotero_tpp_literature_expansion_20260828/batch_20260828/liteparse/json/10_S7XPYQQM.json,Preserved from the previous evidence registry; no machine reinterpretation applied.,legacy_value_type=input_laser_power,legacy_registry,input_laser_power,accepted,outputs/zotero_tpp_literature_expansion_20260828/batch_20260828/screenshots/S7XPYQQM/page_1.png; outputs/zotero_tpp_literature_expansion_20260828/batch_20260828/screenshots/S7XPYQQM/page_2.png,outputs/zotero_tpp_literature_expansion_20260828/batch_20260828/liteparse/json/10_S7XPYQQM.json,EIK-54ed7b96f36a06e4,DUP-54ed7b96f36a06e4,1,unique_record
AUD20260828-0130,zotero_S7XPYQQM,S7XPYQQM,10.1364/OL.22.000132,Three-dimensional microfabrication with two-photon-absorbed photopolymerization,exposure_time,2.3,s,2.3,s,2,total exposure time ... 2.3 s,total exposure time ... 2.3 s,spiral structure,,,numeric,text_exact,high_manual_visual_qc,legacy_accepted_preserved,legacy_evidence_reference,legacy_audited_text_exact,AUD20260828-0130,outputs/zotero_tpp_literature_expansion_20260828/batch_20260828/liteparse/json/10_S7XPYQQM.json,Preserved from the previous evidence registry; no machine reinterpretation applied.,legacy_value_type=exposure_time,legacy_registry,exposure_time,accepted,outputs/zotero_tpp_literature_expansion_20260828/batch_20260828/screenshots/S7XPYQQM/page_1.png; outputs/zotero_tpp_literature_expansion_20260828/batch_20260828/screenshots/S7XPYQQM/page_2.png,outputs/zotero_tpp_literature_expansion_20260828/batch_20260828/liteparse/json/10_S7XPYQQM.json,EIK-c3fa7dfdb19bcab2,DUP-c3fa7dfdb19bcab2,1,unique_record
AUD20260828-0131,zotero_S7XPYQQM,S7XPYQQM,10.1364/OL.22.000132,Three-dimensional microfabrication with two-photon-absorbed photopolymerization,structure_diameter,6.0,µm,6.0,µm,2,diameter ... 6.0 µm,diameter ... 6.0 µm,spiral structure,,,numeric,text_exact,high_manual_visual_qc,legacy_accepted_preserved,legacy_evidence_reference,legacy_audited_text_exact,AUD20260828-0131,outputs/zotero_tpp_literature_expansion_20260828/batch_20260828/liteparse/json/10_S7XPYQQM.json,Preserved from the previous evidence registry; no machine reinterpretation applied.,legacy_value_type=structure_diameter,legacy_registry,structure_diameter,accepted,outputs/zotero_tpp_literature_expansion_20260828/batch_20260828/screenshots/S7XPYQQM/page_1.png; outputs/zotero_tpp_literature_expansion_20260828/batch_20260828/screenshots/S7XPYQQM/page_2.png,outputs/zotero_tpp_literature_expansion_20260828/batch_20260828/liteparse/json/10_S7XPYQQM.json,EIK-fa7df0519291853f,DUP-fa7df0519291853f,1,unique_record
AUD20260828-0132,zotero_S7XPYQQM,S7XPYQQM,10.1364/OL.22.000132,Three-dimensional microfabrication with two-photon-absorbed photopolymerization,axial_pitch,10.3,µm,10.3,µm,2,axial pitch ... 10.3 µm,axial pitch ... 10.3 µm,spiral structure,,,numeric,text_exact,high_manual_visual_qc,legacy_accepted_preserved,legacy_evidence_reference,legacy_audited_text_exact,AUD20260828-0132,outputs/zotero_tpp_literature_expansion_20260828/batch_20260828/liteparse/json/10_S7XPYQQM.json,Preserved from the previous evidence registry; no machine reinterpretation applied.,legacy_value_type=axial_pitch,legacy_registry,axial_pitch,accepted,outputs/zotero_tpp_literature_expansion_20260828/batch_20260828/screenshots/S7XPYQQM/page_1.png; outputs/zotero_tpp_literature_expansion_20260828/batch_20260828/screenshots/S7XPYQQM/page_2.png,outputs/zotero_tpp_literature_expansion_20260828/batch_20260828/liteparse/json/10_S7XPYQQM.json,EIK-fc119d754100a108,DUP-fc119d754100a108,1,unique_record
AUD20260828-0133,zotero_S7XPYQQM,S7XPYQQM,10.1364/OL.22.000132,Three-dimensional microfabrication with two-photon-absorbed photopolymerization,line_width,~1.3,µm,~1.3,µm,2,width of the spiral wire was nearly 1.3 µm,width of the spiral wire was nearly 1.3 µm,spiral structure,,,numeric,text_exact,high_manual_visual_qc,legacy_accepted_preserved,legacy_evidence_reference,legacy_audited_text_exact,AUD20260828-0133,outputs/zotero_tpp_literature_expansion_20260828/batch_20260828/liteparse/json/10_S7XPYQQM.json,Preserved from the previous evidence registry; no machine reinterpretation applied.,legacy_value_type=line_width,legacy_registry,line_width,accepted,outputs/zotero_tpp_literature_expansion_20260828/batch_20260828/screenshots/S7XPYQQM/page_1.png; outputs/zotero_tpp_literature_expansion_20260828/batch_20260828/screenshots/S7XPYQQM/page_2.png,outputs/zotero_tpp_literature_expansion_20260828/batch_20260828/liteparse/json/10_S7XPYQQM.json,EIK-ea99ec51f228fc56,DUP-ea99ec51f228fc56,1,unique_record
AUD20260828-0134,zotero_S7XPYQQM,S7XPYQQM,10.1364/OL.22.000132,Three-dimensional microfabrication with two-photon-absorbed photopolymerization,minimum_average_power,20,mW,20,mW,2,minimum average power needed ... 20 mW,minimum average power needed ... 20 mW,,,,numeric,text_exact,high_manual_visual_qc,legacy_accepted_preserved,legacy_evidence_reference,legacy_audited_text_exact,AUD20260828-0134,outputs/zotero_tpp_literature_expansion_20260828/batch_20260828/liteparse/json/10_S7XPYQQM.json,Preserved from the previous evidence registry; no machine reinterpretation applied.,legacy_value_type=minimum_average_power,legacy_registry,minimum_average_power,accepted,outputs/zotero_tpp_literature_expansion_20260828/batch_20260828/screenshots/S7XPYQQM/page_1.png; outputs/zotero_tpp_literature_expansion_20260828/batch_20260828/screenshots/S7XPYQQM/page_2.png,outputs/zotero_tpp_literature_expansion_20260828/batch_20260828/liteparse/json/10_S7XPYQQM.json,EIK-17f7b355ec938b4b,DUP-17f7b355ec938b4b,1,unique_record
AUD20260828-0135,zotero_S7XPYQQM,S7XPYQQM,10.1364/OL.22.000132,Three-dimensional microfabrication with two-photon-absorbed photopolymerization,minimum_exposure_time,8,ms,8,ms,2,with an exposure time of 8 ms,with an exposure time of 8 ms,,,,numeric,text_exact,high_manual_visual_qc,legacy_accepted_preserved,legacy_evidence_reference,legacy_audited_text_exact,AUD20260828-0135,outputs/zotero_tpp_literature_expansion_20260828/batch_20260828/liteparse/json/10_S7XPYQQM.json,Preserved from the previous evidence registry; no machine reinterpretation applied.,legacy_value_type=minimum_exposure_time,legacy_registry,minimum_exposure_time,accepted,outputs/zotero_tpp_literature_expansion_20260828/batch_20260828/screenshots/S7XPYQQM/page_1.png; outputs/zotero_tpp_literature_expansion_20260828/batch_20260828/screenshots/S7XPYQQM/page_2.png,outputs/zotero_tpp_literature_expansion_20260828/batch_20260828/liteparse/json/10_S7XPYQQM.json,EIK-1848a89afa3632ff,DUP-1848a89afa3632ff,1,unique_record
AUD20260828-0136,zotero_S7XPYQQM,S7XPYQQM,10.1364/OL.22.000132,Three-dimensional microfabrication with two-photon-absorbed photopolymerization,minimum_exposure,18,J µm−2,18,J µm−2,2,minimum exposure is estimated to be 18 J/µm²,minimum exposure is estimated to be 18 J/µm²,,,,numeric,text_exact,high_manual_visual_qc,legacy_accepted_preserved,legacy_evidence_reference,legacy_audited_text_exact,AUD20260828-0136,outputs/zotero_tpp_literature_expansion_20260828/batch_20260828/liteparse/json/10_S7XPYQQM.json,Preserved from the previous evidence registry; no machine reinterpretation applied.,Estimated focal-point exposure as reported.; legacy_value_type=minimum_exposure,legacy_registry,minimum_exposure,accepted,outputs/zotero_tpp_literature_expansion_20260828/batch_20260828/screenshots/S7XPYQQM/page_1.png; outputs/zotero_tpp_literature_expansion_20260828/batch_20260828/screenshots/S7XPYQQM/page_2.png,outputs/zotero_tpp_literature_expansion_20260828/batch_20260828/liteparse/json/10_S7XPYQQM.json,EIK-66972b094539109a,DUP-66972b094539109a,1,unique_record
AUD20260828-0137,zotero_S7XPYQQM,S7XPYQQM,10.1364/OL.22.000132,Three-dimensional microfabrication with two-photon-absorbed photopolymerization,absorption_coefficient_relative,0.04,%,0.04,%,2,absorption coefficient ... was 0.04% of that for the single-photon process,absorption coefficient ... was 0.04% of that for the single-photon process,,,,claim_only,text_exact,high_manual_visual_qc,legacy_accepted_preserved,legacy_evidence_reference,legacy_audited_text_exact,AUD20260828-0137,outputs/zotero_tpp_literature_expansion_20260828/batch_20260828/liteparse/json/10_S7XPYQQM.json,Preserved from the previous evidence registry; no machine reinterpretation applied.,legacy_value_type=absorption_coefficient_relative,legacy_registry,absorption_coefficient_relative,accepted,outputs/zotero_tpp_literature_expansion_20260828/batch_20260828/screenshots/S7XPYQQM/page_1.png; outputs/zotero_tpp_literature_expansion_20260828/batch_20260828/screenshots/S7XPYQQM/page_2.png,outputs/zotero_tpp_literature_expansion_20260828/batch_20260828/liteparse/json/10_S7XPYQQM.json,EIK-0bfd400b02be2c5b,DUP-0bfd400b02be2c5b,1,unique_record
AUD20260828-0138,zotero_LVN4MHDD,LVN4MHDD,10.2494/photopolymer.32.257,Conjugated ketocarbazoles as efficient photoinitiators: From facile synthesis to efficient two-photon polymerization,sigma_2pa,357,GM,357,GM,4,Table 1: 4c ... σ2PA = 357 GM,Table 1: 4c ... σ2PA = 357 GM,compound 4c,800,Table 1,numeric,text_exact,high_manual_visual_qc,legacy_accepted_preserved,legacy_evidence_reference,legacy_audited_text_exact,AUD20260828-0138,outputs/zotero_tpp_literature_expansion_20260828/batch_20260828/parsed_openalex_oa_pdfs/liteparse/json/LVN4MHDD.json,Preserved from the previous evidence registry; no machine reinterpretation applied.,legacy_value_type=sigma_2pa,legacy_registry,sigma_2pa,accepted,outputs/zotero_tpp_literature_expansion_20260828/batch_20260828/parsed_openalex_oa_pdfs/liteparse/screenshots/LVN4MHDD_p4.png; outputs/zotero_tpp_literature_expansion_20260828/batch_20260828/parsed_openalex_oa_pdfs/liteparse/screenshots/LVN4MHDD_p6.png,outputs/zotero_tpp_literature_expansion_20260828/batch_20260828/parsed_openalex_oa_pdfs/liteparse/json/LVN4MHDD.json,EIK-aa1f74410461c43c,DUP-aa1f74410461c43c,1,unique_record
AUD20260828-0139,zotero_LVN4MHDD,LVN4MHDD,10.2494/photopolymer.32.257,Conjugated ketocarbazoles as efficient photoinitiators: From facile synthesis to efficient two-photon polymerization,sigma_2pa,377,GM,377,GM,4,Table 1: 5c ... σ2PA = 377 GM,Table 1: 5c ... σ2PA = 377 GM,compound 5c,800,Table 1,numeric,text_exact,high_manual_visual_qc,legacy_accepted_preserved,legacy_evidence_reference,legacy_audited_text_exact,AUD20260828-0139,outputs/zotero_tpp_literature_expansion_20260828/batch_20260828/parsed_openalex_oa_pdfs/liteparse/json/LVN4MHDD.json,Preserved from the previous evidence registry; no machine reinterpretation applied.,legacy_value_type=sigma_2pa,legacy_registry,sigma_2pa,accepted,outputs/zotero_tpp_literature_expansion_20260828/batch_20260828/parsed_openalex_oa_pdfs/liteparse/screenshots/LVN4MHDD_p4.png; outputs/zotero_tpp_literature_expansion_20260828/batch_20260828/parsed_openalex_oa_pdfs/liteparse/screenshots/LVN4MHDD_p6.png,outputs/zotero_tpp_literature_expansion_20260828/batch_20260828/parsed_openalex_oa_pdfs/liteparse/json/LVN4MHDD.json,EIK-d95fa0f2a18306a6,DUP-d95fa0f2a18306a6,1,unique_record
AUD20260828-0140,zotero_LVN4MHDD,LVN4MHDD,10.2494/photopolymer.32.257,Conjugated ketocarbazoles as efficient photoinitiators: From facile synthesis to efficient two-photon polymerization,sigma_2pa,340,GM,340,GM,4,Table 1: 6c ... σ2PA = 340 GM,Table 1: 6c ... σ2PA = 340 GM,compound 6c,800,Table 1,numeric,text_exact,high_manual_visual_qc,legacy_accepted_preserved,legacy_evidence_reference,legacy_audited_text_exact,AUD20260828-0140,outputs/zotero_tpp_literature_expansion_20260828/batch_20260828/parsed_openalex_oa_pdfs/liteparse/json/LVN4MHDD.json,Preserved from the previous evidence registry; no machine reinterpretation applied.,legacy_value_type=sigma_2pa,legacy_registry,sigma_2pa,accepted,outputs/zotero_tpp_literature_expansion_20260828/batch_20260828/parsed_openalex_oa_pdfs/liteparse/screenshots/LVN4MHDD_p4.png; outputs/zotero_tpp_literature_expansion_20260828/batch_20260828/parsed_openalex_oa_pdfs/liteparse/screenshots/LVN4MHDD_p6.png,outputs/zotero_tpp_literature_expansion_20260828/batch_20260828/parsed_openalex_oa_pdfs/liteparse/json/LVN4MHDD.json,EIK-48fe7bd8394f6465,DUP-48fe7bd8394f6465,1,unique_record
AUD20260828-0141,zotero_LVN4MHDD,LVN4MHDD,10.2494/photopolymer.32.257,Conjugated ketocarbazoles as efficient photoinitiators: From facile synthesis to efficient two-photon polymerization,laser_wavelength,780,nm,780,nm,4,fiber femtosecond laser ... wavelength ... 780 nm,fiber femtosecond laser ... wavelength ... 780 nm,,,,numeric,text_exact,high_manual_visual_qc,legacy_accepted_preserved,legacy_evidence_reference,legacy_audited_text_exact,AUD20260828-0141,outputs/zotero_tpp_literature_expansion_20260828/batch_20260828/parsed_openalex_oa_pdfs/liteparse/json/LVN4MHDD.json,Preserved from the previous evidence registry; no machine reinterpretation applied.,legacy_value_type=laser_wavelength,legacy_registry,laser_wavelength,accepted,outputs/zotero_tpp_literature_expansion_20260828/batch_20260828/parsed_openalex_oa_pdfs/liteparse/screenshots/LVN4MHDD_p4.png; outputs/zotero_tpp_literature_expansion_20260828/batch_20260828/parsed_openalex_oa_pdfs/liteparse/screenshots/LVN4MHDD_p6.png,outputs/zotero_tpp_literature_expansion_20260828/batch_20260828/parsed_openalex_oa_pdfs/liteparse/json/LVN4MHDD.json,EIK-fec293fb5e3f15d6,DUP-fec293fb5e3f15d6,1,unique_record
AUD20260828-0142,zotero_LVN4MHDD,LVN4MHDD,10.2494/photopolymer.32.257,Conjugated ketocarbazoles as efficient photoinitiators: From facile synthesis to efficient two-photon polymerization,pulse_width,100,fs,100,fs,4,pulse width ... 100 fs,pulse width ... 100 fs,,,,numeric,text_exact,high_manual_visual_qc,legacy_accepted_preserved,legacy_evidence_reference,legacy_audited_text_exact,AUD20260828-0142,outputs/zotero_tpp_literature_expansion_20260828/batch_20260828/parsed_openalex_oa_pdfs/liteparse/json/LVN4MHDD.json,Preserved from the previous evidence registry; no machine reinterpretation applied.,legacy_value_type=pulse_width,legacy_registry,pulse_width,accepted,outputs/zotero_tpp_literature_expansion_20260828/batch_20260828/parsed_openalex_oa_pdfs/liteparse/screenshots/LVN4MHDD_p4.png; outputs/zotero_tpp_literature_expansion_20260828/batch_20260828/parsed_openalex_oa_pdfs/liteparse/screenshots/LVN4MHDD_p6.png,outputs/zotero_tpp_literature_expansion_20260828/batch_20260828/parsed_openalex_oa_pdfs/liteparse/json/LVN4MHDD.json,EIK-cd7b13bbc7f93f96,DUP-cd7b13bbc7f93f96,1,unique_record
AUD20260828-0143,zotero_LVN4MHDD,LVN4MHDD,10.2494/photopolymer.32.257,Conjugated ketocarbazoles as efficient photoinitiators: From facile synthesis to efficient two-photon polymerization,pulse_repetition_rate,80,MHz,80,MHz,4,repetition rate ... 80 MHz,repetition rate ... 80 MHz,,,,numeric,text_exact,high_manual_visual_qc,legacy_accepted_preserved,legacy_evidence_reference,legacy_audited_text_exact,AUD20260828-0143,outputs/zotero_tpp_literature_expansion_20260828/batch_20260828/parsed_openalex_oa_pdfs/liteparse/json/LVN4MHDD.json,Preserved from the previous evidence registry; no machine reinterpretation applied.,legacy_value_type=pulse_repetition_rate,legacy_registry,pulse_repetition_rate,accepted,outputs/zotero_tpp_literature_expansion_20260828/batch_20260828/parsed_openalex_oa_pdfs/liteparse/screenshots/LVN4MHDD_p4.png; outputs/zotero_tpp_literature_expansion_20260828/batch_20260828/parsed_openalex_oa_pdfs/liteparse/screenshots/LVN4MHDD_p6.png,outputs/zotero_tpp_literature_expansion_20260828/batch_20260828/parsed_openalex_oa_pdfs/liteparse/json/LVN4MHDD.json,EIK-25d8651de511f39f,DUP-25d8651de511f39f,1,unique_record
AUD20260828-0144,zotero_LVN4MHDD,LVN4MHDD,10.2494/photopolymer.32.257,Conjugated ketocarbazoles as efficient photoinitiators: From facile synthesis to efficient two-photon polymerization,pi_loading,1.3 × 10−6,mol PI/g resin,1.3 × 10−6,mol PI/g resin,4,acrylate-based resin ... containing the 2PI (1.3 × 10−6 mol PI/g resin),acrylate-based resin ... containing the 2PI (1.3 × 10−6 mol PI/g resin),TMPTA/TMP3EOTA; 1:1 equiv. functional groups,,,numeric,text_exact,high_manual_visual_qc,legacy_accepted_preserved,legacy_evidence_reference,legacy_audited_text_exact,AUD20260828-0144,outputs/zotero_tpp_literature_expansion_20260828/batch_20260828/parsed_openalex_oa_pdfs/liteparse/json/LVN4MHDD.json,Preserved from the previous evidence registry; no machine reinterpretation applied.,legacy_value_type=pi_loading,legacy_registry,pi_loading,accepted,outputs/zotero_tpp_literature_expansion_20260828/batch_20260828/parsed_openalex_oa_pdfs/liteparse/screenshots/LVN4MHDD_p4.png; outputs/zotero_tpp_literature_expansion_20260828/batch_20260828/parsed_openalex_oa_pdfs/liteparse/screenshots/LVN4MHDD_p6.png,outputs/zotero_tpp_literature_expansion_20260828/batch_20260828/parsed_openalex_oa_pdfs/liteparse/json/LVN4MHDD.json,EIK-cc5e099f4a71811b,DUP-cc5e099f4a71811b,1,unique_record
AUD20260828-0145,zotero_LVN4MHDD,LVN4MHDD,10.2494/photopolymer.32.257,Conjugated ketocarbazoles as efficient photoinitiators: From facile synthesis to efficient two-photon polymerization,point_spacing,150,nm,150,nm,4,distance between two points at x-y-z axis was 150 nm,distance between two points at x-y-z axis was 150 nm,,,,numeric,text_exact,high_manual_visual_qc,legacy_accepted_preserved,legacy_evidence_reference,legacy_audited_text_exact,AUD20260828-0145,outputs/zotero_tpp_literature_expansion_20260828/batch_20260828/parsed_openalex_oa_pdfs/liteparse/json/LVN4MHDD.json,Preserved from the previous evidence registry; no machine reinterpretation applied.,legacy_value_type=point_spacing,legacy_registry,point_spacing,accepted,outputs/zotero_tpp_literature_expansion_20260828/batch_20260828/parsed_openalex_oa_pdfs/liteparse/screenshots/LVN4MHDD_p4.png; outputs/zotero_tpp_literature_expansion_20260828/batch_20260828/parsed_openalex_oa_pdfs/liteparse/screenshots/LVN4MHDD_p6.png,outputs/zotero_tpp_literature_expansion_20260828/batch_20260828/parsed_openalex_oa_pdfs/liteparse/json/LVN4MHDD.json,EIK-1fe4d917353d0903,DUP-1fe4d917353d0903,1,unique_record
AUD20260828-0146,zotero_LVN4MHDD,LVN4MHDD,10.2494/photopolymer.32.257,Conjugated ketocarbazoles as efficient photoinitiators: From facile synthesis to efficient two-photon polymerization,point_dwell_time,200,µs,200,µs,4,each scanning point stays for 200 µs,each scanning point stays for 200 µs,,,,numeric,text_exact,high_manual_visual_qc,legacy_accepted_preserved,legacy_evidence_reference,legacy_audited_text_exact,AUD20260828-0146,outputs/zotero_tpp_literature_expansion_20260828/batch_20260828/parsed_openalex_oa_pdfs/liteparse/json/LVN4MHDD.json,Preserved from the previous evidence registry; no machine reinterpretation applied.,legacy_value_type=point_dwell_time,legacy_registry,point_dwell_time,accepted,outputs/zotero_tpp_literature_expansion_20260828/batch_20260828/parsed_openalex_oa_pdfs/liteparse/screenshots/LVN4MHDD_p4.png; outputs/zotero_tpp_literature_expansion_20260828/batch_20260828/parsed_openalex_oa_pdfs/liteparse/screenshots/LVN4MHDD_p6.png,outputs/zotero_tpp_literature_expansion_20260828/batch_20260828/parsed_openalex_oa_pdfs/liteparse/json/LVN4MHDD.json,EIK-9fdc788001d51ea8,DUP-9fdc788001d51ea8,1,unique_record
AUD20260828-0147,zotero_LVN4MHDD,LVN4MHDD,10.2494/photopolymer.32.257,Conjugated ketocarbazoles as efficient photoinitiators: From facile synthesis to efficient two-photon polymerization,substrate_thickness,170,µm,170,µm,4,glass substrate with 170 µm thickness,glass substrate with 170 µm thickness,,,,numeric,text_exact,high_manual_visual_qc,legacy_accepted_preserved,legacy_evidence_reference,legacy_audited_text_exact,AUD20260828-0147,outputs/zotero_tpp_literature_expansion_20260828/batch_20260828/parsed_openalex_oa_pdfs/liteparse/json/LVN4MHDD.json,Preserved from the previous evidence registry; no machine reinterpretation applied.,legacy_value_type=substrate_thickness,legacy_registry,substrate_thickness,accepted,outputs/zotero_tpp_literature_expansion_20260828/batch_20260828/parsed_openalex_oa_pdfs/liteparse/screenshots/LVN4MHDD_p4.png; outputs/zotero_tpp_literature_expansion_20260828/batch_20260828/parsed_openalex_oa_pdfs/liteparse/screenshots/LVN4MHDD_p6.png,outputs/zotero_tpp_literature_expansion_20260828/batch_20260828/parsed_openalex_oa_pdfs/liteparse/json/LVN4MHDD.json,EIK-b9e70786eddd5054,DUP-b9e70786eddd5054,1,unique_record
AUD20260828-0148,zotero_LVN4MHDD,LVN4MHDD,10.2494/photopolymer.32.257,Conjugated ketocarbazoles as efficient photoinitiators: From facile synthesis to efficient two-photon polymerization,scanning_speed,~750,µm s−1,~750,µm s−1,6,laser writing speed is constant (~750 µm/s),laser writing speed is constant (~750 µm/s),compound 4c doughnut array,,,context,text_exact,high_manual_visual_qc,legacy_accepted_preserved,legacy_evidence_reference,legacy_audited_text_exact,AUD20260828-0148,outputs/zotero_tpp_literature_expansion_20260828/batch_20260828/parsed_openalex_oa_pdfs/liteparse/json/LVN4MHDD.json,Preserved from the previous evidence registry; no machine reinterpretation applied.,legacy_value_type=scanning_speed,legacy_registry,scanning_speed,accepted,outputs/zotero_tpp_literature_expansion_20260828/batch_20260828/parsed_openalex_oa_pdfs/liteparse/screenshots/LVN4MHDD_p4.png; outputs/zotero_tpp_literature_expansion_20260828/batch_20260828/parsed_openalex_oa_pdfs/liteparse/screenshots/LVN4MHDD_p6.png,outputs/zotero_tpp_literature_expansion_20260828/batch_20260828/parsed_openalex_oa_pdfs/liteparse/json/LVN4MHDD.json,EIK-7bb2a1ce3ae53bd6,DUP-7bb2a1ce3ae53bd6,1,unique_record
AUD20260828-0149,zotero_LVN4MHDD,LVN4MHDD,10.2494/photopolymer.32.257,Conjugated ketocarbazoles as efficient photoinitiators: From facile synthesis to efficient two-photon polymerization,polymerization_threshold_power,10,mW,10,mW,6,cyclopentanone-based 2PI 5c exhibited the lowest polymerization threshold (10 mW),cyclopentanone-based 2PI 5c exhibited the lowest polymerization threshold (10 mW),compound 5c,780,,numeric,text_exact,high_manual_visual_qc,legacy_accepted_preserved,legacy_evidence_reference,legacy_audited_text_exact,AUD20260828-0149,outputs/zotero_tpp_literature_expansion_20260828/batch_20260828/parsed_openalex_oa_pdfs/liteparse/json/LVN4MHDD.json,Preserved from the previous evidence registry; no machine reinterpretation applied.,Explicit text-reported threshold; Figure 5 window boundaries are not digitized here.; legacy_value_type=polymerization_threshold_power,legacy_registry,polymerization_threshold_power,accepted,outputs/zotero_tpp_literature_expansion_20260828/batch_20260828/parsed_openalex_oa_pdfs/liteparse/screenshots/LVN4MHDD_p4.png; outputs/zotero_tpp_literature_expansion_20260828/batch_20260828/parsed_openalex_oa_pdfs/liteparse/screenshots/LVN4MHDD_p6.png,outputs/zotero_tpp_literature_expansion_20260828/batch_20260828/parsed_openalex_oa_pdfs/liteparse/json/LVN4MHDD.json,EIK-fc2a04c6c924f982,DUP-fc2a04c6c924f982,1,unique_record
AUD20260828-0150,zotero_LVN4MHDD,LVN4MHDD,10.2494/photopolymer.32.257,Conjugated ketocarbazoles as efficient photoinitiators: From facile synthesis to efficient two-photon polymerization,writing_power,15,mW,15,mW,6,3D ... microstructure can be printed out at a laser power of 15 mW,3D ... microstructure can be printed out at a laser power of 15 mW,compound 5c,780,,context,text_exact,high_manual_visual_qc,legacy_accepted_preserved,legacy_evidence_reference,legacy_audited_text_exact,AUD20260828-0150,outputs/zotero_tpp_literature_expansion_20260828/batch_20260828/parsed_openalex_oa_pdfs/liteparse/json/LVN4MHDD.json,Preserved from the previous evidence registry; no machine reinterpretation applied.,legacy_value_type=writing_power,legacy_registry,writing_power,accepted,outputs/zotero_tpp_literature_expansion_20260828/batch_20260828/parsed_openalex_oa_pdfs/liteparse/screenshots/LVN4MHDD_p4.png; outputs/zotero_tpp_literature_expansion_20260828/batch_20260828/parsed_openalex_oa_pdfs/liteparse/screenshots/LVN4MHDD_p6.png,outputs/zotero_tpp_literature_expansion_20260828/batch_20260828/parsed_openalex_oa_pdfs/liteparse/json/LVN4MHDD.json,EIK-3e77e31cc9cc236c,DUP-3e77e31cc9cc236c,1,unique_record
